Institution Name,City,State,ZIP Code,Cluster,In-State Tuition,Out-of-State Tuition,Total Cost ($),% Receiving Pell Grants,% Receiving Federal Loans,Graduation Rate (4-Year),3-Year Default Rate,Latitude,Longitude
Alabama A & M University,Normal,AL,35762,"High-Risk, High-Aid Institutions",10024.0,18634.0,23751.0,0.6441,0.5859,0.2874,0.0,,
University of Alabama at Birmingham,Birmingham,AL,35294,"Middle-Tier, Mixed-Aid Institutions",8832.0,21864.0,27826.0,0.3318,0.4097,0.626,0.0,,
University of Alabama in Huntsville,Huntsville,AL,35899,"Middle-Tier, Mixed-Aid Institutions",11770.0,24662.0,27098.0,0.225,0.3391,0.6191,0.0,,
Alabama State University,Montgomery,AL,36104,"High-Risk, High-Aid Institutions",11248.0,19576.0,22028.0,0.7203,0.7776,0.3018,0.0,32.39889,-86.31593
The University of Alabama,Tuscaloosa,AL,35487,"Elite, Low-Aid Institutions",11900.0,33200.0,32024.0,0.1799,0.3358,0.7369,0.0,33.21426,-87.54782
Auburn University at Montgomery,Montgomery,AL,36117,"Middle-Tier, Mixed-Aid Institutions",9436.0,20092.0,21873.0,0.4275,0.456,0.3568,0.0,32.37831,-86.14627
Auburn University,Auburn,AL,36849,"Elite, Low-Aid Institutions",12536.0,33944.0,34402.0,0.1226,0.2701,0.7921,0.0,32.59953,-85.48858
Birmingham-Southern College,Birmingham,AL,35254,"Elite, Low-Aid Institutions",22750.0,22750.0,38385.0,0.2256,0.6738,0.6418,0.0,33.51375,-86.85282
South University-Montgomery,Montgomery,AL,36116,"High-Risk, High-Aid Institutions",18238.0,18238.0,30704.0,0.6952,0.7016,0.1538,0.0,32.27312,-86.21765
Faulkner University,Montgomery,AL,36109,"High-Risk, High-Aid Institutions",23920.0,23920.0,36910.0,0.4381,0.5787,0.3766,0.0,32.38682,-86.24052
Herzing University-Birmingham,Birmingham,AL,35209,"High-Risk, High-Aid Institutions",13420.0,13420.0,27195.0,0.6368,0.7228,0.25,0.0,33.46507,-86.81107
Huntingdon College,Montgomery,AL,36106,"High-Risk, High-Aid Institutions",28650.0,28650.0,39686.0,0.3879,0.7081,0.4694,0.0,32.35264,-86.25793
Jacksonville State University,Jacksonville,AL,36265,"High-Risk, High-Aid Institutions",12426.0,22716.0,23422.0,0.4309,0.6941,0.5112,0.0,33.84659,-85.78662
University of West Alabama,Livingston,AL,35470,"High-Risk, High-Aid Institutions",10990.0,20090.0,22402.0,0.5401,0.6373,0.3804,0.0,32.56801,-88.09894
Miles College,Fairfield,AL,35064,"High-Risk, High-Aid Institutions",12714.0,12714.0,22900.0,0.7552,0.775,0.2566,0.0,33.47474,-86.91964
University of Mobile,Mobile,AL,36613,"Elite, Low-Aid Institutions",26120.0,26120.0,38731.0,0.2986,0.4287,0.5551,0.0,30.81175,-88.18176
University of Montevallo,Montevallo,AL,35115,"High-Risk, High-Aid Institutions",13710.0,26730.0,26233.0,0.3904,0.5207,0.4938,0.0,33.12133,-86.89605
University of North Alabama,Florence,AL,35632,"Middle-Tier, Mixed-Aid Institutions",11990.0,22190.0,22086.0,0.2411,0.2957,0.5403,0.0,34.80763,-87.68043
Oakwood University,Huntsville,AL,35896,"High-Risk, High-Aid Institutions",21838.0,21838.0,38592.0,0.4735,0.5754,0.4891,0.0,34.75318,-86.65213
Samford University,Birmingham,AL,35229,"Elite, Low-Aid Institutions",38144.0,38144.0,53934.0,0.1084,0.287,0.7988,0.0,33.46434,-86.79399
University of South Alabama,Mobile,AL,36688,"Middle-Tier, Mixed-Aid Institutions",9676.0,18652.0,22070.0,0.3713,0.4872,0.5257,0.0,30.69559,-88.18783
Spring Hill College,Mobile,AL,36608,"High-Risk, High-Aid Institutions",23270.0,23270.0,37172.0,0.3301,0.5123,0.5612,0.0,30.68115,-88.29593
Stillman College,Tuscaloosa,AL,35401,"High-Risk, High-Aid Institutions",11392.0,11392.0,23485.0,0.682,0.6912,0.4103,0.0,33.179,-87.61586
Talladega College,Talladega,AL,35160,"High-Risk, High-Aid Institutions",15650.0,15650.0,23441.0,0.7551,0.7778,0.6497,0.0,33.36898,-86.1005
Troy University,Troy,AL,36082,"High-Risk, High-Aid Institutions",9792.0,19584.0,21816.0,0.423,0.6617,0.4684,0.0,31.80271,-85.95514
Tuskegee University,Tuskegee,AL,36088,"High-Risk, High-Aid Institutions",23440.0,23440.0,41924.0,0.4767,0.6167,0.5709,0.0,32.41911,-85.718
University of Alaska Anchorage,Anchorage,AK,99508,"Middle-Tier, Mixed-Aid Institutions",7566.0,21693.0,21848.0,0.191,0.1488,0.2894,0.0,61.20145,-149.8146
Alaska Bible College,Palmer,AK,99645,"Middle-Tier, Mixed-Aid Institutions",10930.0,10930.0,22101.0,0.4872,0.1282,1.0,0.0,61.60763,-148.90394
University of Alaska Fairbanks,Fairbanks,AK,99775,"Middle-Tier, Mixed-Aid Institutions",8640.0,22752.0,21182.0,0.2237,0.1765,0.3197,0.0,64.85744,-147.83483
University of Alaska Southeast,Juneau,AK,99801,"Middle-Tier, Mixed-Aid Institutions",6960.0,21096.0,16796.0,0.1398,0.1404,0.3097,0.0,58.39785,-134.05472
Alaska Pacific University,Anchorage,AK,99508,"Middle-Tier, Mixed-Aid Institutions",20760.0,20760.0,34964.0,0.3442,0.4186,0.4688,0.0,61.20145,-149.8146
Charter College,Anchorage,AK,99508,"High-Risk, High-Aid Institutions",18678.0,18678.0,31188.0,0.5579,0.6745,0.5753,0.0,61.20145,-149.8146
Arizona State University Campus Immersion,Tempe,AZ,85287,"Middle-Tier, Mixed-Aid Institutions",12051.0,32193.0,28047.0,0.2966,0.284,0.6785,0.0,,
University of Arizona,Tucson,AZ,85721,"Middle-Tier, Mixed-Aid Institutions",13626.0,41095.0,28543.0,0.2624,0.2695,0.6589,0.0,32.23107,-110.94957
Embry-Riddle Aeronautical University-Prescott,Prescott,AZ,86301,"Elite, Low-Aid Institutions",42204.0,42204.0,60158.0,0.174,0.3439,0.6976,0.0,34.59452,-112.42454
Glendale Community College,Glendale,AZ,85302,"Middle-Tier, Mixed-Aid Institutions",2358.0,8958.0,18056.0,0.2614,0.0753,0.144,0.0,33.56777,-112.17819
Grand Canyon University,Phoenix,AZ,85017,"High-Risk, High-Aid Institutions",17450.0,17450.0,31493.0,0.4308,0.535,0.4304,0.0,33.50898,-112.12381
GateWay Community College,Phoenix,AZ,85034,"Middle-Tier, Mixed-Aid Institutions",2358.0,8958.0,18316.0,0.2862,0.1228,0.1955,0.0,33.43465,-112.01989
Northern Arizona University,Flagstaff,AZ,86011,"Middle-Tier, Mixed-Aid Institutions",12652.0,28900.0,29495.0,0.2983,0.331,0.5686,0.0,35.18953,-111.65469
Prescott College,Prescott,AZ,86301,"High-Risk, High-Aid Institutions",35685.0,35685.0,47228.0,0.4728,0.5367,0.3594,0.0,34.59452,-112.42454
Rio Salado College,Tempe,AZ,85281,"Middle-Tier, Mixed-Aid Institutions",2358.0,8958.0,13740.0,0.073,0.0446,0.039,0.0,33.42805,-111.93157
Arizona Christian University,Glendale,AZ,85306,"High-Risk, High-Aid Institutions",34697.0,34697.0,50950.0,0.3318,0.6959,0.4145,0.0,33.62333,-112.17569
Yavapai College,Prescott,AZ,86301,"Middle-Tier, Mixed-Aid Institutions",2838.0,9344.0,12642.0,0.1949,0.0463,0.3213,0.0,34.59452,-112.42454
University of Arkansas at Little Rock,Little Rock,AR,72204,"Middle-Tier, Mixed-Aid Institutions",8455.0,19210.0,21013.0,0.4105,0.3765,0.4142,0.0,34.71739,-92.3582
Arkansas Baptist College,Little Rock,AR,72202,"Middle-Tier, Mixed-Aid Institutions",8760.0,8760.0,22626.0,0.4597,0.4173,0.0798,0.0,34.74626,-92.27016
Lyon College,Batesville,AR,72501,"High-Risk, High-Aid Institutions",31000.0,31000.0,44943.0,0.3596,0.6121,0.5591,0.0,35.79167,-91.65399
University of Arkansas,Fayetteville,AR,72701,"Middle-Tier, Mixed-Aid Institutions",9748.0,28772.0,26161.0,0.173,0.3405,0.6997,0.0,35.9873,-94.08179
University of Arkansas at Pine Bluff,Pine Bluff,AR,71601,"High-Risk, High-Aid Institutions",9019.0,17029.0,20907.0,0.6687,0.5852,0.3968,0.0,34.17409,-91.89811
Arkansas State University,Jonesboro,AR,72401,"Middle-Tier, Mixed-Aid Institutions",7754.0,13826.0,22823.0,0.3679,0.4234,0.551,0.0,35.86835,-90.66193
Arkansas Tech University,Russellville,AR,72801,"Middle-Tier, Mixed-Aid Institutions",8508.0,14502.0,21536.0,0.3375,0.2807,0.4866,0.0,35.28057,-93.14161
University of Arkansas at Monticello,Monticello,AR,71656,"Middle-Tier, Mixed-Aid Institutions",8868.0,14718.0,20741.0,0.4938,0.4291,0.4327,0.0,,
University of Central Arkansas,Conway,AR,72035,"Middle-Tier, Mixed-Aid Institutions",10118.0,17258.0,24265.0,0.3734,0.4169,0.5335,0.0,35.07902,-92.45829
Central Baptist College,Conway,AR,72034,"High-Risk, High-Aid Institutions",19680.0,19680.0,27468.0,0.422,0.4947,0.3529,0.0,35.05405,-92.47945
Crowley's Ridge College,Paragould,AR,72450,"High-Risk, High-Aid Institutions",16440.0,16440.0,25817.0,0.48,0.645,0.2609,0.0,36.0784,-90.51695
Harding University,Searcy,AR,72149,"Elite, Low-Aid Institutions",24888.0,24888.0,36385.0,0.1922,0.3951,0.7094,0.0,,
Henderson State University,Arkadelphia,AR,71999,"High-Risk, High-Aid Institutions",7885.0,9882.0,25946.0,0.477,0.4466,0.3805,0.0,34.12732,-93.05941
Hendrix College,Conway,AR,72032,"Elite, Low-Aid Institutions",36650.0,36650.0,52396.0,0.2341,0.4479,0.6923,0.0,35.07393,-92.36451
John Brown University,Siloam Springs,AR,72761,"Elite, Low-Aid Institutions",30832.0,30832.0,43260.0,0.2138,0.3615,0.6677,0.0,36.17074,-94.45778
Ouachita Baptist University,Arkadelphia,AR,71998,"Elite, Low-Aid Institutions",32480.0,32480.0,45132.0,0.226,0.485,0.703,0.0,34.12609,-93.05275
University of the Ozarks,Clarksville,AR,72830,"Middle-Tier, Mixed-Aid Institutions",25950.0,25950.0,35391.0,0.3597,0.4349,0.5176,0.0,35.51685,-93.50859
Philander Smith University,Little Rock,AR,72202,"High-Risk, High-Aid Institutions",13014.0,13014.0,26729.0,0.7139,0.6268,0.3231,0.0,34.74626,-92.27016
Williams Baptist University,Walnut Ridge,AR,72476,"High-Risk, High-Aid Institutions",20330.0,20330.0,32222.0,0.4715,0.4733,0.3592,0.0,36.04533,-90.91692
Southern Arkansas University Main Campus,Magnolia,AR,71753,"High-Risk, High-Aid Institutions",9820.0,15400.0,24721.0,0.446,0.6668,0.465,0.0,33.22974,-93.18461
University of Arkansas-Fort Smith,Fort Smith,AR,72913,"Middle-Tier, Mixed-Aid Institutions",6906.0,13770.0,18052.0,0.3914,0.2817,0.3696,0.0,,
Academy of Art University,San Francisco,CA,94105,"High-Risk, High-Aid Institutions",28024.0,28024.0,47195.0,0.4176,0.5049,0.4046,0.0,37.79239,-122.39707
Antelope Valley Community College District,Lancaster,CA,93536,"Middle-Tier, Mixed-Aid Institutions",1124.0,8228.0,15158.0,0.4203,0.0416,0.3061,0.0,34.75267,-118.3889
Art Center College of Design,Pasadena,CA,91103,"Elite, Low-Aid Institutions",51640.0,51640.0,71652.0,0.245,0.3564,0.8261,0.0,34.16738,-118.16446
Azusa Pacific University,Azusa,CA,91702,"Elite, Low-Aid Institutions",43600.0,43600.0,54735.0,0.3465,0.4648,0.6442,0.0,34.24129,-117.82614
Bakersfield College,Bakersfield,CA,93305,"Middle-Tier, Mixed-Aid Institutions",1430.0,10310.0,13726.0,0.2876,0.0085,0.2263,0.0,35.38989,-118.98515
Bethesda University,Anaheim,CA,92801,"Middle-Tier, Mixed-Aid Institutions",7220.0,7220.0,11766.0,0.25,0.1543,0.1818,0.0,33.84441,-117.95175
Biola University,La Mirada,CA,90639,"Elite, Low-Aid Institutions",46704.0,46704.0,58430.0,0.2601,0.4467,0.6881,0.0,33.90565,-118.01499
Bryan University,Tempe,AZ,85281,"High-Risk, High-Aid Institutions",12185.0,12185.0,26688.0,0.747,0.8183,0.24,0.0,33.42805,-111.93157
Bryan University,Tempe,AZ,85281,"High-Risk, High-Aid Institutions",12185.0,12185.0,26688.0,0.747,0.8183,0.24,0.0,33.42805,-111.93157
California Baptist University,Riverside,CA,92504,"High-Risk, High-Aid Institutions",39720.0,39720.0,52408.0,0.4096,0.6258,0.5953,0.0,33.90607,-117.39854
California College of the Arts,San Francisco,CA,94107,"Elite, Low-Aid Institutions",57946.0,57946.0,78664.0,0.2474,0.4564,0.5872,0.0,37.76473,-122.39508
California Institute of Technology,Pasadena,CA,91125,"Elite, Low-Aid Institutions",63255.0,63255.0,83598.0,0.1487,0.0356,0.9316,0.0,34.13772,-118.12492
California Lutheran University,Thousand Oaks,CA,91360,"Elite, Low-Aid Institutions",50670.0,50670.0,63768.0,0.3016,0.7776,0.7402,0.0,34.21475,-118.87735
California Polytechnic State University-San Luis Obispo,San Luis Obispo,CA,93407,"Elite, Low-Aid Institutions",11075.0,30995.0,29918.0,0.1832,0.2349,0.8519,0.0,35.30747,-120.66986
California State University-Bakersfield,Bakersfield,CA,93311,"Middle-Tier, Mixed-Aid Institutions",7696.0,19576.0,18815.0,0.612,0.2512,0.4931,0.0,35.15378,-119.16567
California State University-Stanislaus,Turlock,CA,95382,"Middle-Tier, Mixed-Aid Institutions",7826.0,19706.0,18542.0,0.5531,0.2266,0.58,0.0,37.52831,-120.85214
California State University-San Bernardino,San Bernardino,CA,92407,"Middle-Tier, Mixed-Aid Institutions",7675.0,19555.0,16910.0,0.5713,0.2337,0.5465,0.0,34.22394,-117.38839
California State Polytechnic University-Pomona,Pomona,CA,91768,"Middle-Tier, Mixed-Aid Institutions",7439.0,19319.0,22672.0,0.4603,0.2526,0.6674,0.0,34.06358,-117.78941
California State University-Chico,Chico,CA,95929,"Middle-Tier, Mixed-Aid Institutions",8064.0,19944.0,25590.0,0.4008,0.3306,0.6363,0.0,39.72578,-121.85022
California State University-Dominguez Hills,Carson,CA,90747,"Middle-Tier, Mixed-Aid Institutions",7064.0,18944.0,15449.0,0.6104,0.1956,0.4685,0.0,33.86372,-118.25142
California State University-Fresno,Fresno,CA,93740,"Middle-Tier, Mixed-Aid Institutions",6980.0,18860.0,18650.0,0.5573,0.1978,0.5482,0.0,36.81638,-119.74613
California State University-Fullerton,Fullerton,CA,92832,"Middle-Tier, Mixed-Aid Institutions",7073.0,18953.0,16767.0,0.4714,0.2206,0.6922,0.0,33.86871,-117.92914
California State University-East Bay,Hayward,CA,94542,"Middle-Tier, Mixed-Aid Institutions",7055.0,18935.0,22803.0,0.4357,0.2857,0.4551,0.0,37.6553,-122.02584
California State University-Long Beach,Long Beach,CA,90840,"Middle-Tier, Mixed-Aid Institutions",7008.0,18888.0,20310.0,0.4932,0.2414,0.6986,0.0,33.78449,-118.12133
California State University-Los Angeles,Los Angeles,CA,90032,"Middle-Tier, Mixed-Aid Institutions",6813.0,18698.0,17153.0,0.6605,0.204,0.5257,0.0,34.0793,-118.17835
California State University-Northridge,Northridge,CA,91330,"Middle-Tier, Mixed-Aid Institutions",7095.0,18975.0,20317.0,0.5599,0.2263,0.5618,0.0,34.2446,-118.52669
California State University-Sacramento,Sacramento,CA,95819,"Middle-Tier, Mixed-Aid Institutions",7602.0,19482.0,22714.0,0.4863,0.2485,0.5582,0.0,38.56816,-121.43772
University of California-Berkeley,Berkeley,CA,94720,"Elite, Low-Aid Institutions",14850.0,45627.0,42708.0,0.2733,0.1823,0.9289,0.0,37.87185,-122.25226
University of California-Davis,Davis,CA,95616,"Elite, Low-Aid Institutions",15247.0,46024.0,38067.0,0.3078,0.2322,0.8507,0.0,38.55819,-121.80044
University of California-Irvine,Irvine,CA,92697,"Elite, Low-Aid Institutions",14237.0,45014.0,36121.0,0.3729,0.2181,0.8595,0.0,33.65061,-117.85091
University of California-Los Angeles,Los Angeles,CA,90095,"Elite, Low-Aid Institutions",13747.0,44524.0,36643.0,0.271,0.2069,0.9266,0.0,34.07121,-118.44334
University of California-Riverside,Riverside,CA,92521,"Elite, Low-Aid Institutions",14170.0,44947.0,34975.0,0.4669,0.3281,0.7656,0.0,33.96794,-117.32731
University of California-San Diego,La Jolla,CA,92093,"Elite, Low-Aid Institutions",15265.0,46042.0,36325.0,0.3289,0.2412,0.8763,0.0,32.88219,-117.23706
University of California-Santa Barbara,Santa Barbara,CA,93106,"Elite, Low-Aid Institutions",14965.0,45742.0,36776.0,0.2799,0.2021,0.8533,0.0,34.41719,-119.85111
University of California-Santa Cruz,Santa Cruz,CA,95064,"Elite, Low-Aid Institutions",14560.0,45337.0,38649.0,0.3175,0.2943,0.7445,0.0,36.99158,-122.05886
California Institute of the Arts,Valencia,CA,91355,"Elite, Low-Aid Institutions",56724.0,56724.0,78425.0,0.2213,0.3404,0.6415,0.0,34.42379,-118.58437
California State University Maritime Academy,Vallejo,CA,94590,"Middle-Tier, Mixed-Aid Institutions",7672.0,19552.0,27138.0,0.2871,0.4332,0.6682,0.0,38.09546,-122.24986
Chapman University,Orange,CA,92866,"Elite, Low-Aid Institutions",62784.0,62784.0,81327.0,0.1974,0.62,0.8036,0.0,33.78453,-117.84479
Charles R Drew University of Medicine and Science,Los Angeles,CA,90059,"High-Risk, High-Aid Institutions",18933.0,18933.0,33973.0,0.313,0.687,0.5,0.0,33.92709,-118.2491
Concordia University-Irvine,Irvine,CA,92612,"Elite, Low-Aid Institutions",41390.0,41390.0,56500.0,0.2295,0.5091,0.625,0.0,33.65984,-117.82457
San Diego Christian College,Santee,CA,92071,"Middle-Tier, Mixed-Aid Institutions",26300.0,26300.0,40057.0,0.1605,0.1639,0.2353,0.0,32.85045,-116.99479
Claremont McKenna College,Claremont,CA,91711,"Elite, Low-Aid Institutions",64150.0,64150.0,82127.0,0.1948,0.1941,0.9517,0.0,34.12836,-117.71523
University of Silicon Valley,San Jose,CA,95134,"High-Risk, High-Aid Institutions",22480.0,22480.0,36361.0,0.4749,0.7177,0.3492,0.0,37.43003,-121.94528
California College of ASU,Los Angeles,CA,90015,"High-Risk, High-Aid Institutions",26175.0,26175.0,33732.0,0.474,0.6055,0.4842,0.0,34.03932,-118.26625
Cypress College,Cypress,CA,90630,"Middle-Tier, Mixed-Aid Institutions",1150.0,9399.0,15752.0,0.3215,0.0128,0.351,0.0,33.81814,-118.03814
Design Institute of San Diego,San Diego,CA,92121,"High-Risk, High-Aid Institutions",29350.0,29350.0,42093.0,0.5484,0.5699,0.5,0.0,32.8973,-117.20231
Dominican University of California,San Rafael,CA,94901,"Elite, Low-Aid Institutions",50666.0,50666.0,68620.0,0.2958,0.5477,0.7627,0.0,37.98053,-122.50249
FIDM-Fashion Institute of Design & Merchandising,Los Angeles,CA,90015,"Elite, Low-Aid Institutions",34325.0,34325.0,53393.0,0.262,0.4705,0.6715,0.0,34.03932,-118.26625
Feather River Community College District,Quincy,CA,95971,"Middle-Tier, Mixed-Aid Institutions",1465.0,9925.0,16502.0,0.2031,0.0632,0.4688,0.0,39.92895,-120.91608
Foothill College,Los Altos Hills,CA,94022,"Middle-Tier, Mixed-Aid Institutions",1565.0,12320.0,15772.0,0.0843,0.0238,0.6,0.0,37.35534,-122.14494
Fresno Pacific University,Fresno,CA,93702,"High-Risk, High-Aid Institutions",35558.0,35558.0,42673.0,0.5872,0.4725,0.5594,0.0,36.73942,-119.75422
Glendale Community College,Glendale,CA,91208,"Middle-Tier, Mixed-Aid Institutions",1181.0,8381.0,15802.0,0.353,0.0269,,0.0,34.19333,-118.23839
Harvey Mudd College,Claremont,CA,91711,"Elite, Low-Aid Institutions",66255.0,66255.0,84896.0,0.141,0.3482,0.9375,0.0,34.12836,-117.71523
California State Polytechnic University-Humboldt,Arcata,CA,95521,"Middle-Tier, Mixed-Aid Institutions",7913.0,19793.0,24412.0,0.4571,0.3708,0.4663,0.0,40.84586,-124.04745
Humphreys University-Stockton and Modesto Campuses,Stockton,CA,95207,"High-Risk, High-Aid Institutions",14760.0,14760.0,20286.0,0.5535,0.5912,0.5,0.0,38.00242,-121.325
Life Pacific University,San Dimas,CA,91773,"High-Risk, High-Aid Institutions",20462.0,20462.0,33193.0,0.4861,0.6171,0.5682,0.0,34.1072,-117.80928
University of La Verne,La Verne,CA,91750,"Elite, Low-Aid Institutions",47000.0,47000.0,61564.0,0.4754,0.5733,0.6545,0.0,34.14927,-117.76647
Laguna College of Art and Design,Laguna Beach,CA,92651,"Elite, Low-Aid Institutions",35650.0,35650.0,56183.0,0.3141,0.465,0.6304,0.0,33.56535,-117.77399
La Sierra University,Riverside,CA,92505,"High-Risk, High-Aid Institutions",35910.0,35910.0,49365.0,0.4735,0.6128,0.6806,0.0,33.92663,-117.4928
The Master's University and Seminary,Santa Clarita,CA,91321,"Elite, Low-Aid Institutions",36930.0,36930.0,48682.0,0.1938,0.3841,0.6375,0.0,34.36479,-118.4922
Loyola Marymount University,Los Angeles,CA,90045,"Elite, Low-Aid Institutions",58974.0,58974.0,75867.0,0.1303,0.3037,0.7978,0.0,33.95302,-118.40028
Menlo College,Atherton,CA,94027,"Elite, Low-Aid Institutions",51070.0,51070.0,69879.0,0.2938,0.385,0.5133,0.0,37.45399,-122.20313
MiraCosta College,Oceanside,CA,92056,"Middle-Tier, Mixed-Aid Institutions",1152.0,9120.0,15713.0,0.2724,0.0217,0.411,0.0,33.20197,-117.28939
Mount Saint Mary's University,Los Angeles,CA,90049,"High-Risk, High-Aid Institutions",48132.0,48132.0,64637.0,0.5515,0.6906,0.5342,0.0,34.08749,-118.48976
Musicians Institute,Hollywood,CA,90028,"Middle-Tier, Mixed-Aid Institutions",28400.0,28400.0,41795.0,0.1769,0.2224,0.4596,0.0,34.09982,-118.3268
National University,San Diego,CA,92123,"Middle-Tier, Mixed-Aid Institutions",13320.0,13320.0,37116.0,0.2553,0.2279,0.5,0.0,32.80958,-117.13419
Newschool of Architecture and Design,San Diego,CA,92101,"High-Risk, High-Aid Institutions",30291.0,30291.0,57642.0,0.4629,0.6245,0.5094,0.0,32.7162,-117.18589
Occidental College,Los Angeles,CA,90041,"Elite, Low-Aid Institutions",63446.0,63446.0,80636.0,0.1595,0.3875,0.8511,0.0,34.13749,-118.20746
Otis College of Art and Design,Los Angeles,CA,90045,"Elite, Low-Aid Institutions",55513.0,55513.0,71880.0,0.3068,0.418,0.6059,0.0,33.95302,-118.40028
Hope International University,Fullerton,CA,92831,"High-Risk, High-Aid Institutions",36250.0,36250.0,51153.0,0.4288,0.6034,0.4565,0.0,33.8795,-117.89607
Pacific Union College,Angwin,CA,94508,"High-Risk, High-Aid Institutions",35214.0,35214.0,47244.0,0.3337,0.5932,0.5147,0.0,38.57909,-122.44451
University of the Pacific,Stockton,CA,95211,"Elite, Low-Aid Institutions",55340.0,55340.0,68173.0,0.343,0.4274,0.6782,0.0,37.98078,-121.31198
Pepperdine University,Malibu,CA,90263,"Elite, Low-Aid Institutions",66742.0,66742.0,85202.0,0.1961,0.3842,0.8467,0.0,34.03919,-118.70809
Pitzer College,Claremont,CA,91711,"Elite, Low-Aid Institutions",62692.0,62692.0,82832.0,0.1015,0.217,0.8321,0.0,34.12836,-117.71523
Point Loma Nazarene University,San Diego,CA,92106,"Elite, Low-Aid Institutions",43550.0,43550.0,56664.0,0.2273,0.4981,0.7379,0.0,32.71334,-117.23617
Pomona College,Claremont,CA,91711,"Elite, Low-Aid Institutions",62326.0,62326.0,81196.0,0.1853,0.0793,0.9319,0.0,34.12836,-117.71523
Santa Ana College,Santa Ana,CA,92706,"Middle-Tier, Mixed-Aid Institutions",1180.0,9460.0,11848.0,0.1608,0.0073,0.3151,0.0,33.76602,-117.88174
University of Redlands,Redlands,CA,92373,"Elite, Low-Aid Institutions",57614.0,57614.0,70233.0,0.3511,0.5664,0.7068,0.0,34.00648,-117.15351
Rio Hondo College,Whittier,CA,90601,"Middle-Tier, Mixed-Aid Institutions",1388.0,9884.0,19308.0,0.2385,0.0048,0.2713,0.0,34.0078,-118.03287
San Diego Mesa College,San Diego,CA,92111,"Middle-Tier, Mixed-Aid Institutions",1150.0,9094.0,12964.0,0.1556,0.0203,0.3375,0.0,32.8065,-117.16897
San Diego State University,San Diego,CA,92182,"Middle-Tier, Mixed-Aid Institutions",8290.0,20170.0,27357.0,0.3142,0.2314,0.7827,0.0,32.77498,-117.07424
University of San Diego,San Diego,CA,92110,"Elite, Low-Aid Institutions",56444.0,56444.0,74879.0,0.1935,0.3272,0.8158,0.0,32.76533,-117.19965
San Francisco Conservatory of Music,San Francisco,CA,94102,"Elite, Low-Aid Institutions",54550.0,54550.0,78209.0,0.1584,0.4751,0.5246,0.0,37.77956,-122.41931
San Francisco State University,San Francisco,CA,94132,"Middle-Tier, Mixed-Aid Institutions",7424.0,19304.0,25258.0,0.414,0.2543,0.5015,0.0,37.72219,-122.48475
University of San Francisco,San Francisco,CA,94117,"Elite, Low-Aid Institutions",58222.0,58222.0,76421.0,0.2722,0.4727,0.7113,0.0,37.77002,-122.44425
William Jessup University,Rocklin,CA,95765,"Elite, Low-Aid Institutions",37150.0,37150.0,52172.0,0.343,0.4731,0.6071,0.0,38.81982,-121.27772
San Jose State University,San Jose,CA,95192,"Middle-Tier, Mixed-Aid Institutions",7992.0,19872.0,25695.0,0.3545,0.2075,0.6465,0.0,,
Santa Clara University,Santa Clara,CA,95053,"Elite, Low-Aid Institutions",59241.0,59241.0,77768.0,0.1087,0.2445,0.8845,0.0,37.34848,-121.93737
Santa Monica College,Santa Monica,CA,90405,"Middle-Tier, Mixed-Aid Institutions",1156.0,9316.0,11353.0,0.2627,0.0197,0.3583,0.0,34.01208,-118.4679
Scripps College,Claremont,CA,91711,"Elite, Low-Aid Institutions",63434.0,63434.0,83330.0,0.1147,0.2285,0.8712,0.0,34.12836,-117.71523
Shasta College,Redding,CA,96003,"Middle-Tier, Mixed-Aid Institutions",1197.0,8277.0,11881.0,0.3662,0.0421,0.2913,0.0,40.66664,-122.31564
Simpson University,Redding,CA,96003,"High-Risk, High-Aid Institutions",38522.0,38522.0,52366.0,0.4221,0.5807,0.4167,0.0,40.66664,-122.31564
Skyline College,San Bruno,CA,94066,"Middle-Tier, Mixed-Aid Institutions",1332.0,11384.0,10461.0,0.1009,0.004,0.4141,0.0,37.62539,-122.43229
Saint Mary's College of California,Moraga,CA,94575,"Elite, Low-Aid Institutions",56134.0,56134.0,73655.0,0.2381,0.661,0.6899,0.0,37.84235,-122.11012
Solano Community College,Fairfield,CA,94534,"Middle-Tier, Mixed-Aid Institutions",1172.0,8900.0,11440.0,0.2081,0.0142,0.3377,0.0,38.24112,-122.12142
Sonoma State University,Rohnert Park,CA,94928,"Middle-Tier, Mixed-Aid Institutions",8190.0,20070.0,24739.0,0.3615,0.2701,0.6052,0.0,38.3459,-122.6935
Vanguard University of Southern California,Costa Mesa,CA,92626,"High-Risk, High-Aid Institutions",39950.0,39950.0,50178.0,0.4288,0.8406,0.5586,0.0,33.67896,-117.90844
Southwestern College,Chula Vista,CA,91910,"High-Risk, High-Aid Institutions",1344.0,9492.0,19717.0,0.3504,0.0469,,0.0,32.63653,-117.06301
Southern California Institute of Architecture,Los Angeles,CA,90013,"Elite, Low-Aid Institutions",53564.0,53564.0,67014.0,0.212,0.228,0.7,0.0,34.04435,-118.24
University of Southern California,Los Angeles,CA,90089,"Elite, Low-Aid Institutions",68237.0,68237.0,84678.0,0.2166,0.2485,0.9199,0.0,34.02158,-118.2856
Thomas Aquinas College,Santa Paula,CA,93060,"Elite, Low-Aid Institutions",28700.0,28700.0,40000.0,0.1977,0.657,0.8202,0.0,34.36543,-119.09563
West Los Angeles College,Culver City,CA,90230,"Middle-Tier, Mixed-Aid Institutions",1238.0,10130.0,15839.0,0.1998,0.0177,0.2138,0.0,33.99691,-118.39487
Westmont College,Santa Barbara,CA,93108,"Elite, Low-Aid Institutions",51790.0,51790.0,68826.0,0.1858,0.5,0.7009,0.0,34.44934,-119.60397
Whittier College,Whittier,CA,90601,"Elite, Low-Aid Institutions",49864.0,49864.0,63925.0,0.3185,0.5847,0.6339,0.0,34.0078,-118.03287
Woodbury University,Burbank,CA,91504,"High-Risk, High-Aid Institutions",44886.0,44886.0,58180.0,0.4896,0.6141,0.5478,0.0,34.21349,-118.31478
Adams State University,Alamosa,CO,81101,"Middle-Tier, Mixed-Aid Institutions",9776.0,21848.0,23800.0,0.3499,0.3341,0.3165,0.0,37.47197,-105.85243
Aims Community College,Greeley,CO,80634,"Middle-Tier, Mixed-Aid Institutions",2090.0,11306.0,14478.0,0.1712,0.0442,0.3507,0.0,40.40075,-104.79222
Arapahoe Community College,Littleton,CO,80160,"Middle-Tier, Mixed-Aid Institutions",4308.0,16542.0,16348.0,0.1049,0.0943,0.2679,0.0,,
University of Colorado Denver/Anschutz Medical Campus,Denver,CO,80217,"Middle-Tier, Mixed-Aid Institutions",10017.0,28209.0,23369.0,0.2579,0.2515,0.474,0.0,,
University of Colorado Colorado Springs,Colorado Springs,CO,80918,"Middle-Tier, Mixed-Aid Institutions",9712.0,20492.0,23713.0,0.2625,0.3514,0.4534,0.0,38.91156,-104.78032
Spartan College of Aeronautics and Technology,Broomfield,CO,80021,"Middle-Tier, Mixed-Aid Institutions",17406.0,17406.0,33357.0,0.0951,0.1303,,0.0,39.89105,-105.11448
University of Colorado Boulder,Boulder,CO,80309,"Elite, Low-Aid Institutions",16430.0,41943.0,33466.0,0.1477,0.2436,0.7503,0.0,,
Colorado Christian University,Lakewood,CO,80226,"Elite, Low-Aid Institutions",39266.0,39266.0,50206.0,0.329,0.4192,0.5532,0.0,39.71081,-105.09155
Colorado College,Colorado Springs,CO,80903,"Elite, Low-Aid Institutions",67932.0,67932.0,83228.0,0.1381,0.2427,0.86,0.0,38.83249,-104.81342
Colorado Mountain College,Glenwood Springs,CO,81601,"Middle-Tier, Mixed-Aid Institutions",2700.0,12540.0,13717.0,0.1343,0.0907,0.259,0.0,39.59357,-107.32815
Colorado School of Mines,Golden,CO,80401,"Elite, Low-Aid Institutions",21186.0,44376.0,38556.0,0.1333,0.3363,0.7944,0.0,39.71672,-105.23286
Colorado State University-Fort Collins,Fort Collins,CO,80523,"Middle-Tier, Mixed-Aid Institutions",12896.0,33751.0,29696.0,0.1889,0.3089,0.6691,0.0,,
Colorado Technical University-Colorado Springs,Colorado Springs,CO,80907,"High-Risk, High-Aid Institutions",12760.0,12760.0,21694.0,0.6832,0.707,0.1761,0.0,38.87912,-104.82137
Community College of Denver,Denver,CO,80204,"Middle-Tier, Mixed-Aid Institutions",4902.0,17136.0,18377.0,0.3098,0.1718,0.1579,0.0,39.73476,-105.0207
University of Denver,Denver,CO,80208,"Elite, Low-Aid Institutions",59340.0,59340.0,75020.0,0.1471,0.3011,0.7795,0.0,,
Fort Lewis College,Durango,CO,81301,"Middle-Tier, Mixed-Aid Institutions",9670.0,20798.0,25558.0,0.361,0.2914,0.4315,0.0,37.51095,-107.82066
Front Range Community College,Westminster,CO,80031,"Middle-Tier, Mixed-Aid Institutions",4740.0,16974.0,18087.0,0.1649,0.1175,0.301,0.0,39.87522,-105.04039
Colorado Mesa University,Grand Junction,CO,81501,"Middle-Tier, Mixed-Aid Institutions",9712.0,24312.0,22883.0,0.274,0.3322,0.4152,0.0,39.07174,-108.54569
Metropolitan State University of Denver,Denver,CO,80217,"Middle-Tier, Mixed-Aid Institutions",10780.0,29503.0,22825.0,0.3508,0.2964,0.2989,0.0,,
Morgan Community College,Fort  Morgan,CO,80701,"Middle-Tier, Mixed-Aid Institutions",4127.0,16360.0,15797.0,0.212,0.0752,0.4607,0.0,40.13494,-103.81102
Naropa University,Boulder,CO,80302,"High-Risk, High-Aid Institutions",34600.0,34600.0,52900.0,0.5656,0.551,0.4595,0.0,40.0306,-105.35542
University of Northern Colorado,Greeley,CO,80639,"Middle-Tier, Mixed-Aid Institutions",12010.0,26204.0,26989.0,0.2619,0.3968,0.5134,0.0,,
Pikes Peak State College,Colorado Springs,CO,80906,"Middle-Tier, Mixed-Aid Institutions",4302.0,16534.0,18345.0,0.3078,0.1455,0.23,0.0,38.76744,-104.87023
Pueblo Community College,Pueblo,CO,81004,"Middle-Tier, Mixed-Aid Institutions",4883.0,17116.0,19251.0,0.2833,0.1733,0.3746,0.0,38.05121,-104.71595
Red Rocks Community College,Lakewood,CO,80228,"Middle-Tier, Mixed-Aid Institutions",4707.0,16947.0,18048.0,0.1931,0.1161,0.3737,0.0,39.69186,-105.15726
Regis University,Denver,CO,80221,"Elite, Low-Aid Institutions",43980.0,43980.0,54889.0,0.2615,0.4562,0.6111,0.0,39.81555,-105.0103
Rocky Mountain College of Art and Design,Lakewood,CO,80214,"High-Risk, High-Aid Institutions",23720.0,23720.0,33950.0,0.4599,0.6029,0.3651,0.0,39.74205,-105.07123
Colorado State University Pueblo,Pueblo,CO,81001,"Middle-Tier, Mixed-Aid Institutions",9401.0,17242.0,23891.0,0.2785,0.25,0.3798,0.0,38.29525,-104.5378
Trinidad State College,Trinidad,CO,81082,"Middle-Tier, Mixed-Aid Institutions",4468.0,7100.0,21373.0,0.4106,0.1296,0.5572,0.0,37.20343,-104.41717
Western Colorado University,Gunnison,CO,81231,"Middle-Tier, Mixed-Aid Institutions",11083.0,23683.0,25426.0,0.1347,0.2258,0.5067,0.0,,
Albertus Magnus College,New Haven,CT,06511,"High-Risk, High-Aid Institutions",39924.0,39924.0,56268.0,0.4711,0.7558,0.4609,0.0,41.31663,-72.92587
University of Bridgeport,Bridgeport,CT,06604,"High-Risk, High-Aid Institutions",35760.0,35760.0,52786.0,0.5168,0.7245,0.4809,0.0,41.17684,-73.20027
Central Connecticut State University,New Britain,CT,06050,"Middle-Tier, Mixed-Aid Institutions",12460.0,25736.0,24112.0,0.3486,0.5024,0.4933,0.0,,
Connecticut College,New London,CT,06320,"Elite, Low-Aid Institutions",64812.0,64812.0,82219.0,0.1432,0.3604,0.8375,0.0,41.35026,-72.10225
University of Connecticut,Storrs,CT,06269,"Elite, Low-Aid Institutions",20366.0,43034.0,36572.0,0.2416,0.4053,0.838,0.0,41.80998,-72.25283
Goodwin University,East Hartford,CT,06118,"High-Risk, High-Aid Institutions",21198.0,21198.0,39745.0,0.4843,0.7611,0.5833,0.0,41.74871,-72.60976
Eastern Connecticut State University,Willimantic,CT,06226,"Middle-Tier, Mixed-Aid Institutions",13292.0,16624.0,30805.0,0.2817,0.5048,0.5814,0.0,41.70816,-72.20731
Fairfield University,Fairfield,CT,06824,"Elite, Low-Aid Institutions",56360.0,56360.0,73371.0,0.0683,0.4759,0.8379,0.0,41.17571,-73.28111
University of Hartford,West Hartford,CT,06117,"Elite, Low-Aid Institutions",47647.0,47647.0,62273.0,0.2976,0.6442,0.5828,0.0,41.7875,-72.76203
Holy Apostles College and Seminary,Cromwell,CT,06416,"Elite, Low-Aid Institutions",9580.0,9580.0,20740.0,0.1624,0.1808,1.0,0.0,41.61218,-72.66382
Mitchell College,New London,CT,06320,"High-Risk, High-Aid Institutions",39050.0,39050.0,54089.0,0.3933,0.6104,0.4414,0.0,41.35026,-72.10225
University of New Haven,West Haven,CT,06516,"Elite, Low-Aid Institutions",45730.0,45730.0,63970.0,0.274,0.8094,0.5925,0.0,41.27393,-72.96718
Post University,Waterbury,CT,06723,"High-Risk, High-Aid Institutions",17100.0,17100.0,27202.0,0.7298,0.7646,0.3534,0.0,,
Quinnipiac University,Hamden,CT,06518,"Elite, Low-Aid Institutions",53090.0,53090.0,69666.0,0.1551,0.5878,0.7728,0.0,41.42744,-72.91339
Sacred Heart University,Fairfield,CT,06825,"Elite, Low-Aid Institutions",48460.0,48460.0,66669.0,0.1517,0.568,0.745,0.0,41.19685,-73.24221
University of Saint Joseph,West Hartford,CT,06117,"Elite, Low-Aid Institutions",45908.0,45908.0,56786.0,0.361,0.7593,0.697,0.0,41.7875,-72.76203
Southern Connecticut State University,New Haven,CT,06515,"High-Risk, High-Aid Institutions",12828.0,26104.0,28592.0,0.3727,0.5439,0.4782,0.0,41.32794,-72.96954
Trinity College,Hartford,CT,06106,"Elite, Low-Aid Institutions",67420.0,67420.0,83090.0,0.1518,0.3982,0.8276,0.0,41.74818,-72.69683
Wesleyan University,Middletown,CT,06459,"Elite, Low-Aid Institutions",67316.0,67316.0,85172.0,0.1499,0.1818,0.9157,0.0,41.5516,-72.66017
Western Connecticut State University,Danbury,CT,06810,"Middle-Tier, Mixed-Aid Institutions",12763.0,16095.0,24534.0,0.3464,0.498,0.5025,0.0,41.37627,-73.45904
Yale University,New Haven,CT,06520,"Elite, Low-Aid Institutions",64700.0,64700.0,85120.0,0.1916,0.0582,0.9633,0.0,,
Delaware Technical Community College-Terry,Dover,DE,19901,"Middle-Tier, Mixed-Aid Institutions",4965.0,11828.0,13177.0,0.3849,0.1539,0.1945,0.0,39.17335,-75.47758
Delaware State University,Dover,DE,19901,"High-Risk, High-Aid Institutions",10314.0,20250.0,27536.0,0.4335,0.485,0.3866,0.0,39.17335,-75.47758
University of Delaware,Newark,DE,19716,"Elite, Low-Aid Institutions",16080.0,39720.0,29347.0,0.1565,0.4812,0.7878,0.0,39.66779,-75.74595
Goldey-Beacom College,Wilmington,DE,19808,"Middle-Tier, Mixed-Aid Institutions",13440.0,13440.0,24633.0,0.3887,0.3855,0.5886,0.0,39.73777,-75.66596
Wilmington University,New Castle,DE,19720,"Middle-Tier, Mixed-Aid Institutions",12330.0,12330.0,19326.0,0.2631,0.4697,0.2257,0.0,39.645,-75.60678
American University,Washington,DC,20016,"Elite, Low-Aid Institutions",56543.0,56543.0,71549.0,0.1273,0.35,0.7849,0.0,38.93822,-77.09139
The Catholic University of America,Washington,DC,20064,"Elite, Low-Aid Institutions",55834.0,55834.0,73198.0,0.1674,0.4846,0.8133,0.0,38.93637,-76.99924
University of the District of Columbia,Washington,DC,20008,"Middle-Tier, Mixed-Aid Institutions",6152.0,13004.0,20911.0,0.4282,0.2623,0.2626,0.0,38.93539,-77.05935
Gallaudet University,Washington,DC,20002,"High-Risk, High-Aid Institutions",18382.0,18382.0,39416.0,0.5427,0.407,0.4656,0.0,38.90511,-76.98431
George Washington University,Washington,DC,20052,"Elite, Low-Aid Institutions",64990.0,64990.0,80727.0,0.1483,0.3238,0.8518,0.0,38.89884,-77.04779
Georgetown University,Washington,DC,20057,"Elite, Low-Aid Institutions",65081.0,65081.0,84696.0,0.1032,0.1939,0.943,0.0,38.90892,-77.07511
Howard University,Washington,DC,20059,"Elite, Low-Aid Institutions",33344.0,33344.0,51450.0,0.4053,0.5712,0.689,0.0,38.92247,-77.02003
Trinity Washington University,Washington,DC,20017,"High-Risk, High-Aid Institutions",26110.0,26110.0,35061.0,0.5131,0.3959,0.444,0.0,38.93813,-76.99294
Baptist University of Florida,Graceville,FL,32440,"Middle-Tier, Mixed-Aid Institutions",13800.0,13800.0,20596.0,0.3403,0.1662,0.6923,0.0,30.92025,-85.52588
Barry University,Miami,FL,33161,"High-Risk, High-Aid Institutions",33450.0,33450.0,48300.0,0.4571,0.5157,0.3659,0.0,25.89357,-80.18285
Bethune-Cookman University,Daytona Beach,FL,32114,"High-Risk, High-Aid Institutions",14794.0,14794.0,29782.0,0.7694,0.7919,0.2783,0.0,29.19312,-81.04915
Lynn University,Boca Raton,FL,33431,"Elite, Low-Aid Institutions",42950.0,42950.0,60817.0,0.2272,0.3556,0.5269,0.0,26.37996,-80.1028
Eastern Florida State College,Melbourne,FL,32935,"Middle-Tier, Mixed-Aid Institutions",2496.0,9739.0,11174.0,0.2788,0.1588,0.5122,0.0,28.1444,-80.64832
Broward College,Fort Lauderdale,FL,33301,"Middle-Tier, Mixed-Aid Institutions",2830.0,8952.0,24948.0,0.4002,0.1016,0.3611,0.0,26.12128,-80.12745
Albizu University-Miami,Miami,FL,33172,"High-Risk, High-Aid Institutions",13128.0,13128.0,48144.0,0.5161,0.6406,0.6,0.0,25.78655,-80.3623
College of Central Florida,Ocala,FL,34474,"Middle-Tier, Mixed-Aid Institutions",2710.0,10517.0,17950.0,0.4047,0.1849,0.4396,0.0,29.15515,-82.21106
Johnson University Florida,Kissimmee,FL,34744,"High-Risk, High-Aid Institutions",19658.0,19658.0,29179.0,0.4645,0.5613,0.2364,0.0,28.2954,-81.34675
University of Central Florida,Orlando,FL,32816,"Middle-Tier, Mixed-Aid Institutions",6368.0,22467.0,22819.0,0.3342,0.2421,0.7515,0.0,28.60075,-81.19511
Chipola College,Marianna,FL,32446,"Middle-Tier, Mixed-Aid Institutions",3120.0,8950.0,8804.0,0.2689,0.0,0.6126,0.0,30.84493,-85.23017
Daytona State College,Daytona Beach,FL,32114,"Middle-Tier, Mixed-Aid Institutions",3106.0,11994.0,11662.0,0.3393,0.1732,0.4123,0.0,29.19312,-81.04915
South University-West Palm Beach,Royal Palm Beach,FL,33411,"High-Risk, High-Aid Institutions",18238.0,18238.0,28722.0,0.5677,0.6535,0.2143,0.0,26.71517,-80.20305
Eckerd College,Saint Petersburg,FL,33711,"Elite, Low-Aid Institutions",50374.0,50374.0,66936.0,0.1621,0.3638,0.6756,0.0,27.73884,-82.68845
Florida SouthWestern State College,Fort Myers,FL,33919,"Middle-Tier, Mixed-Aid Institutions",3401.0,12979.0,14644.0,0.3357,0.1079,0.3854,0.0,26.55607,-81.90388
Edward Waters University,Jacksonville,FL,32209,"High-Risk, High-Aid Institutions",14878.0,14878.0,26973.0,0.7557,0.7242,0.2795,0.0,30.36141,-81.69573
Embry-Riddle Aeronautical University-Daytona Beach,Daytona Beach,FL,32114,"Elite, Low-Aid Institutions",42304.0,42304.0,59972.0,0.1507,0.3072,0.6736,0.0,29.19312,-81.04915
Florida Agricultural and Mechanical University,Tallahassee,FL,32307,"High-Risk, High-Aid Institutions",5785.0,17725.0,24047.0,0.5557,0.5094,0.5194,0.0,30.42173,-84.28686
Florida Atlantic University,Boca Raton,FL,33431,"Middle-Tier, Mixed-Aid Institutions",4879.0,17324.0,21054.0,0.3515,0.2792,0.6433,0.0,26.37996,-80.1028
Florida State College at Jacksonville,Jacksonville,FL,32202,"Middle-Tier, Mixed-Aid Institutions",2878.0,9992.0,8994.0,0.3336,0.1799,0.3243,0.0,30.32505,-81.64786
Flagler College,Saint Augustine,FL,32084,"Elite, Low-Aid Institutions",26610.0,26610.0,41734.0,0.2831,0.5362,0.5589,0.0,29.91412,-81.36417
Florida College,Temple Terrace,FL,33617,"Middle-Tier, Mixed-Aid Institutions",18920.0,18920.0,32188.0,0.209,0.4486,0.5064,0.0,28.03893,-82.39327
AdventHealth University,Orlando,FL,32803,"High-Risk, High-Aid Institutions",20880.0,20880.0,38194.0,0.3739,0.4964,0.3562,0.0,28.55592,-81.34895
Florida Institute of Technology,Melbourne,FL,32901,"Elite, Low-Aid Institutions",44360.0,44360.0,60387.0,0.201,0.398,0.6545,0.0,28.07887,-80.62268
Florida International University,Miami,FL,33199,"Middle-Tier, Mixed-Aid Institutions",6565.0,18963.0,20556.0,0.4042,0.1778,0.7387,0.0,,
The College of the Florida Keys,Key West,FL,33040,"Middle-Tier, Mixed-Aid Institutions",3279.0,13162.0,19965.0,0.2999,0.2157,0.408,0.0,24.5855,-81.74904
Florida Memorial University,Miami Gardens,FL,33054,"High-Risk, High-Aid Institutions",19110.0,19110.0,31940.0,0.6621,0.5528,0.3023,0.0,25.90775,-80.25753
Florida Southern College,Lakeland,FL,33801,"Elite, Low-Aid Institutions",42360.0,42360.0,57174.0,0.2602,0.5413,0.6933,0.0,28.0401,-81.8947
Florida State University,Tallahassee,FL,32306,"Middle-Tier, Mixed-Aid Institutions",5656.0,18786.0,23683.0,0.2375,0.2191,0.8299,0.0,30.44227,-84.29455
University of Florida,Gainesville,FL,32611,"Middle-Tier, Mixed-Aid Institutions",6381.0,28659.0,21719.0,0.2198,0.1192,0.9151,0.0,,
Full Sail University,Winter Park,FL,32792,"High-Risk, High-Aid Institutions",26417.0,26417.0,39814.0,0.5669,0.6177,0.4959,0.0,28.61066,-81.29923
Gulf Coast State College,Panama City,FL,32401,"Middle-Tier, Mixed-Aid Institutions",2370.0,8635.0,12208.0,0.2763,0.0637,0.448,0.0,30.14477,-85.67448
Hillsborough Community College,Tampa,FL,33606,"Middle-Tier, Mixed-Aid Institutions",2506.0,9111.0,10168.0,0.416,0.4228,0.332,0.0,27.93209,-82.46493
Hobe Sound Bible College,Hobe Sound,FL,33455,"Middle-Tier, Mixed-Aid Institutions",9068.0,9068.0,17545.0,0.2667,0.097,0.6071,0.019,27.05748,-80.1703
Indian River State College,Fort Pierce,FL,34981,"Middle-Tier, Mixed-Aid Institutions",2764.0,10201.0,11764.0,0.3302,0.0339,0.4248,0.0,27.39329,-80.37163
Jacksonville University,Jacksonville,FL,32211,"Elite, Low-Aid Institutions",46180.0,46180.0,61414.0,0.2993,0.478,0.5697,0.0,30.33276,-81.58428
Keiser University-Ft Lauderdale,Fort Lauderdale,FL,33309,"High-Risk, High-Aid Institutions",24136.0,24136.0,45701.0,0.5756,0.718,0.4421,0.0,26.18793,-80.17385
Florida Gateway College,Lake City,FL,32025,"Middle-Tier, Mixed-Aid Institutions",3100.0,11747.0,11879.0,0.3755,0.1574,0.5657,0.0,30.11266,-82.57072
Lake-Sumter State College,Leesburg,FL,34788,"Middle-Tier, Mixed-Aid Institutions",3292.0,13276.0,12292.0,0.3002,0.4428,0.4466,0.0,28.88542,-81.79678
Luther Rice College & Seminary,Lithonia,GA,30038,"High-Risk, High-Aid Institutions",10538.0,10538.0,11544.0,0.4953,0.5047,0.0,0.0,33.67078,-84.14209
State College of Florida-Manatee-Sarasota,Bradenton,FL,34207,"Middle-Tier, Mixed-Aid Institutions",3074.0,11595.0,28277.0,0.3606,0.0925,0.3487,0.0,27.43762,-82.57993
Miami Dade College,Miami,FL,33132,"Middle-Tier, Mixed-Aid Institutions",2838.0,9661.0,12535.0,0.4504,0.0315,0.4469,0.0,25.77719,-80.17395
University of Miami,Coral Gables,FL,33146,"Elite, Low-Aid Institutions",59926.0,59926.0,77708.0,0.154,0.2662,0.8423,0.0,25.72059,-80.27274
University of North Florida,Jacksonville,FL,32224,"Middle-Tier, Mixed-Aid Institutions",6389.0,20793.0,20229.0,0.3075,0.2437,0.6818,0.0,30.26815,-81.4642
Nova Southeastern University,Fort Lauderdale,FL,33328,"Elite, Low-Aid Institutions",37080.0,37080.0,55647.0,0.3685,0.4387,0.6434,0.0,26.06673,-80.27301
Northwest Florida State College,Niceville,FL,32578,"Middle-Tier, Mixed-Aid Institutions",3246.0,11625.0,12217.0,0.2187,0.198,0.4288,0.0,30.50871,-86.4535
Palm Beach Atlantic University,West Palm Beach,FL,33401,"Elite, Low-Aid Institutions",37990.0,37990.0,55576.0,0.251,0.3804,0.5895,0.0,26.71805,-80.0685
Palm Beach State College,Lake Worth,FL,33461,"Middle-Tier, Mixed-Aid Institutions",3050.0,10910.0,16741.0,0.3811,0.0991,0.4122,0.0,26.61936,-80.09048
Pasco-Hernando State College,New Port Richey,FL,34654,"Middle-Tier, Mixed-Aid Institutions",3155.0,12032.0,11152.0,0.2963,0.0672,0.4293,0.0,28.29757,-82.62904
Pensacola State College,Pensacola,FL,32504,"Middle-Tier, Mixed-Aid Institutions",2348.0,9407.0,9718.0,0.3496,0.0801,0.4198,0.0,30.48495,-87.19093
Polk State College,Winter Haven,FL,33881,"Middle-Tier, Mixed-Aid Institutions",3366.0,12272.0,12709.0,0.3256,0.0693,0.3396,0.0,28.05439,-81.70081
Ringling College of Art and Design,Sarasota,FL,34234,"Elite, Low-Aid Institutions",55480.0,55480.0,75726.0,0.2111,0.3836,0.708,0.0,27.36934,-82.5574
Rollins College,Winter Park,FL,32789,"Elite, Low-Aid Institutions",58300.0,58300.0,72790.0,0.221,0.3754,0.7689,0.0,28.59977,-81.35235
Saint Leo University,Saint Leo,FL,33574,"Middle-Tier, Mixed-Aid Institutions",28360.0,28360.0,41727.0,0.3682,0.3657,0.4878,0.0,28.33811,-82.257
St Petersburg College,St. Petersburg,FL,33701,"Middle-Tier, Mixed-Aid Institutions",2682.0,9286.0,10634.0,0.3309,0.1736,0.3747,0.0,27.7705,-82.63566
Santa Fe College,Gainesville,FL,32606,"Middle-Tier, Mixed-Aid Institutions",2563.0,9189.0,14353.0,0.275,0.1149,0.5209,0.0,29.68169,-82.44391
Seminole State College of Florida,Sanford,FL,32773,"Middle-Tier, Mixed-Aid Institutions",3227.0,11447.0,9152.0,0.2695,0.1297,0.4195,0.0,28.75264,-81.24659
Saint Johns River State College,Palatka,FL,32177,"Middle-Tier, Mixed-Aid Institutions",2830.0,10352.0,12215.0,0.1916,0.0584,0.4573,0.002,29.69011,-81.70565
South Florida State College,Avon Park,FL,33825,"Middle-Tier, Mixed-Aid Institutions",3165.0,11859.0,9865.0,0.4374,0.0902,0.5113,0.0,27.62704,-81.44343
University of South Florida,Tampa,FL,33620,"Middle-Tier, Mixed-Aid Institutions",6410.0,17324.0,22301.0,0.2988,0.2471,0.7458,0.0,28.06112,-82.41172
St. Thomas University,Miami Gardens,FL,33054,"Middle-Tier, Mixed-Aid Institutions",34770.0,34770.0,49762.0,0.2498,0.2806,0.4342,0.0,25.90775,-80.25753
Stetson University,DeLand,FL,32723,"Elite, Low-Aid Institutions",55220.0,55220.0,69807.0,0.3542,0.483,0.628,0.0,29.03454,-81.30452
Southeastern University,Lakeland,FL,33801,"Middle-Tier, Mixed-Aid Institutions",31732.0,31732.0,43803.0,0.2214,0.3623,0.433,0.0,28.0401,-81.8947
Tallahassee Community College,Tallahassee,FL,32304,"Middle-Tier, Mixed-Aid Institutions",2026.0,8062.0,13188.0,0.3699,0.4787,0.3692,0.0,30.45346,-84.35314
Talmudic College of Florida,Miami Beach,FL,33140,"Middle-Tier, Mixed-Aid Institutions",16750.0,16750.0,33000.0,0.3939,0.0,0.5882,0.0,25.81606,-80.13895
The University of Tampa,Tampa,FL,33606,"Elite, Low-Aid Institutions",33424.0,33424.0,49841.0,0.1561,0.6791,0.6192,0.0,27.93209,-82.46493
Trinity Baptist College,Jacksonville,FL,32221,"High-Risk, High-Aid Institutions",14300.0,14300.0,25662.0,0.4647,0.5971,0.4423,0.0,30.26043,-81.86764
Trinity College of Florida,Trinity,FL,34655,"High-Risk, High-Aid Institutions",16300.0,16300.0,25585.0,0.5637,0.7794,0.0,0.0,28.21201,-82.65516
Valencia College,Orlando,FL,32811,"Middle-Tier, Mixed-Aid Institutions",2474.0,9383.0,16577.0,0.3892,0.1324,0.4352,0.0,28.51624,-81.44516
Warner University,Lake Wales,FL,33859,"High-Risk, High-Aid Institutions",28160.0,28160.0,41556.0,0.5348,0.6715,0.3492,0.0,27.88428,-81.63106
Webber International University,Babson Park,FL,33827,"High-Risk, High-Aid Institutions",32150.0,32150.0,48464.0,0.5435,0.7051,0.2601,0.0,27.81445,-81.51484
Rasmussen University-Florida,Ocala,FL,34474,"High-Risk, High-Aid Institutions",15117.0,15117.0,24746.0,0.5503,0.7329,0.5103,0.0,29.15515,-82.21106
University of West Florida,Pensacola,FL,32514,"Middle-Tier, Mixed-Aid Institutions",6360.0,19241.0,18504.0,0.3255,0.255,0.6176,0.0,30.53209,-87.22235
Abraham Baldwin Agricultural College,Tifton,GA,31793,"Middle-Tier, Mixed-Aid Institutions",3195.0,10101.0,13103.0,0.3412,0.2677,0.2912,0.0,31.46104,-83.58386
Agnes Scott College,Decatur,GA,30030,"Elite, Low-Aid Institutions",48150.0,48150.0,60585.0,0.3613,0.5283,0.7052,0.0,33.7721,-84.29135
Albany State University,Albany,GA,31705,"High-Risk, High-Aid Institutions",5934.0,16656.0,20574.0,0.6498,0.624,0.2279,0.0,31.51169,-84.05333
Andrew College,Cuthbert,GA,39840,"High-Risk, High-Aid Institutions",19126.0,19126.0,35996.0,0.6235,0.7571,0.2696,0.0,31.78874,-84.75986
Point University,West Point,GA,31833,"Middle-Tier, Mixed-Aid Institutions",22300.0,22300.0,34418.0,0.3217,0.2398,0.4044,0.0,32.84963,-85.09202
Atlanta Metropolitan State College,Atlanta,GA,30310,"Middle-Tier, Mixed-Aid Institutions",3105.0,9731.0,11528.0,0.5382,0.2826,0.1429,0.0,33.72695,-84.42726
Clark Atlanta University,Atlanta,GA,30314,"High-Risk, High-Aid Institutions",26446.0,26446.0,40924.0,0.691,0.8786,0.478,0.0,33.75787,-84.43193
Berry College,Mount Berry,GA,30149,"Elite, Low-Aid Institutions",40416.0,40416.0,55714.0,0.2434,0.3883,0.7391,0.0,34.31107,-85.21691
Beulah Heights University,Atlanta,GA,30316,"Middle-Tier, Mixed-Aid Institutions",8492.0,8492.0,9992.0,0.2238,0.2657,0.1667,0.0,33.71277,-84.33218
Brenau University,Gainesville,GA,30501,"High-Risk, High-Aid Institutions",33275.0,33275.0,45931.0,0.4671,0.7456,0.3536,0.0,34.31844,-83.81636
Brewton-Parker College,Mount Vernon,GA,30445,"High-Risk, High-Aid Institutions",21696.0,21696.0,35557.0,0.461,0.483,0.2349,0.0,32.16715,-82.58413
College of Coastal Georgia,Brunswick,GA,31520,"Middle-Tier, Mixed-Aid Institutions",3483.0,10389.0,18975.0,0.4051,0.3109,0.2556,0.0,31.17745,-81.48729
Clayton  State University,Morrow,GA,30260,"Middle-Tier, Mixed-Aid Institutions",5068.0,15790.0,17940.0,0.5191,0.4011,0.3539,0.0,33.5862,-84.33046
Columbus State University,Columbus,GA,31907,"Middle-Tier, Mixed-Aid Institutions",5751.0,16805.0,19953.0,0.444,0.4171,0.4174,0.0,32.48388,-84.89976
Covenant College,Lookout Mountain,GA,30750,"Elite, Low-Aid Institutions",40464.0,40464.0,53368.0,0.1845,0.4148,0.7186,0.0,34.93681,-85.3882
Dalton State College,Dalton,GA,30720,"Middle-Tier, Mixed-Aid Institutions",3283.0,10189.0,11292.0,0.4977,0.1497,0.2959,0.0,34.73472,-85.00289
South University-Savannah,Savannah,GA,31406,"High-Risk, High-Aid Institutions",18238.0,18238.0,31163.0,0.7231,0.5641,0.2273,0.0,31.97783,-81.08517
East Georgia State College,Swainsboro,GA,30401,"Middle-Tier, Mixed-Aid Institutions",2736.0,9088.0,15472.0,0.4958,0.2732,0.1376,0.0,32.604,-82.34825
Emmanuel University,Franklin Springs,GA,30639,"Middle-Tier, Mixed-Aid Institutions",23664.0,23664.0,35188.0,0.2976,0.4429,0.346,0.0,34.28283,-83.15232
Emory University,Atlanta,GA,30322,"Elite, Low-Aid Institutions",60774.0,60774.0,78814.0,0.1818,0.1124,0.9176,0.0,33.7948,-84.32539
Georgia Highlands College,Rome,GA,30161,"Middle-Tier, Mixed-Aid Institutions",2944.0,9296.0,12829.0,0.3936,0.1765,0.2079,0.0,34.23758,-85.17319
Fort Valley State University,Fort Valley,GA,31030,"High-Risk, High-Aid Institutions",5392.0,16114.0,20342.0,0.7195,0.7005,0.4519,0.0,32.56861,-83.89103
Georgia Institute of Technology-Main Campus,Atlanta,GA,30332,"Elite, Low-Aid Institutions",11764.0,32876.0,27797.0,0.1367,0.193,0.9228,0.0,33.77757,-84.40429
Georgia Southwestern State University,Americus,GA,31709,"Middle-Tier, Mixed-Aid Institutions",4980.0,15702.0,19234.0,0.4066,0.3917,0.3191,0.0,32.05071,-84.14011
Georgia College & State University,Milledgeville,GA,31061,"Middle-Tier, Mixed-Aid Institutions",8998.0,28178.0,27781.0,0.1637,0.3438,0.6157,0.0,33.06041,-83.22816
Georgia Southern University,Statesboro,GA,30460,"Middle-Tier, Mixed-Aid Institutions",5905.0,16959.0,24563.0,0.3549,0.4004,0.5205,0.0,32.42718,-81.78272
Georgia State University,Atlanta,GA,30303,"Middle-Tier, Mixed-Aid Institutions",8478.0,23709.0,26535.0,0.5011,0.4147,0.5372,0.0,33.75284,-84.39028
University of Georgia,Athens,GA,30602,"Elite, Low-Aid Institutions",11180.0,30220.0,27436.0,0.1722,0.2165,0.8716,0.0,33.94252,-83.37256
Gordon State College,Barnesville,GA,30204,"Middle-Tier, Mixed-Aid Institutions",3475.0,10381.0,14944.0,0.4723,0.3591,0.1731,0.0,33.05844,-84.12343
LaGrange College,Lagrange,GA,30240,"High-Risk, High-Aid Institutions",34540.0,34540.0,47370.0,0.4366,0.71,0.4176,0.0,33.03757,-85.12222
Life University,Marietta,GA,30060,"High-Risk, High-Aid Institutions",15036.0,15036.0,41192.0,0.3923,0.4907,0.3214,0.0,33.9209,-84.543
Herzing University-Atlanta,Atlanta,GA,30303,"High-Risk, High-Aid Institutions",13420.0,13420.0,27195.0,0.6829,0.748,0.2917,0.0,33.75284,-84.39028
Mercer University,Macon,GA,31207,"Elite, Low-Aid Institutions",40890.0,40890.0,56494.0,0.333,0.61,0.7339,0.0,32.82859,-83.64928
Morehouse College,Atlanta,GA,30314,"High-Risk, High-Aid Institutions",31725.0,31725.0,47347.0,0.4438,0.5979,0.5267,0.0,33.75787,-84.43193
Oglethorpe University,Atlanta,GA,30319,"Elite, Low-Aid Institutions",45806.0,45806.0,59320.0,0.3374,0.6727,0.5392,0.0,33.87875,-84.33596
Paine College,Augusta,GA,30901,"High-Risk, High-Aid Institutions",14596.0,14596.0,27310.0,0.7129,0.7355,0.2169,0.0,33.43811,-81.95327
Piedmont University,Demorest,GA,30535,"High-Risk, High-Aid Institutions",30680.0,30680.0,45359.0,0.4145,0.6795,0.4146,0.0,34.58063,-83.57652
Reinhardt University,Waleska,GA,30183,"High-Risk, High-Aid Institutions",28420.0,28420.0,45689.0,0.3909,0.5826,0.3562,0.0,34.33854,-84.59762
Savannah College of Art and Design,Savannah,GA,31402,"Elite, Low-Aid Institutions",40595.0,40595.0,59670.0,0.1854,0.3456,0.7048,0.0,,
Savannah State University,Savannah,GA,31404,"High-Risk, High-Aid Institutions",5498.0,16218.0,17185.0,0.6485,0.6612,0.2517,0.0,32.05064,-81.05367
Shorter University,Rome,GA,30165,"High-Risk, High-Aid Institutions",24044.0,24044.0,34985.0,0.3744,0.4924,0.3708,0.0,34.30279,-85.27233
Spelman College,Atlanta,GA,30314,"Elite, Low-Aid Institutions",30058.0,30058.0,49349.0,0.2937,0.577,0.761,0.0,33.75787,-84.43193
Thomas University,Thomasville,GA,31792,"High-Risk, High-Aid Institutions",11640.0,11640.0,26189.0,0.4678,0.5574,0.2778,0.0,30.77079,-84.04238
Toccoa Falls College,Toccoa Falls,GA,30598,"Middle-Tier, Mixed-Aid Institutions",23250.0,23250.0,35666.0,0.1972,0.2525,0.4601,0.0,34.59663,-83.35411
Truett McConnell University,Cleveland,GA,30528,"Middle-Tier, Mixed-Aid Institutions",25568.0,25568.0,37692.0,0.1037,0.1607,0.4115,0.0,34.6083,-83.77589
Valdosta State University,Valdosta,GA,31698,"High-Risk, High-Aid Institutions",6007.0,17062.0,20202.0,0.5086,0.4657,0.4174,0.0,30.84749,-83.29051
Wesleyan College,Macon,GA,31210,"High-Risk, High-Aid Institutions",27650.0,27650.0,40591.0,0.4446,0.5147,0.6056,0.0,32.90486,-83.7356
University of West Georgia,Carrollton,GA,30118,"Middle-Tier, Mixed-Aid Institutions",5971.0,17024.0,23504.0,0.418,0.3983,0.4272,0.0,33.57288,-85.09938
Young Harris College,Young Harris,GA,30582,"Middle-Tier, Mixed-Aid Institutions",32305.0,32305.0,45389.0,0.2106,0.3269,0.4566,0.0,34.9494,-83.89869
Chaminade University of Honolulu,Honolulu,HI,96816,"Middle-Tier, Mixed-Aid Institutions",29970.0,29970.0,43637.0,0.422,0.3708,0.5814,0.0,21.29379,-157.79009
University of Hawaii at Hilo,Hilo,HI,96720,"Middle-Tier, Mixed-Aid Institutions",7838.0,20798.0,20914.0,0.3953,0.2985,0.4163,0.0,19.67022,-155.21718
University of Hawaii at Manoa,Honolulu,HI,96822,"Middle-Tier, Mixed-Aid Institutions",12186.0,34218.0,23832.0,0.2451,0.2736,0.6257,0.0,21.32046,-157.81037
Hawaii Pacific University,Honolulu,HI,96813,"Middle-Tier, Mixed-Aid Institutions",33020.0,33020.0,49980.0,0.2,0.2527,0.4121,0.0,21.31628,-157.84359
University of Hawaii Maui College,Kahului,HI,96732,"Middle-Tier, Mixed-Aid Institutions",3284.0,8420.0,16225.0,0.218,0.0275,0.2734,0.0,20.87593,-156.46092
University of Hawaii-West Oahu,Kapolei,HI,96707,"Middle-Tier, Mixed-Aid Institutions",7584.0,20544.0,18190.0,0.2966,0.2012,0.4684,0.0,21.36455,-158.08141
Boise Bible College,Boise,ID,83714,"Middle-Tier, Mixed-Aid Institutions",11240.0,11240.0,22045.0,0.4688,0.3438,0.4815,0.0,43.72444,-116.27017
Boise State University,Boise,ID,83725,"Middle-Tier, Mixed-Aid Institutions",8782.0,26976.0,25387.0,0.1794,0.2526,0.6187,0.0,43.60484,-116.20569
Idaho State University,Pocatello,ID,83209,"Middle-Tier, Mixed-Aid Institutions",8356.0,27466.0,21084.0,0.2684,0.2479,0.383,0.0,42.85782,-112.42619
University of Idaho,Moscow,ID,83844,"Middle-Tier, Mixed-Aid Institutions",8816.0,29784.0,22669.0,0.2276,0.3053,0.609,0.0,46.72823,-117.01946
The College of Idaho,Caldwell,ID,83605,"Elite, Low-Aid Institutions",36030.0,36030.0,48451.0,0.2405,0.5152,0.6412,0.0,43.66442,-116.65171
Lewis-Clark State College,Lewiston,ID,83501,"Middle-Tier, Mixed-Aid Institutions",7388.0,21386.0,18646.0,0.2401,0.2631,0.4472,0.0,46.2283,-116.90608
Northwest Nazarene University,Nampa,ID,83686,"Elite, Low-Aid Institutions",39370.0,39370.0,50275.0,0.2947,0.5991,0.5993,0.0,43.49643,-116.61207
Brigham Young University-Idaho,Rexburg,ID,83460,"Middle-Tier, Mixed-Aid Institutions",4656.0,4656.0,13357.0,0.2487,0.1154,0.5508,0.0,43.81639,-111.7826
College of Southern Idaho,Twin Falls,ID,83301,"Middle-Tier, Mixed-Aid Institutions",3360.0,6840.0,12115.0,0.1871,0.0749,0.3509,0.0,42.39472,-114.52203
School of the Art Institute of Chicago,Chicago,IL,60603,"Elite, Low-Aid Institutions",54530.0,54530.0,74138.0,0.1911,0.3698,0.6402,0.0,41.88018,-87.6274
Augustana College,Rock Island,IL,61201,"Elite, Low-Aid Institutions",49834.0,49834.0,60798.0,0.2192,0.5837,0.7918,0.0,41.47799,-90.57608
Aurora University,Aurora,IL,60506,"High-Risk, High-Aid Institutions",28220.0,28220.0,39232.0,0.4345,0.4884,0.5832,0.0,41.76176,-88.37125
Blackburn College,Carlinville,IL,62626,"High-Risk, High-Aid Institutions",26758.0,26758.0,36962.0,0.544,0.5052,0.5241,0.0,39.28459,-89.88362
Bradley University,Peoria,IL,61625,"Elite, Low-Aid Institutions",39680.0,39680.0,52730.0,0.2942,0.6358,0.7214,0.0,40.6978,-89.61455
Chicago State University,Chicago,IL,60628,"High-Risk, High-Aid Institutions",12754.0,12754.0,30454.0,0.5497,0.6131,0.1695,0.0,41.69165,-87.61828
University of Chicago,Chicago,IL,60637,"Elite, Low-Aid Institutions",66939.0,66939.0,86856.0,0.1447,0.0506,0.9491,0.0,41.78156,-87.6032
Columbia College Chicago,Chicago,IL,60605,"High-Risk, High-Aid Institutions",32520.0,32520.0,49799.0,0.4318,0.5732,0.4846,0.0,41.86644,-87.61956
Concordia University-Chicago,River Forest,IL,60305,"High-Risk, High-Aid Institutions",36258.0,36258.0,44252.0,0.4458,0.5858,0.474,0.0,41.89501,-87.81943
DePaul University,Chicago,IL,60604,"Elite, Low-Aid Institutions",44460.0,44460.0,59467.0,0.3066,0.4717,0.7,0.0,41.87799,-87.62928
East-West University,Chicago,IL,60605,"High-Risk, High-Aid Institutions",26100.0,26100.0,30062.0,0.8015,0.8601,0.2295,0.0,41.86644,-87.61956
Eastern Illinois University,Charleston,IL,61920,"Middle-Tier, Mixed-Aid Institutions",13403.0,15879.0,26164.0,0.3087,0.3495,0.4517,0.0,39.50415,-88.16448
Elmhurst University,Elmhurst,IL,60126,"Elite, Low-Aid Institutions",41628.0,41628.0,51829.0,0.368,0.5084,0.6519,0.0,41.89627,-87.94194
Eureka College,Eureka,IL,61530,"Middle-Tier, Mixed-Aid Institutions",28400.0,28400.0,38518.0,0.2272,0.3381,0.4057,0.0,40.71146,-89.26287
Governors State University,University Park,IL,60484,"Middle-Tier, Mixed-Aid Institutions",11320.0,11320.0,23076.0,0.524,0.3986,0.196,0.0,41.44317,-87.70948
Greenville University,Greenville,IL,62246,"High-Risk, High-Aid Institutions",30598.0,30598.0,43713.0,0.3766,0.5738,0.5136,0.0,38.88834,-89.42533
Hebrew Theological College,Skokie,IL,60077,"Middle-Tier, Mixed-Aid Institutions",14700.0,14700.0,21742.0,0.1188,0.1313,0.7308,0.0,42.03617,-87.75633
University of Illinois Chicago,Chicago,IL,60607,"Middle-Tier, Mixed-Aid Institutions",14338.0,29360.0,26998.0,0.4957,0.2496,0.603,0.0,41.87467,-87.65175
Benedictine University,Lisle,IL,60532,"High-Risk, High-Aid Institutions",34290.0,34290.0,46548.0,0.3918,0.4936,0.5095,0.0,41.79153,-88.08576
University of Illinois Urbana-Champaign,Champaign,IL,61820,"Elite, Low-Aid Institutions",16004.0,34501.0,32134.0,0.2381,0.2897,0.8489,0.0,40.112,-88.24423
Illinois Wesleyan University,Bloomington,IL,61702,"Elite, Low-Aid Institutions",55704.0,55704.0,68399.0,0.2318,0.6313,0.8254,0.0,,
Illinois College,Jacksonville,IL,62650,"High-Risk, High-Aid Institutions",37470.0,37470.0,47337.0,0.3512,0.8531,0.6109,0.0,39.73799,-90.22027
Illinois Institute of Technology,Chicago,IL,60616,"Elite, Low-Aid Institutions",51763.0,51763.0,67720.0,0.2906,0.3261,0.7244,0.0,41.84502,-87.62745
Illinois State University,Normal,IL,61790,"Elite, Low-Aid Institutions",16021.0,28086.0,32458.0,0.3005,0.4536,0.6632,0.0,,
Judson University,Elgin,IL,60123,"High-Risk, High-Aid Institutions",30910.0,30910.0,43951.0,0.3972,0.4436,0.5325,0.0,42.04011,-88.31166
Knox College,Galesburg,IL,61401,"Elite, Low-Aid Institutions",55587.0,55587.0,65796.0,0.2972,0.7198,0.6751,0.0,40.94451,-90.38888
Lake Forest College,Lake Forest,IL,60045,"Elite, Low-Aid Institutions",54202.0,54202.0,68191.0,0.3515,0.7082,0.7042,0.0,42.23807,-87.87006
Lewis University,Romeoville,IL,60446,"Elite, Low-Aid Institutions",37882.0,37882.0,45843.0,0.3089,0.4645,0.6256,0.0,41.63304,-88.09855
Loyola University Chicago,Chicago,IL,60660,"Elite, Low-Aid Institutions",51716.0,51716.0,64167.0,0.2324,0.4794,0.7692,0.0,41.99113,-87.66609
McKendree University,Lebanon,IL,62254,"Elite, Low-Aid Institutions",34070.0,34070.0,47121.0,0.2909,0.4455,0.5954,0.0,38.6098,-89.81901
Methodist College,Peoria,IL,61615,"High-Risk, High-Aid Institutions",18008.0,18008.0,26280.0,0.5589,0.7044,0.75,0.0,40.78088,-89.63102
Millikin University,Decatur,IL,62522,"High-Risk, High-Aid Institutions",26892.0,43670.0,41297.0,0.3472,0.6089,0.5907,0.0,39.83008,-89.04743
Monmouth College,Monmouth,IL,61462,"Elite, Low-Aid Institutions",43520.0,43520.0,55529.0,0.3091,0.7195,0.6014,0.0,40.91014,-90.65176
Moody Bible Institute,Chicago,IL,60610,"Middle-Tier, Mixed-Aid Institutions",15356.0,15356.0,34510.0,0.3272,0.3891,0.6199,0.0,41.90388,-87.63738
National Louis University,Chicago,IL,60603,"High-Risk, High-Aid Institutions",12345.0,12345.0,25350.0,0.5728,0.4709,0.3687,0.0,41.88018,-87.6274
North Central College,Naperville,IL,60540,"Elite, Low-Aid Institutions",44394.0,44394.0,54803.0,0.247,0.7981,0.7114,0.0,41.76361,-88.14476
North Park University,Chicago,IL,60625,"High-Risk, High-Aid Institutions",35325.0,35325.0,42040.0,0.432,0.5373,0.5596,0.0,41.97318,-87.69963
Northern Illinois University,Dekalb,IL,60115,"High-Risk, High-Aid Institutions",12700.0,12700.0,27214.0,0.4555,0.4886,0.4965,0.0,41.90109,-88.75469
Northwestern University,Evanston,IL,60208,"Elite, Low-Aid Institutions",65997.0,65997.0,87804.0,0.187,0.1877,0.9589,0.0,42.05457,-87.67412
Northeastern Illinois University,Chicago,IL,60625,"Middle-Tier, Mixed-Aid Institutions",12383.0,22726.0,27208.0,0.5377,0.2168,0.1679,0.0,41.97318,-87.69963
Olivet Nazarene University,Bourbonnais,IL,60914,"High-Risk, High-Aid Institutions",37940.0,37940.0,50557.0,0.3533,0.6804,0.6027,0.0,41.18706,-87.86194
Quincy University,Quincy,IL,62301,"High-Risk, High-Aid Institutions",35740.0,35740.0,45102.0,0.2964,0.5231,0.4274,0.0,39.93139,-91.38741
Rockford University,Rockford,IL,61108,"High-Risk, High-Aid Institutions",37300.0,37300.0,47033.0,0.4175,0.5983,0.3826,0.0,42.25515,-89.00236
Roosevelt University,Chicago,IL,60605,"High-Risk, High-Aid Institutions",20280.0,20280.0,48426.0,0.4642,0.5433,0.4099,0.0,41.86644,-87.61956
Dominican University,River Forest,IL,60305,"High-Risk, High-Aid Institutions",37844.0,37844.0,44414.0,0.4934,0.5838,0.6236,0.0,41.89501,-87.81943
University of St Francis,Joliet,IL,60435,"High-Risk, High-Aid Institutions",37000.0,37000.0,45375.0,0.3706,0.7977,0.6463,0.0,41.54492,-88.1288
Saint Xavier University,Chicago,IL,60655,"High-Risk, High-Aid Institutions",36840.0,36840.0,42237.0,0.5599,0.8662,0.59,0.0,41.69479,-87.70374
University of Illinois Springfield,Springfield,IL,62703,"Middle-Tier, Mixed-Aid Institutions",12252.0,22017.0,23643.0,0.3585,0.3832,0.6137,0.0,39.76276,-89.63106
St. Augustine College,Chicago,IL,60640,"Middle-Tier, Mixed-Aid Institutions",13288.0,13288.0,23056.0,0.7338,0.0544,0.2775,0.0,41.97253,-87.66372
Southern Illinois University-Carbondale,Carbondale,IL,62901,"Middle-Tier, Mixed-Aid Institutions",13244.0,13244.0,29268.0,0.3665,0.481,0.563,0.0,37.74003,-89.20946
Southern Illinois University-Edwardsville,Edwardsville,IL,62026,"Middle-Tier, Mixed-Aid Institutions",12922.0,12922.0,25302.0,0.3157,0.4037,0.5497,0.0,38.79062,-90.00394
Trinity Christian College,Palos Heights,IL,60463,"Elite, Low-Aid Institutions",20325.0,20325.0,47066.0,0.3329,0.6441,0.6387,0.0,41.66084,-87.79033
Trinity International University-Illinois,Deerfield,IL,60015,"High-Risk, High-Aid Institutions",12320.0,12320.0,47751.0,0.3288,0.6914,0.4565,0.0,42.17239,-87.87486
VanderCook College of Music,Chicago,IL,60616,"High-Risk, High-Aid Institutions",30910.0,30910.0,38850.0,0.2766,0.5,0.4667,0.0,41.84502,-87.62745
Western Illinois University,Macomb,IL,61455,"Middle-Tier, Mixed-Aid Institutions",14952.0,14952.0,27828.0,0.2812,0.3089,0.4477,0.0,40.44047,-90.65115
Wheaton College,Wheaton,IL,60187,"Elite, Low-Aid Institutions",43930.0,43930.0,56447.0,0.202,0.4652,0.8655,0.0,41.87231,-88.1126
Anderson University,Anderson,IN,46012,"High-Risk, High-Aid Institutions",35640.0,35640.0,49098.0,0.3587,0.6129,0.4942,0.0,40.1492,-85.62552
Anderson University,Anderson,IN,46012,"Elite, Low-Aid Institutions",35640.0,35640.0,49098.0,0.3587,0.6129,0.4942,0.0,40.1492,-85.62552
Ball State University,Muncie,IN,47306,"High-Risk, High-Aid Institutions",10758.0,28766.0,25134.0,0.3358,0.7275,0.6327,0.0,40.20542,-85.40726
Bethel University,Mishawaka,IN,46545,"Elite, Low-Aid Institutions",33320.0,33320.0,42276.0,0.3522,0.4861,0.5721,0.0,41.69376,-86.14602
Bethel University,Mishawaka,IN,46545,"Elite, Low-Aid Institutions",33320.0,33320.0,42276.0,0.3522,0.4861,0.5721,0.0,41.69376,-86.14602
Bethel University,Mishawaka,IN,46545,"Middle-Tier, Mixed-Aid Institutions",33320.0,33320.0,42276.0,0.3522,0.4861,0.5721,0.0,41.69376,-86.14602
Butler University,Indianapolis,IN,46208,"Elite, Low-Aid Institutions",45980.0,45980.0,64503.0,0.1378,0.4199,0.8015,0.0,39.82307,-86.17307
Calumet College of Saint Joseph,Whiting,IN,46394,"High-Risk, High-Aid Institutions",22650.0,22650.0,31758.0,0.4849,0.5861,0.299,0.0,41.67733,-87.50279
DePauw University,Greencastle,IN,46135,"Elite, Low-Aid Institutions",57070.0,57070.0,72560.0,0.1575,0.3961,0.8,0.0,39.65909,-86.89107
Earlham College,Richmond,IN,47374,"Elite, Low-Aid Institutions",51840.0,51840.0,64237.0,0.25,0.4232,0.6794,0.0,39.83376,-84.88997
University of Evansville,Evansville,IN,47722,"Elite, Low-Aid Institutions",42676.0,42676.0,56068.0,0.2296,0.4365,0.7127,0.0,,
Franklin College,Franklin,IN,46131,"Elite, Low-Aid Institutions",37350.0,37350.0,50708.0,0.385,0.6127,0.634,0.0,39.47196,-86.04233
Goshen College,Goshen,IN,46526,"Elite, Low-Aid Institutions",37760.0,37760.0,47206.0,0.3738,0.5216,0.6047,0.0,41.55307,-85.88448
Grace College and Theological Seminary,Winona Lake,IN,46590,"Elite, Low-Aid Institutions",30034.0,30034.0,40539.0,0.2873,0.5132,0.6991,0.0,41.21612,-85.80862
Hanover College,Hanover,IN,47243,"Elite, Low-Aid Institutions",42894.0,42894.0,55798.0,0.26,0.5347,0.6356,0.0,38.67214,-85.48177
Holy Cross College,Notre Dame,IN,46556,"High-Risk, High-Aid Institutions",35500.0,35500.0,48808.0,0.2897,0.6799,0.2947,0.0,41.70198,-86.24513
Huntington University,Huntington,IN,46750,"Elite, Low-Aid Institutions",29982.0,29982.0,40088.0,0.2937,0.7714,0.682,0.0,40.87677,-85.49674
Purdue University Fort Wayne,Fort Wayne,IN,46805,"Middle-Tier, Mixed-Aid Institutions",9254.0,22220.0,19714.0,0.2305,0.2344,0.3247,0.0,41.09918,-85.11762
Indiana University-Indianapolis,Indianapolis,IN,46202,"Middle-Tier, Mixed-Aid Institutions",10449.0,33717.0,22216.0,0.3627,0.3528,0.5387,0.0,39.78363,-86.16187
University of Indianapolis,Indianapolis,IN,46227,"Elite, Low-Aid Institutions",36136.0,36136.0,48674.0,0.3596,0.4735,0.5581,0.0,39.67607,-86.13145
Indiana Institute of Technology,Fort Wayne,IN,46803,"High-Risk, High-Aid Institutions",30446.0,30446.0,43490.0,0.3383,0.7698,0.3139,0.0,41.06972,-85.08532
University of Southern Indiana,Evansville,IN,47712,"Middle-Tier, Mixed-Aid Institutions",10136.0,22573.0,20749.0,0.2228,0.2877,0.5195,0.0,37.92869,-87.65951
Indiana State University,Terre Haute,IN,47809,"High-Risk, High-Aid Institutions",9992.0,21734.0,23475.0,0.3905,0.5118,0.4107,0.0,39.47136,-87.40986
Indiana University-Kokomo,Kokomo,IN,46902,"Middle-Tier, Mixed-Aid Institutions",8179.0,22043.0,13351.0,0.3469,0.3331,0.4475,0.0,40.43743,-86.09111
Indiana University-South Bend,South Bend,IN,46615,"Middle-Tier, Mixed-Aid Institutions",8179.0,22043.0,15984.0,0.4117,0.365,0.3574,0.0,41.67494,-86.21151
Indiana University-Bloomington,Bloomington,IN,47405,"Elite, Low-Aid Institutions",11790.0,40482.0,27361.0,0.1669,0.2748,0.8117,0.0,39.16761,-86.5211
Indiana University-Northwest,Gary,IN,46408,"Middle-Tier, Mixed-Aid Institutions",8179.0,22043.0,13371.0,0.4255,0.3469,0.3685,0.0,41.54468,-87.36941
Indiana University-Southeast,New Albany,IN,47150,"Middle-Tier, Mixed-Aid Institutions",8179.0,22043.0,15313.0,0.3381,0.3189,0.3341,0.0,38.28831,-85.84775
Indiana University-East,Richmond,IN,47374,"Middle-Tier, Mixed-Aid Institutions",8179.0,22043.0,16756.0,0.3378,0.3496,0.4536,0.0,39.83376,-84.88997
Manchester University,North Manchester,IN,46962,"High-Risk, High-Aid Institutions",37090.0,37090.0,48321.0,0.4374,0.9172,0.4484,0.0,40.98774,-85.76675
Marian University,Indianapolis,IN,46222,"Elite, Low-Aid Institutions",39100.0,39100.0,52691.0,0.2305,0.6141,0.6095,0.0,39.79088,-86.21477
Marian University,Indianapolis,IN,46222,"High-Risk, High-Aid Institutions",39100.0,39100.0,52691.0,0.2305,0.6141,0.6095,0.0,39.79088,-86.21477
Indiana Wesleyan University-Marion,Marion,IN,46953,"Elite, Low-Aid Institutions",31168.0,31168.0,42951.0,0.2549,0.7182,0.6633,0.0,40.51928,-85.643
Martin University,Indianapolis,IN,46218,"High-Risk, High-Aid Institutions",12830.0,12830.0,25074.0,0.6554,0.6419,0.3333,0.0,39.80713,-86.09958
Mid-America College of Funeral Service,Jeffersonville,IN,47130,"High-Risk, High-Aid Institutions",19800.0,19800.0,30379.0,0.559,0.7612,0.5574,0.0,38.33528,-85.69689
University of Notre Dame,Notre Dame,IN,46556,"Elite, Low-Aid Institutions",62693.0,62693.0,80211.0,0.1247,0.2566,0.9683,0.0,41.70198,-86.24513
Oakland City University,Oakland City,IN,47660,"Elite, Low-Aid Institutions",27150.0,27150.0,39307.0,0.3185,0.3471,0.7,0.0,38.29712,-87.33191
Rose-Hulman Institute of Technology,Terre Haute,IN,47803,"Elite, Low-Aid Institutions",56674.0,56674.0,74226.0,0.1171,0.4094,0.8169,0.0,39.46433,-87.30855
University of Saint Francis-Fort Wayne,Fort Wayne,IN,46808,"High-Risk, High-Aid Institutions",35420.0,35420.0,45228.0,0.427,0.6263,0.6067,0.0,41.09887,-85.17619
Saint Mary-of-the-Woods College,Saint Mary of the Woods,IN,47876,"High-Risk, High-Aid Institutions",33490.0,33490.0,47143.0,0.5055,0.6687,0.5227,0.0,39.50996,-87.46113
Saint Mary's College,Notre Dame,IN,46556,"Elite, Low-Aid Institutions",51430.0,51430.0,65706.0,0.239,0.5917,0.7652,0.0,41.70198,-86.24513
Taylor University,Upland,IN,46989,"Elite, Low-Aid Institutions",39104.0,39104.0,51879.0,0.1312,0.3259,0.7656,0.0,40.45056,-85.48115
Trine University,Angola,IN,46703,"Elite, Low-Aid Institutions",35600.0,35600.0,50004.0,0.1555,0.4082,0.6761,0.0,41.65305,-85.00976
Valparaiso University,Valparaiso,IN,46383,"Elite, Low-Aid Institutions",46588.0,46588.0,57393.0,0.2593,0.5266,0.6704,0.0,41.45838,-87.00156
Vincennes University,Vincennes,IN,47591,"Middle-Tier, Mixed-Aid Institutions",6886.0,16289.0,19446.0,0.0935,0.0887,0.3473,0.0,38.62136,-87.50594
Wabash College,Crawfordsville,IN,47933,"Elite, Low-Aid Institutions",49125.0,49125.0,62750.0,0.2251,0.5988,0.7706,0.0,40.03728,-86.90234
Briar Cliff University,Sioux City,IA,51104,"Elite, Low-Aid Institutions",35534.0,35534.0,49693.0,0.295,0.5499,0.4937,0.0,42.53518,-96.40389
Buena Vista University,Storm Lake,IA,50588,"High-Risk, High-Aid Institutions",40190.0,40190.0,52490.0,0.4254,0.6879,0.4729,0.0,42.65777,-95.16391
Central College,Pella,IA,50219,"Elite, Low-Aid Institutions",20988.0,20988.0,35177.0,0.2139,0.6553,0.6916,0.0,41.42243,-92.90132
Clarke University,Dubuque,IA,52001,"High-Risk, High-Aid Institutions",39600.0,39600.0,52899.0,0.3592,0.7185,0.5494,0.0,42.54819,-90.69348
Coe College,Cedar Rapids,IA,52402,"Elite, Low-Aid Institutions",52576.0,52576.0,64682.0,0.3568,0.7255,0.59,0.0,42.02272,-91.66001
Cornell College,Mount Vernon,IA,52314,"Elite, Low-Aid Institutions",50634.0,50634.0,64336.0,0.2896,0.6354,0.7167,0.0,41.93439,-91.44985
Dordt University,Sioux Center,IA,51250,"Elite, Low-Aid Institutions",35960.0,35960.0,49722.0,0.1827,0.4321,0.6533,0.0,43.08437,-96.21232
Drake University,Des Moines,IA,50311,"Elite, Low-Aid Institutions",49944.0,49944.0,62407.0,0.2095,0.4709,0.7731,0.0,41.601,-93.67335
University of Dubuque,Dubuque,IA,52001,"High-Risk, High-Aid Institutions",40065.0,40065.0,51060.0,0.4037,0.7022,0.4105,0.0,42.54819,-90.69348
Emmaus Bible College,Dubuque,IA,52001,"Middle-Tier, Mixed-Aid Institutions",20000.0,20000.0,30198.0,0.4029,0.2524,0.8167,0.0,42.54819,-90.69348
Faith Baptist Bible College and Theological Seminary,Ankeny,IA,50023,"Middle-Tier, Mixed-Aid Institutions",19530.0,19530.0,30354.0,0.374,0.2573,0.6105,0.0,41.72768,-93.63412
Graceland University-Lamoni,Lamoni,IA,50140,"High-Risk, High-Aid Institutions",33220.0,33220.0,46850.0,0.4516,0.7331,0.3834,0.0,40.63753,-93.99198
Grand View University,Des Moines,IA,50316,"High-Risk, High-Aid Institutions",33450.0,33450.0,46188.0,0.3811,0.6889,0.5579,0.0,41.60877,-93.59775
Grinnell College,Grinnell,IA,50112,"Elite, Low-Aid Institutions",64862.0,64862.0,79228.0,0.1688,0.116,0.8747,0.0,41.7319,-92.71591
Orion Technical College,Davenport,IA,52807,"High-Risk, High-Aid Institutions",15600.0,15600.0,26127.0,0.5733,0.6533,0.8049,0.0,41.61061,-90.51634
Iowa State University,Ames,IA,50011,"Elite, Low-Aid Institutions",10497.0,27683.0,23309.0,0.1846,0.4591,0.7547,0.0,,
University of Iowa,Iowa City,IA,52242,"Elite, Low-Aid Institutions",10964.0,32927.0,26883.0,0.1775,0.4168,0.7306,0.0,41.66195,-91.54317
Loras College,Dubuque,IA,52004,"Elite, Low-Aid Institutions",38298.0,38298.0,48380.0,0.2527,0.5932,0.6985,0.0,,
Luther College,Decorah,IA,52101,"Elite, Low-Aid Institutions",50320.0,50320.0,62845.0,0.1925,0.6043,0.75,0.0,43.35741,-91.76494
Maharishi International University,Fairfield,IA,52557,"High-Risk, High-Aid Institutions",16530.0,16530.0,28730.0,0.5521,0.6432,0.1765,0.0,41.02026,-91.96653
Mercy College of Health Sciences,Des Moines,IA,50309,"High-Risk, High-Aid Institutions",17328.0,17328.0,30844.0,0.3388,0.6381,0.4857,0.0,41.58448,-93.62152
Morningside University,Sioux City,IA,51106,"High-Risk, High-Aid Institutions",38190.0,38190.0,50429.0,0.3153,0.688,0.5284,0.0,42.46292,-96.32
Mount Mercy University,Cedar Rapids,IA,52402,"Elite, Low-Aid Institutions",39070.0,39070.0,52436.0,0.2589,0.5696,0.5588,0.0,42.02272,-91.66001
Ashford University,San Diego,CA,92123,"Middle-Tier, Mixed-Aid Institutions",13160.0,13160.0,30866.0,0.3114,0.3576,0.0877,0.0,32.80958,-117.13419
University of Northern Iowa,Cedar Falls,IA,50614,"Middle-Tier, Mixed-Aid Institutions",9728.0,21272.0,21627.0,0.238,0.4381,0.6894,0.0,,
Northwestern College,Orange City,IA,51041,"Elite, Low-Aid Institutions",35300.0,35300.0,48447.0,0.2274,0.5418,0.6357,0.0,43.02443,-96.07701
Saint Ambrose University,Davenport,IA,52803,"Elite, Low-Aid Institutions",35598.0,35598.0,50018.0,0.279,0.6667,0.6285,0.0,41.53871,-90.55623
St Luke's College,Sioux City,IA,51104,"High-Risk, High-Aid Institutions",20940.0,20940.0,27391.0,0.4643,0.648,0.3333,0.0,42.53518,-96.40389
Simpson College,Indianola,IA,50125,"Elite, Low-Aid Institutions",46212.0,46212.0,58937.0,0.3265,0.7045,0.6566,0.0,41.33286,-93.57957
Upper Iowa University,Fayette,IA,52142,"High-Risk, High-Aid Institutions",19000.0,19000.0,48422.0,0.3252,0.4901,0.4147,0.0,42.82752,-91.79441
Waldorf University,Forest City,IA,50436,"Middle-Tier, Mixed-Aid Institutions",25220.0,25220.0,38035.0,0.339,0.3865,0.2897,0.0,43.26256,-93.66242
Wartburg College,Waverly,IA,50677,"Elite, Low-Aid Institutions",51040.0,51040.0,61832.0,0.2147,0.6399,0.6682,0.0,42.76363,-92.43775
William Penn University,Oskaloosa,IA,52577,"High-Risk, High-Aid Institutions",28750.0,28750.0,40749.0,0.4558,0.8818,0.2924,0.0,41.27174,-92.6602
Baker University,Baldwin City,KS,66006,"Elite, Low-Aid Institutions",33900.0,33900.0,48117.0,0.2386,0.4407,0.5938,0.0,38.79433,-95.23936
Benedictine College,Atchison,KS,66002,"Elite, Low-Aid Institutions",34800.0,34800.0,50820.0,0.1621,0.63,0.6507,0.0,39.5488,-95.13881
Bethany College,Lindsborg,KS,67456,"High-Risk, High-Aid Institutions",31946.0,31946.0,52396.0,0.4328,0.6828,0.2867,0.0,38.5949,-97.6769
Bethany College,Lindsborg,KS,67456,"High-Risk, High-Aid Institutions",31946.0,31946.0,52396.0,0.4328,0.6828,0.2867,0.0,38.5949,-97.6769
Bethel College-North Newton,North Newton,KS,67117,"High-Risk, High-Aid Institutions",34002.0,34002.0,47672.0,0.3879,0.7071,0.4309,0.0,38.07416,-97.34544
Central Christian College of Kansas,McPherson,KS,67460,"High-Risk, High-Aid Institutions",21000.0,21000.0,32495.0,0.4311,0.6007,0.2303,0.0,38.38431,-97.69719
Donnelly College,Kansas City,KS,66102,"Middle-Tier, Mixed-Aid Institutions",10350.0,10350.0,22227.0,0.6313,0.1816,0.38,0.0,39.11246,-94.68842
Emporia State University,Emporia,KS,66801,"High-Risk, High-Aid Institutions",7356.0,15669.0,20527.0,0.3401,0.6062,0.543,0.0,38.41105,-96.2221
Fort Hays State University,Hays,KS,67601,"Middle-Tier, Mixed-Aid Institutions",5633.0,16811.0,19114.0,0.2227,0.27,0.4785,0.0,38.873,-99.34032
Barclay College,Haviland,KS,67059,"High-Risk, High-Aid Institutions",26590.0,26590.0,40190.0,0.6513,0.6184,0.5517,0.0,37.65102,-99.10046
Friends University,Wichita,KS,67213,"Elite, Low-Aid Institutions",32748.0,32748.0,44401.0,0.3365,0.5,0.6149,0.0,37.66722,-97.36498
Hesston College,Hesston,KS,67062,"High-Risk, High-Aid Institutions",31368.0,31368.0,44939.0,0.3025,0.7716,0.5741,0.0,38.1431,-97.43296
Kansas Christian College,Overland Park,KS,66204,"High-Risk, High-Aid Institutions",10950.0,10950.0,21889.0,0.5798,0.6117,0.2857,0.0,38.99282,-94.67741
University of Kansas,Lawrence,KS,66045,"Middle-Tier, Mixed-Aid Institutions",11700.0,29412.0,25215.0,0.1953,0.3736,0.6879,0.0,38.95408,-95.26078
Newman University,Wichita,KS,67213,"Elite, Low-Aid Institutions",35500.0,35500.0,44081.0,0.124,0.18,0.5377,0.0,37.66722,-97.36498
Kansas State University,Manhattan,KS,66506,"Middle-Tier, Mixed-Aid Institutions",10942.0,27816.0,25441.0,0.1934,0.3664,0.7047,0.0,39.19596,-96.58148
Kansas Wesleyan University,Salina,KS,67401,"High-Risk, High-Aid Institutions",33470.0,33470.0,45683.0,0.4083,0.7358,0.3846,0.0,38.83554,-97.64621
Manhattan Christian College,Manhattan,KS,66502,"High-Risk, High-Aid Institutions",18424.0,18424.0,34318.0,0.4483,0.6345,0.5479,0.0,39.14146,-96.52906
McPherson College,McPherson,KS,67460,"High-Risk, High-Aid Institutions",35162.0,35162.0,48404.0,0.3362,0.6356,0.52,0.0,38.38431,-97.69719
MidAmerica Nazarene University,Olathe,KS,66062,"Elite, Low-Aid Institutions",36120.0,36120.0,53495.0,0.2847,0.5306,0.4615,0.0,38.83677,-94.78455
Ottawa University-Ottawa,Ottawa,KS,66067,"High-Risk, High-Aid Institutions",35300.0,35300.0,51340.0,0.3529,0.8535,0.2872,0.0,38.61877,-95.27566
Pittsburg State University,Pittsburg,KS,66762,"Middle-Tier, Mixed-Aid Institutions",8008.0,19692.0,22426.0,0.3226,0.4451,0.5758,0.0,37.39443,-94.71092
University of Saint Mary,Leavenworth,KS,66048,"High-Risk, High-Aid Institutions",33890.0,33890.0,45313.0,0.3688,0.7353,0.4406,0.0,39.27891,-94.98527
Southwestern College,Winfield,KS,67156,"High-Risk, High-Aid Institutions",38480.0,38480.0,53677.0,0.3946,0.4892,0.3351,0.0,37.25099,-96.96503
Sterling College,Sterling,KS,67579,"High-Risk, High-Aid Institutions",32200.0,32200.0,44836.0,0.3167,0.4971,0.2903,0.0,38.18615,-98.20861
Sterling College,Sterling,KS,67579,"Middle-Tier, Mixed-Aid Institutions",32200.0,32200.0,44836.0,0.3167,0.4971,0.2903,0.0,38.18615,-98.20861
Tabor College,Hillsboro,KS,67063,"High-Risk, High-Aid Institutions",35050.0,35050.0,48360.0,0.3783,0.5744,0.3289,0.0,38.34244,-97.23019
Washburn University,Topeka,KS,66621,"Middle-Tier, Mixed-Aid Institutions",9578.0,20582.0,20949.0,0.3052,0.3467,0.5263,0.0,39.03313,-95.70237
Wichita State University,Wichita,KS,67260,"Middle-Tier, Mixed-Aid Institutions",9322.0,19240.0,21064.0,0.2973,0.3488,0.5143,0.0,37.71931,-97.2935
Alice Lloyd College,Pippa Passes,KY,41844,"High-Risk, High-Aid Institutions",14080.0,14080.0,30294.0,0.5565,0.4846,0.2636,0.0,37.32916,-82.8643
Asbury University,Wilmore,KY,40390,"Elite, Low-Aid Institutions",33640.0,33640.0,46209.0,0.2631,0.4284,0.65,0.0,37.85407,-84.67075
Bellarmine University,Louisville,KY,40205,"Elite, Low-Aid Institutions",47180.0,47180.0,60247.0,0.2501,0.5237,0.6775,0.0,38.22313,-85.68275
Berea College,Berea,KY,40404,"High-Risk, High-Aid Institutions",49326.0,49326.0,56068.0,0.8101,0.1201,0.6204,0.0,37.57311,-84.29037
Brescia University,Owensboro,KY,42301,"High-Risk, High-Aid Institutions",30450.0,30450.0,41865.0,0.4283,0.5681,0.4597,0.0,37.73983,-87.24643
Campbellsville University,Campbellsville,KY,42718,"Middle-Tier, Mixed-Aid Institutions",26990.0,26990.0,40924.0,0.2154,0.2068,0.4713,0.0,37.38994,-85.37561
Centre College,Danville,KY,40422,"Elite, Low-Aid Institutions",50550.0,50550.0,63354.0,0.2122,0.4473,0.8529,0.0,37.64235,-84.80488
University of the Cumberlands,Williamsburg,KY,40769,"High-Risk, High-Aid Institutions",9875.0,9875.0,24654.0,0.4848,0.6916,0.4624,0.0,36.7116,-84.17284
Eastern Kentucky University,Richmond,KY,40475,"Middle-Tier, Mixed-Aid Institutions",10130.0,20820.0,22265.0,0.3861,0.4277,0.4974,0.0,37.7635,-84.30828
Georgetown College,Georgetown,KY,40324,"Elite, Low-Aid Institutions",42010.0,42010.0,56297.0,0.3439,0.528,0.4754,0.0,38.24786,-84.54956
American National University-Pikeville,Pikeville,KY,41501,"High-Risk, High-Aid Institutions",11484.0,11484.0,21504.0,0.8017,0.8354,0.5,0.0,37.50805,-82.5154
Kentucky Mountain Bible College,Jackson,KY,41339,"Middle-Tier, Mixed-Aid Institutions",10060.0,10060.0,16490.0,0.5513,0.359,0.3571,0.018,37.53158,-83.29231
Kentucky State University,Frankfort,KY,40601,"High-Risk, High-Aid Institutions",9214.0,13260.0,21023.0,0.5652,0.5503,0.2714,0.0,38.23294,-84.88327
Kentucky Wesleyan College,Owensboro,KY,42301,"High-Risk, High-Aid Institutions",33393.0,33393.0,43981.0,0.4157,0.5166,0.526,0.0,37.73983,-87.24643
University of Kentucky,Lexington,KY,40506,"Elite, Low-Aid Institutions",13212.0,33406.0,32291.0,0.215,0.348,0.6993,0.0,,
Kentucky Christian University,Grayson,KY,41143,"High-Risk, High-Aid Institutions",25000.0,25000.0,38893.0,0.3704,0.5926,0.3377,0.0,38.33916,-82.97704
Lindsey Wilson College,Columbia,KY,42728,"High-Risk, High-Aid Institutions",27274.0,27274.0,39568.0,0.4988,0.5023,0.3808,0.0,37.10943,-85.28873
University of Louisville,Louisville,KY,40292,"Middle-Tier, Mixed-Aid Institutions",12828.0,29174.0,30843.0,0.288,0.2852,0.6068,0.0,,
Midway University,Midway,KY,40347,"High-Risk, High-Aid Institutions",26080.0,26080.0,41400.0,0.4613,0.6234,0.4638,0.0,38.15794,-84.71915
Morehead State University,Morehead,KY,40351,"Middle-Tier, Mixed-Aid Institutions",9838.0,14706.0,22758.0,0.2873,0.3428,0.4769,0.0,38.19817,-83.4133
Murray State University,Murray,KY,42071,"Middle-Tier, Mixed-Aid Institutions",9708.0,19452.0,21475.0,0.3135,0.3663,0.5953,0.0,36.62139,-88.28291
Northern Kentucky University,Highland Heights,KY,41099,"Middle-Tier, Mixed-Aid Institutions",10896.0,21480.0,19471.0,0.2355,0.3091,0.4828,0.0,,
University of Pikeville,Pikeville,KY,41501,"High-Risk, High-Aid Institutions",24150.0,24150.0,33271.0,0.397,0.6673,0.3907,0.0,37.50805,-82.5154
Spalding University,Louisville,KY,40203,"High-Risk, High-Aid Institutions",27850.0,27850.0,43474.0,0.3559,0.5737,0.5732,0.0,38.24722,-85.765
Sullivan University,Louisville,KY,40205,"Middle-Tier, Mixed-Aid Institutions",14220.0,14220.0,31100.0,0.1133,0.1518,0.3018,0.0,38.22313,-85.68275
Thomas More University,Crestview Hills,KY,41017,"High-Risk, High-Aid Institutions",38400.0,38400.0,46342.0,0.2247,0.597,0.4011,0.0,39.02893,-84.56177
Transylvania University,Lexington,KY,40508,"Elite, Low-Aid Institutions",44980.0,44980.0,58863.0,0.2405,0.4995,0.6975,0.0,38.05004,-84.50018
Union College,Barbourville,KY,40906,"High-Risk, High-Aid Institutions",30946.0,30946.0,44375.0,0.5062,0.6483,0.3603,0.0,36.88828,-83.87546
Union College,Barbourville,KY,40906,"Elite, Low-Aid Institutions",30946.0,30946.0,44375.0,0.5062,0.6483,0.3603,0.0,36.88828,-83.87546
Western Kentucky University,Bowling Green,KY,42101,"Middle-Tier, Mixed-Aid Institutions",11436.0,27000.0,23520.0,0.2871,0.3625,0.5367,0.0,37.06552,-86.47809
Centenary College of Louisiana,Shreveport,LA,71104,"Elite, Low-Aid Institutions",40000.0,40000.0,57929.0,0.3891,0.6748,0.593,0.0,32.48525,-93.73171
Dillard University,New Orleans,LA,70122,"High-Risk, High-Aid Institutions",22194.0,22194.0,36057.0,0.6781,0.9297,0.451,0.0,30.00835,-90.06467
Grambling State University,Grambling,LA,71245,"High-Risk, High-Aid Institutions",7683.0,16706.0,25100.0,0.7217,0.7709,0.3234,0.0,32.52697,-92.7145
Louisiana State University-Alexandria,Alexandria,LA,71302,"Middle-Tier, Mixed-Aid Institutions",7050.0,14650.0,15540.0,0.3563,0.3856,0.3552,0.0,31.2053,-92.36667
Louisiana State University and Agricultural & Mechanical College,Baton Rouge,LA,70803,"Elite, Low-Aid Institutions",11954.0,28631.0,34328.0,0.2565,0.2956,0.7096,0.0,30.41165,-91.17783
Louisiana State University-Shreveport,Shreveport,LA,71115,"Middle-Tier, Mixed-Aid Institutions",7327.0,20481.0,19233.0,0.3781,0.3164,0.3321,0.0,32.26472,-93.56247
Louisiana Christian University,Pineville,LA,71359,"High-Risk, High-Aid Institutions",19740.0,19740.0,30564.0,0.4075,0.595,0.4128,0.0,31.32468,-92.4264
Louisiana Tech University,Ruston,LA,71272,"Middle-Tier, Mixed-Aid Institutions",10125.0,16866.0,24405.0,0.205,0.2865,0.5762,0.0,32.52928,-92.6517
Loyola University New Orleans,New Orleans,LA,70118,"Elite, Low-Aid Institutions",47240.0,47240.0,61837.0,0.3721,0.5375,0.6742,0.0,29.9451,-90.1257
McNeese State University,Lake Charles,LA,70605,"Middle-Tier, Mixed-Aid Institutions",8460.0,9960.0,21168.0,0.3112,0.3091,0.5201,0.0,30.13048,-93.27418
University of New Orleans,New Orleans,LA,70148,"Middle-Tier, Mixed-Aid Institutions",9172.0,14008.0,22605.0,0.4044,0.2819,0.4251,0.0,30.0287,-90.06753
Nicholls State University,Thibodaux,LA,70310,"Middle-Tier, Mixed-Aid Institutions",8173.0,9266.0,21519.0,0.3498,0.4306,0.5429,0.0,29.79048,-90.80301
University of Louisiana at Monroe,Monroe,LA,71209,"Middle-Tier, Mixed-Aid Institutions",9190.0,21290.0,23552.0,0.3341,0.3474,0.506,0.0,32.53036,-92.07206
Northwestern State University of Louisiana,Natchitoches,LA,71497,"Middle-Tier, Mixed-Aid Institutions",8864.0,19652.0,24496.0,0.3488,0.3668,0.4463,0.0,31.74902,-93.09795
University of Holy Cross,New Orleans,LA,70131,"Middle-Tier, Mixed-Aid Institutions",16160.0,16160.0,28380.0,0.2842,0.3579,0.3582,0.0,29.9081,-89.96044
Franciscan Missionaries of Our Lady University,Baton Rouge,LA,70808,"Middle-Tier, Mixed-Aid Institutions",15690.0,15690.0,27314.0,0.3575,0.4853,0.5132,0.0,30.4057,-91.14236
Saint Joseph Seminary College,St. Benedict,LA,70457,"Middle-Tier, Mixed-Aid Institutions",26770.0,26770.0,43395.0,0.0748,0.028,0.4,0.0,30.52743,-90.11332
Southeastern Louisiana University,Hammond,LA,70402,"Middle-Tier, Mixed-Aid Institutions",8373.0,20851.0,22647.0,0.33,0.3437,0.448,0.0,30.51652,-90.46932
Southern University and A & M College,Baton Rouge,LA,70813,"High-Risk, High-Aid Institutions",9940.0,17198.0,26076.0,0.6458,0.701,0.2845,0.0,30.52777,-91.19742
Southern University at New Orleans,New Orleans,LA,70126,"Middle-Tier, Mixed-Aid Institutions",7490.0,16390.0,20893.0,0.4458,0.378,0.1786,0.0,30.01948,-90.01739
University of Louisiana at Lafayette,Lafayette,LA,70503,"Middle-Tier, Mixed-Aid Institutions",10418.0,24146.0,24631.0,0.3877,0.4359,0.52,0.0,30.17353,-92.05901
Tulane University of Louisiana,New Orleans,LA,70118,"Elite, Low-Aid Institutions",65538.0,65538.0,83761.0,0.0928,0.2092,0.8891,0.0,29.9451,-90.1257
Xavier University of Louisiana,New Orleans,LA,70125,"High-Risk, High-Aid Institutions",27868.0,27868.0,39183.0,0.5171,0.5464,0.5021,0.0,29.95202,-90.10338
College of the Atlantic,Bar Harbor,ME,04609,"Elite, Low-Aid Institutions",46179.0,46179.0,56334.0,0.2653,0.4987,0.6923,0.0,44.38518,-68.27108
Bates College,Lewiston,ME,04240,"Elite, Low-Aid Institutions",63478.0,63478.0,80440.0,0.1022,0.1503,0.9059,0.0,44.09147,-70.16808
Bowdoin College,Brunswick,ME,04011,"Elite, Low-Aid Institutions",64910.0,64910.0,80390.0,0.1614,0.1023,0.956,0.0,43.90068,-69.97607
Maine College of Health Professions,Lewiston,ME,04240,"High-Risk, High-Aid Institutions",17827.0,17827.0,20438.0,0.5148,0.8776,0.8333,0.0,44.09147,-70.16808
Colby College,Waterville,ME,04901,"Elite, Low-Aid Institutions",66600.0,66600.0,81550.0,0.1318,0.087,0.9022,0.0,44.55449,-69.57037
University of Maine at Augusta,Augusta,ME,04330,"Middle-Tier, Mixed-Aid Institutions",8618.0,21548.0,18813.0,0.3196,0.2847,0.2328,0.0,44.36387,-69.73729
University of Maine at Farmington,Farmington,ME,04938,"Middle-Tier, Mixed-Aid Institutions",10989.0,23079.0,24103.0,0.3248,0.448,0.5275,0.0,44.65881,-70.10329
University of Maine at Fort Kent,Fort Kent,ME,04743,"Middle-Tier, Mixed-Aid Institutions",9045.0,14325.0,18532.0,0.139,0.2085,0.3984,0.0,47.15427,-68.72512
University of Maine,Orono,ME,04469,"Middle-Tier, Mixed-Aid Institutions",12606.0,35346.0,26418.0,0.2196,0.4284,0.5643,0.0,44.90251,-68.66624
Maine Maritime Academy,Castine,ME,04420,"High-Risk, High-Aid Institutions",14746.0,30226.0,30166.0,0.2472,0.6595,0.6141,0.0,,
University of Maine at Presque Isle,Presque Isle,ME,04769,"Middle-Tier, Mixed-Aid Institutions",8990.0,14270.0,18663.0,0.2559,0.2537,0.3766,0.0,46.68676,-67.98737
University of New England,Biddeford,ME,04005,"Elite, Low-Aid Institutions",42550.0,42550.0,60706.0,0.1189,0.5315,0.6083,0.0,43.49591,-70.49537
Maine College of Art & Design,Portland,ME,04101,"Elite, Low-Aid Institutions",41398.0,41398.0,57027.0,0.2658,0.7079,0.4874,0.0,43.6624,-70.2586
Saint Joseph's College of Maine,Standish,ME,04084,"Elite, Low-Aid Institutions",42834.0,42834.0,58452.0,0.201,0.597,0.6855,0.0,43.76637,-70.55893
University of Southern Maine,Portland,ME,04103,"Middle-Tier, Mixed-Aid Institutions",10920.0,27104.0,21381.0,0.2628,0.3406,0.4634,0.0,43.69392,-70.2909
Thomas College,Waterville,ME,04901,"Elite, Low-Aid Institutions",30896.0,30896.0,43757.0,0.1534,0.3395,0.5136,0.0,44.55449,-69.57037
Unity Environmental University,New Gloucester,ME,04260,"High-Risk, High-Aid Institutions",12640.0,12640.0,20915.0,0.5925,0.5157,0.5698,0.0,43.96409,-70.29589
University of Baltimore,Baltimore,MD,21201,"Middle-Tier, Mixed-Aid Institutions",9772.0,23490.0,27477.0,0.4317,0.3996,0.4673,0.0,39.29487,-76.62237
Bowie State University,Bowie,MD,20715,"Middle-Tier, Mixed-Aid Institutions",8999.0,19889.0,24302.0,0.439,0.4087,0.3814,0.0,38.98643,-76.73967
Capitol Technology University,Laurel,MD,20708,"High-Risk, High-Aid Institutions",27318.0,27318.0,40900.0,0.3523,0.6611,0.4667,0.0,39.04546,-76.83462
Washington Adventist University,Takoma Park,MD,20912,"High-Risk, High-Aid Institutions",25200.0,25200.0,34570.0,0.4605,0.5412,0.4,0.0,38.98182,-77.00106
Coppin State University,Baltimore,MD,21216,"Middle-Tier, Mixed-Aid Institutions",7001.0,13789.0,20152.0,0.5304,0.4183,0.2559,0.0,39.3108,-76.67145
Frostburg State University,Frostburg,MD,21532,"Middle-Tier, Mixed-Aid Institutions",9998.0,25180.0,26500.0,0.3285,0.3779,0.5207,0.0,39.65559,-78.96025
Goucher College,Baltimore,MD,21204,"Elite, Low-Aid Institutions",51250.0,51250.0,68893.0,0.3123,0.5115,0.6,0.0,39.40353,-76.63024
Hood College,Frederick,MD,21701,"Elite, Low-Aid Institutions",45870.0,45870.0,59174.0,0.3627,0.6373,0.5529,0.0,39.44729,-77.33512
Johns Hopkins University,Baltimore,MD,21218,"Elite, Low-Aid Institutions",63340.0,63340.0,81300.0,0.1976,0.1145,0.9463,0.0,39.33031,-76.60235
Loyola University Maryland,Baltimore,MD,21210,"Elite, Low-Aid Institutions",55480.0,55480.0,71606.0,0.177,0.5271,0.8049,0.0,39.35878,-76.63521
University of Maryland Global Campus,Adelphi,MD,20783,"Middle-Tier, Mixed-Aid Institutions",7992.0,12336.0,19790.0,0.2844,0.1757,0.2958,0.0,38.99988,-76.96886
University of Maryland-Baltimore County,Baltimore,MD,21250,"Middle-Tier, Mixed-Aid Institutions",12952.0,30308.0,27935.0,0.296,0.2915,0.7055,0.0,39.25558,-76.71117
University of Maryland-College Park,College Park,MD,20742,"Elite, Low-Aid Institutions",11505.0,40306.0,28073.0,0.1859,0.2269,0.8862,0.0,38.99422,-76.94347
Maryland Institute College of Art,Baltimore,MD,21217,"Elite, Low-Aid Institutions",55150.0,55150.0,71366.0,0.2081,0.402,0.7133,0.0,39.30701,-76.63833
University of Maryland Eastern Shore,Princess Anne,MD,21853,"High-Risk, High-Aid Institutions",8898.0,19728.0,27799.0,0.5261,0.5184,0.3464,0.0,38.20453,-75.7102
Morgan State University,Baltimore,MD,21251,"High-Risk, High-Aid Institutions",8118.0,18800.0,24778.0,0.5445,0.6533,0.4161,0.0,39.34993,-76.58027
Mount St. Mary's University,Emmitsburg,MD,21727,"Elite, Low-Aid Institutions",47240.0,47240.0,62078.0,0.269,0.5965,0.5802,0.0,39.68865,-77.33096
Notre Dame of Maryland University,Baltimore,MD,21210,"High-Risk, High-Aid Institutions",41910.0,41910.0,60362.0,0.3227,0.7742,0.5195,0.0,39.35878,-76.63521
Salisbury University,Salisbury,MD,21801,"Middle-Tier, Mixed-Aid Institutions",10638.0,21332.0,26134.0,0.2405,0.3962,0.6745,0.0,38.38106,-75.64073
St. Mary's College of Maryland,St. Mary's City,MD,20686,"Elite, Low-Aid Institutions",15236.0,31312.0,31319.0,0.2017,0.4222,0.6804,0.0,38.18557,-76.43898
St. John's College,Annapolis,MD,21401,"Elite, Low-Aid Institutions",39126.0,39126.0,52683.0,0.2208,0.4935,0.6741,0.0,38.98967,-76.5505
St. John's College,Annapolis,MD,21401,"Elite, Low-Aid Institutions",39126.0,39126.0,52683.0,0.2208,0.4935,0.6741,0.0,38.98967,-76.5505
Towson University,Towson,MD,21252,"Middle-Tier, Mixed-Aid Institutions",11306.0,28326.0,26621.0,0.3346,0.4312,0.6762,0.0,39.39413,-76.61144
Stevenson University,Owings Mills,MD,21117,"Elite, Low-Aid Institutions",39708.0,39708.0,57322.0,0.2894,0.47,0.6642,0.0,39.42719,-76.77795
Washington College,Chestertown,MD,21620,"Elite, Low-Aid Institutions",54356.0,54356.0,70191.0,0.2052,0.5016,0.7411,0.0,39.20667,-76.08739
McDaniel College,Westminster,MD,21157,"Elite, Low-Aid Institutions",49647.0,49647.0,62974.0,0.3381,0.6127,0.6376,0.0,39.54889,-76.98162
Hult International Business School,Cambridge,MA,02141,"Elite, Low-Aid Institutions",54890.0,54890.0,74875.0,0.0836,0.085,0.6582,0.0,42.37041,-71.08218
American International College,Springfield,MA,01109,"High-Risk, High-Aid Institutions",42970.0,42970.0,55463.0,0.5004,0.8055,0.4228,0.0,42.11839,-72.54876
Amherst College,Amherst,MA,01002,"Elite, Low-Aid Institutions",67280.0,67280.0,83650.0,0.216,0.0875,0.9342,0.0,42.37633,-72.46462
Anna Maria College,Paxton,MA,01612,"High-Risk, High-Aid Institutions",43064.0,43064.0,61106.0,0.3424,0.6324,0.4044,0.0,42.31037,-71.93095
Assumption University,Worcester,MA,01609,"Elite, Low-Aid Institutions",49414.0,49414.0,61777.0,0.1937,0.8421,0.7459,0.0,42.28592,-71.82853
Babson College,Wellesley,MA,02457,"Elite, Low-Aid Institutions",56032.0,56032.0,77248.0,0.1423,0.2601,0.9236,0.0,42.29777,-71.26887
Boston Baptist College,Boston,MA,02136,"High-Risk, High-Aid Institutions",14304.0,14304.0,26691.0,0.575,0.4,0.4444,0.0,42.25505,-71.12662
Bay Path University,Longmeadow,MA,01106,"High-Risk, High-Aid Institutions",37227.0,37227.0,47064.0,0.6616,0.8395,0.5694,0.0,42.04877,-72.57163
Bentley University,Waltham,MA,02452,"Elite, Low-Aid Institutions",58150.0,58150.0,77082.0,0.1508,0.4268,0.8821,0.0,42.39365,-71.2202
Berklee College of Music,Boston,MA,02215,"Elite, Low-Aid Institutions",50270.0,50270.0,69874.0,0.1536,0.326,0.6635,0.0,42.34741,-71.10276
Boston Architectural College,Boston,MA,02115,"Middle-Tier, Mixed-Aid Institutions",26800.0,26800.0,47152.0,0.202,0.2896,0.3846,0.0,42.34046,-71.09481
Boston College,Chestnut Hill,MA,02467,"Elite, Low-Aid Institutions",67680.0,67680.0,83683.0,0.1273,0.3199,0.9099,0.0,42.31725,-71.16096
Boston University,Boston,MA,02215,"Elite, Low-Aid Institutions",65168.0,65168.0,82694.0,0.1797,0.2261,0.8997,0.0,42.34741,-71.10276
Brandeis University,Waltham,MA,02454,"Elite, Low-Aid Institutions",64946.0,64946.0,82123.0,0.144,0.2834,0.8611,0.0,,
Bridgewater State University,Bridgewater,MA,02325,"High-Risk, High-Aid Institutions",11389.0,17529.0,25164.0,0.3031,0.7135,0.5461,0.0,41.98875,-70.96449
Clark University,Worcester,MA,01610,"Elite, Low-Aid Institutions",55160.0,55160.0,64426.0,0.2126,0.5776,0.7712,0.0,42.24645,-71.80968
Curry College,Milton,MA,02186,"Elite, Low-Aid Institutions",46220.0,46220.0,61556.0,0.2831,0.7119,0.4825,0.0,42.23854,-71.08464
Dean College,Franklin,MA,02038,"High-Risk, High-Aid Institutions",44960.0,44960.0,62802.0,0.296,0.7115,0.4317,0.0,42.08622,-71.41126
Eastern Nazarene College,Quincy,MA,02170,"High-Risk, High-Aid Institutions",28610.0,28610.0,41948.0,0.3496,0.5844,0.3529,0.0,42.26644,-71.01621
Emerson College,Boston,MA,02116,"Elite, Low-Aid Institutions",55392.0,55392.0,77153.0,0.1499,0.4662,0.7927,0.0,42.35105,-71.07638
Emmanuel College,Boston,MA,02115,"Elite, Low-Aid Institutions",46686.0,46686.0,63864.0,0.2034,0.6174,0.6582,0.0,42.34046,-71.09481
Endicott College,Beverly,MA,01915,"Elite, Low-Aid Institutions",39212.0,39212.0,57533.0,0.1313,0.6464,0.7543,0.0,42.56841,-70.8647
Fisher College,Boston,MA,02116,"High-Risk, High-Aid Institutions",35013.0,35013.0,52723.0,0.42,0.6288,0.2844,0.0,42.35105,-71.07638
Fitchburg State University,Fitchburg,MA,01420,"Middle-Tier, Mixed-Aid Institutions",11046.0,17126.0,24517.0,0.3101,0.4997,0.5273,0.0,42.58559,-71.81693
Framingham State University,Framingham,MA,01701,"High-Risk, High-Aid Institutions",11630.0,17710.0,26539.0,0.3448,0.5475,0.4954,0.0,42.32195,-71.43796
Benjamin Franklin Cummings Institute of Technology,Boston,MA,02116,"High-Risk, High-Aid Institutions",18906.0,18906.0,27631.0,0.4023,0.5009,0.4716,0.0,42.35105,-71.07638
Gordon College,Wenham,MA,01984,"Elite, Low-Aid Institutions",28100.0,28100.0,41160.0,0.2102,0.5611,0.6763,0.0,42.60078,-70.8826
Hampshire College,Amherst,MA,01002,"Elite, Low-Aid Institutions",56630.0,56630.0,71224.0,0.376,0.5846,0.5723,0.0,42.37633,-72.46462
Harvard University,Cambridge,MA,02138,"Elite, Low-Aid Institutions",59076.0,59076.0,82842.0,0.1579,0.0488,0.9733,0.0,42.37997,-71.13446
Hellenic College-Holy Cross Greek Orthodox School of Theology,Brookline,MA,02445,"Middle-Tier, Mixed-Aid Institutions",22490.0,22490.0,41282.0,0.1795,0.359,0.4444,0.0,42.32581,-71.13319
College of the Holy Cross,Worcester,MA,01610,"Elite, Low-Aid Institutions",60850.0,60850.0,76510.0,0.1473,0.4019,0.8961,0.0,42.24645,-71.80968
Lasell University,Newton,MA,02466,"Elite, Low-Aid Institutions",26000.0,26000.0,63387.0,0.3224,0.733,0.5317,0.0,42.34541,-71.24759
Lesley University,Cambridge,MA,02138,"Elite, Low-Aid Institutions",32780.0,32780.0,49226.0,0.2825,0.5129,0.6174,0.0,42.37997,-71.13446
Longy School of Music of Bard College,Cambridge,MA,02138,"Elite, Low-Aid Institutions",52950.0,52950.0,67675.0,0.1026,0.1026,0.4444,0.0,42.37997,-71.13446
University of Massachusetts-Lowell,Lowell,MA,01854,"Elite, Low-Aid Institutions",16570.0,35396.0,29521.0,0.2739,0.5352,0.701,0.0,42.64939,-71.34827
University of Massachusetts-Amherst,Amherst,MA,01003,"Elite, Low-Aid Institutions",17357.0,39293.0,33389.0,0.2029,0.4789,0.8316,0.0,42.39135,-72.52327
University of Massachusetts-Boston,Boston,MA,02125,"High-Risk, High-Aid Institutions",15496.0,37174.0,29698.0,0.4269,0.5171,0.5115,0.0,42.31578,-71.0562
MCPHS University,Boston,MA,02115,"Elite, Low-Aid Institutions",38850.0,38850.0,58975.0,0.2822,0.6584,0.6332,0.0,42.34046,-71.09481
Massachusetts College of Art and Design,Boston,MA,02115,"Elite, Low-Aid Institutions",14960.0,42180.0,32256.0,0.2761,0.5057,0.6919,0.0,42.34046,-71.09481
Massachusetts Institute of Technology,Cambridge,MA,02139,"Elite, Low-Aid Institutions",60156.0,60156.0,79850.0,0.1896,0.0657,0.9608,0.0,42.36224,-71.10253
Massachusetts Maritime Academy,Buzzards Bay,MA,02532,"Elite, Low-Aid Institutions",10816.0,23910.0,37721.0,0.1697,0.7926,0.7912,0.0,41.75111,-70.59713
Merrimack College,North Andover,MA,01845,"Elite, Low-Aid Institutions",51786.0,51786.0,68089.0,0.1518,0.6108,0.7213,0.0,42.67132,-71.08669
Montserrat College of Art,Beverly,MA,01915,"Elite, Low-Aid Institutions",39000.0,39000.0,56284.0,0.3277,0.7635,0.6154,0.0,42.56841,-70.8647
Mount Holyoke College,South Hadley,MA,01075,"Elite, Low-Aid Institutions",64142.0,64142.0,77545.0,0.2029,0.4277,0.8504,0.0,42.25672,-72.57928
The New England Conservatory of Music,Boston,MA,02115,"Elite, Low-Aid Institutions",58550.0,58550.0,77870.0,0.0752,0.2549,0.7778,0.0,42.34046,-71.09481
Nichols College,Dudley,MA,01571,"Elite, Low-Aid Institutions",40375.0,40375.0,55871.0,0.3041,0.7405,0.6364,0.0,42.05501,-71.93519
Massachusetts College of Liberal Arts,North Adams,MA,01247,"High-Risk, High-Aid Institutions",11884.0,20559.0,27705.0,0.4045,0.605,0.4913,0.0,42.69813,-73.09264
Northeastern University,Boston,MA,02115,"Elite, Low-Aid Institutions",63141.0,63141.0,81353.0,0.1234,0.2834,0.9038,0.0,42.34046,-71.09481
College of Our Lady of the Elms,Chicopee,MA,01013,"High-Risk, High-Aid Institutions",42061.0,42061.0,53145.0,0.4184,0.7092,0.6474,0.0,42.16059,-72.60788
Quincy College,Quincy,MA,02169,"Middle-Tier, Mixed-Aid Institutions",7536.0,7536.0,19527.0,0.3378,0.226,0.1663,0.0,42.23971,-71.01802
Regis College,Weston,MA,02493,"Elite, Low-Aid Institutions",47770.0,47770.0,64315.0,0.2774,0.669,0.6949,0.0,42.35893,-71.30009
Salem State University,Salem,MA,01970,"High-Risk, High-Aid Institutions",11978.0,18961.0,27615.0,0.3531,0.5675,0.5499,0.0,42.51298,-70.90266
Simmons University,Boston,MA,02115,"Elite, Low-Aid Institutions",45538.0,45538.0,63512.0,0.2984,0.6384,0.7125,0.0,42.34046,-71.09481
Bard College at Simon's Rock,Great Barrington,MA,01230,"Elite, Low-Aid Institutions",66594.0,66594.0,82465.0,0.2349,0.4597,0.5417,0.0,42.18197,-73.34244
Smith College,Northampton,MA,01063,"Elite, Low-Aid Institutions",61568.0,61568.0,82134.0,0.1815,0.1268,0.8966,0.0,42.31962,-72.63951
Springfield College,Springfield,MA,01109,"Elite, Low-Aid Institutions",43707.0,43707.0,57942.0,0.2166,0.7151,0.6763,0.0,42.11839,-72.54876
University of Massachusetts-Dartmouth,North Dartmouth,MA,02747,"High-Risk, High-Aid Institutions",15208.0,31750.0,31677.0,0.3564,0.658,0.4897,0.0,41.6577,-71.01202
Stonehill College,Easton,MA,02357,"Elite, Low-Aid Institutions",54500.0,54500.0,68412.0,0.1479,0.6179,0.8081,0.0,42.06224,-71.07751
Suffolk University,Boston,MA,02108,"Elite, Low-Aid Institutions",45380.0,45380.0,62822.0,0.2741,0.5597,0.5985,0.0,42.35657,-71.06516
Tufts University,Medford,MA,02155,"Elite, Low-Aid Institutions",67844.0,67844.0,84600.0,0.1158,0.1909,0.9333,0.0,42.42324,-71.10878
Wellesley College,Wellesley,MA,02481,"Elite, Low-Aid Institutions",64320.0,64320.0,83050.0,0.2056,0.1712,0.9121,0.0,42.31064,-71.27779
Wentworth Institute of Technology,Boston,MA,02115,"Elite, Low-Aid Institutions",41010.0,41010.0,55030.0,0.2257,0.5187,0.6863,0.0,42.34046,-71.09481
Western New England University,Springfield,MA,01119,"Elite, Low-Aid Institutions",46430.0,46430.0,58933.0,0.2502,0.8042,0.6389,0.0,42.12452,-72.51126
Westfield State University,Westfield,MA,01086,"High-Risk, High-Aid Institutions",11882.0,17962.0,26435.0,0.3336,0.5454,0.5486,0.0,,
Wheaton College (Massachusetts),Norton,MA,02766,"Elite, Low-Aid Institutions",62080.0,62080.0,76819.0,0.1962,0.7337,0.757,0.002,41.96402,-71.18418
Williams College,Williamstown,MA,01267,"Elite, Low-Aid Institutions",64860.0,64860.0,81164.0,0.1715,0.0604,0.9655,0.0,42.66593,-73.24209
Worcester Polytechnic Institute,Worcester,MA,01609,"Elite, Low-Aid Institutions",59070.0,59070.0,75678.0,0.1029,0.505,0.8843,0.0,42.28592,-71.82853
Worcester State University,Worcester,MA,01602,"Middle-Tier, Mixed-Aid Institutions",11286.0,17366.0,21586.0,0.289,0.4763,0.5551,0.0,42.27219,-71.84946
Adrian College,Adrian,MI,49221,"Elite, Low-Aid Institutions",40556.0,40556.0,54950.0,0.3114,0.7029,0.5595,0.0,41.90343,-84.06372
Albion College,Albion,MI,49224,"Elite, Low-Aid Institutions",55746.0,55746.0,68794.0,0.4526,0.6655,0.5709,0.0,42.27982,-84.74852
Alma College,Alma,MI,48801,"Elite, Low-Aid Institutions",47430.0,47430.0,61380.0,0.2092,0.6618,0.6373,0.0,43.37871,-84.67667
Alpena Community College,Alpena,MI,49707,"Middle-Tier, Mixed-Aid Institutions",5130.0,7800.0,11320.0,0.2077,0.0983,0.502,0.0,45.09375,-83.50186
Andrews University,Berrien Springs,MI,49104,"Elite, Low-Aid Institutions",33710.0,33710.0,43670.0,0.22,0.3471,0.6593,0.0,41.96348,-86.35877
Aquinas College,Grand Rapids,MI,49506,"Elite, Low-Aid Institutions",38520.0,38520.0,49018.0,0.2301,0.4277,0.625,0.003,42.94515,-85.6136
Baker College,Owosso,MI,48867,"Middle-Tier, Mixed-Aid Institutions",12810.0,12810.0,23456.0,0.3811,0.4831,0.3133,0.005,43.00537,-84.18766
Calvin University,Grand Rapids,MI,49546,"Elite, Low-Aid Institutions",38670.0,38670.0,53286.0,0.144,0.3363,0.7736,0.0,42.92815,-85.53629
Central Michigan University,Mount Pleasant,MI,48859,"High-Risk, High-Aid Institutions",14190.0,14190.0,26470.0,0.3064,0.6786,0.6184,0.0,43.58632,-84.77341
Cleary University,Howell,MI,48843,"Middle-Tier, Mixed-Aid Institutions",24842.0,24842.0,39110.0,0.2738,0.436,0.3939,0.0,42.56891,-83.92333
Concordia University Ann Arbor,Ann Arbor,MI,48105,"Elite, Low-Aid Institutions",34200.0,34200.0,50378.0,0.2419,0.5521,0.5,0.0,42.33117,-83.70587
College for Creative Studies,Detroit,MI,48202,"Elite, Low-Aid Institutions",51355.0,51355.0,61238.0,0.2826,0.5334,0.6962,0.0,42.37463,-83.07764
Davenport University,Grand Rapids,MI,49512,"Middle-Tier, Mixed-Aid Institutions",23324.0,23324.0,35864.0,0.301,0.476,0.4952,0.003,42.8821,-85.54764
University of Detroit Mercy,Detroit,MI,48221,"Elite, Low-Aid Institutions",32300.0,32300.0,40069.0,0.2513,0.3061,0.681,0.0,42.4272,-83.14949
Eastern Michigan University,Ypsilanti,MI,48197,"Middle-Tier, Mixed-Aid Institutions",15510.0,15510.0,28168.0,0.3656,0.4579,0.4549,0.001,42.1973,-83.62903
Ferris State University,Big Rapids,MI,49307,"Middle-Tier, Mixed-Aid Institutions",13630.0,13630.0,26066.0,0.3358,0.4698,0.4787,0.0,43.69797,-85.48272
Kettering University,Flint,MI,48504,"Elite, Low-Aid Institutions",46380.0,46380.0,58610.0,0.1681,0.4613,0.7054,0.002,43.05632,-83.74948
Grace Christian University,Wyoming,MI,49509,"High-Risk, High-Aid Institutions",14992.0,14992.0,24637.0,0.4979,0.5711,0.4286,0.0,42.89773,-85.69299
Cornerstone University,Grand Rapids,MI,49525,"Elite, Low-Aid Institutions",29100.0,29100.0,40737.0,0.2973,0.5457,0.6157,0.0,43.02144,-85.5918
Grand Valley State University,Allendale,MI,49401,"Elite, Low-Aid Institutions",14628.0,20820.0,26578.0,0.2577,0.4856,0.6865,0.0,42.9763,-85.95604
Great Lakes Christian College,Lansing,MI,48917,"High-Risk, High-Aid Institutions",19990.0,19990.0,29664.0,0.6241,0.6165,0.2593,0.0,42.72509,-84.63897
Henry Ford College,Dearborn,MI,48128,"Middle-Tier, Mixed-Aid Institutions",3460.0,7040.0,9983.0,0.4548,0.1823,0.1063,0.0,42.32054,-83.25952
Hope College,Holland,MI,49423,"Elite, Low-Aid Institutions",40420.0,40420.0,52206.0,0.1643,0.4632,0.8226,0.0,42.73964,-86.09015
Jackson College,Jackson,MI,49201,"Middle-Tier, Mixed-Aid Institutions",7040.0,9795.0,15892.0,0.3442,0.1768,0.1738,0.001,42.25213,-84.38301
Kalamazoo College,Kalamazoo,MI,49006,"Elite, Low-Aid Institutions",58764.0,58764.0,71173.0,0.2322,0.4686,0.817,0.0,42.29539,-85.6291
Lake Superior State University,Sault Ste Marie,MI,49783,"Middle-Tier, Mixed-Aid Institutions",14266.0,14266.0,25757.0,0.2906,0.435,0.5694,0.0,46.41495,-84.28006
Lawrence Technological University,Southfield,MI,48075,"Elite, Low-Aid Institutions",41872.0,41872.0,54266.0,0.1654,0.4665,0.6257,0.0,42.4618,-83.2299
Madonna University,Livonia,MI,48150,"Elite, Low-Aid Institutions",27360.0,27360.0,38809.0,0.295,0.5419,0.5815,0.0,42.36859,-83.37261
Rochester University,Rochester Hills,MI,48307,"High-Risk, High-Aid Institutions",27938.0,27938.0,36215.0,0.3108,0.5212,0.414,0.0,42.65953,-83.12301
University of Michigan-Ann Arbor,Ann Arbor,MI,48109,"Elite, Low-Aid Institutions",17228.0,58072.0,33345.0,0.1757,0.2101,0.9322,0.0,42.28408,-83.72531
Michigan State University,East Lansing,MI,48824,"Elite, Low-Aid Institutions",15988.0,43372.0,30528.0,0.2002,0.3339,0.8217,0.0,42.72129,-84.47607
Michigan Technological University,Houghton,MI,49931,"Elite, Low-Aid Institutions",18392.0,41340.0,32550.0,0.1823,0.4569,0.6872,0.0,47.13652,-88.6063
University of Michigan-Dearborn,Dearborn,MI,48128,"Middle-Tier, Mixed-Aid Institutions",14944.0,31360.0,22435.0,0.4385,0.3842,0.5655,0.0,42.32054,-83.25952
University of Michigan-Flint,Flint,MI,48502,"Middle-Tier, Mixed-Aid Institutions",14014.0,31274.0,23329.0,0.3467,0.42,0.4456,0.0,43.01429,-83.68866
Northern Michigan University,Marquette,MI,49855,"Middle-Tier, Mixed-Aid Institutions",13304.0,18800.0,26206.0,0.2739,0.507,0.5084,0.0,46.56603,-87.45932
Northwestern Michigan College,Traverse City,MI,49686,"Middle-Tier, Mixed-Aid Institutions",5350.0,12762.0,11821.0,0.285,0.2395,0.2489,0.0,44.82841,-85.53597
Northwood University,Midland,MI,48640,"Elite, Low-Aid Institutions",33000.0,33000.0,47114.0,0.2469,0.6629,0.6107,0.001,43.58394,-84.33648
Oakland University,Rochester Hills,MI,48309,"Middle-Tier, Mixed-Aid Institutions",14694.0,23188.0,25016.0,0.2983,0.3886,0.5694,0.0,42.65866,-83.18348
The University of Olivet,Olivet,MI,49076,"High-Risk, High-Aid Institutions",33076.0,33076.0,45849.0,0.4174,0.7545,0.3704,0.0,42.4309,-84.88657
Kuyper College,Grand Rapids,MI,49525,"Middle-Tier, Mixed-Aid Institutions",26390.0,26390.0,37282.0,0.3165,0.3924,0.5357,0.0,43.02144,-85.5918
Sacred Heart Major Seminary,Detroit,MI,48206,"Elite, Low-Aid Institutions",25560.0,25560.0,39466.0,0.0636,0.0636,0.6667,0.0,42.3751,-83.10782
Saginaw Valley State University,University Center,MI,48710,"Middle-Tier, Mixed-Aid Institutions",12240.0,28752.0,24043.0,0.3237,0.5121,0.5382,0.0,43.55649,-83.98781
Schoolcraft Community College District,Livonia,MI,48152,"Middle-Tier, Mixed-Aid Institutions",4448.0,7906.0,11921.0,0.2719,0.0708,0.153,0.0,42.42597,-83.37433
Siena Heights University,Adrian,MI,49221,"High-Risk, High-Aid Institutions",29778.0,29778.0,42802.0,0.309,0.6851,0.5111,0.0,41.90343,-84.06372
Spring Arbor University,Spring Arbor,MI,49283,"Elite, Low-Aid Institutions",32580.0,32580.0,43178.0,0.2591,0.5129,0.5985,0.0,42.20486,-84.55478
Wayne State University,Detroit,MI,48202,"Middle-Tier, Mixed-Aid Institutions",14297.0,30419.0,26794.0,0.4304,0.3972,0.5651,0.001,42.37463,-83.07764
Western Michigan University,Kalamazoo,MI,49008,"Middle-Tier, Mixed-Aid Institutions",15298.0,19098.0,28655.0,0.2537,0.4791,0.5777,0.0,42.26337,-85.61528
Academy College,Bloomington,MN,55431,"Elite, Low-Aid Institutions",18252.0,18252.0,34240.0,0.3243,0.5495,1.0,0.0,44.82607,-93.31195
Augsburg University,Minneapolis,MN,55454,"High-Risk, High-Aid Institutions",43942.0,43942.0,57966.0,0.515,0.7664,0.5244,0.0,44.97075,-93.24381
Bemidji State University,Bemidji,MN,56601,"Middle-Tier, Mixed-Aid Institutions",10164.0,10164.0,23066.0,0.2628,0.4478,0.534,0.0,47.50985,-94.84921
Bethany Lutheran College,Mankato,MN,56001,"Elite, Low-Aid Institutions",30010.0,30010.0,39624.0,0.221,0.4154,0.5956,0.0,44.13193,-93.97789
Bethel University,Saint Paul,MN,55112,"Elite, Low-Aid Institutions",42930.0,42930.0,56310.0,0.1898,0.473,0.7522,0.0,45.07443,-93.19169
Bethel University,Saint Paul,MN,55112,"Elite, Low-Aid Institutions",42930.0,42930.0,56310.0,0.1898,0.473,0.7522,0.0,45.07443,-93.19169
Bethel University,Saint Paul,MN,55112,"Middle-Tier, Mixed-Aid Institutions",42930.0,42930.0,56310.0,0.1898,0.473,0.7522,0.0,45.07443,-93.19169
Carleton College,Northfield,MN,55057,"Elite, Low-Aid Institutions",65457.0,65457.0,81350.0,0.1404,0.4342,0.9119,0.0,44.47281,-93.17939
Concordia College at Moorhead,Moorhead,MN,56562,"Elite, Low-Aid Institutions",30020.0,30020.0,43074.0,0.1976,0.567,0.7183,0.0,46.86458,-96.77021
Concordia University-Saint Paul,Saint Paul,MN,55104,"High-Risk, High-Aid Institutions",25000.0,25000.0,34495.0,0.3403,0.5598,0.5878,0.0,44.95423,-93.16283
Martin Luther College,New Ulm,MN,56073,"Elite, Low-Aid Institutions",17770.0,17770.0,29288.0,0.2265,0.698,0.7143,0.0,44.30757,-94.46878
Gustavus Adolphus College,Saint Peter,MN,56082,"Elite, Low-Aid Institutions",54310.0,54310.0,65976.0,0.2138,0.5548,0.7585,0.0,44.35217,-94.03329
Hamline University,Saint Paul,MN,55104,"Elite, Low-Aid Institutions",48311.0,48311.0,56738.0,0.3977,0.587,0.5771,0.0,44.95423,-93.16283
Macalester College,Saint Paul,MN,55105,"Elite, Low-Aid Institutions",64908.0,64908.0,78900.0,0.1733,0.3747,0.9041,0.0,44.93465,-93.16689
Minnesota State University-Mankato,Mankato,MN,56001,"Middle-Tier, Mixed-Aid Institutions",9490.0,18860.0,22565.0,0.2048,0.4246,0.5411,0.0,44.13193,-93.97789
Metropolitan State University,Saint Paul,MN,55106,"Middle-Tier, Mixed-Aid Institutions",9780.0,9780.0,26057.0,0.443,0.3372,0.3837,0.0,44.95743,-93.04679
University of Minnesota-Twin Cities,Minneapolis,MN,55455,"Elite, Low-Aid Institutions",16488.0,36402.0,29013.0,0.1687,0.2906,0.8482,0.0,44.97453,-93.23432
University of Minnesota-Crookston,Crookston,MN,56716,"Middle-Tier, Mixed-Aid Institutions",13120.0,13120.0,25290.0,0.1919,0.2814,0.4973,0.0,47.74189,-96.55522
Minneapolis College of Art and Design,Minneapolis,MN,55404,"Elite, Low-Aid Institutions",43824.0,43824.0,54606.0,0.4017,0.735,0.6917,0.0,44.9619,-93.26145
Herzing University-Minneapolis,St. Louis Park,MN,55426,"High-Risk, High-Aid Institutions",13420.0,13420.0,23747.0,0.5186,0.755,0.7353,0.0,44.95635,-93.38139
University of Minnesota-Duluth,Duluth,MN,55812,"Elite, Low-Aid Institutions",14318.0,19762.0,26907.0,0.1824,0.4568,0.6445,0.0,46.81236,-92.07564
University of Minnesota-Morris,Morris,MN,56267,"Middle-Tier, Mixed-Aid Institutions",14288.0,16438.0,25816.0,0.3081,0.3858,0.6193,0.0,45.58512,-95.9322
Minnesota State University Moorhead,Moorhead,MN,56563,"Middle-Tier, Mixed-Aid Institutions",10336.0,10336.0,24419.0,0.2746,0.5192,0.5464,0.0,46.8668,-96.75522
North Central University,Minneapolis,MN,55404,"High-Risk, High-Aid Institutions",29460.0,29460.0,42215.0,0.4251,0.6011,0.6359,0.0,44.9619,-93.26145
University of Northwestern-St Paul,Saint Paul,MN,55113,"Elite, Low-Aid Institutions",36830.0,36830.0,48246.0,0.1506,0.2873,0.6837,0.0,45.01295,-93.15512
Northwestern Health Sciences University,Bloomington,MN,55431,"Elite, Low-Aid Institutions",12015.0,12015.0,36501.0,0.1917,0.5546,1.0,0.0,44.82607,-93.31195
Oak Hills Christian College,Bemidji,MN,56601,"Middle-Tier, Mixed-Aid Institutions",18910.0,18910.0,31810.0,0.451,0.3824,0.3077,0.0,47.50985,-94.84921
College of Saint Benedict,Saint Joseph,MN,56374,"Elite, Low-Aid Institutions",53884.0,53884.0,66878.0,0.1871,0.6313,0.8304,0.0,45.60381,-94.33816
Saint Cloud State University,Saint Cloud,MN,56301,"Middle-Tier, Mixed-Aid Institutions",10117.0,10117.0,21389.0,0.203,0.254,0.4691,0.0,45.48718,-94.24307
Saint Johns University,Collegeville,MN,56321,"Elite, Low-Aid Institutions",53942.0,53942.0,66863.0,0.1806,0.5661,0.757,0.0,45.57969,-94.39288
Saint Mary's University of Minnesota,Winona,MN,55987,"Elite, Low-Aid Institutions",43160.0,43160.0,54870.0,0.2209,0.5727,0.6767,0.0,43.98469,-91.63143
St Olaf College,Northfield,MN,55057,"Elite, Low-Aid Institutions",56970.0,56970.0,69200.0,0.2006,0.436,0.835,0.0,44.47281,-93.17939
Crown College,Saint Bonifacius,MN,55375,"Elite, Low-Aid Institutions",30200.0,30200.0,44961.0,0.2446,0.3781,0.6434,0.0,44.89475,-93.73129
The College of Saint Scholastica,Duluth,MN,55811,"Elite, Low-Aid Institutions",40454.0,40454.0,53069.0,0.2322,0.5124,0.6299,0.0,46.83767,-92.21993
University of St Thomas,Saint Paul,MN,55105,"Elite, Low-Aid Institutions",52284.0,52284.0,64684.0,0.1956,0.4495,0.7517,0.0,44.93465,-93.16689
University of St Thomas,Saint Paul,MN,55105,"Elite, Low-Aid Institutions",52284.0,52284.0,64684.0,0.1956,0.4495,0.7517,0.0,44.93465,-93.16689
St Catherine University,Saint Paul,MN,55105,"Elite, Low-Aid Institutions",49758.0,49758.0,58432.0,0.3582,0.5936,0.6513,0.0,44.93465,-93.16689
Rasmussen University-Minnesota,St. Cloud,MN,56301,"High-Risk, High-Aid Institutions",10899.0,10899.0,24056.0,0.5086,0.7342,0.5322,0.0,45.48718,-94.24307
Southwest Minnesota State University,Marshall,MN,56258,"Middle-Tier, Mixed-Aid Institutions",10304.0,10304.0,22399.0,0.1081,0.1532,0.4407,0.0,44.44121,-95.75906
Dunwoody College of Technology,Minneapolis,MN,55403,"High-Risk, High-Aid Institutions",25659.0,25659.0,34834.0,0.2929,0.7483,0.627,0.0,44.97023,-93.28588
Winona State University,Winona,MN,55987,"Middle-Tier, Mixed-Aid Institutions",10498.0,17230.0,23373.0,0.2349,0.517,0.6089,0.0,43.98469,-91.63143
Alcorn State University,Alcorn State,MS,39096,"High-Risk, High-Aid Institutions",8549.0,8549.0,23937.0,0.7742,0.7055,0.4615,0.0,31.82508,-91.11672
Belhaven University,Jackson,MS,39202,"High-Risk, High-Aid Institutions",29195.0,29195.0,38359.0,0.4454,0.6536,0.5113,0.0,32.31105,-90.16956
Blue Mountain Christian University,Blue Mountain,MS,38610,"Middle-Tier, Mixed-Aid Institutions",19280.0,19280.0,32140.0,0.2623,0.3094,0.512,0.0,34.65357,-89.02637
Delta State University,Cleveland,MS,38733,"High-Risk, High-Aid Institutions",8605.0,8605.0,22008.0,0.4314,0.4944,0.4686,0.0,33.74463,-90.73504
Jackson State University,Jackson,MS,39217,"High-Risk, High-Aid Institutions",9090.0,10110.0,28611.0,0.6838,0.7804,0.3219,0.0,32.29754,-90.20963
Millsaps College,Jackson,MS,39210,"Elite, Low-Aid Institutions",43815.0,43815.0,61025.0,0.3557,0.6124,0.5546,0.0,32.32255,-90.17997
University of Mississippi,University,MS,38677,"Middle-Tier, Mixed-Aid Institutions",9412.0,26980.0,27692.0,0.2241,0.3292,0.6849,0.0,34.36402,-89.53859
Mississippi University for Women,Columbus,MS,39701,"Middle-Tier, Mixed-Aid Institutions",8092.0,8092.0,21808.0,0.4159,0.4087,0.3779,0.0,33.41091,-88.50807
Mississippi Valley State University,Itta Bena,MS,38941,"High-Risk, High-Aid Institutions",7912.0,7912.0,21606.0,0.5955,0.5393,0.2214,0.0,33.48655,-90.35909
Mississippi College,Clinton,MS,39058,"Elite, Low-Aid Institutions",21698.0,21698.0,39167.0,0.2617,0.3477,0.6281,0.0,32.33571,-90.33143
Mississippi State University,Mississippi State,MS,39762,"Middle-Tier, Mixed-Aid Institutions",9815.0,26580.0,26922.0,0.2864,0.392,0.6291,0.0,33.44648,-88.79576
Rust College,Holly Springs,MS,38635,"High-Risk, High-Aid Institutions",13840.0,13840.0,18448.0,0.6876,0.6346,0.2695,0.0,34.7677,-89.47896
University of Southern Mississippi,Hattiesburg,MS,39406,"High-Risk, High-Aid Institutions",9618.0,11618.0,25482.0,0.4659,0.4999,0.5058,0.0,31.32895,-89.33515
Tougaloo College,Tougaloo,MS,39174,"High-Risk, High-Aid Institutions",11398.0,11398.0,22570.0,0.618,0.5799,0.3231,0.0,32.4009,-90.16018
William Carey University,Hattiesburg,MS,39401,"Middle-Tier, Mixed-Aid Institutions",14685.0,14685.0,30846.0,0.2458,0.2549,0.4083,0.0,31.23496,-89.26912
Avila University,Kansas City,MO,64145,"High-Risk, High-Aid Institutions",38672.0,38672.0,32863.0,0.4908,0.8517,0.4262,0.0,38.88046,-94.59652
Mission University,Springfield,MO,65803,"High-Risk, High-Aid Institutions",16230.0,16230.0,29288.0,0.4891,0.7117,0.3824,0.0,37.28464,-93.29036
Calvary University,Kansas City,MO,64147,"Middle-Tier, Mixed-Aid Institutions",13692.0,13692.0,20044.0,0.3584,0.2699,0.5263,0.0,38.85387,-94.54688
Central Christian College of the Bible,Moberly,MO,65270,"High-Risk, High-Aid Institutions",11200.0,11200.0,22288.0,0.5316,0.462,0.4091,0.0,39.41552,-92.39917
Central Methodist University-College of Liberal Arts and Sciences,Fayette,MO,65248,"High-Risk, High-Aid Institutions",27140.0,27140.0,43890.0,0.3698,0.6386,0.525,0.0,39.13952,-92.65894
University of Central Missouri,Warrensburg,MO,64093,"Middle-Tier, Mixed-Aid Institutions",9739.0,18064.0,22086.0,0.2565,0.3619,0.494,0.0,38.79057,-93.73206
Cleveland University-Kansas City,Overland Park,KS,66210,"High-Risk, High-Aid Institutions",14400.0,14400.0,39040.0,0.5667,0.9111,0.3333,0.0,38.92372,-94.70483
Columbia College,Columbia,MO,65216,"High-Risk, High-Aid Institutions",24326.0,24326.0,37136.0,0.4412,0.4259,0.4567,0.0,38.95818,-92.32629
Columbia College,Columbia,MO,65216,"High-Risk, High-Aid Institutions",24326.0,24326.0,37136.0,0.4412,0.4259,0.4567,0.0,38.95818,-92.32629
Conception Seminary College,Conception,MO,64433,"Elite, Low-Aid Institutions",25208.0,25208.0,41161.0,0.1154,0.1923,0.6429,0.0,40.24107,-94.68053
Cottey College,Nevada,MO,64772,"High-Risk, High-Aid Institutions",26209.0,26209.0,36726.0,0.4534,0.5627,0.6145,0.0,37.82712,-94.33355
Culver-Stockton College,Canton,MO,63435,"High-Risk, High-Aid Institutions",29915.0,29915.0,43028.0,0.3578,0.6789,0.5017,0.0,40.20299,-91.58267
Drury University,Springfield,MO,65802,"Elite, Low-Aid Institutions",35235.0,35235.0,47091.0,0.272,0.528,0.6602,0.0,37.21048,-93.35167
Evangel University,Springfield,MO,65802,"High-Risk, High-Aid Institutions",27192.0,27192.0,38931.0,0.3612,0.8989,0.648,0.0,37.21048,-93.35167
Fontbonne University,Saint Louis,MO,63105,"High-Risk, High-Aid Institutions",28976.0,28976.0,42982.0,0.4795,0.6462,0.5683,0.0,38.64427,-90.32812
Ozarks Technical Community College,Springfield,MO,65802,"Middle-Tier, Mixed-Aid Institutions",4184.0,6872.0,12540.0,0.3711,0.2095,0.319,0.0,37.21048,-93.35167
Hannibal-LaGrange University,Hannibal,MO,63401,"Middle-Tier, Mixed-Aid Institutions",26880.0,26880.0,39296.0,0.2935,0.4391,0.4431,0.0,39.69046,-91.45986
Harris-Stowe State University,Saint Louis,MO,63103,"High-Risk, High-Aid Institutions",6442.0,11074.0,19616.0,0.7288,0.6153,0.2741,0.0,38.62986,-90.217
Kansas City Art Institute,Kansas City,MO,64111,"Elite, Low-Aid Institutions",43550.0,43550.0,57779.0,0.4173,0.7019,0.6491,0.0,39.05707,-94.59393
Lincoln University,Jefferson City,MO,65101,"High-Risk, High-Aid Institutions",9290.0,16882.0,21265.0,0.463,0.4665,0.221,0.0,38.49143,-92.15009
Lincoln University,Jefferson City,MO,65101,"High-Risk, High-Aid Institutions",9290.0,16882.0,21265.0,0.463,0.4665,0.221,0.0,38.49143,-92.15009
Lindenwood University,Saint Charles,MO,63301,"High-Risk, High-Aid Institutions",21100.0,21100.0,33442.0,0.2889,0.5181,0.5032,0.0,38.86159,-90.47207
Logan University,Chesterfield,MO,63017,"High-Risk, High-Aid Institutions",9000.0,9000.0,24276.0,0.4,0.6452,0.0,0.0,38.65143,-90.53722
Maryville University of Saint Louis,Saint Louis,MO,63141,"Elite, Low-Aid Institutions",27166.0,27166.0,45093.0,0.3555,0.5426,0.7152,0.0,38.65751,-90.45904
Midwestern Baptist Theological Seminary,Kansas City,MO,64118,"Middle-Tier, Mixed-Aid Institutions",9400.0,9400.0,31765.0,0.3092,0.2626,0.7,0.0,39.21301,-94.57497
Missouri Baptist University,Saint Louis,MO,63141,"Elite, Low-Aid Institutions",33122.0,33122.0,47370.0,0.1271,0.2285,0.4819,0.0,38.65751,-90.45904
Missouri Southern State University,Joplin,MO,64801,"Middle-Tier, Mixed-Aid Institutions",8400.0,16800.0,19194.0,0.3497,0.3453,0.3833,0.0,37.11056,-94.4974
Missouri Valley College,Marshall,MO,65340,"Middle-Tier, Mixed-Aid Institutions",23000.0,23000.0,37001.0,0.2991,0.4111,0.2448,0.0,39.09149,-93.18041
Missouri Western State University,Saint Joseph,MO,64507,"Middle-Tier, Mixed-Aid Institutions",9800.0,17500.0,20282.0,0.2817,0.3033,0.398,0.0,39.73324,-94.75735
University of Missouri-Columbia,Columbia,MO,65211,"Elite, Low-Aid Institutions",14130.0,34338.0,28948.0,0.201,0.3493,0.7618,0.0,,
University of Missouri-Kansas City,Kansas City,MO,64110,"Middle-Tier, Mixed-Aid Institutions",11988.0,28788.0,24645.0,0.2498,0.2435,0.5589,0.0,39.03445,-94.57265
Missouri University of Science and Technology,Rolla,MO,65409,"Middle-Tier, Mixed-Aid Institutions",14278.0,31678.0,25653.0,0.2075,0.4036,0.636,0.0,37.95103,-91.77948
University of Missouri-St Louis,Saint Louis,MO,63121,"Middle-Tier, Mixed-Aid Institutions",13440.0,33432.0,27442.0,0.1785,0.1988,0.5687,0.0,38.70739,-90.30023
Truman State University,Kirksville,MO,63501,"Middle-Tier, Mixed-Aid Institutions",9470.0,17870.0,23420.0,0.153,0.2753,0.6839,0.0,40.16745,-92.59078
Northwest Missouri State University,Maryville,MO,64468,"Middle-Tier, Mixed-Aid Institutions",10181.0,16623.0,22906.0,0.2732,0.4683,0.575,0.0,40.34241,-94.8811
Ozark Christian College,Joplin,MO,64801,"High-Risk, High-Aid Institutions",15550.0,15550.0,25475.0,0.3849,0.5576,0.6792,0.0,37.11056,-94.4974
Park University,Parkville,MO,64152,"Middle-Tier, Mixed-Aid Institutions",16400.0,16400.0,23714.0,0.3863,0.3131,0.2996,0.0,39.21278,-94.72271
Stevens-The Institute of Business & Arts,Saint Louis,MO,63103,"High-Risk, High-Aid Institutions",12968.0,12968.0,27565.0,0.7614,0.8068,0.8,0.0,38.62986,-90.217
Ranken Technical College,Saint Louis,MO,63113,"High-Risk, High-Aid Institutions",17490.0,17490.0,28229.0,0.4171,0.6134,0.5058,0.0,38.65797,-90.2475
Rockhurst University,Kansas City,MO,64110,"Elite, Low-Aid Institutions",43420.0,43420.0,57712.0,0.1933,0.3352,0.7558,0.0,39.03445,-94.57265
Saint Louis University,Saint Louis,MO,63103,"Elite, Low-Aid Institutions",53244.0,53244.0,69125.0,0.1537,0.3183,0.7975,0.0,38.62986,-90.217
University of Health Sciences and Pharmacy in St. Louis,Saint Louis,MO,63110,"Elite, Low-Aid Institutions",31920.0,31920.0,53608.0,0.2879,0.6818,0.7547,0.0,38.62538,-90.26645
Saint Louis Community College,Bridgeton,MO,63044,"Middle-Tier, Mixed-Aid Institutions",3660.0,6990.0,12053.0,0.2943,0.0555,0.1769,0.0,38.77455,-90.42825
Southwest Baptist University,Bolivar,MO,65613,"High-Risk, High-Aid Institutions",28320.0,28320.0,38035.0,0.3513,0.4706,0.5121,0.0,37.63557,-93.39205
Stephens College,Columbia,MO,65215,"High-Risk, High-Aid Institutions",28200.0,28200.0,42694.0,0.4171,0.6283,0.4651,0.0,38.95171,-92.32043
Southeast Missouri State University,Cape Girardeau,MO,63701,"Middle-Tier, Mixed-Aid Institutions",9496.0,9496.0,23337.0,0.2942,0.345,0.5568,0.0,37.33522,-89.58043
Missouri State University-Springfield,Springfield,MO,65897,"Middle-Tier, Mixed-Aid Institutions",9024.0,17928.0,24022.0,0.2134,0.3108,0.5733,0.0,37.19985,-93.28055
Washington University in St Louis,Saint Louis,MO,63130,"Elite, Low-Aid Institutions",62982.0,62982.0,83476.0,0.1589,0.1426,0.9445,0.0,38.66491,-90.32495
Webster University,Saint Louis,MO,63119,"Elite, Low-Aid Institutions",30730.0,30730.0,49218.0,0.2804,0.4392,0.6106,0.0,38.58868,-90.35104
Westminster College,Fulton,MO,65251,"High-Risk, High-Aid Institutions",34188.0,34188.0,49646.0,0.3967,0.6754,0.5747,0.0,38.84902,-91.97911
Westminster College,Fulton,MO,65251,"Elite, Low-Aid Institutions",34188.0,34188.0,49646.0,0.3967,0.6754,0.5747,0.0,38.84902,-91.97911
William Jewell College,Liberty,MO,64068,"High-Risk, High-Aid Institutions",19890.0,19890.0,34291.0,0.2791,0.7985,0.6162,0.0,39.25924,-94.39042
William Woods University,Fulton,MO,65251,"Elite, Low-Aid Institutions",28860.0,28860.0,44907.0,0.3034,0.5019,0.5699,0.001,38.84902,-91.97911
Carroll College,Helena,MT,59625,"Elite, Low-Aid Institutions",40352.0,40352.0,54141.0,0.1804,0.4489,0.6633,0.0,46.60135,-112.03891
Montana State University Billings,Billings,MT,59101,"Middle-Tier, Mixed-Aid Institutions",6706.0,21347.0,18473.0,0.2647,0.2955,0.282,0.0,45.63013,-108.36445
University of Providence,Great Falls,MT,59405,"High-Risk, High-Aid Institutions",29018.0,29018.0,43054.0,0.3103,0.457,0.4674,0.0,47.28102,-111.25937
Montana Technological University,Butte,MT,59701,"Middle-Tier, Mixed-Aid Institutions",8050.0,24730.0,21620.0,0.2136,0.4148,0.5805,0.0,46.03497,-112.46087
Montana State University,Bozeman,MT,59717,"Middle-Tier, Mixed-Aid Institutions",8083.0,31337.0,23779.0,0.1673,0.3244,0.5735,0.0,,
The University of Montana,Missoula,MT,59812,"Middle-Tier, Mixed-Aid Institutions",8152.0,31622.0,23744.0,0.2751,0.4193,0.4544,0.0,46.86121,-113.98442
Montana State University-Northern,Havre,MT,59501,"Middle-Tier, Mixed-Aid Institutions",6269.0,19385.0,17363.0,0.297,0.2795,0.4233,0.0,48.69591,-109.78556
Rocky Mountain College,Billings,MT,59102,"High-Risk, High-Aid Institutions",33252.0,33252.0,44180.0,0.3172,0.5633,0.4675,0.0,45.77479,-108.58133
Salish Kootenai College,Pablo,MT,59855,"Middle-Tier, Mixed-Aid Institutions",4311.0,11583.0,14562.0,0.5804,0.1946,0.3521,0.0,47.60032,-114.11787
The University of Montana-Western,Dillon,MT,59725,"Middle-Tier, Mixed-Aid Institutions",6430.0,19038.0,19414.0,0.3539,0.3216,0.4945,0.0,45.06267,-112.85714
Bellevue University,Bellevue,NE,68005,"Middle-Tier, Mixed-Aid Institutions",8886.0,8886.0,33315.0,0.2891,0.2415,0.5588,0.0,41.14161,-95.89394
Clarkson College,Omaha,NE,68131,"High-Risk, High-Aid Institutions",15168.0,15168.0,23962.0,0.3043,0.7068,0.75,0.0,41.26435,-95.96479
Bryan College of Health Sciences,Lincoln,NE,68506,"Elite, Low-Aid Institutions",20070.0,20070.0,28837.0,0.2124,0.5819,0.7547,0.0,40.78422,-96.63959
Chadron State College,Chadron,NE,69337,"High-Risk, High-Aid Institutions",8078.0,8078.0,20672.0,0.3587,0.5295,0.3807,0.0,42.86566,-102.99513
Concordia University-Nebraska,Seward,NE,68434,"Elite, Low-Aid Institutions",39330.0,39330.0,51179.0,0.1136,0.2661,0.6408,0.0,40.90947,-97.11675
Creighton University,Omaha,NE,68178,"Elite, Low-Aid Institutions",47000.0,47000.0,61046.0,0.0524,0.4455,0.8052,0.0,41.26535,-95.94535
Doane University,Crete,NE,68333,"Elite, Low-Aid Institutions",40491.0,40491.0,55510.0,0.2801,0.7735,0.5585,0.0,40.62126,-96.94901
Hastings College,Hastings,NE,68901,"Elite, Low-Aid Institutions",36130.0,36130.0,49051.0,0.2894,0.6387,0.5327,0.0,40.59092,-98.36599
University of Nebraska at Kearney,Kearney,NE,68849,"Middle-Tier, Mixed-Aid Institutions",8302.0,14260.0,24452.0,0.3354,0.3713,0.5975,0.0,40.70148,-99.10082
Nebraska Methodist College of Nursing & Allied Health,Omaha,NE,68114,"High-Risk, High-Aid Institutions",18173.0,18173.0,30659.0,0.323,0.6559,0.6667,0.0,41.26318,-96.05208
Midland University,Fremont,NE,68025,"High-Risk, High-Aid Institutions",40270.0,40270.0,52386.0,0.2806,0.6515,0.4321,0.0,41.43749,-96.49158
University of Nebraska at Omaha,Omaha,NE,68182,"Middle-Tier, Mixed-Aid Institutions",8370.0,22358.0,20446.0,0.331,0.2823,0.475,0.0,41.25775,-96.01072
Nebraska Wesleyan University,Lincoln,NE,68504,"Elite, Low-Aid Institutions",41658.0,41658.0,53350.0,0.296,0.5563,0.6889,0.0,40.85451,-96.66104
University of Nebraska-Lincoln,Lincoln,NE,68588,"Middle-Tier, Mixed-Aid Institutions",10108.0,27748.0,25341.0,0.2217,0.3373,0.6585,0.0,40.82482,-96.69644
Peru State College,Peru,NE,68421,"Middle-Tier, Mixed-Aid Institutions",8280.0,8280.0,20743.0,0.3376,0.4038,0.3772,0.0,40.492,-95.74426
College of Saint Mary,Omaha,NE,68106,"High-Risk, High-Aid Institutions",23340.0,23340.0,33989.0,0.3692,0.564,0.5941,0.0,41.23885,-96.00244
Union Adventist University,Lincoln,NE,68506,"High-Risk, High-Aid Institutions",27990.0,27990.0,40586.0,0.2438,0.5157,0.4586,0.0,40.78422,-96.63959
Wayne State College,Wayne,NE,68787,"Middle-Tier, Mixed-Aid Institutions",7970.0,7970.0,21310.0,0.2658,0.3751,0.557,0.0,42.21372,-97.03351
York University,York,NE,68467,"High-Risk, High-Aid Institutions",21600.0,21600.0,33136.0,0.4374,0.7092,0.374,0.0,40.86528,-97.59778
College of Southern Nevada,Las Vegas,NV,89146,"Middle-Tier, Mixed-Aid Institutions",4110.0,12209.0,13270.0,0.2957,0.0957,0.1785,0.0,36.14323,-115.22679
Las Vegas College,Las Vegas,NV,89113,"High-Risk, High-Aid Institutions",17684.0,17684.0,33134.0,0.5016,0.6661,0.5789,0.0,36.06017,-115.26236
University of Nevada-Las Vegas,Las Vegas,NV,89154,"Middle-Tier, Mixed-Aid Institutions",9142.0,26098.0,19440.0,0.4026,0.2707,0.5012,0.0,,
University of Nevada-Reno,Reno,NV,89557,"Middle-Tier, Mixed-Aid Institutions",8994.0,25950.0,24702.0,0.2409,0.2648,0.6245,0.0,39.54247,-119.81584
Great Basin College,Elko,NV,89801,"Middle-Tier, Mixed-Aid Institutions",3855.0,13448.0,12010.0,0.203,0.0497,0.5153,0.0,41.18096,-115.76076
Truckee Meadows Community College,Reno,NV,89512,"Middle-Tier, Mixed-Aid Institutions",3144.0,11243.0,15874.0,0.149,0.0252,0.2817,0.0,39.55322,-119.80074
Western Nevada College,Carson City,NV,89703,"Middle-Tier, Mixed-Aid Institutions",3920.0,12019.0,19595.0,0.1845,0.0304,0.3663,0.0,39.15359,-119.8486
Colby-Sawyer College,New London,NH,03257,"Elite, Low-Aid Institutions",18400.0,18400.0,65807.0,0.2298,0.6859,0.6162,0.0,43.41768,-71.99101
Dartmouth College,Hanover,NH,03755,"Elite, Low-Aid Institutions",65739.0,65739.0,83802.0,0.1483,0.1198,0.9604,0.0,43.72377,-72.19563
Franklin Pierce University,Rindge,NH,03461,"Elite, Low-Aid Institutions",44963.0,44963.0,61955.0,0.2716,0.7319,0.461,0.0,42.75234,-72.01071
New England College,Henniker,NH,03242,"High-Risk, High-Aid Institutions",41578.0,41578.0,60896.0,0.419,0.7344,0.3109,0.0,43.17365,-71.8224
Southern New Hampshire University,Manchester,NH,03106,"High-Risk, High-Aid Institutions",16450.0,16450.0,37524.0,0.469,0.5907,0.4487,0.0,43.07097,-71.43651
University of New Hampshire-Main Campus,Durham,NH,03824,"Elite, Low-Aid Institutions",19112.0,38882.0,34567.0,0.1773,0.5766,0.7645,0.0,43.11744,-70.91937
Keene State College,Keene,NH,03435,"High-Risk, High-Aid Institutions",14710.0,26186.0,29524.0,0.2371,0.6836,0.5844,0.0,,
University of New Hampshire at Manchester,Manchester,NH,03101,"Middle-Tier, Mixed-Aid Institutions",15820.0,35530.0,22605.0,0.32,0.4686,0.6508,0.0,42.98881,-71.4659
Plymouth State University,Plymouth,NH,03264,"High-Risk, High-Aid Institutions",14558.0,25498.0,29257.0,0.2563,0.7291,0.4743,0.0,43.72967,-71.71159
Rivier University,Nashua,NH,03060,"Elite, Low-Aid Institutions",37791.0,37791.0,50999.0,0.2731,0.7306,0.5871,0.0,42.74135,-71.45936
Saint Anselm College,Manchester,NH,03102,"Elite, Low-Aid Institutions",46810.0,46810.0,65067.0,0.1052,0.683,0.8315,0.0,43.00797,-71.49134
University of New Hampshire College of Professional Studies Online,Manchester,NH,03101,"Middle-Tier, Mixed-Aid Institutions",7812.0,9372.0,19236.0,0.3188,0.4335,0.1429,0.0,42.98881,-71.4659
Thomas More College of Liberal Arts,Merrimack,NH,03054,"High-Risk, High-Aid Institutions",29300.0,29300.0,38889.0,0.5053,0.8737,0.6154,0.0,42.85471,-71.51878
Eastwick College-Hackensack,Hackensack,NJ,07601,"High-Risk, High-Aid Institutions",16913.0,16913.0,38705.0,0.7633,0.5765,0.44,0.0,40.8891,-74.04614
Berkeley College-Woodland Park,Woodland Park,NJ,07424,"High-Risk, High-Aid Institutions",28600.0,28600.0,38702.0,0.5957,0.7094,0.4476,0.0,40.88361,-74.2059
Caldwell University,Caldwell,NJ,07006,"High-Risk, High-Aid Institutions",39450.0,39450.0,53586.0,0.4592,0.6903,0.587,0.0,40.85221,-74.2817
Centenary University,Hackettstown,NJ,07840,"High-Risk, High-Aid Institutions",37732.0,37732.0,51351.0,0.3772,0.8109,0.5659,0.0,40.86034,-74.83192
Drew University,Madison,NJ,07940,"Elite, Low-Aid Institutions",45360.0,45360.0,61378.0,0.2723,0.5753,0.7243,0.0,40.76006,-74.41889
Fairleigh Dickinson University-Metropolitan Campus,Teaneck,NJ,07666,"Elite, Low-Aid Institutions",35822.0,35822.0,47791.0,0.2151,0.221,0.6171,0.0,40.88998,-74.01067
Felician University,Lodi,NJ,07644,"High-Risk, High-Aid Institutions",37830.0,37830.0,50346.0,0.5155,0.5739,0.4968,0.0,40.87836,-74.08145
Fairleigh Dickinson University-Florham Campus,Madison,NJ,07940,"Elite, Low-Aid Institutions",35822.0,35822.0,52840.0,0.3492,0.5728,0.723,0.0,40.76006,-74.41889
Georgian Court University,Lakewood,NJ,08701,"Elite, Low-Aid Institutions",37110.0,37110.0,49198.0,0.3025,0.4439,0.5509,0.0,40.07635,-74.20311
Rowan University,Glassboro,NJ,08028,"Elite, Low-Aid Institutions",15700.0,25564.0,34116.0,0.3129,0.4431,0.6828,0.0,39.69336,-75.11949
Eastwick College-Ramsey,Ramsey,NJ,07446,"High-Risk, High-Aid Institutions",17028.0,17028.0,33887.0,0.4478,0.7051,0.6364,0.0,41.05944,-74.14532
New Jersey City University,Jersey City,NJ,07305,"Middle-Tier, Mixed-Aid Institutions",13971.0,24888.0,23668.0,0.5238,0.3236,0.3874,0.0,40.69839,-74.08158
Kean University,Union,NJ,07083,"High-Risk, High-Aid Institutions",13426.0,21076.0,24924.0,0.4631,0.456,0.4338,0.0,40.69443,-74.2692
Monmouth University,West Long Branch,NJ,07764,"Elite, Low-Aid Institutions",44850.0,44850.0,60113.0,0.3036,0.6106,0.7033,0.0,40.28832,-74.01854
Montclair State University,Montclair,NJ,07043,"Middle-Tier, Mixed-Aid Institutions",14766.0,24126.0,25926.0,0.4439,0.403,0.6426,0.0,40.84411,-74.20041
New Jersey Institute of Technology,Newark,NJ,07102,"Middle-Tier, Mixed-Aid Institutions",19022.0,35934.0,32228.0,0.3897,0.3285,0.7311,0.0,40.73576,-74.17343
Princeton University,Princeton,NJ,08544,"Elite, Low-Aid Institutions",59710.0,59710.0,80440.0,0.1872,0.0296,0.9709,0.0,40.34641,-74.65787
Ramapo College of New Jersey,Mahwah,NJ,07430,"Elite, Low-Aid Institutions",15978.0,26388.0,30176.0,0.2672,0.3906,0.7186,0.0,41.08157,-74.18562
Rider University,Lawrenceville,NJ,08648,"Elite, Low-Aid Institutions",38900.0,38900.0,53982.0,0.3336,0.5988,0.6332,0.0,40.28488,-74.72201
Rutgers University-Camden,Camden,NJ,08102,"High-Risk, High-Aid Institutions",17079.0,35841.0,33812.0,0.4432,0.4863,0.6645,0.0,39.95203,-75.12134
Rutgers University-New Brunswick,New Brunswick,NJ,08901,"Elite, Low-Aid Institutions",17239.0,36001.0,35232.0,0.272,0.3679,0.8501,0.0,40.48426,-74.44275
Rutgers University-Newark,Newark,NJ,07102,"Middle-Tier, Mixed-Aid Institutions",16586.0,35348.0,33749.0,0.557,0.3087,0.676,0.0,40.73576,-74.17343
Saint Peter's University,Jersey City,NJ,07306,"High-Risk, High-Aid Institutions",41054.0,41054.0,50052.0,0.5418,0.3322,0.6313,0.0,40.73674,-74.07132
Seton Hall University,South Orange,NJ,07079,"Elite, Low-Aid Institutions",51370.0,51370.0,64996.0,0.3026,0.5116,0.7147,0.0,40.74908,-74.26022
Saint Elizabeth University,Morristown,NJ,07960,"High-Risk, High-Aid Institutions",35942.0,35942.0,52328.0,0.5414,0.6282,0.4024,0.0,40.78452,-74.49813
Stevens Institute of Technology,Hoboken,NJ,07030,"Elite, Low-Aid Institutions",60952.0,60952.0,76449.0,0.2047,0.5496,0.8988,0.0,40.7451,-74.02815
Stockton University,Galloway,NJ,08205,"High-Risk, High-Aid Institutions",15532.0,23420.0,32159.0,0.415,0.5117,0.7197,0.0,39.47455,-74.45698
The College of New Jersey,Ewing,NJ,08628,"Elite, Low-Aid Institutions",18685.0,24568.0,37070.0,0.2013,0.4735,0.8523,0.0,40.26705,-74.82235
William Paterson University of New Jersey,Wayne,NJ,07470,"Middle-Tier, Mixed-Aid Institutions",15150.0,24464.0,26555.0,0.4447,0.417,0.4771,0.0,40.94805,-74.24504
Eastern New Mexico University-Main Campus,Portales,NM,88130,"Middle-Tier, Mixed-Aid Institutions",6863.0,8843.0,18503.0,0.3201,0.1965,0.3981,0.0,34.1285,-103.31825
Institute of American Indian and Alaska Native Culture and Arts Development,Santa Fe,NM,87508,"Middle-Tier, Mixed-Aid Institutions",5801.0,5801.0,23873.0,0.2038,0.0,0.2453,0.0,35.52064,-105.94593
New Mexico Highlands University,Las Vegas,NM,87701,"Middle-Tier, Mixed-Aid Institutions",7260.0,12180.0,21046.0,0.4636,0.1736,0.2559,0.0,35.53091,-104.94419
New Mexico Institute of Mining and Technology,Socorro,NM,87801,"Middle-Tier, Mixed-Aid Institutions",9058.0,26312.0,22872.0,0.3087,0.3514,0.5636,0.0,34.04824,-106.96668
University of New Mexico-Main Campus,Albuquerque,NM,87131,"Middle-Tier, Mixed-Aid Institutions",8115.0,26450.0,20973.0,0.3624,0.4287,0.5253,0.0,,
New Mexico State University-Main Campus,Las Cruces,NM,88003,"Middle-Tier, Mixed-Aid Institutions",8147.0,25271.0,20930.0,0.403,0.2288,0.5222,0.0,32.27868,-106.74566
Northern New Mexico College,Espanola,NM,87532,"Middle-Tier, Mixed-Aid Institutions",6400.0,14328.0,17529.0,0.3553,0.0329,0.3259,0.0,35.97965,-106.1048
University of the Southwest,Hobbs,NM,88240,"High-Risk, High-Aid Institutions",16670.0,16670.0,30369.0,0.5573,0.6254,0.2667,0.0,32.67285,-103.43454
Western New Mexico University,Silver City,NM,88061,"Middle-Tier, Mixed-Aid Institutions",7868.0,14354.0,21649.0,0.4186,0.22,0.3489,0.0,32.6211,-108.40888
Vaughn College of Aeronautics and Technology,Flushing,NY,11369,"High-Risk, High-Aid Institutions",28850.0,28850.0,47174.0,0.5251,0.5072,0.3992,0.0,40.76345,-73.87222
Adelphi University,Garden City,NY,11530,"Elite, Low-Aid Institutions",47290.0,47290.0,57444.0,0.2944,0.5953,0.6893,0.0,40.72716,-73.63654
Bryant & Stratton College-Albany,Albany,NY,12205,"High-Risk, High-Aid Institutions",18892.0,18892.0,22650.0,0.6531,0.6781,0.2195,0.0,42.71719,-73.83006
Albany College of Pharmacy and Health Sciences,Albany,NY,12208,"Elite, Low-Aid Institutions",40375.0,40375.0,52317.0,0.2928,0.8801,0.6882,0.0,42.65293,-73.80835
Alfred University,Alfred,NY,14802,"High-Risk, High-Aid Institutions",39530.0,39530.0,54516.0,0.3898,0.6719,0.555,0.0,42.2537,-77.78989
American Musical and Dramatic Academy,New York,NY,10023,"Elite, Low-Aid Institutions",45560.0,45560.0,63779.0,0.3596,0.6404,0.7202,0.0,40.77464,-73.97836
Bard College,Annandale-On-Hudson,NY,12504,"Elite, Low-Aid Institutions",63612.0,63612.0,81661.0,0.2308,0.3441,0.7271,0.0,42.02342,-73.9094
Barnard College,New York,NY,10027,"Elite, Low-Aid Institutions",66246.0,66246.0,84023.0,0.154,0.3745,0.9294,0.0,40.81187,-73.95459
Berkeley College-New York,New York,NY,10017,"High-Risk, High-Aid Institutions",28600.0,28600.0,39029.0,0.5352,0.5627,0.4025,0.0,40.75235,-73.9726
Boricua College,New York,NY,10032,"Middle-Tier, Mixed-Aid Institutions",12525.0,12525.0,23338.0,0.8517,0.1586,0.7063,0.0,40.839,-73.94282
Bryant & Stratton College-Syracuse North,Liverpool,NY,13090,"High-Risk, High-Aid Institutions",19310.0,19310.0,21955.0,0.6508,0.7659,0.25,0.0,43.15162,-76.21344
Bryant & Stratton College-Buffalo,Buffalo,NY,14203,"High-Risk, High-Aid Institutions",19126.0,19126.0,23942.0,0.6579,0.6912,0.275,0.0,42.86244,-78.86507
Bryant & Stratton College-Greece,Rochester,NY,14612,"High-Risk, High-Aid Institutions",19593.0,19593.0,23142.0,0.6612,0.7796,0.3043,0.0,43.26513,-77.67654
Canisius University,Buffalo,NY,14208,"Elite, Low-Aid Institutions",32720.0,32720.0,42271.0,0.2679,0.5341,0.7065,0.001,42.9146,-78.85146
Clarkson University,Potsdam,NY,13699,"Elite, Low-Aid Institutions",57950.0,57950.0,76451.0,0.2046,0.6537,0.7356,0.0,44.66372,-74.99851
Colgate University,Hamilton,NY,13346,"Elite, Low-Aid Institutions",67024.0,67024.0,83650.0,0.1268,0.1217,0.9053,0.0,42.82093,-75.54453
Metropolitan College of New York,New York,NY,10006,"High-Risk, High-Aid Institutions",20188.0,20188.0,32786.0,0.608,0.6761,0.2474,0.0,40.70949,-74.01306
Columbia University in the City of New York,New York,NY,10027,"Elite, Low-Aid Institutions",69045.0,69045.0,86042.0,0.2254,0.1439,0.9496,0.0,40.81187,-73.95459
The Cooper Union for the Advancement of Science and Art,New York,NY,10003,"Elite, Low-Aid Institutions",46820.0,46820.0,67088.0,0.2792,0.208,0.8032,0.0,40.73184,-73.98915
Cornell University,Ithaca,NY,14853,"Elite, Low-Aid Institutions",66014.0,66014.0,83196.0,0.1821,0.2407,0.9514,0.0,42.44727,-76.48149
Culinary Institute of America,Hyde Park,NY,12538,"Elite, Low-Aid Institutions",38410.0,38410.0,54106.0,0.2789,0.5374,0.6467,0.0,41.79246,-73.89336
CUNY Bernard M Baruch College,New York,NY,10010,"Middle-Tier, Mixed-Aid Institutions",7464.0,15414.0,13521.0,0.5533,0.1199,0.7211,0.0,40.73899,-73.98243
CUNY Brooklyn College,Brooklyn,NY,11210,"Middle-Tier, Mixed-Aid Institutions",7452.0,15402.0,13573.0,0.5639,0.07,0.5658,0.0,40.62801,-73.94631
College of Staten Island CUNY,Staten Island,NY,10314,"Middle-Tier, Mixed-Aid Institutions",7490.0,15440.0,14084.0,0.4925,0.1104,0.3278,0.0,40.60086,-74.16306
CUNY City College,New York,NY,10031,"Middle-Tier, Mixed-Aid Institutions",7340.0,15290.0,13514.0,0.5958,0.0748,0.5466,0.0,40.82485,-73.95023
CUNY Hunter College,New York,NY,10065,"Middle-Tier, Mixed-Aid Institutions",7382.0,15332.0,13310.0,0.5501,0.0715,0.6099,0.0,40.76472,-73.96332
CUNY John Jay College of Criminal Justice,New York,NY,10019,"Middle-Tier, Mixed-Aid Institutions",7470.0,15420.0,13712.0,0.5919,0.0846,0.5549,0.0,40.76586,-73.9853
CUNY Lehman College,Bronx,NY,10468,"Middle-Tier, Mixed-Aid Institutions",7410.0,15360.0,13456.0,0.6053,0.1288,0.4929,0.0,40.8681,-73.89985
CUNY Medgar Evers College,Brooklyn,NY,11225,"Middle-Tier, Mixed-Aid Institutions",7352.0,15302.0,14069.0,0.5679,0.1217,0.2229,0.0,40.6631,-73.95392
CUNY New York City College of Technology,Brooklyn,NY,11201,"Middle-Tier, Mixed-Aid Institutions",7332.0,15282.0,13404.0,0.5544,0.0553,0.1941,0.0,40.69477,-73.99031
CUNY Queens College,Queens,NY,11367,"Middle-Tier, Mixed-Aid Institutions",7538.0,15488.0,13643.0,0.4772,0.0893,0.6016,0.0,40.73044,-73.82274
CUNY York College,Jamaica,NY,11451,"Middle-Tier, Mixed-Aid Institutions",7358.0,15308.0,13686.0,0.4343,0.0619,0.3027,0.0,40.7012,-73.79579
D'Youville  University,Buffalo,NY,14201,"High-Risk, High-Aid Institutions",33560.0,33560.0,42512.0,0.3582,0.6247,0.5668,0.001,42.89706,-78.88752
Daemen University,Amherst,NY,14226,"High-Risk, High-Aid Institutions",33724.0,33724.0,44232.0,0.4167,0.6125,0.584,0.0,42.97078,-78.79844
Dominican University New York,Orangeburg,NY,10962,"High-Risk, High-Aid Institutions",33060.0,33060.0,48001.0,0.4111,0.691,0.5677,0.0,41.04857,-73.96057
Elmira College,Elmira,NY,14901,"Elite, Low-Aid Institutions",37932.0,37932.0,50783.0,0.3498,0.7422,0.6404,0.0,42.07363,-76.74137
Fashion Institute of Technology,New York,NY,10001,"Elite, Low-Aid Institutions",6170.0,16750.0,29732.0,0.323,0.3144,0.8333,0.0,40.75064,-73.99728
Five Towns College,Dix Hills,NY,11746,"High-Risk, High-Aid Institutions",29950.0,29950.0,40792.0,0.4456,0.5242,0.4898,0.0,40.81421,-73.3608
Fordham University,Bronx,NY,10458,"Elite, Low-Aid Institutions",61992.0,61992.0,77351.0,0.2086,0.4695,0.8027,0.0,40.86249,-73.88643
Hamilton College,Clinton,NY,13323,"Elite, Low-Aid Institutions",65740.0,65740.0,80380.0,0.181,0.3069,0.9125,0.0,43.04198,-75.38144
Hartwick College,Oneonta,NY,13820,"High-Risk, High-Aid Institutions",52849.0,52849.0,66623.0,0.3503,0.8053,0.4615,0.0,42.47204,-75.03893
Hilbert College,Hamburg,NY,14075,"High-Risk, High-Aid Institutions",32150.0,32150.0,40002.0,0.4376,0.7224,0.4699,0.0,42.71297,-78.82985
Hobart William Smith Colleges,Geneva,NY,14456,"Elite, Low-Aid Institutions",63268.0,63268.0,80635.0,0.2412,0.7107,0.7271,0.0,42.84584,-77.00012
Hofstra University,Hempstead,NY,11549,"Elite, Low-Aid Institutions",55450.0,55450.0,68298.0,0.243,0.4694,0.671,0.0,40.71896,-73.59973
Houghton University,Houghton,NY,14744,"High-Risk, High-Aid Institutions",17290.0,17290.0,29287.0,0.3379,0.5602,0.6466,0.0,42.4219,-78.21516
Iona University,New Rochelle,NY,10801,"Elite, Low-Aid Institutions",45880.0,45880.0,57336.0,0.2615,0.4288,0.5744,0.0,40.91751,-73.78396
Ithaca College,Ithaca,NY,14850,"Elite, Low-Aid Institutions",50510.0,50510.0,66162.0,0.1901,0.6415,0.7411,0.0,42.43249,-76.49891
Jamestown Business College,Jamestown,NY,14701,"Middle-Tier, Mixed-Aid Institutions",12945.0,12945.0,19567.0,0.6864,0.0767,0.6053,0.037,42.08091,-79.25502
Jewish Theological Seminary of America,New York,NY,10027,"Elite, Low-Aid Institutions",65545.0,65545.0,80579.0,0.0537,0.1678,0.8684,0.0,40.81187,-73.95459
The Juilliard School,New York,NY,10023,"Elite, Low-Aid Institutions",56550.0,56550.0,81090.0,0.1331,0.2116,0.9,0.0,40.77464,-73.97836
Keuka College,Keuka Park,NY,14478,"High-Risk, High-Aid Institutions",38000.0,38000.0,53506.0,0.4355,0.866,0.4877,0.0,42.58011,-77.12791
LIM College,New York,NY,10017,"High-Risk, High-Aid Institutions",31950.0,31950.0,50471.0,0.3571,0.6272,0.5299,0.0,40.75235,-73.9726
Le Moyne College,Syracuse,NY,13214,"Elite, Low-Aid Institutions",38970.0,38970.0,51033.0,0.2996,0.6212,0.7098,0.0,43.03865,-76.0741
Long Island University,Brookville,NY,11548,"Elite, Low-Aid Institutions",41642.0,41642.0,52419.0,0.1886,0.2545,0.5544,0.0,40.81414,-73.6097
Manhattan College,Riverdale,NY,10471,"Elite, Low-Aid Institutions",50850.0,50850.0,62537.0,0.3121,0.4984,0.6597,0.0,40.90002,-73.9067
Manhattan School of Music,New York,NY,10027,"Elite, Low-Aid Institutions",54600.0,54600.0,74277.0,0.1319,0.3287,0.7826,0.0,40.81187,-73.95459
Manhattanville College,Purchase,NY,10577,"Elite, Low-Aid Institutions",42950.0,42950.0,55641.0,0.3349,0.593,0.5373,0.0,41.03755,-73.71349
Maria College of Albany,Albany,NY,12208,"High-Risk, High-Aid Institutions",17680.0,17680.0,23518.0,0.4074,0.7503,0.4286,0.0,42.65293,-73.80835
Marist College,Poughkeepsie,NY,12601,"Elite, Low-Aid Institutions",46140.0,46140.0,63898.0,0.1472,0.6301,0.7984,0.0,41.70602,-73.91119
Marymount Manhattan College,New York,NY,10021,"Elite, Low-Aid Institutions",40260.0,40260.0,63837.0,0.2842,0.6922,0.4981,0.0,40.76963,-73.95899
Mercy University,Dobbs Ferry,NY,10522,"High-Risk, High-Aid Institutions",22106.0,22106.0,32391.0,0.4733,0.4889,0.481,0.0,41.01221,-73.8646
Molloy College,Rockville Centre,NY,11571,"Elite, Low-Aid Institutions",37840.0,37840.0,48251.0,0.2993,0.6142,0.7176,0.002,,
Monroe College,Bronx,NY,10468,"High-Risk, High-Aid Institutions",17922.0,17922.0,26306.0,0.5766,0.4846,0.5748,0.0,40.8681,-73.89985
Mount Saint Mary College,Newburgh,NY,12550,"Elite, Low-Aid Institutions",41370.0,41370.0,51810.0,0.297,0.6492,0.6566,0.0,41.53671,-74.05196
University of Mount Saint Vincent,Bronx,NY,10471,"High-Risk, High-Aid Institutions",42740.0,42740.0,50617.0,0.4325,0.5533,0.5714,0.0,40.90002,-73.9067
Nazareth University,Rochester,NY,14618,"Elite, Low-Aid Institutions",40880.0,40880.0,56140.0,0.2592,0.7413,0.7291,0.0,43.11305,-77.55547
The New School,New York,NY,10011,"Elite, Low-Aid Institutions",56386.0,56386.0,82757.0,0.1532,0.2586,0.7119,0.0,40.74173,-74.00037
New York University,New York,NY,10012,"Elite, Low-Aid Institutions",60438.0,60438.0,79121.0,0.1856,0.2171,0.8846,0.0,40.7256,-73.99794
Niagara University,Niagara University,NY,14109,"Elite, Low-Aid Institutions",38135.0,38135.0,50174.0,0.2591,0.5736,0.7024,0.0,43.13718,-79.03516
New York Institute of Technology,Old Westbury,NY,11568,"Elite, Low-Aid Institutions",44360.0,44360.0,53625.0,0.437,0.4561,0.5604,0.0,40.78659,-73.59719
New York School of Interior Design,New York,NY,10021,"Elite, Low-Aid Institutions",30330.0,30330.0,46980.0,0.15,0.2146,0.5385,0.0,40.76963,-73.95899
Pace University,New York,NY,10038,"Elite, Low-Aid Institutions",51424.0,51424.0,68092.0,0.2707,0.4639,0.6141,0.0,40.70914,-74.00298
Paul Smiths College of Arts and Science,Paul Smiths,NY,12970,"High-Risk, High-Aid Institutions",32049.0,32049.0,50865.0,0.3668,0.759,0.5333,0.0,44.44949,-74.33222
Plaza College,Forest Hills,NY,11375,"High-Risk, High-Aid Institutions",15450.0,15450.0,25190.0,0.8501,0.8005,0.6287,0.0,40.72315,-73.84373
Davis College,Pottersville,NY,12860,"Middle-Tier, Mixed-Aid Institutions",17500.0,17500.0,22080.0,0.3562,0.2123,0.3889,0.0,43.72843,-73.80942
Davis College,Pottersville,NY,12860,"High-Risk, High-Aid Institutions",17500.0,17500.0,22080.0,0.3562,0.2123,0.3889,0.0,43.72843,-73.80942
Pratt Institute-Main,Brooklyn,NY,11205,"Elite, Low-Aid Institutions",59683.0,59683.0,76533.0,0.1741,0.3418,0.7269,0.0,40.69654,-73.96807
Rensselaer Polytechnic Institute,Troy,NY,12180,"Elite, Low-Aid Institutions",61884.0,61884.0,79934.0,0.1865,0.5005,0.8316,0.0,42.7516,-73.59997
Roberts Wesleyan University,Rochester,NY,14624,"High-Risk, High-Aid Institutions",37504.0,37504.0,49621.0,0.3969,0.6746,0.6393,0.0,43.12765,-77.7317
Rochester Institute of Technology,Rochester,NY,14623,"Elite, Low-Aid Institutions",57016.0,57016.0,71714.0,0.2612,0.552,0.708,0.0,43.08798,-77.64314
University of Rochester,Rochester,NY,14627,"Elite, Low-Aid Institutions",64348.0,64348.0,82600.0,0.1624,0.403,0.8448,0.0,43.12931,-77.62912
Russell Sage College,Troy,NY,12180,"High-Risk, High-Aid Institutions",36756.0,36756.0,50986.0,0.4328,0.9252,0.6567,0.0,42.7516,-73.59997
St Bonaventure University,Saint Bonaventure,NY,14778,"Elite, Low-Aid Institutions",40150.0,40150.0,55265.0,0.2274,0.9208,0.7039,0.0,42.07759,-78.4827
St. Francis College,Brooklyn,NY,11201,"Middle-Tier, Mixed-Aid Institutions",27570.0,27570.0,42269.0,0.4723,0.2786,0.5229,0.0,40.69477,-73.99031
St Lawrence University,Canton,NY,13617,"Elite, Low-Aid Institutions",63870.0,63870.0,79665.0,0.2098,0.5497,0.7965,0.0,44.5789,-75.14668
The College of Saint Rose,Albany,NY,12203,"High-Risk, High-Aid Institutions",37452.0,37452.0,52773.0,0.3862,0.6082,0.5095,0.0,42.68138,-73.85099
St. Thomas Aquinas College,Sparkill,NY,10976,"Elite, Low-Aid Institutions",37720.0,37720.0,51685.0,0.184,0.2717,0.626,0.0,41.02871,-73.92594
Sarah Lawrence College,Bronxville,NY,10708,"Elite, Low-Aid Institutions",63678.0,63678.0,79320.0,0.1265,0.4241,0.6997,0.0,40.9379,-73.83167
Siena College,Loudonville,NY,12211,"Elite, Low-Aid Institutions",44405.0,44405.0,62329.0,0.2335,0.6692,0.7584,0.0,42.7083,-73.76393
Skidmore College,Saratoga Springs,NY,12866,"Elite, Low-Aid Institutions",65030.0,65030.0,81890.0,0.1371,0.3437,0.8167,0.0,43.07537,-73.7401
St. Joseph's University-New York,Brooklyn,NY,11205,"Elite, Low-Aid Institutions",34535.0,34535.0,39254.0,0.3422,0.5321,0.6421,0.0,40.69654,-73.96807
St. John Fisher University,Rochester,NY,14618,"Elite, Low-Aid Institutions",39666.0,39666.0,52514.0,0.2815,0.6786,0.7444,0.0,43.11305,-77.55547
St. John's University-New York,Queens,NY,11439,"Elite, Low-Aid Institutions",50110.0,50110.0,61931.0,0.2367,0.266,0.6846,0.0,40.72195,-73.79455
SUNY College of Technology at Alfred,Alfred,NY,14802,"High-Risk, High-Aid Institutions",8862.0,16367.0,23982.0,0.448,0.5923,0.5269,0.0,42.2537,-77.78989
SUNY College of Technology at Canton,Canton,NY,13617,"High-Risk, High-Aid Institutions",8689.0,13519.0,23169.0,0.4723,0.6095,0.4406,0.0,44.5789,-75.14668
SUNY College of Technology at Delhi,Delhi,NY,13753,"High-Risk, High-Aid Institutions",8710.0,12480.0,26285.0,0.461,0.5439,0.4796,0.0,42.30873,-74.92538
SUNY College of Agriculture and Technology at Cobleskill,Cobleskill,NY,12043,"High-Risk, High-Aid Institutions",8676.0,18586.0,27108.0,0.4251,0.5328,0.4091,0.0,42.70357,-74.5267
Farmingdale State College,Farmingdale,NY,11735,"Middle-Tier, Mixed-Aid Institutions",8576.0,18486.0,17146.0,0.3575,0.2307,0.5706,0.0,40.73177,-73.43284
SUNY Morrisville,Morrisville,NY,13408,"High-Risk, High-Aid Institutions",8769.0,19189.0,26031.0,0.5463,0.6816,0.319,0.0,42.92205,-75.66722
University at Albany,Albany,NY,12222,"High-Risk, High-Aid Institutions",10408.0,28998.0,28490.0,0.4212,0.5236,0.6389,0.0,42.68637,-73.82656
Binghamton University,Vestal,NY,13850,"Elite, Low-Aid Institutions",10363.0,29453.0,29657.0,0.2747,0.4094,0.8365,0.0,42.04873,-76.02663
University at Buffalo,Buffalo,NY,14260,"Elite, Low-Aid Institutions",10782.0,30572.0,29043.0,0.3226,0.4091,0.7341,0.0,43.00165,-78.79066
Stony Brook University,Stony Brook,NY,11794,"Elite, Low-Aid Institutions",10560.0,30350.0,29174.0,0.3837,0.3635,0.7785,0.0,40.91915,-73.12475
SUNY College of Environmental Science and Forestry,Syracuse,NY,13210,"Elite, Low-Aid Institutions",9206.0,21036.0,27958.0,0.2566,0.4238,0.6994,0.0,43.03186,-76.12653
SUNY Polytechnic Institute,Utica,NY,13502,"Middle-Tier, Mixed-Aid Institutions",8578.0,20228.0,23018.0,0.3673,0.4057,0.5918,0.0,43.14121,-75.16584
SUNY Brockport,Brockport,NY,14420,"High-Risk, High-Aid Institutions",8678.0,15748.0,25635.0,0.3873,0.6096,0.5664,0.0,43.21385,-77.93305
SUNY Buffalo State University,Buffalo,NY,14222,"High-Risk, High-Aid Institutions",8486.0,18906.0,23171.0,0.5333,0.5293,0.3604,0.0,42.92002,-78.8771
State University of New York at Cortland,Cortland,NY,13045,"Elite, Low-Aid Institutions",8815.0,18725.0,26413.0,0.2685,0.602,0.6825,0.0,42.58692,-76.19029
SUNY at Fredonia,Fredonia,NY,14063,"High-Risk, High-Aid Institutions",8771.0,19191.0,25331.0,0.3745,0.6606,0.5348,0.0,42.41451,-79.32518
SUNY College at Geneseo,Geneseo,NY,14454,"Elite, Low-Aid Institutions",8966.0,19206.0,26461.0,0.2541,0.4911,0.7209,0.0,42.79731,-77.76879
State University of New York at New Paltz,New Paltz,NY,12561,"Middle-Tier, Mixed-Aid Institutions",8524.0,18434.0,27034.0,0.3287,0.4502,0.6888,0.0,41.75602,-74.0958
SUNY Oneonta,Oneonta,NY,13820,"High-Risk, High-Aid Institutions",8812.0,19232.0,27258.0,0.3334,0.56,0.7024,0.0,42.47204,-75.03893
State University of New York at Oswego,Oswego,NY,13126,"High-Risk, High-Aid Institutions",8769.0,18679.0,27155.0,0.387,0.5333,0.6037,0.0,43.43469,-76.46331
SUNY College at Potsdam,Potsdam,NY,13676,"High-Risk, High-Aid Institutions",8712.0,18622.0,24489.0,0.4265,0.6427,0.4788,0.0,44.65178,-74.91377
SUNY at Purchase College,Purchase,NY,10577,"Middle-Tier, Mixed-Aid Institutions",8953.0,18863.0,28541.0,0.3563,0.4425,0.6156,0.0,41.03755,-73.71349
SUNY Old Westbury,Old Westbury,NY,11568,"Middle-Tier, Mixed-Aid Institutions",8379.0,18289.0,19934.0,0.4738,0.2966,0.4659,0.0,40.78659,-73.59719
SUNY College at Plattsburgh,Plattsburgh,NY,12901,"High-Risk, High-Aid Institutions",8881.0,18791.0,27415.0,0.3854,0.5719,0.5884,0.0,44.70842,-73.47465
Empire State University,Saratoga Springs,NY,12866,"Middle-Tier, Mixed-Aid Institutions",7630.0,17540.0,18221.0,0.35,0.3462,0.2932,0.0,43.07537,-73.7401
SUNY Maritime College,Throggs Neck,NY,10465,"Elite, Low-Aid Institutions",8540.0,18450.0,28880.0,0.2062,0.4069,0.7485,0.0,40.8286,-73.82179
Syracuse University,Syracuse,NY,13244,"Elite, Low-Aid Institutions",63061.0,63061.0,80396.0,0.1622,0.3436,0.8135,0.0,43.02318,-76.12329
Torah Temimah Talmudical Seminary,Staten Island,NY,10312,"Middle-Tier, Mixed-Aid Institutions",9600.0,9600.0,32440.0,0.5821,0.0,0.0952,0.0,40.54489,-74.18084
Touro University,New York,NY,10036,"Middle-Tier, Mixed-Aid Institutions",21810.0,21810.0,37824.0,0.3232,0.2652,0.6496,0.0,40.75976,-73.99064
Trocaire College,Buffalo,NY,14220,"High-Risk, High-Aid Institutions",19820.0,19820.0,29500.0,0.5,0.7515,0.1919,0.0,42.84571,-78.82264
Union College,Schenectady,NY,12308,"High-Risk, High-Aid Institutions",66456.0,66456.0,81627.0,0.1315,0.4466,0.8526,0.0,42.82152,-73.92006
Union College,Schenectady,NY,12308,"Elite, Low-Aid Institutions",66456.0,66456.0,81627.0,0.1315,0.4466,0.8526,0.0,42.82152,-73.92006
United States Merchant Marine Academy,Kings Point,NY,11024,"Middle-Tier, Mixed-Aid Institutions",945.0,945.0,9547.0,0.073,0.0655,0.8061,0.0,40.81642,-73.74205
Utica University,Utica,NY,13502,"High-Risk, High-Aid Institutions",24308.0,24308.0,36845.0,0.2961,0.6628,0.5547,0.0,43.14121,-75.16584
Vassar College,Poughkeepsie,NY,12604,"Elite, Low-Aid Institutions",67805.0,67805.0,83573.0,0.2086,0.4258,0.8914,0.0,41.68844,-73.89448
Villa Maria College,Buffalo,NY,14225,"High-Risk, High-Aid Institutions",28670.0,28670.0,33719.0,0.6086,0.5849,0.3101,0.0,42.92879,-78.752
School of Visual Arts,New York,NY,10010,"Elite, Low-Aid Institutions",49140.0,49140.0,75016.0,0.1472,0.2468,0.7493,0.0,40.73899,-73.98243
Wagner College,Staten Island,NY,10301,"Elite, Low-Aid Institutions",52000.0,52000.0,63007.0,0.227,0.5535,0.6814,0.0,40.62803,-74.09564
Webb Institute,Glen Cove,NY,11542,"Elite, Low-Aid Institutions",61060.0,61060.0,78140.0,0.0882,0.2255,0.8077,0.0,40.87073,-73.62879
The College of Westchester,White Plains,NY,10606,"High-Risk, High-Aid Institutions",24705.0,24705.0,30087.0,0.6667,0.5483,0.3205,0.0,41.02065,-73.77588
Yeshiva University,New York,NY,10033,"Elite, Low-Aid Institutions",49900.0,49900.0,69117.0,0.1406,0.1762,0.8367,0.0,40.84744,-73.93549
Appalachian State University,Boone,NC,28608,"Middle-Tier, Mixed-Aid Institutions",7541.0,24537.0,22654.0,0.257,0.3756,0.7311,0.0,,
Barton College,Wilson,NC,27893,"High-Risk, High-Aid Institutions",35600.0,35600.0,48055.0,0.369,0.6537,0.5152,0.0,35.69351,-77.90458
Belmont Abbey College,Belmont,NC,28012,"Middle-Tier, Mixed-Aid Institutions",19500.0,19500.0,32494.0,0.2542,0.4746,0.4637,0.0,35.21054,-81.04077
Bennett College,Greensboro,NC,27401,"High-Risk, High-Aid Institutions",19140.0,19140.0,39900.0,0.75,0.7202,0.2063,0.0,36.06995,-79.76724
Brevard College,Brevard,NC,28712,"High-Risk, High-Aid Institutions",31250.0,31250.0,45413.0,0.3769,0.7048,0.3902,0.0,35.17324,-82.76711
Cabarrus College of Health Sciences,Concord,NC,28025,"High-Risk, High-Aid Institutions",16070.0,16070.0,24764.0,0.2772,0.8714,0.4545,0.0,35.38095,-80.52719
Campbell University,Buies Creek,NC,27506,"Elite, Low-Aid Institutions",40410.0,40410.0,58752.0,0.3332,0.3902,0.5586,0.0,35.40875,-78.73896
Catawba College,Salisbury,NC,28144,"High-Risk, High-Aid Institutions",33400.0,33400.0,47866.0,0.3942,0.5983,0.5211,0.0,35.70645,-80.46341
Chowan University,Murfreesboro,NC,27855,"High-Risk, High-Aid Institutions",27110.0,27110.0,37837.0,0.6075,0.57,0.2852,0.0,36.42171,-77.08432
Davidson College,Davidson,NC,28035,"Elite, Low-Aid Institutions",60300.0,60300.0,75865.0,0.1655,0.1111,0.9189,0.0,,
Duke University,Durham,NC,27708,"Elite, Low-Aid Institutions",65805.0,65805.0,82749.0,0.1274,0.1631,0.9583,0.0,36.00009,-78.94305
East Carolina University,Greenville,NC,27858,"Middle-Tier, Mixed-Aid Institutions",7361.0,23638.0,23689.0,0.3134,0.4042,0.6214,0.0,35.53229,-77.29709
Elizabeth City State University,Elizabeth City,NC,27909,"High-Risk, High-Aid Institutions",3412.0,7412.0,18837.0,0.5253,0.5332,0.4809,0.0,36.29548,-76.28394
Elon University,Elon,NC,27244,"Elite, Low-Aid Institutions",44536.0,44536.0,59369.0,0.0915,0.2449,0.8296,0.0,36.21402,-79.48747
Fayetteville State University,Fayetteville,NC,28301,"High-Risk, High-Aid Institutions",3969.0,7969.0,16098.0,0.5259,0.4589,0.352,0.0,35.07442,-78.88376
Gardner-Webb University,Boiling Springs,NC,28017,"Elite, Low-Aid Institutions",33450.0,33450.0,48813.0,0.2682,0.5491,0.6168,0.0,35.24708,-81.67059
Greensboro College,Greensboro,NC,27401,"High-Risk, High-Aid Institutions",20400.0,20400.0,34729.0,0.4507,0.6685,0.4081,0.0,36.06995,-79.76724
Guilford College,Greensboro,NC,27410,"High-Risk, High-Aid Institutions",41140.0,41140.0,55495.0,0.4358,0.5412,0.4766,0.0,36.11826,-79.89223
Heritage Bible College,Dunn,NC,28334,"High-Risk, High-Aid Institutions",8688.0,8688.0,18027.0,0.7692,0.9615,0.4,0.0,35.2681,-78.57051
High Point University,High Point,NC,27268,"Elite, Low-Aid Institutions",44208.0,44208.0,61582.0,0.105,0.3604,0.7,0.0,35.97139,-79.99471
Johnson C Smith University,Charlotte,NC,28216,"High-Risk, High-Aid Institutions",20480.0,20480.0,34228.0,0.6778,0.7348,0.3414,0.0,35.31039,-80.8883
Lees-McRae College,Banner Elk,NC,28604,"High-Risk, High-Aid Institutions",31140.0,31140.0,45886.0,0.3743,0.8655,0.4423,0.0,36.17701,-81.84745
Lenoir-Rhyne University,Hickory,NC,28601,"High-Risk, High-Aid Institutions",30900.0,30900.0,57649.0,0.3976,0.5572,0.5105,0.0,35.7729,-81.32704
Livingstone College,Salisbury,NC,28144,"High-Risk, High-Aid Institutions",18296.0,18296.0,28227.0,0.8393,0.8369,0.2712,0.0,35.70645,-80.46341
Mars Hill University,Mars Hill,NC,28754,"High-Risk, High-Aid Institutions",37270.0,37270.0,48794.0,0.4225,0.6318,0.4193,0.0,35.87696,-82.51441
Meredith College,Raleigh,NC,27607,"Elite, Low-Aid Institutions",43936.0,43936.0,55557.0,0.3276,0.5485,0.6497,0.0,35.82145,-78.72697
Methodist University,Fayetteville,NC,28311,"High-Risk, High-Aid Institutions",39664.0,39664.0,53585.0,0.3867,0.5801,0.4015,0.0,35.17033,-78.88223
Montreat College,Montreat,NC,28757,"High-Risk, High-Aid Institutions",33860.0,33860.0,45829.0,0.4037,0.6744,0.4057,0.0,35.64781,-82.30006
University of Mount Olive,Mount Olive,NC,28365,"High-Risk, High-Aid Institutions",25950.0,25950.0,35362.0,0.4695,0.667,0.4746,0.0,35.17807,-78.05827
North Carolina A & T State University,Greensboro,NC,27411,"High-Risk, High-Aid Institutions",6748.0,20408.0,19180.0,0.5066,0.5726,0.5527,0.0,36.07665,-79.77157
University of North Carolina Asheville,Asheville,NC,28804,"Middle-Tier, Mixed-Aid Institutions",7461.0,24809.0,21061.0,0.3133,0.3902,0.5495,0.0,35.64814,-82.5612
University of North Carolina at Chapel Hill,Chapel Hill,NC,27599,"Elite, Low-Aid Institutions",8989.0,39330.0,25181.0,0.2026,0.183,0.9207,0.0,35.90394,-79.05234
University of North Carolina at Charlotte,Charlotte,NC,28223,"Middle-Tier, Mixed-Aid Institutions",7214.0,21876.0,22034.0,0.3378,0.4112,0.6771,0.0,35.30824,-80.73282
University of North Carolina at Greensboro,Greensboro,NC,27402,"Middle-Tier, Mixed-Aid Institutions",7593.0,23339.0,19628.0,0.471,0.4459,0.579,0.0,,
North Carolina Central University,Durham,NC,27707,"High-Risk, High-Aid Institutions",6542.0,19578.0,25618.0,0.5664,0.6338,0.4597,0.0,35.95463,-78.95451
University of North Carolina School of the Arts,Winston Salem,NC,27127,"Elite, Low-Aid Institutions",9477.0,27211.0,25553.0,0.2478,0.4663,0.7919,0.0,36.02028,-80.27847
North Carolina State University at Raleigh,Raleigh,NC,27695,"Elite, Low-Aid Institutions",8895.0,31767.0,25613.0,0.191,0.3399,0.8464,0.0,35.78558,-78.679
North Carolina Wesleyan University,Rocky Mount,NC,27804,"High-Risk, High-Aid Institutions",35536.0,35536.0,48263.0,0.4692,0.6301,0.4043,0.0,35.98958,-77.84778
University of North Carolina Wilmington,Wilmington,NC,28403,"Middle-Tier, Mixed-Aid Institutions",7317.0,22985.0,25913.0,0.2381,0.361,0.7073,0.0,34.22177,-77.87902
William Peace University,Raleigh,NC,27604,"High-Risk, High-Aid Institutions",33150.0,33150.0,49103.0,0.345,0.6227,0.4433,0.0,35.82011,-78.56369
University of North Carolina at Pembroke,Pembroke,NC,28372,"Middle-Tier, Mixed-Aid Institutions",3571.0,7571.0,16854.0,0.4763,0.4258,0.4452,0.0,34.69991,-79.1786
Pfeiffer University,Misenheimer,NC,28109,"High-Risk, High-Aid Institutions",33930.0,33930.0,46700.0,0.5564,0.7745,0.426,0.0,35.48609,-80.28628
Queens University of Charlotte,Charlotte,NC,28274,"Elite, Low-Aid Institutions",43285.0,43285.0,56944.0,0.2172,0.445,0.6588,0.0,35.18909,-80.83384
Mid-Atlantic Christian University,Elizabeth City,NC,27909,"High-Risk, High-Aid Institutions",17280.0,17280.0,31429.0,0.4662,0.5639,0.4259,0.0,36.29548,-76.28394
Saint Augustine's University,Raleigh,NC,27610,"High-Risk, High-Aid Institutions",16896.0,16896.0,30324.0,0.5244,0.6304,0.3323,0.0,35.7435,-78.54644
Salem College,Winston-Salem,NC,27101,"High-Risk, High-Aid Institutions",32236.0,32236.0,47947.0,0.4876,0.4959,0.5625,0.0,36.11204,-80.19889
Shaw University,Raleigh,NC,27601,"High-Risk, High-Aid Institutions",17176.0,17176.0,29659.0,0.6515,0.5844,0.2025,0.0,35.7737,-78.63453
St. Andrews University,Laurinburg,NC,28352,"High-Risk, High-Aid Institutions",30800.0,30800.0,49709.0,0.4769,0.6897,0.2713,0.0,34.76762,-79.45321
Wake Forest University,Winston-Salem,NC,27106,"Elite, Low-Aid Institutions",64758.0,64758.0,82818.0,0.0949,0.1458,0.9087,0.0,36.14255,-80.3228
Warren Wilson College,Swannanoa,NC,28778,"High-Risk, High-Aid Institutions",40290.0,40290.0,53576.0,0.3707,0.5643,0.4315,0.0,35.61667,-82.40768
Wingate University,Wingate,NC,28174,"High-Risk, High-Aid Institutions",40196.0,40196.0,57780.0,0.4143,0.5394,0.4678,0.0,34.96959,-80.4382
Carolina Christian College,Winston Salem,NC,27105,"High-Risk, High-Aid Institutions",9420.0,9420.0,18252.0,1.0,0.8723,0.0,0.0,36.16294,-80.23521
Winston-Salem State University,Winston-Salem,NC,27110,"High-Risk, High-Aid Institutions",6735.0,17391.0,22345.0,0.6149,0.6231,0.4855,0.0,36.08919,-80.225
Western Carolina University,Cullowhee,NC,28723,"Middle-Tier, Mixed-Aid Institutions",4532.0,8532.0,19057.0,0.3285,0.4364,0.5908,0.0,35.27776,-83.12195
Rasmussen University-North Dakota,Fargo,ND,58103,"High-Risk, High-Aid Institutions",12715.0,12715.0,24675.0,0.4614,0.7764,0.5789,0.0,46.85639,-96.82234
Bismarck State College,Bismarck,ND,58506,"Middle-Tier, Mixed-Aid Institutions",5195.0,7279.0,15274.0,0.1403,0.245,0.4803,0.0,,
Dickinson State University,Dickinson,ND,58601,"Middle-Tier, Mixed-Aid Institutions",9118.0,11218.0,20155.0,0.2176,0.3933,0.4339,0.0,46.90964,-102.82766
University of Jamestown,Jamestown,ND,58405,"High-Risk, High-Aid Institutions",24820.0,24820.0,36960.0,0.2607,0.635,0.4402,0.0,46.91454,-98.69673
University of Mary,Bismarck,ND,58504,"Elite, Low-Aid Institutions",21468.0,21468.0,32879.0,0.178,0.4545,0.6819,0.0,46.7273,-100.6808
Mayville State University,Mayville,ND,58257,"Middle-Tier, Mixed-Aid Institutions",7935.0,9564.0,21042.0,0.2442,0.3937,0.4032,0.0,47.49033,-97.28505
Minot State University,Minot,ND,58707,"Middle-Tier, Mixed-Aid Institutions",8634.0,8634.0,18141.0,0.2411,0.3715,0.4776,0.0,48.24767,-101.30127
University of North Dakota,Grand Forks,ND,58202,"Middle-Tier, Mixed-Aid Institutions",10951.0,15570.0,24580.0,0.1648,0.4247,0.6333,0.0,47.92224,-97.07435
North Dakota State University-Main Campus,Fargo,ND,58108,"Middle-Tier, Mixed-Aid Institutions",10857.0,15511.0,23391.0,0.1872,0.5279,0.6372,0.0,,
Trinity Bible College and Graduate School,Ellendale,ND,58436,"High-Risk, High-Aid Institutions",18762.0,18762.0,29953.0,0.5,0.7464,0.3878,0.0,46.08203,-98.58773
Turtle Mountain Community College,Belcourt,ND,58316,"Middle-Tier, Mixed-Aid Institutions",2626.0,2626.0,14760.0,0.5826,0.0,0.5447,0.0,48.83532,-99.78207
United Tribes Technical College,Bismarck,ND,58504,"Middle-Tier, Mixed-Aid Institutions",4252.0,4252.0,12498.0,0.751,0.0,0.3377,0.052,46.7273,-100.6808
Valley City State University,Valley City,ND,58072,"Middle-Tier, Mixed-Aid Institutions",8514.0,13478.0,20713.0,0.1729,0.3366,0.4813,0.0,46.92731,-98.00791
Herzing University-Akron,Akron,OH,44306,"High-Risk, High-Aid Institutions",13420.0,13420.0,26588.0,0.7832,0.8645,0.2121,0.0,41.03927,-81.48316
University of Akron Main Campus,Akron,OH,44325,"Middle-Tier, Mixed-Aid Institutions",12799.0,17239.0,24555.0,0.2886,0.3503,0.4818,0.0,41.07605,-81.51221
Allegheny Wesleyan College,Salem,OH,44460,"Middle-Tier, Mixed-Aid Institutions",6800.0,6800.0,13885.0,0.4535,0.4535,0.4,0.0,40.90221,-80.87026
Art Academy of Cincinnati,Cincinnati,OH,45202,"High-Risk, High-Aid Institutions",40250.0,40250.0,48176.0,0.4803,0.7204,0.4444,0.0,39.10885,-84.50243
Ashland University,Ashland,OH,44805,"Elite, Low-Aid Institutions",28910.0,28910.0,40519.0,0.276,0.4616,0.6059,0.0,40.87335,-82.32096
Aultman College of Nursing and Health Sciences,Canton,OH,44710,"High-Risk, High-Aid Institutions",19854.0,19854.0,27792.0,0.372,0.62,0.5185,0.0,40.78962,-81.42659
Baldwin Wallace University,Berea,OH,44017,"Elite, Low-Aid Institutions",37938.0,37938.0,54200.0,0.285,0.7923,0.6861,0.0,41.36867,-81.86303
Bluffton University,Bluffton,OH,45817,"High-Risk, High-Aid Institutions",36298.0,36298.0,50579.0,0.3735,0.756,0.4952,0.0,40.87691,-83.88279
Bowling Green State University-Firelands,Huron,OH,44839,"Middle-Tier, Mixed-Aid Institutions",6206.0,13895.0,21387.0,0.2618,0.3209,0.1016,0.0,41.3725,-82.55656
Bowling Green State University-Main Campus,Bowling Green,OH,43403,"Elite, Low-Aid Institutions",14081.0,22070.0,29238.0,0.227,0.4875,0.6277,0.0,41.37784,-83.63653
Bryant & Stratton College-Parma,Parma,OH,44130,"High-Risk, High-Aid Institutions",19542.0,19542.0,23695.0,0.6827,0.8508,0.2069,0.0,41.378,-81.7868
Capital University,Columbus,OH,43209,"Elite, Low-Aid Institutions",41788.0,41788.0,54086.0,0.3101,0.7219,0.6554,0.0,39.95462,-82.92992
Case Western Reserve University,Cleveland,OH,44106,"Elite, Low-Aid Institutions",64671.0,64671.0,81533.0,0.1708,0.4884,0.8695,0.0,41.5062,-81.60679
Cedarville University,Cedarville,OH,45314,"Elite, Low-Aid Institutions",36078.0,36078.0,46994.0,0.154,0.3733,0.7431,0.0,39.74608,-83.77363
Central Ohio Technical College,Newark,OH,43055,"Middle-Tier, Mixed-Aid Institutions",5136.0,7896.0,14344.0,0.26,0.1914,0.2423,0.0,40.1168,-82.37672
Central State University,Wilberforce,OH,45384,"Middle-Tier, Mixed-Aid Institutions",7824.0,9824.0,22435.0,0.4218,0.2878,0.2557,0.0,39.71444,-83.88638
The Christ College of Nursing and Health Sciences,Cincinnati,OH,45219,"High-Risk, High-Aid Institutions",16394.0,16394.0,28126.0,0.343,0.5878,0.6,0.0,39.12668,-84.51201
University of Cincinnati-Main Campus,Cincinnati,OH,45221,"Elite, Low-Aid Institutions",13570.0,30582.0,28783.0,0.1761,0.3884,0.7155,0.0,,
Cincinnati State Technical and Community College,Cincinnati,OH,45223,"Middle-Tier, Mixed-Aid Institutions",5400.0,9801.0,13830.0,0.3007,0.2483,0.2043,0.0,39.1696,-84.55354
University of Cincinnati-Clermont College,Batavia,OH,45103,"Middle-Tier, Mixed-Aid Institutions",6554.0,13786.0,14280.0,0.1126,0.1413,0.246,0.0,39.0946,-84.14006
University of Cincinnati-Blue Ash College,Blue Ash,OH,45236,"Middle-Tier, Mixed-Aid Institutions",6992.0,15790.0,13881.0,0.2219,0.2383,0.1514,0.0,39.20949,-84.39701
Ohio Christian University,Circleville,OH,43113,"Middle-Tier, Mixed-Aid Institutions",23700.0,23700.0,33472.0,0.3384,0.4461,0.3571,0.0,39.59114,-82.96192
Clark State College,Springfield,OH,45501,"Middle-Tier, Mixed-Aid Institutions",4200.0,7809.0,13395.0,0.3608,0.3332,0.2465,0.0,39.92634,-83.80745
Cleveland Institute of Art,Cleveland,OH,44106,"Elite, Low-Aid Institutions",47880.0,47880.0,62966.0,0.3784,0.8099,0.6753,0.0,41.5062,-81.60679
Cleveland Institute of Music,Cleveland,OH,44106,"Elite, Low-Aid Institutions",42500.0,42500.0,58843.0,0.1457,0.3668,0.6852,0.0,41.5062,-81.60679
Cleveland State University,Cleveland,OH,44115,"Middle-Tier, Mixed-Aid Institutions",12613.0,17973.0,26310.0,0.3901,0.469,0.4891,0.0,41.49211,-81.66999
Columbus College of Art & Design,Columbus,OH,43215,"High-Risk, High-Aid Institutions",39650.0,39650.0,52581.0,0.3975,0.6862,0.6133,0.0,39.96633,-83.01262
Davis College,Toledo,OH,43604,"Middle-Tier, Mixed-Aid Institutions",14130.0,14130.0,28901.0,0.6091,0.6091,0.0833,0.0,41.65217,-83.53977
Davis College,Toledo,OH,43604,"High-Risk, High-Aid Institutions",14130.0,14130.0,28901.0,0.6091,0.6091,0.0833,0.0,41.65217,-83.53977
University of Dayton,Dayton,OH,45469,"Elite, Low-Aid Institutions",47600.0,47600.0,64310.0,0.1552,0.4232,0.8152,0.0,39.74033,-84.17911
Defiance College,Defiance,OH,43512,"High-Risk, High-Aid Institutions",38778.0,38778.0,49447.0,0.4795,0.7766,0.3667,0.0,41.30309,-84.35874
Denison University,Granville,OH,43023,"Elite, Low-Aid Institutions",64000.0,64000.0,76900.0,0.128,0.5244,0.8006,0.0,40.07603,-82.53061
The University of Findlay,Findlay,OH,45840,"Elite, Low-Aid Institutions",39646.0,39646.0,52096.0,0.1386,0.3318,0.6263,0.0,41.02626,-83.64943
Franklin University,Columbus,OH,43215,"Middle-Tier, Mixed-Aid Institutions",9577.0,9577.0,29433.0,0.3343,0.393,0.3025,0.0,39.96633,-83.01262
Gods Bible School and College,Cincinnati,OH,45202,"Middle-Tier, Mixed-Aid Institutions",7696.0,7696.0,16574.0,0.2339,0.0597,0.5,0.01,39.10885,-84.50243
Good Samaritan College of Nursing and Health Science,Cincinnati,OH,45220,"High-Risk, High-Aid Institutions",15470.0,15470.0,26345.0,0.4324,0.6824,0.75,0.0,39.14736,-84.52101
Heidelberg University,Tiffin,OH,44883,"High-Risk, High-Aid Institutions",33628.0,33628.0,46640.0,0.2851,0.8189,0.4984,0.0,41.12395,-83.17459
Hiram College,Hiram,OH,44234,"Elite, Low-Aid Institutions",26265.0,26265.0,38952.0,0.3194,0.5459,0.5914,0.0,41.33454,-81.15822
John Carroll University,University Heights,OH,44118,"Elite, Low-Aid Institutions",49100.0,49100.0,62943.0,0.1978,0.5685,0.7649,0.0,41.5016,-81.55653
Kent State University at Ashtabula,Ashtabula,OH,44004,"Middle-Tier, Mixed-Aid Institutions",7272.0,16744.0,15897.0,0.3444,0.3882,0.2584,0.0,41.85255,-80.78738
Kent State University at East Liverpool,East Liverpool,OH,43920,"Middle-Tier, Mixed-Aid Institutions",7272.0,16744.0,15070.0,0.2378,0.3287,0.098,0.0,40.67608,-80.57965
Kent State University at Stark,North Canton,OH,44720,"Middle-Tier, Mixed-Aid Institutions",7272.0,16744.0,15418.0,0.2903,0.362,0.3726,0.0,40.90112,-81.43259
Kent State University at Trumbull,Warren,OH,44483,"Middle-Tier, Mixed-Aid Institutions",7272.0,16744.0,16159.0,0.3654,0.4012,0.2677,0.0,41.26537,-80.81575
Kent State University at Tuscarawas,New Philadelphia,OH,44663,"Middle-Tier, Mixed-Aid Institutions",7272.0,16744.0,16391.0,0.3077,0.3769,0.371,0.0,40.46066,-81.44961
Kent State University at Salem,Salem,OH,44460,"Middle-Tier, Mixed-Aid Institutions",7272.0,16744.0,15357.0,0.3109,0.3756,0.2819,0.0,40.90221,-80.87026
Kent State University at Kent,Kent,OH,44242,"Elite, Low-Aid Institutions",12846.0,22316.0,29345.0,0.2737,0.499,0.6545,0.0,,
Kent State University at Geauga,Burton,OH,44021,"Middle-Tier, Mixed-Aid Institutions",7272.0,16744.0,15225.0,0.2669,0.2937,0.2593,0.0,41.44141,-81.14579
Kenyon College,Gambier,OH,43022,"Elite, Low-Aid Institutions",69330.0,69330.0,83800.0,0.1008,0.2382,0.8675,0.0,40.33765,-82.34135
Kettering College,Kettering,OH,45429,"Middle-Tier, Mixed-Aid Institutions",15672.0,15672.0,26365.0,0.2419,0.462,0.65,0.0,39.68411,-84.16248
Lake Erie College,Painesville,OH,44077,"High-Risk, High-Aid Institutions",36032.0,36032.0,48278.0,0.29,0.5759,0.4194,0.0,41.69933,-81.21142
James A. Rhodes State College,Lima,OH,45804,"Middle-Tier, Mixed-Aid Institutions",4657.0,9217.0,13569.0,0.1486,0.1486,0.3291,0.0,40.71569,-84.06911
Lorain County Community College,Elyria,OH,44035,"Middle-Tier, Mixed-Aid Institutions",4135.0,8730.0,9915.0,0.2691,0.0771,0.3272,0.0,41.36539,-82.13025
Lourdes University,Sylvania,OH,43560,"High-Risk, High-Aid Institutions",28930.0,28930.0,42796.0,0.2728,0.5984,0.381,0.0,41.70067,-83.73799
Malone University,Canton,OH,44709,"High-Risk, High-Aid Institutions",36120.0,36120.0,48017.0,0.3052,0.623,0.5134,0.001,40.84218,-81.38634
Marietta College,Marietta,OH,45750,"Elite, Low-Aid Institutions",38974.0,38974.0,52360.0,0.2714,0.6114,0.5809,0.0,39.4301,-81.42947
Marion Technical College,Marion,OH,43302,"Middle-Tier, Mixed-Aid Institutions",6475.0,11065.0,11796.0,0.1984,0.0838,0.2233,0.0,40.59995,-83.12967
Mercy College of Ohio,Toledo,OH,43604,"High-Risk, High-Aid Institutions",18950.0,18950.0,26491.0,0.3643,0.6893,0.4464,0.0,41.65217,-83.53977
Miami University-Hamilton,Hamilton,OH,45011,"Middle-Tier, Mixed-Aid Institutions",7278.0,18847.0,16692.0,0.3025,0.3492,0.2159,0.0,39.42892,-84.50173
Miami University-Middletown,Middletown,OH,45042,"Middle-Tier, Mixed-Aid Institutions",7278.0,18847.0,16559.0,0.2325,0.2766,0.2454,0.0,39.54867,-84.43755
Miami University-Oxford,Oxford,OH,45056,"Elite, Low-Aid Institutions",17809.0,40025.0,37218.0,0.1129,0.3269,0.8184,0.0,39.49029,-84.74115
Mount Carmel College of Nursing,Columbus,OH,43222,"High-Risk, High-Aid Institutions",13890.0,13890.0,19807.0,0.3041,0.6258,0.7089,0.0,39.961,-83.03581
University of Mount Union,Alliance,OH,44601,"Elite, Low-Aid Institutions",35400.0,35400.0,46890.0,0.2871,0.8001,0.6487,0.0,40.91978,-81.1278
Mount Vernon Nazarene University,Mount Vernon,OH,43050,"Elite, Low-Aid Institutions",35524.0,35524.0,48975.0,0.2893,0.5657,0.6364,0.0,40.37188,-82.49536
Mount St. Joseph University,Cincinnati,OH,45233,"Elite, Low-Aid Institutions",36650.0,36650.0,43932.0,0.2734,0.5447,0.5471,0.0,39.1191,-84.66559
Zane State College,Zanesville,OH,43701,"Middle-Tier, Mixed-Aid Institutions",5856.0,11466.0,12790.0,0.1837,0.1228,0.5297,0.0,39.95986,-81.99498
Muskingum University,New Concord,OH,43762,"High-Risk, High-Aid Institutions",31440.0,31440.0,44615.0,0.4111,0.8309,0.5273,0.0,40.03156,-81.74007
North Central State College,Mansfield,OH,44906,"Middle-Tier, Mixed-Aid Institutions",4624.0,9102.0,9278.0,0.2394,0.1525,0.3418,0.0,40.76413,-82.57778
University of Northwestern Ohio,Lima,OH,45805,"High-Risk, High-Aid Institutions",12930.0,12930.0,24568.0,0.3207,0.6056,0.5415,0.0,40.72979,-84.16242
Oberlin College,Oberlin,OH,44074,"Elite, Low-Aid Institutions",64646.0,64646.0,84230.0,0.0884,0.3292,0.7948,0.0,41.28858,-82.23643
Ohio Dominican University,Columbus,OH,43219,"High-Risk, High-Aid Institutions",34370.0,34370.0,45660.0,0.3901,0.6135,0.479,0.0,40.00774,-82.92233
Ohio Northern University,Ada,OH,45810,"Elite, Low-Aid Institutions",37800.0,37800.0,52484.0,0.1896,0.5535,0.7418,0.0,40.77721,-83.81097
Ohio State University-Lima Campus,Lima,OH,45804,"Middle-Tier, Mixed-Aid Institutions",9212.0,34718.0,18404.0,0.3117,0.3557,0.181,0.0,40.71569,-84.06911
Ohio State University-Mansfield Campus,Mansfield,OH,44906,"Middle-Tier, Mixed-Aid Institutions",9212.0,34718.0,22206.0,0.3132,0.3809,0.1406,0.0,40.76413,-82.57778
Ohio State University-Marion Campus,Marion,OH,43302,"Middle-Tier, Mixed-Aid Institutions",9212.0,34718.0,18369.0,0.2578,0.3089,0.2566,0.0,40.59995,-83.12967
Ohio State University-Newark Campus,Newark,OH,43055,"Middle-Tier, Mixed-Aid Institutions",9212.0,34718.0,20875.0,0.3411,0.3588,0.3088,0.0,40.1168,-82.37672
Ohio State University-Main Campus,Columbus,OH,43201,"Elite, Low-Aid Institutions",12859.0,38365.0,29320.0,0.1945,0.3042,0.8773,0.0,39.99114,-83.00056
Ohio University-Eastern Campus,Saint Clairsville,OH,43950,"Middle-Tier, Mixed-Aid Institutions",6178.0,9170.0,10263.0,0.0919,0.0849,0.2,0.0,40.09164,-80.92193
Ohio University-Chillicothe Campus,Chillicothe,OH,45601,"Middle-Tier, Mixed-Aid Institutions",6178.0,9170.0,10876.0,0.1618,0.1805,0.1213,0.0,39.30996,-82.9555
Ohio University-Southern Campus,Ironton,OH,45638,"Middle-Tier, Mixed-Aid Institutions",6178.0,9170.0,10397.0,0.1226,0.1171,0.1929,0.0,38.56217,-82.67607
Ohio University-Lancaster Campus,Lancaster,OH,43130,"Middle-Tier, Mixed-Aid Institutions",6178.0,9170.0,10267.0,0.0948,0.1143,0.1371,0.0,39.70013,-82.60992
Ohio University-Main Campus,Athens,OH,45701,"Elite, Low-Aid Institutions",13746.0,24114.0,28529.0,0.2037,0.467,0.6644,0.0,39.31205,-82.08079
Ohio University-Zanesville Campus,Zanesville,OH,43701,"Middle-Tier, Mixed-Aid Institutions",6178.0,9170.0,10960.0,0.1045,0.13,0.177,0.0,39.95986,-81.99498
Ohio Wesleyan University,Delaware,OH,43015,"Elite, Low-Aid Institutions",52357.0,52357.0,66399.0,0.2461,0.6191,0.6174,0.0,40.29812,-83.06049
Otterbein University,Westerville,OH,43081,"Elite, Low-Aid Institutions",34899.0,34899.0,47865.0,0.2908,0.8302,0.6895,0.0,40.11064,-82.89083
Professional Skills Institute,Maumee,OH,43537,"High-Risk, High-Aid Institutions",14920.0,14920.0,25499.0,0.7302,0.8193,0.6739,0.0,41.57433,-83.68542
University of Rio Grande,Rio Grande,OH,45674,"Middle-Tier, Mixed-Aid Institutions",20560.0,20560.0,33032.0,0.3585,0.4087,0.3216,0.0,38.87798,-82.38017
The Modern College of Design,Kettering,OH,45440,"High-Risk, High-Aid Institutions",30548.0,30548.0,45336.0,0.4719,0.8371,0.6195,0.0,39.67498,-84.10001
Shawnee State University,Portsmouth,OH,45662,"Middle-Tier, Mixed-Aid Institutions",9622.0,16157.0,22190.0,0.351,0.3918,0.4298,0.0,38.78938,-82.92114
Sinclair Community College,Dayton,OH,45402,"Middle-Tier, Mixed-Aid Institutions",3435.0,8316.0,10381.0,0.2661,0.2136,0.3186,0.0,39.75983,-84.20751
Franciscan University of Steubenville,Steubenville,OH,43952,"Elite, Low-Aid Institutions",32630.0,32630.0,42955.0,0.2101,0.4804,0.7709,0.0,40.39763,-80.66278
Tiffin University,Tiffin,OH,44883,"High-Risk, High-Aid Institutions",32400.0,32400.0,45150.0,0.3553,0.5472,0.4295,0.0,41.12395,-83.17459
University of Toledo,Toledo,OH,43606,"Middle-Tier, Mixed-Aid Institutions",12377.0,21737.0,26190.0,0.257,0.3766,0.5563,0.0,41.67178,-83.61085
Ursuline College,Pepper Pike,OH,44124,"High-Risk, High-Aid Institutions",37860.0,37860.0,49537.0,0.3904,0.8624,0.5325,0.0,41.49999,-81.46774
Walsh University,North Canton,OH,44720,"Elite, Low-Aid Institutions",34595.0,34595.0,45817.0,0.233,0.5289,0.6169,0.0,40.90112,-81.43259
Washington State Community College,Marietta,OH,45750,"Middle-Tier, Mixed-Aid Institutions",4128.0,4152.0,13539.0,0.2716,0.2252,0.3211,0.0,39.4301,-81.42947
Wilberforce University,Wilberforce,OH,45384,"High-Risk, High-Aid Institutions",14776.0,14776.0,23450.0,0.7436,0.625,0.1597,0.0,39.71444,-83.88638
Wilmington College,Wilmington,OH,45177,"High-Risk, High-Aid Institutions",30962.0,30962.0,41751.0,0.3734,0.7369,0.5508,0.0,39.46123,-83.83692
Wittenberg University,Springfield,OH,45504,"Elite, Low-Aid Institutions",44602.0,44602.0,56353.0,0.2941,0.5914,0.5382,0.0,39.94811,-83.86481
The College of Wooster,Wooster,OH,44691,"Elite, Low-Aid Institutions",59550.0,59550.0,73075.0,0.1952,0.4459,0.7356,0.0,40.80714,-81.97971
Wright State University-Main Campus,Dayton,OH,45435,"Middle-Tier, Mixed-Aid Institutions",11188.0,20606.0,23255.0,0.3276,0.4226,0.4586,0.0,39.78114,-84.06312
Wright State University-Lake Campus,Celina,OH,45822,"Middle-Tier, Mixed-Aid Institutions",7504.0,16922.0,17116.0,0.1584,0.2202,0.4247,0.0,40.55266,-84.59664
Xavier University,Cincinnati,OH,45207,"Elite, Low-Aid Institutions",48125.0,48125.0,62293.0,0.1449,0.4932,0.705,0.0,39.14199,-84.4713
Youngstown State University,Youngstown,OH,44555,"Middle-Tier, Mixed-Aid Institutions",10791.0,11151.0,20028.0,0.3319,0.4145,0.5291,0.0,41.10726,-80.64875
Oklahoma Wesleyan University,Bartlesville,OK,74006,"High-Risk, High-Aid Institutions",31466.0,31466.0,43617.0,0.3934,0.6565,0.2843,0.0,36.71507,-95.89391
Southern Nazarene University,Bethany,OK,73008,"High-Risk, High-Aid Institutions",29600.0,29600.0,41972.0,0.4544,0.5975,0.4879,0.0,35.51383,-97.64536
Cameron University,Lawton,OK,73505,"Middle-Tier, Mixed-Aid Institutions",6900.0,16320.0,18742.0,0.4124,0.2917,0.2154,0.0,34.5718,-98.4834
University of Central Oklahoma,Edmond,OK,73034,"Middle-Tier, Mixed-Aid Institutions",8522.0,19409.0,25913.0,0.3546,0.348,0.375,0.0,35.69877,-97.42665
East Central University,Ada,OK,74820,"High-Risk, High-Aid Institutions",8032.0,17542.0,17559.0,0.3982,0.5454,0.3274,0.0,34.80691,-96.71348
Randall University,Moore,OK,73160,"Middle-Tier, Mixed-Aid Institutions",17322.0,17322.0,28287.0,0.3941,0.4052,0.2055,0.0,35.33574,-97.47651
Langston University,Langston,OK,73050,"High-Risk, High-Aid Institutions",6728.0,14255.0,21012.0,0.6843,0.6212,0.175,0.0,35.93825,-97.25595
Spartan College of Aeronautics and Technology,Tulsa,OK,74115,"Middle-Tier, Mixed-Aid Institutions",18828.0,18828.0,37463.0,0.1268,0.1643,0.6047,0.0,36.1923,-95.90903
Northeastern State University,Tahlequah,OK,74464,"Middle-Tier, Mixed-Aid Institutions",7513.0,16633.0,19274.0,0.4243,0.3804,0.372,0.0,35.94419,-94.97365
Northwestern Oklahoma State University,Alva,OK,73717,"Middle-Tier, Mixed-Aid Institutions",5970.0,11664.0,20993.0,0.4068,0.3953,0.3542,0.0,36.84161,-98.77807
Oklahoma Christian University,Edmond,OK,73013,"Middle-Tier, Mixed-Aid Institutions",25900.0,25900.0,38029.0,0.3015,0.439,0.5517,0.0,35.62149,-97.49614
Oklahoma Panhandle State University,Goodwell,OK,73939,"High-Risk, High-Aid Institutions",7922.0,8673.0,14356.0,0.4356,0.6522,0.2613,0.0,36.76824,-101.78344
Oklahoma State University-Main Campus,Stillwater,OK,74078,"Middle-Tier, Mixed-Aid Institutions",10234.0,25754.0,25915.0,0.2604,0.3797,0.6589,0.0,36.12528,-97.07969
Oklahoma State University-Oklahoma City,Oklahoma City,OK,73107,"Middle-Tier, Mixed-Aid Institutions",3779.0,9564.0,12096.0,0.3009,0.2106,0.1321,0.0,35.48201,-97.5744
Oklahoma Baptist University,Shawnee,OK,74804,"Elite, Low-Aid Institutions",34050.0,34050.0,46950.0,0.3068,0.4406,0.4973,0.0,35.39358,-96.92399
Oklahoma City University,Oklahoma City,OK,73106,"Elite, Low-Aid Institutions",33586.0,33586.0,46144.0,0.2256,0.4783,0.6419,0.0,35.4823,-97.53662
University of Oklahoma-Norman Campus,Norman,OK,73019,"Elite, Low-Aid Institutions",9595.0,26665.0,28833.0,0.2376,0.3276,0.753,0.0,35.20681,-97.44213
Oklahoma State University Institute of Technology,Okmulgee,OK,74447,"Middle-Tier, Mixed-Aid Institutions",5774.0,11384.0,16778.0,0.4005,0.4688,0.4215,0.0,35.64975,-96.00628
Oral Roberts University,Tulsa,OK,74171,"Elite, Low-Aid Institutions",34100.0,34100.0,47367.0,0.3353,0.4619,0.539,0.0,36.05064,-95.95253
Rogers State University,Claremore,OK,74017,"Middle-Tier, Mixed-Aid Institutions",7392.0,15176.0,21023.0,0.3782,0.3575,0.2541,0.0,36.39359,-95.57986
University of Science and Arts of Oklahoma,Chickasha,OK,73018,"Middle-Tier, Mixed-Aid Institutions",9000.0,20190.0,21258.0,0.4703,0.3758,0.3626,0.0,35.0484,-97.93839
Southeastern Oklahoma State University,Durant,OK,74701,"Middle-Tier, Mixed-Aid Institutions",7200.0,16410.0,17393.0,0.401,0.3443,0.3333,0.0,34.00974,-96.3769
Southwestern Christian University,Bethany,OK,73008,"High-Risk, High-Aid Institutions",21316.0,21316.0,32625.0,0.4109,0.4431,0.1271,0.0,35.51383,-97.64536
Southwestern Oklahoma State University,Weatherford,OK,73096,"High-Risk, High-Aid Institutions",8295.0,8325.0,22973.0,0.3846,0.6535,0.3471,0.0,35.51305,-98.7295
University of Tulsa,Tulsa,OK,74104,"Elite, Low-Aid Institutions",48602.0,48602.0,63093.0,0.2614,0.3661,0.7331,0.0,36.14627,-95.9542
Chemeketa Community College,Salem,OR,97305,"Middle-Tier, Mixed-Aid Institutions",6210.0,13905.0,15427.0,0.3393,0.1764,0.2215,0.0,45.01573,-122.92909
Eastern Oregon University,La Grande,OR,97850,"Middle-Tier, Mixed-Aid Institutions",10671.0,24621.0,24602.0,0.3598,0.3876,0.3662,0.0,45.30689,-118.13265
New Hope Christian College-Eugene,Eugene,OR,97405,"High-Risk, High-Aid Institutions",17620.0,17620.0,27333.0,0.775,0.75,0.25,0.0,43.95528,-123.167
George Fox University,Newberg,OR,97132,"Elite, Low-Aid Institutions",40940.0,40940.0,55456.0,0.2675,0.5824,0.6868,0.0,45.32272,-122.98854
Lewis & Clark College,Portland,OR,97219,"Elite, Low-Aid Institutions",62350.0,62350.0,76690.0,0.1928,0.6788,0.7124,0.0,45.45413,-122.69972
Linfield University,McMinnville,OR,97128,"Elite, Low-Aid Institutions",49530.0,49530.0,63825.0,0.2831,0.807,0.6515,0.0,45.19814,-123.25812
Mt Hood Community College,Gresham,OR,97030,"Middle-Tier, Mixed-Aid Institutions",5175.0,9675.0,14032.0,0.2136,0.1344,0.2605,0.0,45.50896,-122.43135
Bushnell University,Eugene,OR,97401,"Elite, Low-Aid Institutions",34740.0,34740.0,45535.0,0.3438,0.5914,0.6176,0.0,44.06803,-123.08171
Oregon Institute of Technology,Klamath Falls,OR,97601,"Middle-Tier, Mixed-Aid Institutions",12687.0,35592.0,26675.0,0.1922,0.2566,0.5908,0.0,42.44404,-122.06741
Oregon State University,Corvallis,OR,97331,"Elite, Low-Aid Institutions",13494.0,35664.0,29926.0,0.2236,0.3339,0.7063,0.0,44.56343,-123.28113
University of Oregon,Eugene,OR,97403,"Elite, Low-Aid Institutions",15669.0,43302.0,32636.0,0.2198,0.3086,0.7148,0.0,44.03541,-123.05247
Pacific University,Forest Grove,OR,97116,"Elite, Low-Aid Institutions",54466.0,54466.0,69330.0,0.2672,0.8084,0.6478,0.0,45.59054,-123.18876
Portland State University,Portland,OR,97201,"Middle-Tier, Mixed-Aid Institutions",11238.0,30138.0,22449.0,0.3956,0.3279,0.5313,0.0,45.50796,-122.68959
University of Portland,Portland,OR,97203,"Elite, Low-Aid Institutions",54900.0,54900.0,69183.0,0.1858,0.3998,0.8042,0.0,45.60764,-122.74923
Reed College,Portland,OR,97202,"Elite, Low-Aid Institutions",67020.0,67020.0,83310.0,0.1228,0.3841,0.7592,0.0,45.48232,-122.64365
Southern Oregon University,Ashland,OR,97520,"Middle-Tier, Mixed-Aid Institutions",12093.0,30723.0,25950.0,0.2434,0.2707,0.4418,0.0,42.15472,-122.53168
Warner Pacific University,Portland,OR,97215,"High-Risk, High-Aid Institutions",21010.0,21010.0,32975.0,0.464,0.6126,0.8209,0.0,45.51436,-122.59923
Corban University,Salem,OR,97317,"Elite, Low-Aid Institutions",37208.0,37208.0,50556.0,0.281,0.43,0.6103,0.0,44.90242,-122.90628
Willamette University,Salem,OR,97301,"Elite, Low-Aid Institutions",48268.0,48268.0,62112.0,0.218,0.4111,0.7273,0.0,44.94948,-123.00439
Western Oregon University,Monmouth,OR,97361,"High-Risk, High-Aid Institutions",11025.0,30735.0,23975.0,0.4,0.7364,0.4483,0.0,44.77251,-123.32999
Bryn Athyn College of the New Church,Bryn Athyn,PA,19009,"High-Risk, High-Aid Institutions",27804.0,27804.0,39685.0,0.4632,0.6507,0.4632,0.0,40.13775,-75.06308
Albright College,Reading,PA,19612,"High-Risk, High-Aid Institutions",28794.0,28794.0,44381.0,0.5039,0.7833,0.4215,0.0,,
Allegheny College,Meadville,PA,16335,"Elite, Low-Aid Institutions",54960.0,54960.0,70614.0,0.2515,0.7123,0.6653,0.0,41.63143,-80.15378
DeSales University,Center Valley,PA,18034,"Elite, Low-Aid Institutions",44800.0,44800.0,59409.0,0.2288,0.6387,0.7102,0.0,40.54182,-75.41654
Alvernia University,Reading,PA,19607,"High-Risk, High-Aid Institutions",42810.0,42810.0,54650.0,0.337,0.8186,0.5849,0.0,40.29147,-75.94521
Clarks Summit University,Clarks Summit,PA,18411,"High-Risk, High-Aid Institutions",32400.0,32400.0,41062.0,0.4851,0.3856,0.5417,0.0,41.45655,-75.74295
Arcadia University,Glenside,PA,19038,"Elite, Low-Aid Institutions",48290.0,48290.0,61240.0,0.2765,0.6551,0.6401,0.0,40.10197,-75.17214
Bryn Mawr College,Bryn Mawr,PA,19010,"Elite, Low-Aid Institutions",62560.0,62560.0,79380.0,0.1434,0.4776,0.8559,0.0,40.02362,-75.3298
Bucknell University,Lewisburg,PA,17837,"Elite, Low-Aid Institutions",64772.0,64772.0,79956.0,0.111,0.3413,0.8623,0.0,40.97485,-76.94247
Carlow University,Pittsburgh,PA,15213,"High-Risk, High-Aid Institutions",34502.0,34502.0,46864.0,0.4122,0.684,0.5519,0.0,40.44293,-79.95345
Carnegie Mellon University,Pittsburgh,PA,15213,"Elite, Low-Aid Institutions",63829.0,63829.0,80514.0,0.1521,0.355,0.9252,0.0,40.44293,-79.95345
Cedar Crest College,Allentown,PA,18104,"High-Risk, High-Aid Institutions",44934.0,44934.0,56240.0,0.3861,0.7114,0.5822,0.0,40.61122,-75.54699
Central Penn College,Summerdale,PA,17093,"High-Risk, High-Aid Institutions",19404.0,19404.0,28251.0,0.4266,0.6365,0.3889,0.0,40.30998,-76.92817
Chatham University,Pittsburgh,PA,15232,"Elite, Low-Aid Institutions",43810.0,43810.0,56981.0,0.2108,0.6364,0.662,0.0,40.45246,-79.93193
Chestnut Hill College,Philadelphia,PA,19118,"High-Risk, High-Aid Institutions",39410.0,39410.0,57980.0,0.4732,0.7381,0.561,0.0,40.07233,-75.21247
Cheyney University of Pennsylvania,Cheyney,PA,19319,"Middle-Tier, Mixed-Aid Institutions",10904.0,18870.0,24881.0,0.4103,0.3343,0.1616,0.0,39.92723,-75.52319
Delaware Valley University,Doylestown,PA,18901,"Elite, Low-Aid Institutions",43300.0,43300.0,58661.0,0.2921,0.7389,0.522,0.0,40.30529,-75.15026
Dickinson College,Carlisle,PA,17013,"Elite, Low-Aid Institutions",63475.0,63475.0,80329.0,0.1365,0.4009,0.8342,0.0,40.241,-77.19286
Drexel University,Philadelphia,PA,19104,"Elite, Low-Aid Institutions",60663.0,60663.0,75167.0,0.2516,0.4909,0.7712,0.0,39.95891,-75.19836
Duquesne University,Pittsburgh,PA,15282,"Elite, Low-Aid Institutions",47146.0,47146.0,63042.0,0.1814,0.5747,0.7555,0.0,40.43602,-79.99042
East Stroudsburg University of Pennsylvania,East Stroudsburg,PA,18301,"High-Risk, High-Aid Institutions",11036.0,19002.0,24369.0,0.3987,0.577,0.4383,0.0,41.03141,-75.18316
Eastern University,Saint Davids,PA,19087,"Elite, Low-Aid Institutions",37420.0,37420.0,53293.0,0.3566,0.5617,0.5596,0.0,40.06172,-75.40004
Elizabethtown College,Elizabethtown,PA,17022,"Elite, Low-Aid Institutions",36842.0,36842.0,49318.0,0.1917,0.6661,0.7707,0.0,40.16677,-76.60823
Franklin and Marshall College,Lancaster,PA,17604,"Elite, Low-Aid Institutions",68380.0,68380.0,83184.0,0.1668,0.4422,0.8602,0.0,,
Gannon University,Erie,PA,16541,"Elite, Low-Aid Institutions",37951.0,37951.0,51236.0,0.22,0.5332,0.6954,0.0,,
Geneva College,Beaver Falls,PA,15010,"High-Risk, High-Aid Institutions",33610.0,33610.0,43064.0,0.3179,0.8531,0.6146,0.0,40.76829,-80.35873
Gettysburg College,Gettysburg,PA,17325,"Elite, Low-Aid Institutions",64230.0,64230.0,80400.0,0.2099,0.5061,0.8273,0.0,39.82762,-77.22641
Gwynedd Mercy University,Gwynedd Valley,PA,19437,"Elite, Low-Aid Institutions",38310.0,38310.0,53359.0,0.2996,0.6317,0.5849,0.0,40.18706,-75.25274
Haverford College,Haverford,PA,19041,"Elite, Low-Aid Institutions",68300.0,68300.0,84605.0,0.1407,0.0823,0.894,0.0,40.00663,-75.31747
Holy Family University,Philadelphia,PA,19114,"High-Risk, High-Aid Institutions",33968.0,33968.0,38965.0,0.3971,0.7376,0.6039,0.0,40.06743,-75.00361
Immaculata University,Immaculata,PA,19345,"Elite, Low-Aid Institutions",28550.0,28550.0,45416.0,0.2139,0.5374,0.6447,0.0,40.02967,-75.56955
Indiana University of Pennsylvania-Main Campus,Indiana,PA,15705,"High-Risk, High-Aid Institutions",11380.0,16297.0,26405.0,0.3576,0.6549,0.5239,0.0,40.61588,-79.15983
Juniata College,Huntingdon,PA,16652,"Elite, Low-Aid Institutions",56402.0,56402.0,69241.0,0.2621,0.6675,0.6891,0.0,40.51692,-77.95302
Keystone College,La Plume,PA,18440,"High-Risk, High-Aid Institutions",17850.0,17850.0,31742.0,0.4481,0.884,0.4116,0.0,41.55931,-75.76505
King's College,Wilkes-Barre,PA,18711,"Elite, Low-Aid Institutions",42600.0,42600.0,56991.0,0.2729,0.6756,0.601,0.0,,
Kutztown University of Pennsylvania,Kutztown,PA,19530,"High-Risk, High-Aid Institutions",11230.0,16434.0,28876.0,0.3063,0.6251,0.5411,0.0,40.54012,-75.77675
La Roche University,Pittsburgh,PA,15237,"Elite, Low-Aid Institutions",33120.0,33120.0,45623.0,0.1386,0.2547,0.5766,0.0,40.54834,-80.04682
La Salle University,Philadelphia,PA,19141,"Elite, Low-Aid Institutions",35570.0,35570.0,45046.0,0.3264,0.4515,0.579,0.0,40.03788,-75.14541
Lackawanna College,Scranton,PA,18509,"High-Risk, High-Aid Institutions",17950.0,17950.0,28849.0,0.5814,0.7334,0.3773,0.0,41.43062,-75.64321
Lafayette College,Easton,PA,18042,"Elite, Low-Aid Institutions",62574.0,62574.0,78854.0,0.103,0.2114,0.8805,0.0,40.6497,-75.22376
Lancaster Bible College,Lancaster,PA,17601,"Elite, Low-Aid Institutions",29990.0,29990.0,40813.0,0.3047,0.5272,0.7143,0.0,40.07296,-76.31457
Lebanon Valley College,Annville,PA,17003,"Elite, Low-Aid Institutions",50320.0,50320.0,63990.0,0.2193,0.7023,0.7251,0.0,40.35735,-76.55528
Lehigh University,Bethlehem,PA,18015,"Elite, Low-Aid Institutions",62180.0,62180.0,77515.0,0.178,0.3752,0.8921,0.0,40.5887,-75.36786
Lincoln University,Lincoln University,PA,19352,"High-Risk, High-Aid Institutions",12512.0,19384.0,27358.0,0.663,0.8347,0.5212,0.0,39.78036,-75.89054
Lincoln University,Lincoln University,PA,19352,"High-Risk, High-Aid Institutions",12512.0,19384.0,27358.0,0.663,0.8347,0.5212,0.0,39.78036,-75.89054
Lycoming College,Williamsport,PA,17701,"High-Risk, High-Aid Institutions",47675.0,47675.0,61526.0,0.4013,0.7274,0.5957,0.0,41.34206,-76.88821
Manor College,Jenkintown,PA,19046,"High-Risk, High-Aid Institutions",19964.0,19964.0,27178.0,0.4871,0.6398,0.2442,0.0,40.10133,-75.10558
Marywood University,Scranton,PA,18509,"Elite, Low-Aid Institutions",39570.0,39570.0,52673.0,0.2919,0.7824,0.7252,0.001,41.43062,-75.64321
Mercyhurst University,Erie,PA,16546,"Elite, Low-Aid Institutions",44510.0,44510.0,57948.0,0.2989,0.6738,0.5873,0.0,42.10389,-80.05338
Messiah University,Mechanicsburg,PA,17055,"Elite, Low-Aid Institutions",40640.0,40640.0,53939.0,0.2,0.5828,0.785,0.0,40.17756,-76.99789
Millersville University of Pennsylvania,Millersville,PA,17551,"Middle-Tier, Mixed-Aid Institutions",12262.0,16232.0,27086.0,0.2669,0.5249,0.544,0.0,39.97911,-76.37608
Misericordia University,Dallas,PA,18612,"Elite, Low-Aid Institutions",38370.0,38370.0,51023.0,0.1903,0.737,0.692,0.0,41.35025,-75.98207
Moore College of Art and Design,Philadelphia,PA,19103,"Elite, Low-Aid Institutions",50279.0,50279.0,68583.0,0.4085,0.8423,0.6344,0.0,39.95303,-75.17386
Moravian University,Bethlehem,PA,18018,"Elite, Low-Aid Institutions",52000.0,52000.0,64260.0,0.2679,0.739,0.7107,0.0,40.62766,-75.39538
Mount Aloysius College,Cresson,PA,16630,"Elite, Low-Aid Institutions",26156.0,26156.0,38533.0,0.1599,0.3213,0.5556,0.0,40.46231,-78.58003
Muhlenberg College,Allentown,PA,18104,"Elite, Low-Aid Institutions",60240.0,60240.0,73782.0,0.2098,0.5542,0.8025,0.0,40.61122,-75.54699
Neumann University,Aston,PA,19014,"High-Risk, High-Aid Institutions",37300.0,37300.0,56670.0,0.4233,0.7039,0.4611,0.0,39.8637,-75.4338
Pennsylvania Institute of Technology,Media,PA,19063,"High-Risk, High-Aid Institutions",14445.0,14445.0,22163.0,0.7834,0.9186,0.3258,0.0,39.92248,-75.41419
Pennsylvania State University-Penn State Erie-Behrend College,Erie,PA,16563,"High-Risk, High-Aid Institutions",15944.0,26668.0,32038.0,0.2666,0.5671,0.457,0.0,42.11929,-79.98643
Pennsylvania State University-Penn State New Kensington,New Kensington,PA,15068,"High-Risk, High-Aid Institutions",14380.0,23872.0,27036.0,0.3152,0.5435,0.2443,0.0,40.56241,-79.7124
Pennsylvania State University-Penn State Shenango,Sharon,PA,16146,"Middle-Tier, Mixed-Aid Institutions",14002.0,23310.0,26545.0,0.4057,0.4448,0.2295,0.0,41.23478,-80.49932
Pennsylvania State University-Penn State Wilkes-Barre,Dallas,PA,18627,"High-Risk, High-Aid Institutions",14258.0,23750.0,24604.0,0.3829,0.5592,0.1667,0.0,41.31559,-76.02235
Pennsylvania State University-Penn State Scranton,Dunmore,PA,18512,"High-Risk, High-Aid Institutions",15180.0,25118.0,27126.0,0.4331,0.5783,0.3189,0.0,41.42648,-75.5912
Pennsylvania State University-Penn State Lehigh Valley,Center Valley,PA,18034,"Middle-Tier, Mixed-Aid Institutions",15180.0,25118.0,26918.0,0.3311,0.4718,0.1736,0.0,40.54182,-75.41654
Pennsylvania State University-Penn State Altoona,Altoona,PA,16601,"High-Risk, High-Aid Institutions",15944.0,26668.0,31725.0,0.2584,0.5537,0.1784,0.0,40.55338,-78.37283
Pennsylvania State University-Penn State Beaver,Monaca,PA,15061,"High-Risk, High-Aid Institutions",14380.0,23872.0,27587.0,0.3352,0.5785,0.212,0.0,40.66013,-80.31082
Pennsylvania State University-Penn State Berks,Reading,PA,19610,"High-Risk, High-Aid Institutions",15944.0,26668.0,31853.0,0.2873,0.5374,0.2441,0.0,40.34015,-75.97612
Pennsylvania State University-Penn State Harrisburg,Middletown,PA,17057,"Middle-Tier, Mixed-Aid Institutions",15944.0,26668.0,32029.0,0.2609,0.4329,0.2926,0.0,40.19437,-76.72659
Pennsylvania State University-Penn State Brandywine,Media,PA,19063,"High-Risk, High-Aid Institutions",15180.0,25118.0,30201.0,0.3478,0.5192,0.2133,0.0,39.92248,-75.41419
Pennsylvania State University-Penn State DuBois,DuBois,PA,15801,"Middle-Tier, Mixed-Aid Institutions",14380.0,23872.0,28775.0,0.2541,0.5328,0.2901,0.0,41.12867,-78.72352
Pennsylvania State University-Penn State Fayette- Eberly,Lemont Furnace,PA,15456,"High-Risk, High-Aid Institutions",14380.0,23872.0,26727.0,0.3538,0.6014,0.3352,0.0,39.92919,-79.6532
Pennsylvania State University-Penn State Hazleton,Hazleton,PA,18202,"High-Risk, High-Aid Institutions",15180.0,25118.0,29977.0,0.4778,0.6469,0.1791,0.0,40.94874,-76.0483
Pennsylvania State University-Main Campus,University Park,PA,16802,"Elite, Low-Aid Institutions",20234.0,40188.0,39160.0,0.1327,0.3986,0.8568,0.0,40.79867,-77.86481
Pennsylvania State University-Penn State Greater Allegheny,McKeesport,PA,15132,"High-Risk, High-Aid Institutions",14380.0,23872.0,26295.0,0.4353,0.6391,0.2743,0.0,40.33982,-79.84299
Pennsylvania State University-Penn State Mont Alto,Mont Alto,PA,17237,"Middle-Tier, Mixed-Aid Institutions",14380.0,23872.0,28851.0,0.2612,0.5239,0.2512,0.0,39.83705,-77.54091
Pennsylvania State University-Penn State Abington,Abington,PA,19001,"High-Risk, High-Aid Institutions",15240.0,25388.0,27516.0,0.3835,0.4841,0.2222,0.0,40.12624,-75.12652
Pennsylvania State University-Penn State Schuylkill,Schuylkill Haven,PA,17972,"High-Risk, High-Aid Institutions",15180.0,25118.0,29057.0,0.3756,0.6742,0.2069,0.0,40.58199,-76.21367
Pennsylvania State University-Penn State York,York,PA,17403,"Middle-Tier, Mixed-Aid Institutions",15180.0,25118.0,26812.0,0.2785,0.4895,0.1143,0.0,39.92142,-76.71277
Peirce College,Philadelphia,PA,19103,"High-Risk, High-Aid Institutions",15060.0,15060.0,18260.0,0.5236,0.6155,0.0526,0.0,39.95303,-75.17386
Pennsylvania Academy of the Fine Arts,Philadelphia,PA,19102,"Elite, Low-Aid Institutions",44600.0,44600.0,64035.0,0.3246,0.4737,0.6757,0.0,39.95301,-75.16544
Pennsylvania College of Art and Design,Lancaster,PA,17608,"High-Risk, High-Aid Institutions",31370.0,31370.0,41394.0,0.4612,0.7755,0.6377,0.0,,
University of Pennsylvania,Philadelphia,PA,19104,"Elite, Low-Aid Institutions",66104.0,66104.0,85738.0,0.1572,0.1005,0.9681,0.0,39.95891,-75.19836
Cairn University-Langhorne,Langhorne,PA,19047,"Elite, Low-Aid Institutions",32625.0,32625.0,45473.0,0.3024,0.7927,0.6516,0.0,40.18207,-74.91062
University of Pittsburgh-Bradford,Bradford,PA,16701,"High-Risk, High-Aid Institutions",14620.0,26494.0,29488.0,0.46,0.6853,0.4344,0.0,41.91105,-78.77385
University of Pittsburgh-Greensburg,Greensburg,PA,15601,"High-Risk, High-Aid Institutions",14630.0,26504.0,28514.0,0.3788,0.6099,0.3963,0.0,40.31397,-79.53643
University of Pittsburgh-Johnstown,Johnstown,PA,15904,"High-Risk, High-Aid Institutions",14646.0,26520.0,28501.0,0.2912,0.6079,0.5345,0.0,40.3056,-78.84382
University of Pittsburgh-Pittsburgh Campus,Pittsburgh,PA,15260,"Elite, Low-Aid Institutions",21524.0,39890.0,36707.0,0.1378,0.3717,0.8434,0.0,40.4432,-79.95306
Point Park University,Pittsburgh,PA,15222,"High-Risk, High-Aid Institutions",38160.0,38160.0,50133.0,0.3707,0.7477,0.5956,0.0,40.44998,-79.9912
Walnut Hill College,Philadelphia,PA,19104,"High-Risk, High-Aid Institutions",23550.0,23550.0,35489.0,0.3315,0.875,0.6,0.0,39.95891,-75.19836
Robert Morris University,Moon Township,PA,15108,"Elite, Low-Aid Institutions",34940.0,34940.0,51075.0,0.2209,0.463,0.6555,0.0,40.50006,-80.20031
Rosemont College,Rosemont,PA,19010,"High-Risk, High-Aid Institutions",22171.0,22171.0,36860.0,0.3857,0.6928,0.4348,0.004,40.02362,-75.3298
Saint Francis University,Loretto,PA,15940,"Elite, Low-Aid Institutions",41720.0,41720.0,57515.0,0.1784,0.4027,0.7275,0.0,40.52128,-78.63218
Saint Joseph's University,Philadelphia,PA,19131,"Elite, Low-Aid Institutions",51340.0,51340.0,65513.0,0.1815,0.5405,0.7983,0.0,39.98865,-75.21835
Saint Vincent College,Latrobe,PA,15650,"Elite, Low-Aid Institutions",41100.0,41100.0,55082.0,0.2686,0.7403,0.7215,0.0,40.27527,-79.39213
University of Scranton,Scranton,PA,18510,"Elite, Low-Aid Institutions",52309.0,52309.0,67795.0,0.2229,0.6493,0.808,0.0,41.40735,-75.64376
Seton Hill University,Greensburg,PA,15601,"Elite, Low-Aid Institutions",41414.0,41414.0,54634.0,0.295,0.7148,0.7099,0.0,40.31397,-79.53643
Shippensburg University of Pennsylvania,Shippensburg,PA,17257,"High-Risk, High-Aid Institutions",13544.0,15798.0,29480.0,0.296,0.5987,0.5161,0.0,40.0508,-77.49027
Slippery Rock University of Pennsylvania,Slippery Rock,PA,16057,"High-Risk, High-Aid Institutions",10507.0,14615.0,24781.0,0.2809,0.609,0.6591,0.0,41.03427,-80.0579
Saint Charles Borromeo Seminary-Overbrook,Wynnewood,PA,19096,"Middle-Tier, Mixed-Aid Institutions",25023.0,25023.0,44853.0,0.125,0.1875,0.4444,0.0,39.99813,-75.27388
Susquehanna University,Selinsgrove,PA,17870,"Elite, Low-Aid Institutions",57400.0,57400.0,72563.0,0.2388,0.6817,0.7409,0.0,40.80992,-76.8897
Swarthmore College,Swarthmore,PA,19081,"Elite, Low-Aid Institutions",62412.0,62412.0,80014.0,0.2001,0.0977,0.9413,0.0,39.89864,-75.34751
Temple University,Philadelphia,PA,19122,"Elite, Low-Aid Institutions",22082.0,37462.0,39799.0,0.3007,0.5527,0.7468,0.0,39.97767,-75.14571
Thiel College,Greenville,PA,16125,"High-Risk, High-Aid Institutions",36864.0,36864.0,51346.0,0.3905,0.7848,0.4355,0.0,41.40565,-80.37135
Thomas Jefferson University,Philadelphia,PA,19107,"Elite, Low-Aid Institutions",45683.0,45683.0,62110.0,0.3386,0.8496,0.6819,0.0,39.9518,-75.15864
Ursinus College,Collegeville,PA,19426,"Elite, Low-Aid Institutions",59196.0,59196.0,75378.0,0.1984,0.7308,0.7662,0.0,40.18972,-75.43734
University of Valley Forge,Phoenixville,PA,19460,"High-Risk, High-Aid Institutions",24510.0,24510.0,43134.0,0.5079,0.7382,0.5612,0.0,40.12674,-75.5294
Villanova University,Villanova,PA,19085,"Elite, Low-Aid Institutions",64701.0,64701.0,80866.0,0.1155,0.3656,0.9241,0.0,40.03759,-75.34969
Washington & Jefferson College,Washington,PA,15301,"Elite, Low-Aid Institutions",28185.0,28185.0,65117.0,0.2942,0.7702,0.7139,0.0,40.16411,-80.25304
Waynesburg University,Waynesburg,PA,15370,"High-Risk, High-Aid Institutions",29460.0,29460.0,42526.0,0.31,0.7249,0.605,0.0,39.8734,-80.17991
West Chester University of Pennsylvania,West Chester,PA,19383,"Elite, Low-Aid Institutions",10687.0,22511.0,27559.0,0.245,0.5368,0.698,0.0,39.94303,-75.60155
Westminster College,New Wilmington,PA,16172,"High-Risk, High-Aid Institutions",39470.0,39470.0,51808.0,0.2474,0.6602,0.6586,0.0,41.1177,-80.33105
Westminster College,New Wilmington,PA,16172,"Elite, Low-Aid Institutions",39470.0,39470.0,51808.0,0.2474,0.6602,0.6586,0.0,41.1177,-80.33105
Widener University,Chester,PA,19013,"Elite, Low-Aid Institutions",53638.0,53638.0,68305.0,0.2485,0.7346,0.6351,0.0,39.84529,-75.37474
Wilkes University,Wilkes-Barre,PA,18766,"Elite, Low-Aid Institutions",42286.0,42286.0,56956.0,0.2975,0.702,0.6034,0.0,,
Wilson College,Chambersburg,PA,17201,"High-Risk, High-Aid Institutions",27000.0,27000.0,38932.0,0.266,0.8509,0.5183,0.0,39.96229,-77.65677
Yeshivath Beth Moshe,Scranton,PA,18505,"Middle-Tier, Mixed-Aid Institutions",10400.0,10400.0,18100.0,0.3714,0.0,0.75,0.0,41.38874,-75.65109
York College of Pennsylvania,York,PA,17403,"Elite, Low-Aid Institutions",24606.0,24606.0,35806.0,0.2522,0.597,0.5974,0.0,39.92142,-76.71277
Brown University,Providence,RI,02912,"Elite, Low-Aid Institutions",68230.0,68230.0,84986.0,0.1327,0.0922,0.9595,0.0,41.82783,-71.39959
Bryant University,Smithfield,RI,02917,"Elite, Low-Aid Institutions",51169.0,51169.0,67926.0,0.1076,0.5061,0.8061,0.0,41.90615,-71.52365
Johnson & Wales University-Providence,Providence,RI,02903,"Elite, Low-Aid Institutions",40408.0,40408.0,58330.0,0.3018,0.7352,0.5488,0.0,41.81902,-71.41003
New England Institute of Technology,East Greenwich,RI,02818,"High-Risk, High-Aid Institutions",35625.0,35625.0,48445.0,0.4448,0.7488,0.5747,0.0,41.64214,-71.49307
Providence College,Providence,RI,02918,"Elite, Low-Aid Institutions",60848.0,60848.0,76667.0,0.1324,0.5511,0.8785,0.0,41.84386,-71.43499
Rhode Island College,Providence,RI,02908,"Middle-Tier, Mixed-Aid Institutions",10986.0,26519.0,18490.0,0.4147,0.4825,0.4618,0.0,41.83877,-71.43926
University of Rhode Island,Kingston,RI,02881,"Elite, Low-Aid Institutions",16408.0,35804.0,32584.0,0.2115,0.4947,0.7103,0.0,41.4825,-71.52694
Rhode Island School of Design,Providence,RI,02903,"Elite, Low-Aid Institutions",59760.0,59760.0,78857.0,0.1404,0.2856,0.8847,0.0,41.81902,-71.41003
Roger Williams University,Bristol,RI,02809,"Elite, Low-Aid Institutions",42666.0,42666.0,60180.0,0.1633,0.5866,0.6661,0.0,41.68266,-71.26938
Salve Regina University,Newport,RI,02840,"Elite, Low-Aid Institutions",47930.0,47930.0,67612.0,0.1548,0.71,0.7492,0.0,41.47838,-71.31993
Northpoint Bible College,Haverhill,MA,01835,"High-Risk, High-Aid Institutions",14160.0,14160.0,34411.0,0.6319,0.5055,0.5085,0.0,42.75292,-71.08602
Allen University,Columbia,SC,29204,"High-Risk, High-Aid Institutions",14304.0,14304.0,24804.0,0.7977,0.8109,0.1323,0.0,34.02938,-81.00008
Anderson University,Anderson,SC,29621,"High-Risk, High-Aid Institutions",33580.0,33580.0,47724.0,0.2166,0.4306,0.7099,0.0,34.50598,-82.60328
Anderson University,Anderson,SC,29621,"Elite, Low-Aid Institutions",33580.0,33580.0,47724.0,0.2166,0.4306,0.7099,0.0,34.50598,-82.60328
Charleston Southern University,Charleston,SC,29406,"High-Risk, High-Aid Institutions",31030.0,31030.0,43989.0,0.3456,0.5257,0.4858,0.0,32.93417,-80.03083
Benedict College,Columbia,SC,29204,"High-Risk, High-Aid Institutions",18000.0,18000.0,29921.0,0.6348,0.6709,0.2115,0.0,34.02938,-81.00008
Bob Jones University,Greenville,SC,29614,"Middle-Tier, Mixed-Aid Institutions",23400.0,23400.0,34770.0,0.2923,0.239,0.6961,0.0,34.87386,-82.36302
Southern Wesleyan University,Central,SC,29630,"Middle-Tier, Mixed-Aid Institutions",27870.0,27870.0,38739.0,0.2902,0.4576,0.5202,0.0,34.73882,-82.79646
College of Charleston,Charleston,SC,29424,"Elite, Low-Aid Institutions",12978.0,36858.0,30731.0,0.1947,0.3807,0.6498,0.0,32.78494,-79.93778
Citadel Military College of South Carolina,Charleston,SC,29409,"Elite, Low-Aid Institutions",12570.0,37370.0,31943.0,0.1918,0.3692,0.7282,0.0,32.79662,-79.96072
Claflin University,Orangeburg,SC,29115,"High-Risk, High-Aid Institutions",17046.0,17046.0,33538.0,0.7261,0.7141,0.4913,0.0,33.47673,-80.84758
Clemson University,Clemson,SC,29634,"Elite, Low-Aid Institutions",15554.0,39498.0,34494.0,0.1453,0.33,0.879,0.0,34.67517,-82.83978
Clinton College,Rock Hill,SC,29730,"High-Risk, High-Aid Institutions",10516.0,10516.0,23222.0,0.7614,0.8376,0.1111,0.0,34.8878,-81.02116
Coker University,Hartsville,SC,29550,"High-Risk, High-Aid Institutions",31854.0,31854.0,44355.0,0.2949,0.4735,0.3462,0.0,34.39309,-80.07595
Columbia International University,Columbia,SC,29203,"Elite, Low-Aid Institutions",27900.0,27900.0,40183.0,0.2827,0.3586,0.6552,0.0,34.10198,-81.04009
Columbia College,Columbia,SC,29203,"High-Risk, High-Aid Institutions",21450.0,21450.0,37840.0,0.5313,0.7003,0.5346,0.0,34.10198,-81.04009
Columbia College,Columbia,SC,29203,"High-Risk, High-Aid Institutions",21450.0,21450.0,37840.0,0.5313,0.7003,0.5346,0.0,34.10198,-81.04009
Converse University,Spartanburg,SC,29302,"High-Risk, High-Aid Institutions",23096.0,23096.0,35669.0,0.4066,0.6531,0.471,0.0,34.89399,-81.84151
Erskine College,Due West,SC,29639,"High-Risk, High-Aid Institutions",36710.0,36710.0,54484.0,0.4014,0.7155,0.4859,0.0,34.31402,-82.4205
Francis Marion University,Florence,SC,29506,"Middle-Tier, Mixed-Aid Institutions",11160.0,21544.0,22944.0,0.3884,0.4322,0.4273,0.0,34.2103,-79.64432
Furman University,Greenville,SC,29613,"Elite, Low-Aid Institutions",58312.0,58312.0,73760.0,0.1121,0.2781,0.8149,0.0,34.9257,-82.4384
Greenville Technical College,Greenville,SC,29606,"Middle-Tier, Mixed-Aid Institutions",5639.0,10657.0,13925.0,0.3253,0.0823,0.1759,0.0,,
Lander University,Greenwood,SC,29649,"High-Risk, High-Aid Institutions",11700.0,21300.0,26069.0,0.3974,0.5314,0.4876,0.0,34.24354,-82.13825
Limestone University,Gaffney,SC,29340,"High-Risk, High-Aid Institutions",27500.0,27500.0,40944.0,0.4345,0.6991,0.2757,0.0,34.98225,-81.59427
Morris College,Sumter,SC,29150,"High-Risk, High-Aid Institutions",16224.0,16224.0,29585.0,0.8177,0.8047,0.2043,0.0,33.87621,-80.35609
Newberry College,Newberry,SC,29108,"High-Risk, High-Aid Institutions",30050.0,30050.0,44240.0,0.4892,0.7542,0.4438,0.0,34.29805,-81.62433
North Greenville University,Tigerville,SC,29688,"High-Risk, High-Aid Institutions",24650.0,24650.0,40599.0,0.3197,0.5188,0.5491,0.0,,
Presbyterian College,Clinton,SC,29325,"Elite, Low-Aid Institutions",43300.0,43300.0,57271.0,0.2785,0.4838,0.619,0.0,34.47682,-81.83973
University of South Carolina Aiken,Aiken,SC,29801,"Middle-Tier, Mixed-Aid Institutions",10760.0,21218.0,20922.0,0.3692,0.455,0.4011,0.0,33.58675,-81.69701
University of South Carolina Beaufort,Bluffton,SC,29909,"High-Risk, High-Aid Institutions",10730.0,21776.0,23796.0,0.4028,0.4959,0.3859,0.0,32.34042,-80.85465
University of South Carolina-Columbia,Columbia,SC,29208,"Elite, Low-Aid Institutions",12688.0,34934.0,32840.0,0.1899,0.4172,0.7775,0.0,33.99751,-81.02681
Coastal Carolina University,Conway,SC,29526,"High-Risk, High-Aid Institutions",11640.0,29628.0,26050.0,0.2676,0.5738,0.5084,0.0,33.86696,-78.9718
South Carolina State University,Orangeburg,SC,29117,"High-Risk, High-Aid Institutions",11060.0,21750.0,29957.0,0.6849,0.6584,0.2941,0.0,33.49828,-80.85
University of South Carolina-Upstate,Spartanburg,SC,29303,"High-Risk, High-Aid Institutions",11583.0,22545.0,24565.0,0.4546,0.5311,0.4242,0.0,34.99424,-81.96883
Spartanburg Methodist College,Spartanburg,SC,29301,"High-Risk, High-Aid Institutions",19350.0,19350.0,32965.0,0.6007,0.5591,0.3833,0.0,34.93516,-82.01301
Voorhees University,Denmark,SC,29042,"High-Risk, High-Aid Institutions",12630.0,12630.0,25793.0,0.7749,0.487,0.3779,0.0,33.30735,-81.14723
Winthrop University,Rock Hill,SC,29733,"High-Risk, High-Aid Institutions",15956.0,30286.0,30275.0,0.3863,0.5536,0.6122,0.0,34.93945,-81.03173
Wofford College,Spartanburg,SC,29303,"Elite, Low-Aid Institutions",54100.0,54100.0,69601.0,0.1509,0.4114,0.8075,0.0,34.99424,-81.96883
Augustana University,Sioux Falls,SD,57197,"Elite, Low-Aid Institutions",39190.0,39190.0,53169.0,0.16,0.5177,0.7563,0.0,43.52455,-96.73862
Black Hills State University,Spearfish,SD,57799,"Middle-Tier, Mixed-Aid Institutions",9000.0,12100.0,21343.0,0.1849,0.2962,0.3858,0.0,44.49817,-103.87256
Dakota State University,Madison,SD,57042,"Middle-Tier, Mixed-Aid Institutions",9633.0,12735.0,24447.0,0.1596,0.3631,0.493,0.0,43.97744,-97.15133
Dakota Wesleyan University,Mitchell,SD,57301,"High-Risk, High-Aid Institutions",32890.0,32890.0,42473.0,0.2628,0.7759,0.4643,0.0,43.71136,-98.04155
Mount Marty University,Yankton,SD,57078,"Elite, Low-Aid Institutions",33100.0,33100.0,45209.0,0.1935,0.4009,0.6055,0.004,42.91782,-97.44702
National American University-Rapid City,Rapid City,SD,57701,"High-Risk, High-Aid Institutions",16065.0,16065.0,29232.0,0.5705,0.437,0.6,0.0,44.1209,-103.20562
Northern State University,Aberdeen,SD,57401,"Middle-Tier, Mixed-Aid Institutions",8845.0,11947.0,22223.0,0.1196,0.2329,0.5224,0.0,45.4753,-98.53042
South Dakota School of Mines and Technology,Rapid City,SD,57701,"Middle-Tier, Mixed-Aid Institutions",10400.0,14800.0,24865.0,0.1595,0.4327,0.5817,0.0,44.1209,-103.20562
South Dakota State University,Brookings,SD,57007,"Middle-Tier, Mixed-Aid Institutions",9299.0,12809.0,22761.0,0.161,0.4578,0.5964,0.0,44.31924,-96.78408
University of Sioux Falls,Sioux Falls,SD,57105,"High-Risk, High-Aid Institutions",20740.0,20740.0,32728.0,0.2898,0.6694,0.6051,0.0,43.52125,-96.73587
University of South Dakota,Vermillion,SD,57069,"Middle-Tier, Mixed-Aid Institutions",9432.0,12942.0,23544.0,0.1799,0.4176,0.6143,0.0,42.84348,-96.98774
American Baptist College,Nashville,TN,37207,"High-Risk, High-Aid Institutions",12474.0,12474.0,27241.0,0.6792,0.6604,0.3333,0.0,36.23278,-86.77765
Austin Peay State University,Clarksville,TN,37044,"Middle-Tier, Mixed-Aid Institutions",8675.0,14219.0,26790.0,0.456,0.3569,0.445,0.0,,
Baptist Health Sciences University,Memphis,TN,38104,"High-Risk, High-Aid Institutions",13846.0,13846.0,21438.0,0.4698,0.7272,0.5375,0.0,35.13253,-90.00435
Belmont University,Nashville,TN,37212,"Elite, Low-Aid Institutions",41320.0,41320.0,60480.0,0.1852,0.348,0.717,0.0,36.13376,-86.80167
Bethel University,McKenzie,TN,38201,"Elite, Low-Aid Institutions",18168.0,18168.0,32270.0,0.3114,0.3855,0.349,0.0,36.12335,-88.53131
Bethel University,McKenzie,TN,38201,"Elite, Low-Aid Institutions",18168.0,18168.0,32270.0,0.3114,0.3855,0.349,0.0,36.12335,-88.53131
Bethel University,McKenzie,TN,38201,"Middle-Tier, Mixed-Aid Institutions",18168.0,18168.0,32270.0,0.3114,0.3855,0.349,0.0,36.12335,-88.53131
Bryan College-Dayton,Dayton,TN,37321,"Middle-Tier, Mixed-Aid Institutions",18900.0,18900.0,29541.0,0.224,0.3185,0.5593,0.0,35.50239,-85.00801
Carson-Newman University,Jefferson City,TN,37760,"High-Risk, High-Aid Institutions",34700.0,34700.0,46345.0,0.3917,0.524,0.4645,0.0,36.10773,-83.46443
Christian Brothers University,Memphis,TN,38104,"Elite, Low-Aid Institutions",37300.0,37300.0,45919.0,0.3057,0.3121,0.5599,0.0,35.13253,-90.00435
Cumberland University,Lebanon,TN,37087,"Middle-Tier, Mixed-Aid Institutions",27840.0,27840.0,41657.0,0.3254,0.2514,0.4698,0.0,36.2733,-86.27224
Lipscomb University,Nashville,TN,37204,"Elite, Low-Aid Institutions",38824.0,38824.0,53549.0,0.2118,0.3344,0.687,0.0,36.10669,-86.77463
East Tennessee State University,Johnson City,TN,37614,"Middle-Tier, Mixed-Aid Institutions",9950.0,13790.0,25947.0,0.3519,0.3581,0.4988,0.0,36.30097,-82.36741
Fisk University,Nashville,TN,37208,"High-Risk, High-Aid Institutions",24298.0,24298.0,37653.0,0.4827,0.5292,0.4351,0.0,36.17691,-86.80901
Welch College,Gallatin,TN,37066,"Middle-Tier, Mixed-Aid Institutions",20796.0,20796.0,35131.0,0.2725,0.3101,0.6143,0.0,36.39871,-86.45594
Freed-Hardeman University,Henderson,TN,38340,"Elite, Low-Aid Institutions",25000.0,25000.0,36972.0,0.2249,0.3978,0.6837,0.002,35.40021,-88.68226
Johnson University,Knoxville,TN,37998,"High-Risk, High-Aid Institutions",20318.0,20318.0,30424.0,0.3827,0.565,0.6216,0.0,,
King University,Bristol,TN,37620,"High-Risk, High-Aid Institutions",34800.0,34800.0,47469.0,0.4188,0.6446,0.4643,0.0,36.55124,-82.09867
South College,Knoxville,TN,37909,"High-Risk, High-Aid Institutions",17935.0,17935.0,30181.0,0.4976,0.617,0.367,0.0,35.94716,-84.02275
Lane College,Jackson,TN,38301,"High-Risk, High-Aid Institutions",11790.0,11790.0,23608.0,0.7941,0.602,0.1703,0.0,35.5908,-88.8531
Le Moyne-Owen College,Memphis,TN,38126,"High-Risk, High-Aid Institutions",12076.0,12076.0,19270.0,0.7126,0.624,0.247,0.0,35.12695,-90.04378
Lee University,Cleveland,TN,37311,"Elite, Low-Aid Institutions",22690.0,22690.0,34299.0,0.2673,0.4483,0.6067,0.0,35.10054,-84.92298
Lincoln Memorial University,Harrogate,TN,37752,"High-Risk, High-Aid Institutions",26150.0,26150.0,39096.0,0.3635,0.5436,0.5392,0.0,36.56735,-83.55422
The University of Tennessee Southern,Pulaski,TN,38478,"Middle-Tier, Mixed-Aid Institutions",10506.0,10506.0,25827.0,0.3304,0.3337,0.3566,0.0,35.21565,-87.01329
Maryville College,Maryville,TN,37804,"High-Risk, High-Aid Institutions",38514.0,38514.0,53162.0,0.3536,0.8073,0.4718,0.0,35.79228,-83.89311
University of Memphis,Memphis,TN,38152,"Middle-Tier, Mixed-Aid Institutions",10344.0,14784.0,25164.0,0.3996,0.3877,0.4942,0.0,35.11843,-89.93743
Middle Tennessee State University,Murfreesboro,TN,37132,"Middle-Tier, Mixed-Aid Institutions",9506.0,29042.0,22754.0,0.3137,0.3107,0.54,0.0,35.84873,-86.36284
Rhodes College,Memphis,TN,38112,"Elite, Low-Aid Institutions",54892.0,54892.0,68055.0,0.1508,0.2786,0.8164,0.0,35.14791,-89.97661
The University of the South,Sewanee,TN,37383,"Elite, Low-Aid Institutions",53698.0,53698.0,68704.0,0.1488,0.3013,0.8237,0.0,35.20984,-85.91373
Southern Adventist University,Collegedale,TN,37315,"Middle-Tier, Mixed-Aid Institutions",25590.0,25590.0,37875.0,0.3092,0.4372,0.5143,0.0,35.04722,-85.05158
Tennessee Wesleyan University,Athens,TN,37303,"High-Risk, High-Aid Institutions",29264.0,29264.0,36828.0,0.3843,0.5813,0.4363,0.0,35.4403,-84.64051
The University of Tennessee-Chattanooga,Chattanooga,TN,37403,"Middle-Tier, Mixed-Aid Institutions",10144.0,18208.0,23563.0,0.3247,0.384,0.5309,0.0,35.0476,-85.29448
The University of Tennessee-Knoxville,Knoxville,TN,37996,"Elite, Low-Aid Institutions",13484.0,31974.0,32658.0,0.2068,0.3009,0.735,0.0,,
The University of Tennessee-Martin,Martin,TN,38238,"Middle-Tier, Mixed-Aid Institutions",10208.0,16248.0,21628.0,0.3429,0.3338,0.5483,0.0,,
Tennessee State University,Nashville,TN,37209,"Middle-Tier, Mixed-Aid Institutions",8568.0,22284.0,23828.0,0.518,0.3924,0.3303,0.0,36.15591,-86.91638
Tennessee Technological University,Cookeville,TN,38505,"Middle-Tier, Mixed-Aid Institutions",10084.0,20116.0,25338.0,0.3103,0.3691,0.5423,0.0,36.17316,-85.50559
Trevecca Nazarene University,Nashville,TN,37210,"Middle-Tier, Mixed-Aid Institutions",29790.0,29790.0,38726.0,0.3049,0.4094,0.5481,0.0,36.1442,-86.73374
Tusculum University,Greeneville,TN,37743,"High-Risk, High-Aid Institutions",28500.0,28500.0,43172.0,0.4518,0.5327,0.3054,0.0,36.06663,-82.85659
Union University,Jackson,TN,38305,"Elite, Low-Aid Institutions",38450.0,38450.0,55790.0,0.2521,0.4705,0.7092,0.0,35.70108,-88.76779
Vanderbilt University,Nashville,TN,37240,"Elite, Low-Aid Institutions",63946.0,63946.0,84412.0,0.1851,0.105,0.9269,0.0,,
Abilene Christian University,Abilene,TX,79699,"Elite, Low-Aid Institutions",42380.0,42380.0,56121.0,0.2202,0.4223,0.6021,0.0,32.46221,-99.71502
Angelo State University,San Angelo,TX,76909,"Middle-Tier, Mixed-Aid Institutions",8319.0,18399.0,21625.0,0.2707,0.2525,0.4073,0.0,31.44135,-100.46624
Arlington Baptist University,Arlington,TX,76012,"High-Risk, High-Aid Institutions",19290.0,19290.0,32374.0,0.5509,0.8565,0.0455,0.0,32.75459,-97.13901
Austin College,Sherman,TX,75090,"Elite, Low-Aid Institutions",46500.0,46500.0,59654.0,0.3042,0.5176,0.6949,0.0,33.6054,-96.54657
Austin Community College District,Austin,TX,78752,"Middle-Tier, Mixed-Aid Institutions",2550.0,10590.0,11156.0,0.2309,0.3519,0.18,0.0,30.33141,-97.70364
Baylor University,Waco,TX,76798,"Elite, Low-Aid Institutions",54844.0,54844.0,70130.0,0.1298,0.3377,0.8016,0.0,31.54606,-97.12085
Remington College-Dallas Campus,Dallas,TX,75243,"High-Risk, High-Aid Institutions",23785.0,23785.0,34438.0,0.9204,0.8917,0.3762,0.0,32.91232,-96.73633
Brazosport College,Lake Jackson,TX,77566,"Middle-Tier, Mixed-Aid Institutions",2388.0,4711.0,8423.0,0.1763,0.0134,0.3867,0.0,29.04971,-95.47511
Concordia University Texas,Austin,TX,78726,"High-Risk, High-Aid Institutions",36690.0,36690.0,52098.0,0.3978,0.6629,0.4051,0.0,30.42898,-97.84254
Texas A & M University-Corpus Christi,Corpus Christi,TX,78412,"Middle-Tier, Mixed-Aid Institutions",9748.0,21033.0,24562.0,0.3965,0.434,0.3374,0.0,27.70364,-97.34264
Dallas Baptist University,Dallas,TX,75211,"Elite, Low-Aid Institutions",38140.0,38140.0,49343.0,0.239,0.3665,0.6041,0.0,32.73649,-96.90214
Dallas Christian College,Dallas,TX,75234,"High-Risk, High-Aid Institutions",20260.0,20260.0,32916.0,0.5219,0.6494,0.2391,0.0,32.92423,-96.88904
University of Dallas,Irving,TX,75062,"Elite, Low-Aid Institutions",50880.0,50880.0,64752.0,0.2636,0.4694,0.6802,0.0,32.847,-96.95813
Del Mar College,Corpus Christi,TX,78404,"Middle-Tier, Mixed-Aid Institutions",3440.0,6050.0,12022.0,0.3323,0.0533,0.128,0.0,27.76798,-97.39946
East Texas Baptist University,Marshall,TX,75670,"High-Risk, High-Aid Institutions",30050.0,30050.0,41833.0,0.3141,0.5307,0.4797,0.0,32.56456,-94.42326
Texas A&M University-Texarkana,Texarkana,TX,75503,"High-Risk, High-Aid Institutions",7930.0,20947.0,22143.0,0.5126,0.4966,0.312,0.0,33.51345,-94.13038
Texas A & M University-Commerce,Commerce,TX,75428,"Middle-Tier, Mixed-Aid Institutions",10026.0,22626.0,23663.0,0.405,0.3825,0.4593,0.0,33.27132,-95.91799
Dallas College,Dallas,TX,75215,"Middle-Tier, Mixed-Aid Institutions",2370.0,6000.0,9641.0,0.2291,0.0588,0.3553,0.0,32.75259,-96.76075
Galveston College,Galveston,TX,77550,"Middle-Tier, Mixed-Aid Institutions",2546.0,5726.0,14555.0,0.4181,0.114,0.3235,0.0,29.31021,-94.77706
Grayson College,Denison,TX,75020,"Middle-Tier, Mixed-Aid Institutions",2910.0,5850.0,12290.0,0.3136,0.0975,0.2007,0.0,33.77264,-96.60391
Hardin-Simmons University,Abilene,TX,79698,"High-Risk, High-Aid Institutions",31686.0,31686.0,45059.0,0.3838,0.8278,0.4956,0.0,,
Trinity Valley Community College,Athens,TX,75751,"Middle-Tier, Mixed-Aid Institutions",2640.0,5970.0,13707.0,0.3013,0.1334,0.2395,0.0,32.07875,-95.91661
Houston Christian University,Houston,TX,77074,"High-Risk, High-Aid Institutions",38100.0,38100.0,47605.0,0.5395,0.5625,0.498,0.0,29.68821,-95.51633
University of Houston-Clear Lake,Houston,TX,77058,"Middle-Tier, Mixed-Aid Institutions",7746.0,21330.0,23788.0,0.438,0.2884,0.5085,0.0,29.56297,-95.09303
Houston Community College,Houston,TX,77002,"Middle-Tier, Mixed-Aid Institutions",2040.0,5460.0,12065.0,0.3654,0.1605,0.1697,0.0,29.75635,-95.36538
University of Houston-Downtown,Houston,TX,77002,"Middle-Tier, Mixed-Aid Institutions",7708.0,17788.0,23017.0,0.5162,0.305,0.3376,0.0,29.75635,-95.36538
University of Houston-Victoria,Victoria,TX,77901,"Middle-Tier, Mixed-Aid Institutions",7499.0,17291.0,21179.0,0.4396,0.3847,0.2652,0.0,28.80629,-96.98553
University of Houston,Houston,TX,77204,"Middle-Tier, Mixed-Aid Institutions",9711.0,22191.0,25056.0,0.4089,0.319,0.6492,0.0,29.72168,-95.34356
Howard Payne University,Brownwood,TX,76801,"High-Risk, High-Aid Institutions",33322.0,33322.0,44579.0,0.4217,0.6611,0.3112,0.0,31.75471,-99.05462
Huston-Tillotson University,Austin,TX,78702,"High-Risk, High-Aid Institutions",14703.0,14703.0,25336.0,0.6236,0.7275,0.3607,0.0,30.26339,-97.7144
University of the Incarnate Word,San Antonio,TX,78209,"High-Risk, High-Aid Institutions",35660.0,35660.0,45850.0,0.4293,0.7481,0.5184,0.0,29.48899,-98.45675
Jarvis Christian University,Hawkins,TX,75765,"High-Risk, High-Aid Institutions",11720.0,11720.0,25054.0,0.5226,0.4842,0.1508,0.0,32.64119,-95.2359
Lamar University,Beaumont,TX,77705,"Middle-Tier, Mixed-Aid Institutions",8690.0,18482.0,21626.0,0.438,0.4115,0.3718,0.0,29.90652,-94.16961
Laredo College,Laredo,TX,78040,"Middle-Tier, Mixed-Aid Institutions",3300.0,5748.0,11323.0,0.3847,0.0,0.3054,0.1,27.51349,-99.50232
Texas A & M International University,Laredo,TX,78041,"Middle-Tier, Mixed-Aid Institutions",7846.0,19382.0,14767.0,0.6333,0.2798,0.4892,0.0,27.55489,-99.46889
LeTourneau University,Longview,TX,75602,"Elite, Low-Aid Institutions",35500.0,35500.0,48206.0,0.134,0.243,0.6111,0.0,32.45803,-94.65712
Lubbock Christian University,Lubbock,TX,79407,"High-Risk, High-Aid Institutions",27298.0,27298.0,40493.0,0.3306,0.7504,0.4871,0.0,33.56566,-102.08895
College of the Mainland,Texas City,TX,77591,"Middle-Tier, Mixed-Aid Institutions",1773.0,3873.0,8014.0,0.2764,0.0335,0.2825,0.0,29.39971,-95.00074
University of Mary Hardin-Baylor,Belton,TX,76513,"High-Risk, High-Aid Institutions",33150.0,33150.0,45235.0,0.3685,0.6276,0.534,0.0,31.05777,-97.50369
McMurry University,Abilene,TX,79697,"High-Risk, High-Aid Institutions",31372.0,31372.0,43087.0,0.4492,0.6044,0.3862,0.0,,
Midland College,Midland,TX,79705,"Middle-Tier, Mixed-Aid Institutions",3030.0,6030.0,12519.0,0.1919,0.0254,0.1713,0.0,32.09619,-102.0508
Midwestern State University,Wichita Falls,TX,76308,"Middle-Tier, Mixed-Aid Institutions",10310.0,12260.0,22411.0,0.4004,0.4209,0.4128,0.0,33.85684,-98.5378
Wade College,Dallas,TX,75207,"High-Risk, High-Aid Institutions",17692.0,17692.0,28347.0,0.6815,0.7771,0.4545,0.0,32.78693,-96.82181
Navarro College,Corsicana,TX,75110,"Middle-Tier, Mixed-Aid Institutions",3008.0,6578.0,17659.0,0.3177,0.1945,0.2395,0.0,32.08071,-96.52344
Lone Star College System,The Woodlands,TX,77381,"Middle-Tier, Mixed-Aid Institutions",3090.0,8700.0,14637.0,0.2308,0.0786,0.185,0.0,30.17791,-95.50266
University of North Texas,Denton,TX,76203,"Middle-Tier, Mixed-Aid Institutions",11164.0,21244.0,25470.0,0.3608,0.391,0.5957,0.0,33.21213,-97.15181
Odessa College,Odessa,TX,79764,"Middle-Tier, Mixed-Aid Institutions",2640.0,4806.0,12315.0,0.2553,0.0288,0.2794,0.0,31.88546,-102.47378
Our Lady of the Lake University,San Antonio,TX,78207,"High-Risk, High-Aid Institutions",31728.0,31728.0,42137.0,0.5749,0.646,0.4243,0.0,29.42223,-98.52545
The University of Texas Rio Grande Valley,Edinburg,TX,78539,"Middle-Tier, Mixed-Aid Institutions",9859.0,19939.0,18343.0,0.6376,0.2558,0.4927,0.0,26.28,-98.18311
Paul Quinn College,Dallas,TX,75241,"High-Risk, High-Aid Institutions",13498.0,13498.0,24912.0,0.6976,0.5571,0.381,0.0,32.667,-96.75903
Prairie View A & M University,Prairie View,TX,77446,"High-Risk, High-Aid Institutions",11299.0,26874.0,25958.0,0.6244,0.5808,0.4322,0.0,30.0871,-95.9895
Rice University,Houston,TX,77005,"Elite, Low-Aid Institutions",58128.0,58128.0,74110.0,0.1607,0.0625,0.9569,0.0,29.71824,-95.42413
Saint Edward's University,Austin,TX,78704,"Elite, Low-Aid Institutions",51384.0,51384.0,64975.0,0.3947,0.4814,0.6418,0.0,30.24298,-97.76537
University of St Thomas,Houston,TX,77006,"Elite, Low-Aid Institutions",33660.0,33660.0,44151.0,0.3792,0.3625,0.6862,0.0,29.74086,-95.39126
University of St Thomas,Houston,TX,77006,"Elite, Low-Aid Institutions",33660.0,33660.0,44151.0,0.3792,0.3625,0.6862,0.0,29.74086,-95.39126
Sam Houston State University,Huntsville,TX,77340,"Middle-Tier, Mixed-Aid Institutions",9228.0,19020.0,24517.0,0.3985,0.4631,0.5507,0.0,30.64601,-95.53441
San Antonio College,San Antonio,TX,78212,"Middle-Tier, Mixed-Aid Institutions",3412.0,14422.0,11576.0,0.3369,0.0513,0.2206,0.0,29.46447,-98.49222
San Jacinto Community College,Pasadena,TX,77505,"Middle-Tier, Mixed-Aid Institutions",1992.0,5352.0,14990.0,0.303,0.0232,0.3439,0.0,29.64895,-95.14284
Schreiner University,Kerrville,TX,78028,"High-Risk, High-Aid Institutions",37396.0,37396.0,46294.0,0.4381,0.6576,0.437,0.0,30.04115,-99.16276
St. Mary's University,San Antonio,TX,78228,"High-Risk, High-Aid Institutions",36242.0,36242.0,46368.0,0.4203,0.5217,0.5879,0.0,29.46072,-98.57201
Southern Methodist University,Dallas,TX,75275,"Elite, Low-Aid Institutions",64460.0,64460.0,82532.0,0.1186,0.2174,0.8325,0.0,,
Southwestern Assemblies of God University,Waxahachie,TX,75165,"High-Risk, High-Aid Institutions",18610.0,18610.0,32765.0,0.495,0.6372,0.3553,0.0,32.36687,-96.79677
Southwestern University,Georgetown,TX,78626,"Elite, Low-Aid Institutions",51058.0,51058.0,63645.0,0.2313,0.4302,0.6934,0.0,30.66664,-97.59878
Stephen F Austin State University,Nacogdoches,TX,75961,"Middle-Tier, Mixed-Aid Institutions",10600.0,20680.0,24231.0,0.3679,0.4294,0.5175,0.0,31.5576,-94.51098
Texas State University,San Marcos,TX,78666,"Middle-Tier, Mixed-Aid Institutions",11450.0,23210.0,26348.0,0.3615,0.4259,0.5617,0.0,29.8826,-97.97974
Southwestern Adventist University,Keene,TX,76059,"High-Risk, High-Aid Institutions",24588.0,24588.0,35804.0,0.3885,0.5602,0.4109,0.0,32.3921,-97.32897
Southwestern Christian College,Terrell,TX,75160,"Middle-Tier, Mixed-Aid Institutions",12121.0,12121.0,21900.0,0.9057,0.0283,0.4918,0.045,32.76466,-96.29835
Sul Ross State University,Alpine,TX,79832,"Middle-Tier, Mixed-Aid Institutions",7592.0,17384.0,23759.0,0.5161,0.38,0.2744,0.0,30.36316,-103.64934
Tarleton State University,Stephenville,TX,76401,"Middle-Tier, Mixed-Aid Institutions",7878.0,17958.0,22981.0,0.3711,0.4548,0.5123,0.0,32.27918,-98.19994
Texas A & M University-Kingsville,Kingsville,TX,78363,"High-Risk, High-Aid Institutions",9892.0,26106.0,22262.0,0.5455,0.4648,0.4559,0.0,27.43836,-97.85532
Texas A & M University-College Station,College Station,TX,77843,"Elite, Low-Aid Institutions",13099.0,40328.0,32085.0,0.1923,0.2634,0.8378,0.0,30.61527,-96.34027
The University of Texas at Arlington,Arlington,TX,76013,"Middle-Tier, Mixed-Aid Institutions",11728.0,29660.0,25265.0,0.3958,0.3281,0.5652,0.0,32.72027,-97.15652
The University of Texas at Austin,Austin,TX,78705,"Elite, Low-Aid Institutions",11678.0,42778.0,29842.0,0.2511,0.2706,0.8764,0.0,30.2947,-97.739
The University of Texas at Dallas,Richardson,TX,75080,"Middle-Tier, Mixed-Aid Institutions",14564.0,40064.0,28210.0,0.2973,0.3528,0.7083,0.0,32.97382,-96.7416
The University of Texas at El Paso,El Paso,TX,79968,"Middle-Tier, Mixed-Aid Institutions",9744.0,25512.0,19327.0,0.606,0.2946,0.4595,0.0,,
The University of Texas at Tyler,Tyler,TX,75799,"Middle-Tier, Mixed-Aid Institutions",9920.0,25198.0,23669.0,0.3796,0.3266,0.4677,0.0,,
Texas Christian University,Fort Worth,TX,76129,"Elite, Low-Aid Institutions",57220.0,57220.0,72778.0,0.1347,0.2505,0.8561,0.0,32.70934,-97.36255
Texas College,Tyler,TX,75702,"High-Risk, High-Aid Institutions",10008.0,10008.0,20832.0,0.8536,0.6293,0.1069,0.0,32.36403,-95.31207
Texas Lutheran University,Seguin,TX,78155,"High-Risk, High-Aid Institutions",34920.0,34920.0,47548.0,0.3763,0.6593,0.5518,0.0,29.53305,-97.93832
The University of Texas Permian Basin,Odessa,TX,79762,"Middle-Tier, Mixed-Aid Institutions",10904.0,23212.0,21727.0,0.356,0.2983,0.4298,0.0,31.92573,-102.35502
The University of Texas at San Antonio,San Antonio,TX,78249,"Middle-Tier, Mixed-Aid Institutions",8991.0,21965.0,21474.0,0.4225,0.4257,0.5119,0.0,29.56752,-98.614
Texas Southern University,Houston,TX,77004,"High-Risk, High-Aid Institutions",9173.0,21773.0,24899.0,0.713,0.6527,0.1989,0.0,29.72477,-95.36498
Texas Tech University,Lubbock,TX,79409,"Middle-Tier, Mixed-Aid Institutions",11852.0,24451.0,27472.0,0.2575,0.4348,0.6747,0.0,,
Texas Wesleyan University,Fort Worth,TX,76105,"High-Risk, High-Aid Institutions",37934.0,37934.0,50619.0,0.4114,0.4279,0.3235,0.0,32.72327,-97.26999
Texas Woman's University,Denton,TX,76204,"Middle-Tier, Mixed-Aid Institutions",8648.0,18720.0,20399.0,0.4045,0.3909,0.4421,0.0,,
Trinity University,San Antonio,TX,78212,"Elite, Low-Aid Institutions",51352.0,51352.0,65774.0,0.164,0.2918,0.8193,0.0,29.46447,-98.49222
Tyler Junior College,Tyler,TX,75701,"Middle-Tier, Mixed-Aid Institutions",3112.0,5752.0,15881.0,0.3562,0.2001,0.2669,0.0,32.32297,-95.29679
Wayland Baptist University,Plainview,TX,79072,"High-Risk, High-Aid Institutions",23186.0,23186.0,34762.0,0.3952,0.4338,0.1919,0.0,34.1719,-101.745
Weatherford College,Weatherford,TX,76086,"Middle-Tier, Mixed-Aid Institutions",4560.0,9630.0,15148.0,0.1943,0.1447,0.2283,0.0,32.75345,-97.78909
West Texas A & M University,Canyon,TX,79016,"Middle-Tier, Mixed-Aid Institutions",9101.0,10996.0,23383.0,0.3933,0.382,0.4731,0.0,34.98338,-101.9148
Wiley University,Marshall,TX,75670,"High-Risk, High-Aid Institutions",12500.0,12500.0,20322.0,0.7708,0.6218,0.2,0.0,32.56456,-94.42326
Brigham Young University,Provo,UT,84602,"Middle-Tier, Mixed-Aid Institutions",6496.0,6496.0,20879.0,0.3229,0.1163,0.8221,0.0,40.25412,-111.65009
Brigham Young University-Hawaii,Laie,HI,96762,"Middle-Tier, Mixed-Aid Institutions",6438.0,6438.0,22970.0,0.2969,0.2095,0.5439,0.0,21.62468,-157.94201
Utah Tech University,Saint George,UT,84770,"Middle-Tier, Mixed-Aid Institutions",6074.0,17644.0,19660.0,0.223,0.1661,0.3421,0.0,37.13818,-113.6294
Eagle Gate College-Murray,Murray,UT,84123,"High-Risk, High-Aid Institutions",16491.0,16491.0,33925.0,0.4828,0.6935,0.5278,0.0,40.65837,-111.92177
Ensign College,Salt Lake City,UT,84101,"Middle-Tier, Mixed-Aid Institutions",3888.0,3888.0,13892.0,0.1134,0.0306,0.3109,0.0,40.75628,-111.89996
Snow College,Ephraim,UT,84627,"Middle-Tier, Mixed-Aid Institutions",4564.0,14130.0,12190.0,0.2088,0.1244,0.4665,0.0,39.35515,-111.58457
Southern Utah University,Cedar City,UT,84720,"Middle-Tier, Mixed-Aid Institutions",6770.0,20586.0,19512.0,0.2421,0.1726,0.5899,0.0,37.55477,-113.25665
Utah State University,Logan,UT,84322,"Middle-Tier, Mixed-Aid Institutions",9228.0,24802.0,21050.0,0.2569,0.1925,0.5732,0.0,41.75822,-111.81256
Utah Valley University,Orem,UT,84058,"Middle-Tier, Mixed-Aid Institutions",6270.0,17830.0,15172.0,0.2337,0.0895,0.4074,0.0,40.27474,-111.71468
University of Utah,Salt Lake City,UT,84112,"Middle-Tier, Mixed-Aid Institutions",9315.0,29837.0,21799.0,0.201,0.215,0.6391,0.0,40.7652,-111.84123
Weber State University,Ogden,UT,84408,"Middle-Tier, Mixed-Aid Institutions",6391.0,17084.0,16172.0,0.1642,0.1068,0.4298,0.0,41.19252,-111.93966
Westminster University,Salt Lake City,UT,84105,"Elite, Low-Aid Institutions",41416.0,41416.0,56801.0,0.2508,0.6608,0.6936,0.0,40.73841,-111.85982
Bennington College,Bennington,VT,05201,"Elite, Low-Aid Institutions",64644.0,64644.0,82968.0,0.2124,0.4942,0.6667,0.0,42.87652,-73.1426
Champlain College,Burlington,VT,05401,"Elite, Low-Aid Institutions",45550.0,45550.0,63000.0,0.2314,0.5134,0.6301,0.0,44.47484,-73.21758
Goddard College,Plainfield,VT,05667,"High-Risk, High-Aid Institutions",19568.0,19568.0,36263.0,0.5268,0.6875,0.75,0.0,44.28122,-72.3986
Middlebury College,Middlebury,VT,05753,"Elite, Low-Aid Institutions",65280.0,65280.0,82260.0,0.1673,0.2279,0.9259,0.0,43.9991,-73.17403
Norwich University,Northfield,VT,05663,"Elite, Low-Aid Institutions",49600.0,49600.0,65098.0,0.2445,0.459,0.6103,0.0,44.14946,-72.67239
Saint Michael's College,Colchester,VT,05439,"Elite, Low-Aid Institutions",50040.0,50040.0,67174.0,0.177,0.5831,0.6887,0.0,44.49573,-73.16524
Sterling College,Craftsbury Common,VT,05827,"High-Risk, High-Aid Institutions",40760.0,40760.0,52300.0,0.3465,0.3564,0.4286,0.009,44.68135,-72.36198
Sterling College,Craftsbury Common,VT,05827,"Middle-Tier, Mixed-Aid Institutions",40760.0,40760.0,52300.0,0.3465,0.3564,0.4286,0.009,44.68135,-72.36198
Vermont State University,Randolph,VT,05061,"High-Risk, High-Aid Institutions",11400.0,21408.0,30074.0,0.3148,0.5528,0.4894,0.0,43.93023,-72.58087
University of Vermont,Burlington,VT,05405,"Elite, Low-Aid Institutions",18890.0,43890.0,35116.0,0.1283,0.384,0.7856,0.0,44.47475,-73.19649
Averett University,Danville,VA,24541,"High-Risk, High-Aid Institutions",38550.0,38550.0,51456.0,0.3904,0.6754,0.4357,0.0,36.59072,-79.51572
Bluefield University,Bluefield,VA,24605,"High-Risk, High-Aid Institutions",29696.0,29696.0,41806.0,0.4567,0.6199,0.2714,0.0,37.24093,-81.36123
Bridgewater College,Bridgewater,VA,22812,"Elite, Low-Aid Institutions",41350.0,41350.0,56195.0,0.2939,0.6477,0.4944,0.0,38.37934,-79.03836
William & Mary,Williamsburg,VA,23187,"Elite, Low-Aid Institutions",25040.0,49412.0,41118.0,0.1208,0.2335,0.9101,0.0,,
Regent University,Virginia Beach,VA,23464,"High-Risk, High-Aid Institutions",20686.0,20686.0,30550.0,0.48,0.574,0.5409,0.0,36.79732,-76.17899
Christopher Newport University,Newport News,VA,23606,"Elite, Low-Aid Institutions",16351.0,30988.0,32242.0,0.1457,0.3648,0.7508,0.0,37.07847,-76.49557
Bryant & Stratton College-Virginia Beach,Virginia Beach,VA,23462,"High-Risk, High-Aid Institutions",18457.0,18457.0,22769.0,0.6187,0.7605,0.281,0.0,36.8366,-76.15105
Emory & Henry University,Emory,VA,24327,"High-Risk, High-Aid Institutions",35280.0,35280.0,52311.0,0.4085,0.659,0.5375,0.0,36.77357,-81.82971
Eastern Mennonite University,Harrisonburg,VA,22802,"Elite, Low-Aid Institutions",41860.0,41860.0,54378.0,0.2691,0.5538,0.4709,0.0,38.50016,-78.8585
Ferrum College,Ferrum,VA,24088,"High-Risk, High-Aid Institutions",38320.0,38320.0,54506.0,0.4651,0.7481,0.2886,0.0,36.89492,-80.0798
George Mason University,Fairfax,VA,22030,"Middle-Tier, Mixed-Aid Institutions",13815.0,39397.0,26972.0,0.2951,0.3425,0.6932,0.0,38.83891,-77.34188
Hampden-Sydney College,Hampden-Sydney,VA,23943,"Elite, Low-Aid Institutions",52388.0,52388.0,67129.0,0.22,0.48,0.6527,0.0,37.24181,-78.46041
Hampton University,Hampton,VA,23668,"High-Risk, High-Aid Institutions",29162.0,29162.0,45968.0,0.3806,0.5636,0.5567,0.0,37.02034,-76.33839
Hollins University,Roanoke,VA,24020,"Elite, Low-Aid Institutions",42260.0,42260.0,57481.0,0.3314,0.589,0.6968,0.0,37.35739,-79.94279
James Madison University,Harrisonburg,VA,22807,"Elite, Low-Aid Institutions",13576.0,30790.0,30213.0,0.1683,0.3042,0.8089,0.0,38.43495,-78.86736
Liberty University,Lynchburg,VA,24515,"Elite, Low-Aid Institutions",21222.0,21222.0,41707.0,0.3908,0.4902,0.6348,0.0,37.35261,-79.17827
Longwood University,Farmville,VA,23909,"Elite, Low-Aid Institutions",15200.0,27410.0,32870.0,0.26,0.4943,0.616,0.0,37.29891,-78.39635
University of Lynchburg,Lynchburg,VA,24501,"Elite, Low-Aid Institutions",35540.0,35540.0,48300.0,0.2731,0.5802,0.6162,0.0,37.35565,-79.15608
Centra College,Lynchburg,VA,24501,"Elite, Low-Aid Institutions",12263.0,12263.0,31771.0,0.4367,0.738,1.0,0.0,37.35565,-79.15608
Mary Baldwin University,Staunton,VA,24401,"High-Risk, High-Aid Institutions",33157.0,33157.0,44435.0,0.4833,0.6644,0.5566,0.0,38.13257,-79.08846
University of Mary Washington,Fredericksburg,VA,22401,"Middle-Tier, Mixed-Aid Institutions",14559.0,31479.0,29234.0,0.2024,0.3075,0.6738,0.0,38.29928,-77.48704
Marymount University,Arlington,VA,22207,"Elite, Low-Aid Institutions",39050.0,39050.0,55748.0,0.2211,0.3503,0.5789,0.0,38.90665,-77.12384
American National University,Salem,VA,24153,"High-Risk, High-Aid Institutions",10735.0,10735.0,24065.0,0.7147,0.8095,0.2632,0.0,37.29674,-80.11609
Norfolk State University,Norfolk,VA,23504,"High-Risk, High-Aid Institutions",9910.0,21412.0,26093.0,0.6219,0.5827,0.3267,0.0,36.85677,-76.26568
Old Dominion University,Norfolk,VA,23529,"Middle-Tier, Mixed-Aid Institutions",12262.0,32662.0,27180.0,0.3694,0.4217,0.4435,0.0,,
Radford University,Radford,VA,24142,"High-Risk, High-Aid Institutions",12286.0,25185.0,26681.0,0.3537,0.5514,0.4962,0.0,37.13833,-80.55084
Randolph-Macon College,Ashland,VA,23005,"Elite, Low-Aid Institutions",48002.0,48002.0,61174.0,0.202,0.5819,0.746,0.0,37.75982,-77.4826
Randolph College,Lynchburg,VA,24503,"High-Risk, High-Aid Institutions",29010.0,29010.0,43838.0,0.4059,0.5628,0.5149,0.0,37.45272,-79.24286
University of Richmond,University of Richmond,VA,23173,"Elite, Low-Aid Institutions",62600.0,62600.0,77290.0,0.1755,0.3335,0.8784,0.0,37.57677,-77.54069
Riverside College of Health Careers,Newport News,VA,23601,"High-Risk, High-Aid Institutions",14875.0,14875.0,29743.0,0.4792,0.7348,0.625,0.0,37.05862,-76.46414
Roanoke College,Salem,VA,24153,"Elite, Low-Aid Institutions",36774.0,36774.0,54059.0,0.2432,0.8094,0.6589,0.0,37.29674,-80.11609
Shenandoah University,Winchester,VA,22601,"Elite, Low-Aid Institutions",36028.0,36028.0,50500.0,0.1865,0.5847,0.7055,0.0,39.1743,-78.1743
Southern Virginia University,Buena Vista,VA,24416,"High-Risk, High-Aid Institutions",20040.0,20040.0,33066.0,0.4329,0.5563,0.3829,0.0,37.72892,-79.35534
Sweet Briar College,Sweet Briar,VA,24595,"High-Risk, High-Aid Institutions",25110.0,25110.0,41832.0,0.3129,0.5055,0.481,0.0,37.55904,-79.08421
University of Virginia's College at Wise,Wise,VA,24293,"Middle-Tier, Mixed-Aid Institutions",11656.0,32540.0,24315.0,0.3298,0.2148,0.4981,0.0,37.00559,-82.56458
Virginia Polytechnic Institute and State University,Blacksburg,VA,24061,"Elite, Low-Aid Institutions",15478.0,36694.0,32040.0,0.1501,0.3426,0.8628,0.0,37.22539,-80.42658
Virginia Commonwealth University,Richmond,VA,23284,"Elite, Low-Aid Institutions",16458.0,39042.0,34346.0,0.2971,0.4173,0.6538,0.0,37.54759,-77.45273
University of Virginia-Main Campus,Charlottesville,VA,22903,"Elite, Low-Aid Institutions",20986.0,58014.0,38132.0,0.1371,0.2041,0.953,0.0,38.01239,-78.60159
Virginia Military Institute,Lexington,VA,24450,"Elite, Low-Aid Institutions",20484.0,51186.0,33738.0,0.1647,0.5992,0.818,0.0,37.77883,-79.53888
Virginia University of Lynchburg,Lynchburg,VA,24501,"High-Risk, High-Aid Institutions",9248.0,9248.0,25548.0,0.7853,0.7423,0.2609,0.0,37.35565,-79.15608
Virginia State University,Petersburg,VA,23806,"High-Risk, High-Aid Institutions",9755.0,22006.0,24173.0,0.71,0.7567,0.4072,0.0,,
Virginia Union University,Richmond,VA,23220,"High-Risk, High-Aid Institutions",14880.0,14880.0,34960.0,0.5064,0.456,0.4133,0.0,37.54923,-77.46012
Virginia Wesleyan University,Virginia Beach,VA,23455,"Elite, Low-Aid Institutions",36960.0,36960.0,51192.0,0.2617,0.476,0.4905,0.0,36.88974,-76.1441
Washington and Lee University,Lexington,VA,24450,"Elite, Low-Aid Institutions",64525.0,64525.0,82990.0,0.1109,0.1505,0.949,0.0,37.77883,-79.53888
Bellevue College,Bellevue,WA,98007,"Middle-Tier, Mixed-Aid Institutions",4305.0,10183.0,19798.0,0.0977,0.0319,0.335,0.0,47.61392,-122.14378
Bellingham Technical College,Bellingham,WA,98225,"Middle-Tier, Mixed-Aid Institutions",4226.0,5555.0,14885.0,0.3113,0.0864,0.4545,0.0,48.75461,-122.50307
Big Bend Community College,Moses Lake,WA,98837,"Middle-Tier, Mixed-Aid Institutions",4909.0,5443.0,19691.0,0.2944,0.0674,0.3667,0.0,47.14809,-119.3163
Central Washington University,Ellensburg,WA,98926,"Middle-Tier, Mixed-Aid Institutions",9192.0,26771.0,25148.0,0.3114,0.3568,0.4985,0.0,46.99054,-120.34902
City University of Seattle,Seattle,WA,98121,"Middle-Tier, Mixed-Aid Institutions",14589.0,14589.0,35049.0,0.1284,0.1437,0.1667,0.0,47.61548,-122.34668
Clark College,Vancouver,WA,98663,"Middle-Tier, Mixed-Aid Institutions",4632.0,10380.0,17485.0,0.2211,0.1952,0.3574,0.0,45.65449,-122.66228
Clover Park Technical College,Lakewood,WA,98499,"Middle-Tier, Mixed-Aid Institutions",6634.0,6634.0,13974.0,0.1797,0.0506,0.4066,0.0,47.16662,-122.50624
Columbia Basin College,Pasco,WA,99301,"Middle-Tier, Mixed-Aid Institutions",6194.0,8239.0,17357.0,0.2406,0.0349,0.2765,0.0,46.39184,-118.93509
Cornish College of the Arts,Seattle,WA,98121,"High-Risk, High-Aid Institutions",39913.0,39913.0,55150.0,0.3002,0.7291,0.5198,0.0,47.61548,-122.34668
Eastern Washington University,Cheney,WA,99004,"High-Risk, High-Aid Institutions",8353.0,25892.0,22772.0,0.3451,0.6753,0.4721,0.0,47.40869,-117.63575
Edmonds College,Lynnwood,WA,98036,"Middle-Tier, Mixed-Aid Institutions",4669.0,10553.0,20380.0,0.1457,0.0285,0.3315,0.0,47.81094,-122.28155
Everett Community College,Everett,WA,98201,"Middle-Tier, Mixed-Aid Institutions",4301.0,10180.0,19569.0,0.1574,0.0332,0.3826,0.0,47.99373,-122.18563
The Evergreen State College,Olympia,WA,98505,"Middle-Tier, Mixed-Aid Institutions",8999.0,30980.0,25934.0,0.4108,0.406,0.4356,0.0,47.07321,-122.97358
Pierce College District,Lakewood,WA,98498,"Middle-Tier, Mixed-Aid Institutions",4686.0,5211.0,17048.0,0.2019,0.1058,0.3122,0.0,47.16001,-122.55971
Gonzaga University,Spokane,WA,99258,"Elite, Low-Aid Institutions",53500.0,53500.0,69290.0,0.1326,0.36,0.8687,0.0,47.66612,-117.40246
Grays Harbor College,Aberdeen,WA,98520,"Middle-Tier, Mixed-Aid Institutions",4751.0,10629.0,13677.0,0.2814,0.0502,0.3156,0.0,46.99478,-123.81054
Green River College,Auburn,WA,98092,"Middle-Tier, Mixed-Aid Institutions",4580.0,5105.0,20074.0,0.1943,0.0873,0.4121,0.0,47.28851,-122.13123
Heritage University,Toppenish,WA,98948,"Middle-Tier, Mixed-Aid Institutions",19920.0,19920.0,29632.0,0.6269,0.3166,0.3981,0.0,46.23067,-120.37168
Highline College,Des Moines,WA,98198,"Middle-Tier, Mixed-Aid Institutions",4623.0,5156.0,19642.0,0.1712,0.0177,0.3862,0.0,47.39469,-122.31111
Lake Washington Institute of Technology,Kirkland,WA,98034,"Middle-Tier, Mixed-Aid Institutions",5156.0,11017.0,15351.0,0.1197,0.0451,0.3985,0.0,47.71612,-122.21332
Lower Columbia College,Longview,WA,98632,"Middle-Tier, Mixed-Aid Institutions",4346.0,5633.0,16748.0,0.3113,0.1807,0.25,0.0,46.21223,-123.06855
North Seattle College,Seattle,WA,98103,"Middle-Tier, Mixed-Aid Institutions",5058.0,5547.0,16377.0,0.1365,0.022,0.3243,0.0,47.6732,-122.34258
Northwest University,Kirkland,WA,98083,"Elite, Low-Aid Institutions",36035.0,36035.0,48442.0,0.2306,0.7333,0.6349,0.0,,
Olympic College,Bremerton,WA,98337,"Middle-Tier, Mixed-Aid Institutions",4197.0,9740.0,15380.0,0.1645,0.0434,0.3403,0.0,47.56345,-122.63405
Pacific Lutheran University,Tacoma,WA,98447,"Elite, Low-Aid Institutions",50964.0,50964.0,62921.0,0.3277,0.4398,0.7099,0.0,47.14531,-122.44392
Peninsula College,Port Angeles,WA,98362,"Middle-Tier, Mixed-Aid Institutions",4586.0,5111.0,13974.0,0.3076,0.0745,0.4063,0.0,48.01639,-123.31951
University of Puget Sound,Tacoma,WA,98416,"Elite, Low-Aid Institutions",59900.0,59900.0,75509.0,0.1671,0.4287,0.6791,0.0,47.26271,-122.48196
Renton Technical College,Renton,WA,98056,"Middle-Tier, Mixed-Aid Institutions",6723.0,7257.0,15067.0,0.18,0.0391,0.55,0.0,47.51281,-122.18923
Saint Martin's University,Lacey,WA,98503,"Elite, Low-Aid Institutions",44210.0,44210.0,56353.0,0.3978,0.5927,0.5709,0.0,47.02528,-122.799
South Seattle College,Seattle,WA,98106,"Middle-Tier, Mixed-Aid Institutions",4865.0,5354.0,15497.0,0.0981,0.0086,0.2625,0.0,47.54339,-122.35366
Seattle Central College,Seattle,WA,98122,"Middle-Tier, Mixed-Aid Institutions",4865.0,5354.0,15104.0,0.2147,0.0391,0.3141,0.0,47.60985,-122.29569
Seattle Pacific University,Seattle,WA,98119,"Elite, Low-Aid Institutions",38814.0,38814.0,53986.0,0.3318,0.5148,0.6215,0.0,47.63943,-122.36932
Seattle University,Seattle,WA,98122,"Elite, Low-Aid Institutions",54285.0,54285.0,68633.0,0.2161,0.461,0.7331,0.0,47.60985,-122.29569
Skagit Valley College,Mount Vernon,WA,98273,"Middle-Tier, Mixed-Aid Institutions",5620.0,7561.0,14326.0,0.2819,0.0583,0.336,0.0,48.40522,-122.36841
Spokane Community College,Spokane,WA,99217,"Middle-Tier, Mixed-Aid Institutions",4057.0,5494.0,14083.0,0.2775,0.1992,0.3726,0.0,47.7406,-117.26241
Spokane Falls Community College,Spokane,WA,99224,"Middle-Tier, Mixed-Aid Institutions",4058.0,5494.0,14536.0,0.2909,0.191,0.3039,0.0,47.64729,-117.53552
Tacoma Community College,Tacoma,WA,98466,"Middle-Tier, Mixed-Aid Institutions",4920.0,11030.0,16197.0,0.2432,0.133,0.3277,0.0,47.22842,-122.53479
Walla Walla Community College,Walla Walla,WA,99362,"Middle-Tier, Mixed-Aid Institutions",6513.0,7967.0,17580.0,0.2896,0.1304,0.4746,0.0,46.08727,-118.31269
Walla Walla University,College Place,WA,99324,"Elite, Low-Aid Institutions",33027.0,33027.0,44075.0,0.2515,0.4854,0.6416,0.0,46.04376,-118.38542
Washington State University,Pullman,WA,99164,"Middle-Tier, Mixed-Aid Institutions",12997.0,29073.0,27176.0,0.2559,0.3083,0.6164,0.0,,
University of Washington-Seattle Campus,Seattle,WA,98195,"Elite, Low-Aid Institutions",12643.0,41997.0,30282.0,0.1546,0.1579,0.837,0.0,47.65466,-122.30752
Wenatchee Valley College,Wenatchee,WA,98801,"Middle-Tier, Mixed-Aid Institutions",5118.0,5652.0,20346.0,0.2705,0.0423,0.3955,0.0,47.43183,-120.34356
Western Washington University,Bellingham,WA,98225,"Middle-Tier, Mixed-Aid Institutions",9286.0,27853.0,28305.0,0.2076,0.2816,0.6555,0.0,48.75461,-122.50307
Whatcom Community College,Bellingham,WA,98226,"Middle-Tier, Mixed-Aid Institutions",5146.0,11096.0,18173.0,0.1859,0.0482,0.3643,0.0,48.80064,-122.42299
Whitman College,Walla Walla,WA,99362,"Elite, Low-Aid Institutions",61492.0,61492.0,75042.0,0.1467,0.3637,0.8098,0.0,46.08727,-118.31269
Whitworth University,Spokane,WA,99251,"Elite, Low-Aid Institutions",50920.0,50920.0,65711.0,0.2799,0.5364,0.6839,0.0,47.75385,-117.41797
Yakima Valley College,Yakima,WA,98907,"Middle-Tier, Mixed-Aid Institutions",5163.0,5697.0,19374.0,0.3794,0.0784,0.3377,0.0,,
Appalachian Bible College,Mount Hope,WV,25880,"Middle-Tier, Mixed-Aid Institutions",18230.0,18230.0,29451.0,0.4091,0.2091,0.7561,0.0,37.87672,-81.20095
Bethany College,Bethany,WV,26032,"High-Risk, High-Aid Institutions",34816.0,34816.0,49137.0,0.4097,0.6839,0.4625,0.0,40.18646,-80.55024
Bethany College,Bethany,WV,26032,"High-Risk, High-Aid Institutions",34816.0,34816.0,49137.0,0.4097,0.6839,0.4625,0.0,40.18646,-80.55024
Bluefield State University,Bluefield,WV,24701,"High-Risk, High-Aid Institutions",10240.0,17560.0,20747.0,0.4075,0.5347,0.3456,0.0,37.29929,-81.2065
University of Charleston,Charleston,WV,25304,"Middle-Tier, Mixed-Aid Institutions",32842.0,32842.0,44031.0,0.2863,0.3374,0.4633,0.0,38.30521,-81.59044
Concord University,Athens,WV,24712,"Middle-Tier, Mixed-Aid Institutions",9700.0,20600.0,18969.0,0.4682,0.456,0.4225,0.0,37.46903,-81.02029
Davis & Elkins College,Elkins,WV,26241,"High-Risk, High-Aid Institutions",31270.0,31270.0,44322.0,0.4031,0.6538,0.366,0.0,38.9163,-79.79229
Fairmont State University,Fairmont,WV,26554,"Middle-Tier, Mixed-Aid Institutions",8454.0,18372.0,18091.0,0.3304,0.4131,0.4832,0.0,39.46475,-80.11461
Glenville State University,Glenville,WV,26351,"Middle-Tier, Mixed-Aid Institutions",9412.0,11140.0,22974.0,0.4204,0.3507,0.3549,0.0,38.92846,-80.84479
Marshall University,Huntington,WV,25755,"Middle-Tier, Mixed-Aid Institutions",8942.0,20294.0,21299.0,0.3784,0.4534,0.4869,0.0,38.42359,-82.42796
West Virginia University at Parkersburg,Parkersburg,WV,26104,"Middle-Tier, Mixed-Aid Institutions",4420.0,9124.0,10643.0,0.2972,0.1989,0.3061,0.0,39.27413,-81.47779
Potomac State College of West Virginia University,Keyser,WV,26726,"Middle-Tier, Mixed-Aid Institutions",5040.0,12624.0,15593.0,0.3943,0.3265,0.2598,0.0,39.40508,-78.98222
Salem University,Salem,WV,26426,"High-Risk, High-Aid Institutions",10750.0,13750.0,21792.0,0.5144,0.668,0.273,0.0,39.28758,-80.56313
Shepherd University,Shepherdstown,WV,25443,"Middle-Tier, Mixed-Aid Institutions",8642.0,19082.0,19863.0,0.2694,0.4111,0.4949,0.0,39.43835,-77.81477
West Virginia State University,Institute,WV,25112,"Middle-Tier, Mixed-Aid Institutions",9049.0,14623.0,19906.0,0.1758,0.1571,0.3351,0.0,38.38103,-81.76633
West Liberty University,West Liberty,WV,26074,"Middle-Tier, Mixed-Aid Institutions",8732.0,17116.0,23526.0,0.3194,0.4878,0.6062,0.0,40.16889,-80.59813
West Virginia University Institute of Technology,Beckley,WV,25801,"Middle-Tier, Mixed-Aid Institutions",8064.0,20120.0,18343.0,0.2429,0.2554,0.3612,0.0,37.83805,-81.27017
West Virginia Wesleyan College,Buckhannon,WV,26201,"High-Risk, High-Aid Institutions",33494.0,33494.0,47374.0,0.3735,0.7559,0.4945,0.0,39.00082,-80.20249
West Virginia Junior College-Morgantown,Morgantown,WV,26505,"High-Risk, High-Aid Institutions",14313.0,14313.0,24486.0,0.6788,0.8279,0.5904,0.0,39.6511,-79.94306
West Virginia University,Morgantown,WV,26506,"Middle-Tier, Mixed-Aid Institutions",9648.0,27360.0,23678.0,0.2041,0.4408,0.612,0.0,39.64677,-79.9701
Wheeling University,Wheeling,WV,26003,"High-Risk, High-Aid Institutions",29475.0,29475.0,41265.0,0.2524,0.5596,0.3204,0.0,40.0693,-80.6508
Alverno College,Milwaukee,WI,53234,"High-Risk, High-Aid Institutions",32794.0,32794.0,44163.0,0.4911,0.5914,0.5051,0.0,,
Madison Area Technical College,Madison,WI,53704,"Middle-Tier, Mixed-Aid Institutions",4780.0,7027.0,17215.0,0.1906,0.1603,0.2626,0.0,43.13633,-89.34684
Bellin College,Green Bay,WI,54311,"Elite, Low-Aid Institutions",28211.0,28211.0,32000.0,0.1332,0.3925,0.7429,0.0,44.48377,-87.89483
Beloit College,Beloit,WI,53511,"Elite, Low-Aid Institutions",58554.0,58554.0,68653.0,0.2946,0.5384,0.6718,0.0,42.54627,-89.09792
Carroll University,Waukesha,WI,53186,"Elite, Low-Aid Institutions",37230.0,37230.0,49935.0,0.2165,0.6135,0.696,0.0,43.02305,-88.20319
Carthage College,Kenosha,WI,53140,"Elite, Low-Aid Institutions",36500.0,36500.0,47980.0,0.2577,0.8333,0.6051,0.0,42.61963,-87.82987
Concordia University-Wisconsin,Mequon,WI,53097,"Elite, Low-Aid Institutions",34250.0,34250.0,51718.0,0.2247,0.4629,0.6431,0.0,43.24574,-88.0069
Edgewood College,Madison,WI,53711,"Elite, Low-Aid Institutions",34850.0,34850.0,48450.0,0.2344,0.5738,0.6738,0.0,43.01521,-89.40641
Lakeland University,Plymouth,WI,53073,"Elite, Low-Aid Institutions",32286.0,32286.0,45751.0,0.2898,0.5501,0.5575,0.0,43.75011,-87.99191
Lawrence University,Appleton,WI,54911,"Elite, Low-Aid Institutions",55461.0,55461.0,67824.0,0.2076,0.5989,0.7642,0.0,44.28174,-88.38086
Maranatha Baptist University,Watertown,WI,53094,"Middle-Tier, Mixed-Aid Institutions",20280.0,20280.0,33496.0,0.3397,0.2758,0.6569,0.0,43.1462,-88.73365
Marian University,Fond Du Lac,WI,54935,"Elite, Low-Aid Institutions",33000.0,33000.0,40733.0,0.3174,0.7828,0.4119,0.0,43.77542,-88.43396
Marian University,Fond Du Lac,WI,54935,"High-Risk, High-Aid Institutions",33000.0,33000.0,40733.0,0.3174,0.7828,0.4119,0.0,43.77542,-88.43396
Marquette University,Milwaukee,WI,53233,"Elite, Low-Aid Institutions",48700.0,48700.0,63233.0,0.1876,0.403,0.8006,0.0,43.03694,-87.93364
Milwaukee Institute of Art & Design,Milwaukee,WI,53202,"High-Risk, High-Aid Institutions",42268.0,42268.0,52646.0,0.3638,0.7712,0.6327,0.0,43.04561,-87.89893
Milwaukee School of Engineering,Milwaukee,WI,53202,"Elite, Low-Aid Institutions",48421.0,48421.0,60439.0,0.2268,0.6105,0.7154,0.0,43.04561,-87.89893
Mount Mary University,Milwaukee,WI,53222,"High-Risk, High-Aid Institutions",34390.0,34390.0,47328.0,0.5768,0.8156,0.5887,0.0,43.08205,-88.03496
Northland College,Ashland,WI,54806,"High-Risk, High-Aid Institutions",42491.0,42491.0,54375.0,0.3185,0.6602,0.4332,0.0,46.54784,-90.85061
Ripon College,Ripon,WI,54971,"Elite, Low-Aid Institutions",50700.0,50700.0,61495.0,0.3329,0.7389,0.5991,0.004,43.85546,-88.83109
Saint Norbert College,De Pere,WI,54115,"Elite, Low-Aid Institutions",44432.0,44432.0,56194.0,0.1358,0.4519,0.7357,0.0,44.40552,-88.09195
Viterbo University,La Crosse,WI,54601,"Elite, Low-Aid Institutions",32350.0,32350.0,44123.0,0.2249,0.5785,0.6516,0.0,43.80199,-91.14559
University of Wisconsin-Whitewater,Whitewater,WI,53190,"Middle-Tier, Mixed-Aid Institutions",8250.0,17916.0,18661.0,0.2503,0.4712,0.643,0.0,42.80775,-88.73129
University of Wisconsin-Eau Claire,Eau Claire,WI,54701,"Middle-Tier, Mixed-Aid Institutions",9277.0,18516.0,21014.0,0.1867,0.4321,0.6756,0.0,44.7432,-91.50899
University of Wisconsin-Green Bay,Green Bay,WI,54311,"Middle-Tier, Mixed-Aid Institutions",8342.0,16929.0,18161.0,0.2257,0.3102,0.5309,0.0,44.48377,-87.89483
University of Wisconsin-La Crosse,La Crosse,WI,54601,"Middle-Tier, Mixed-Aid Institutions",9651.0,18691.0,18115.0,0.1423,0.4398,0.7119,0.0,43.80199,-91.14559
Wisconsin Lutheran College,Milwaukee,WI,53226,"Elite, Low-Aid Institutions",35080.0,35080.0,47026.0,0.2542,0.7069,0.6266,0.0,43.04975,-88.04209
University of Wisconsin-Oshkosh,Oshkosh,WI,54901,"Middle-Tier, Mixed-Aid Institutions",8212.0,16125.0,19063.0,0.158,0.2719,0.5789,0.0,44.06265,-88.53335
University of Wisconsin-Parkside,Kenosha,WI,53144,"Middle-Tier, Mixed-Aid Institutions",7855.0,16497.0,16768.0,0.3421,0.3752,0.3982,0.0,42.61991,-87.92291
Herzing University-Madison,Madison,WI,53718,"High-Risk, High-Aid Institutions",13420.0,13420.0,26687.0,0.6683,0.706,0.2759,0.0,43.0977,-89.27332
University of Wisconsin-Stout,Menomonie,WI,54751,"Middle-Tier, Mixed-Aid Institutions",10142.0,18706.0,21618.0,0.2274,0.4891,0.5253,0.0,44.84971,-91.92994
University of Wisconsin-Superior,Superior,WI,54880,"Middle-Tier, Mixed-Aid Institutions",8487.0,16400.0,18415.0,0.296,0.4596,0.4412,0.0,46.59342,-92.12701
University of Wisconsin-Madison,Madison,WI,53706,"Elite, Low-Aid Institutions",11205.0,40603.0,27770.0,0.1532,0.217,0.8933,0.0,43.07505,-89.40987
University of Wisconsin-Milwaukee,Milwaukee,WI,53211,"Middle-Tier, Mixed-Aid Institutions",10020.0,22020.0,22174.0,0.3019,0.4378,0.5119,0.0,43.08308,-87.88485
University of Wisconsin-Platteville,Platteville,WI,53818,"Middle-Tier, Mixed-Aid Institutions",8315.0,17274.0,20049.0,0.2104,0.4385,0.6154,0.0,42.74725,-90.49177
University of Wisconsin-River Falls,River Falls,WI,54022,"Middle-Tier, Mixed-Aid Institutions",8606.0,16887.0,19576.0,0.2048,0.4491,0.6088,0.0,44.84796,-92.6096
University of Wisconsin-Stevens Point,Stevens Point,WI,54481,"Middle-Tier, Mixed-Aid Institutions",8834.0,17854.0,18804.0,0.2777,0.4983,0.5596,0.0,44.51935,-89.63678
Central Wyoming College,Riverton,WY,82501,"Middle-Tier, Mixed-Aid Institutions",4680.0,10980.0,17894.0,0.1768,0.0837,0.4043,0.0,43.03325,-108.24936
Laramie County Community College,Cheyenne,WY,82007,"Middle-Tier, Mixed-Aid Institutions",4613.0,10913.0,12722.0,0.2361,0.1804,0.3131,0.0,41.06231,-104.75591
Northwest College,Powell,WY,82435,"Middle-Tier, Mixed-Aid Institutions",4935.0,11235.0,15710.0,0.1848,0.0991,0.4375,0.0,44.82409,-109.0348
Western Wyoming Community College,Rock Springs,WY,82901,"Middle-Tier, Mixed-Aid Institutions",4250.0,10550.0,15333.0,0.1752,0.1343,0.3333,0.0,41.38121,-109.02469
University of Wyoming,Laramie,WY,82071,"Middle-Tier, Mixed-Aid Institutions",6938.0,22718.0,22371.0,0.2218,0.2828,0.5985,0.0,,
University of Guam,Mangilao,GU,96923,"Middle-Tier, Mixed-Aid Institutions",6110.0,11414.0,15155.0,0.311,0.1203,0.4211,0.0,,
Universidad Adventista de las Antillas,Mayaguez,PR,00680,"Middle-Tier, Mixed-Aid Institutions",8050.0,8050.0,14855.0,0.804,0.245,0.4603,0.0,18.16307,-67.36122
Atlantic University,Guaynabo,PR,00970,"Middle-Tier, Mixed-Aid Institutions",8280.0,8280.0,12363.0,0.8351,0.071,0.3574,0.0,,
Universidad Central de Bayamon,Bayamón,PR,00960,"Middle-Tier, Mixed-Aid Institutions",5986.0,5986.0,11164.0,0.8331,0.1538,0.3789,0.0,18.41674,-66.14365
Columbia Central University-Caguas,Caguas,PR,00726,"Middle-Tier, Mixed-Aid Institutions",7314.0,7314.0,12377.0,0.8082,0.1722,0.5386,0.0,,
Albizu University-San Juan,San Juan,PR,00902,"Middle-Tier, Mixed-Aid Institutions",7797.0,7797.0,19676.0,0.6913,0.266,0.69,0.0,,
Caribbean University-Bayamon,Bayamon,PR,00960,"Middle-Tier, Mixed-Aid Institutions",5966.0,5966.0,9748.0,0.7546,0.1127,0.367,0.0,18.41674,-66.14365
Caribbean University-Carolina,Carolina,PR,00985,"Middle-Tier, Mixed-Aid Institutions",5966.0,5966.0,10784.0,0.7176,0.1527,0.44,0.0,18.40628,-65.94767
Pontifical Catholic University of Puerto Rico-Arecibo,Arecibo,PR,00614,"High-Risk, High-Aid Institutions",6238.0,6238.0,16058.0,0.7597,0.3344,0.3919,0.0,,
Pontifical Catholic University of Puerto Rico-Ponce,Ponce,PR,00717,"High-Risk, High-Aid Institutions",6340.0,6340.0,17106.0,0.8137,0.3163,0.4794,0.0,18.00272,-66.61146
CEM College-San Juan,San Juan,PR,00926,"Middle-Tier, Mixed-Aid Institutions",12900.0,12900.0,18668.0,0.8952,0.1429,0.2584,0.0,18.34691,-66.05434
Universidad Teologica del Caribe,Trujillo Alto,PR,00978,"High-Risk, High-Aid Institutions",6660.0,6660.0,14285.0,0.5836,0.4413,0.2105,0.0,,
Universidad Ana G. Mendez-Cupey Campus,San Juan,PR,00926,"Middle-Tier, Mixed-Aid Institutions",6920.0,6920.0,14154.0,0.6885,0.3596,0.3111,0.0,18.34691,-66.05434
Puerto Rico Conservatory of Music,San Juan,PR,00907,"Middle-Tier, Mixed-Aid Institutions",3370.0,3370.0,7920.0,0.6598,0.1306,0.5714,0.0,18.45287,-66.08381
EDP University of Puerto Rico Inc-San Sebastian,San Sebastian,PR,00685,"High-Risk, High-Aid Institutions",7050.0,14125.0,13701.0,0.6342,0.4383,0.3727,0.0,18.33656,-66.97518
Huertas College,Caguas,PR,00725,"Middle-Tier, Mixed-Aid Institutions",8520.0,8520.0,14265.0,0.7908,0.2066,0.5811,0.0,18.22052,-66.03962
Inter American University of Puerto Rico-San German,San German,PR,00683,"Middle-Tier, Mixed-Aid Institutions",5580.0,5580.0,15442.0,0.8245,0.119,0.4272,0.0,18.10926,-67.03803
Inter American University of Puerto Rico-Aguadilla,Aguadilla,PR,00603,"Middle-Tier, Mixed-Aid Institutions",5542.0,5542.0,14449.0,0.8396,0.1166,0.3871,0.0,18.45744,-67.12225
Inter American University of Puerto Rico-Arecibo,Arecibo,PR,00614,"Middle-Tier, Mixed-Aid Institutions",5580.0,5580.0,14628.0,0.8139,0.1354,0.3537,0.0,,
Inter American University of Puerto Rico-Barranquitas,Barranquitas,PR,00794,"Middle-Tier, Mixed-Aid Institutions",5542.0,5542.0,14358.0,0.889,0.111,0.3837,0.0,18.19934,-66.31179
Inter American University of Puerto Rico-Metro,San Juan,PR,00919,"Middle-Tier, Mixed-Aid Institutions",5580.0,5580.0,15252.0,0.6592,0.1815,0.316,0.0,,
Inter American University of Puerto Rico-Ponce,Mercedita,PR,00715,"Middle-Tier, Mixed-Aid Institutions",5580.0,5580.0,14845.0,0.8194,0.1803,0.4311,0.0,17.99738,-66.56104
Inter American University of Puerto Rico-Fajardo,Fajardo,PR,00738,"Middle-Tier, Mixed-Aid Institutions",5580.0,5580.0,14991.0,0.8348,0.1338,0.3285,0.0,18.31793,-65.66793
Inter American University of Puerto Rico-Guayama,Guayama,PR,00784,"Middle-Tier, Mixed-Aid Institutions",5580.0,5580.0,15791.0,0.752,0.2648,0.3936,0.0,18.00558,-66.13651
Inter American University of Puerto Rico-Bayamon,Bayamon,PR,00957,"Middle-Tier, Mixed-Aid Institutions",5580.0,5580.0,14935.0,0.8089,0.1439,0.3301,0.0,18.36696,-66.18857
NUC University,Bayamon,PR,00960,"Middle-Tier, Mixed-Aid Institutions",8054.0,9884.0,13778.0,0.7146,0.3517,0.5618,0.0,18.41674,-66.14365
University of Puerto Rico-Aguadilla,Aguadilla,PR,00604,"Middle-Tier, Mixed-Aid Institutions",5954.0,5954.0,14727.0,0.8196,0.0625,0.4766,0.0,,
University of Puerto Rico-Arecibo,Arecibo,PR,00614,"Middle-Tier, Mixed-Aid Institutions",5324.0,5324.0,18320.0,0.8571,0.0449,0.5068,0.0,,
University of Puerto Rico-Bayamon,Bayamon,PR,00959,"Middle-Tier, Mixed-Aid Institutions",6284.0,6284.0,12527.0,0.7793,0.0443,0.3141,0.0,18.3852,-66.15583
University of Puerto Rico-Carolina,Carolina,PR,00984,"Middle-Tier, Mixed-Aid Institutions",7986.0,7986.0,21072.0,0.7419,0.0352,0.4023,0.0,,
University of Puerto Rico at Cayey,Cayey,PR,00737,"Middle-Tier, Mixed-Aid Institutions",5354.0,5354.0,15746.0,0.7568,0.0393,0.4861,0.0,,
University of Puerto Rico-Humacao,Humacao,PR,00792,"Middle-Tier, Mixed-Aid Institutions",5364.0,5364.0,19404.0,0.7935,0.0319,0.5293,0.0,,
University of Puerto Rico-Utuado,Utuado,PR,00641,"Middle-Tier, Mixed-Aid Institutions",5354.0,5354.0,18868.0,0.815,0.0925,0.2457,0.0,18.26742,-66.70212
University of Puerto Rico-Mayaguez,Mayaguez,PR,00681,"Middle-Tier, Mixed-Aid Institutions",5274.0,5274.0,19190.0,0.6456,0.0875,0.4696,0.0,,
University of Puerto Rico at Ponce,Ponce,PR,00716,"Middle-Tier, Mixed-Aid Institutions",5354.0,5354.0,14399.0,0.8113,0.0675,0.5058,0.0,17.99942,-66.59868
University of Puerto Rico-Rio Piedras,San Juan,PR,00931,"Middle-Tier, Mixed-Aid Institutions",5324.0,5324.0,13337.0,0.6475,0.0555,0.5248,0.0,,
Universidad Ana G. Mendez-Carolina Campus,Carolina,PR,00985,"Middle-Tier, Mixed-Aid Institutions",6920.0,6920.0,13837.0,0.699,0.301,0.3641,0.0,18.40628,-65.94767
Universidad del Sagrado Corazon,Santurce,PR,00907,"Middle-Tier, Mixed-Aid Institutions",6360.0,6360.0,19550.0,0.7081,0.2192,0.436,0.0,18.45287,-66.08381
Universidad Central Del Caribe,Bayamon,PR,00960,"Middle-Tier, Mixed-Aid Institutions",6442.0,6602.0,14697.0,0.7321,0.1964,0.5909,0.0,18.41674,-66.14365
Universidad Politecnica de Puerto Rico,Hato Rey,PR,00919,"Middle-Tier, Mixed-Aid Institutions",9810.0,9810.0,21894.0,0.6232,0.3405,0.2356,0.0,,
Pontifical Catholic University of Puerto Rico-Mayaguez,Mayaguez,PR,00680,"Middle-Tier, Mixed-Aid Institutions",6238.0,6238.0,15334.0,0.8346,0.2671,0.4211,0.0,18.16307,-67.36122
Universidad Ana G. Mendez-Gurabo Campus,Gurabo,PR,00778,"Middle-Tier, Mixed-Aid Institutions",6920.0,6920.0,14081.0,0.8266,0.2693,0.3021,0.0,18.26319,-65.97938
University of the Virgin Islands,Charlotte Amalie,VI,00802,"Middle-Tier, Mixed-Aid Institutions",5612.0,15521.0,16582.0,0.4623,0.1691,0.2857,0.0,18.34349,-64.9287
Stanford University,Stanford,CA,94305,"Elite, Low-Aid Institutions",62484.0,62484.0,82162.0,0.1923,0.0629,0.9282,0.0,37.41623,-122.17069
Purdue University-Main Campus,West Lafayette,IN,47907,"Elite, Low-Aid Institutions",9992.0,28794.0,22567.0,0.1298,0.2321,0.831,0.0,40.42474,-86.91665
Parker University,Dallas,TX,75229,"High-Risk, High-Aid Institutions",17457.0,17457.0,35819.0,0.4795,0.6699,0.7179,0.001,32.8939,-96.86517
EDP University of Puerto Rico Inc-San Juan,San Juan,PR,00918,"High-Risk, High-Aid Institutions",7050.0,14125.0,12983.0,0.5775,0.4664,0.2362,0.0,18.42139,-66.06774
St. John's College,Santa Fe,NM,87505,"Elite, Low-Aid Institutions",38946.0,38946.0,53018.0,0.2418,0.4258,0.6,0.0,35.62307,-105.86891
St. John's College,Santa Fe,NM,87505,"Elite, Low-Aid Institutions",38946.0,38946.0,53018.0,0.2418,0.4258,0.6,0.0,35.62307,-105.86891
Mid-America Christian University,Oklahoma City,OK,73170,"High-Risk, High-Aid Institutions",19896.0,19896.0,30612.0,0.3974,0.4772,0.3333,0.0,35.32743,-97.55068
Beckfield College-Florence,Florence,KY,41042,"High-Risk, High-Aid Institutions",13295.0,13295.0,32665.0,0.5666,0.6769,0.303,0.0,38.98595,-84.64906
Landmark College,Putney,VT,05346,"Elite, Low-Aid Institutions",64290.0,64290.0,81895.0,0.1436,0.2291,0.2651,0.0,43.02337,-72.53043
Collin County Community College District,McKinney,TX,75069,"Middle-Tier, Mixed-Aid Institutions",1864.0,5614.0,14409.0,0.1622,0.0739,0.2181,0.0,33.16805,-96.59671
ECPI University,Virginia Beach,VA,23462,"High-Risk, High-Aid Institutions",18484.0,18484.0,27999.0,0.4857,0.518,0.447,0.0,36.8366,-76.15105
South University-Columbia,Columbia,SC,29203,"High-Risk, High-Aid Institutions",18238.0,18238.0,31298.0,0.5762,0.5952,0.0,0.0,34.10198,-81.04009
Platt College-Los Angeles,Alhambra,CA,91803,"High-Risk, High-Aid Institutions",14804.0,14804.0,33216.0,0.5487,0.7151,0.6225,0.0,34.0749,-118.14624
Platt College-Aurora,Greenwood Village,CO,80111,"High-Risk, High-Aid Institutions",20590.0,20590.0,44255.0,0.3147,0.6983,0.2,0.0,39.6124,-104.88025
University of Massachusetts Global,Irvine,CA,92618,"Middle-Tier, Mixed-Aid Institutions",12520.0,12520.0,33365.0,0.2292,0.3163,0.0,0.0,33.66729,-117.73362
New College of Florida,Sarasota,FL,34243,"Middle-Tier, Mixed-Aid Institutions",6916.0,29944.0,20732.0,0.3034,0.1734,0.6181,0.0,27.40264,-82.52809
Caribbean University-Ponce,Ponce,PR,00716,"Middle-Tier, Mixed-Aid Institutions",5966.0,5966.0,10042.0,0.7457,0.2,0.4167,0.0,17.99942,-66.59868
Caribbean University-Vega Baja,Vega Baja,PR,00964,"Middle-Tier, Mixed-Aid Institutions",5966.0,5966.0,9920.0,0.7943,0.1986,0.625,0.0,,
University of Advancing Technology,Tempe,AZ,85283,"High-Risk, High-Aid Institutions",19430.0,19430.0,31353.0,0.5773,0.7606,0.3929,0.0,33.36461,-111.93196
Paradise Valley Community College,Phoenix,AZ,85032,"Middle-Tier, Mixed-Aid Institutions",2358.0,8958.0,19032.0,0.1874,0.0683,0.1977,0.0,33.62624,-112.00368
Pennsylvania College of Technology,Williamsport,PA,17701,"High-Risk, High-Aid Institutions",17940.0,25680.0,32595.0,0.3187,0.6082,0.5042,0.0,41.34206,-76.88821
California State University-San Marcos,San Marcos,CA,92096,"Middle-Tier, Mixed-Aid Institutions",7739.0,19619.0,21144.0,0.436,0.296,0.5418,0.0,33.12819,-117.15631
Hodges University,Fort Myers,FL,33966,"Middle-Tier, Mixed-Aid Institutions",15580.0,15580.0,28157.0,0.2465,0.3662,0.2239,0.0,26.58234,-81.83206
Nossi College of Art and Design,Nashville,TN,37115,"High-Risk, High-Aid Institutions",20350.0,20350.0,26846.0,0.5772,0.7349,0.3548,0.0,36.25444,-86.69636
Bryan University,Springfield,MO,65804,"High-Risk, High-Aid Institutions",15868.0,15868.0,26177.0,0.7652,0.7826,0.275,0.0,37.14822,-93.25294
Bryan University,Springfield,MO,65804,"High-Risk, High-Aid Institutions",15868.0,15868.0,26177.0,0.7652,0.7826,0.275,0.0,37.14822,-93.25294
CEM College-Humacao,Humacao,PR,00791,"Middle-Tier, Mixed-Aid Institutions",12900.0,12900.0,18485.0,0.8865,0.0865,0.44,0.0,18.14391,-65.81398
Northwest College of Art & Design,Tacoma,WA,98402,"High-Risk, High-Aid Institutions",18100.0,18100.0,30217.0,0.521,0.521,0.3636,0.0,47.25021,-122.44056
University of Washington-Bothell Campus,Bothell,WA,98011,"Middle-Tier, Mixed-Aid Institutions",12559.0,41913.0,24462.0,0.2843,0.2022,0.6822,0.0,47.75736,-122.19871
University of Washington-Tacoma Campus,Tacoma,WA,98402,"Middle-Tier, Mixed-Aid Institutions",12817.0,42171.0,24528.0,0.4019,0.2968,0.6226,0.0,47.25021,-122.44056
Pacific College of Health and Science,San Diego,CA,92108,"Elite, Low-Aid Institutions",10732.0,10732.0,41495.0,0.3664,0.4658,0.6727,0.0,32.77423,-117.14097
Pacific College of Health and Science,San Diego,CA,92108,"Elite, Low-Aid Institutions",10732.0,10732.0,41495.0,0.3664,0.4658,0.6727,0.0,32.77423,-117.14097
Fond du Lac Tribal and Community College,Cloquet,MN,55720,"Middle-Tier, Mixed-Aid Institutions",5999.0,5999.0,18557.0,0.1905,0.128,0.2083,0.0,46.75138,-92.5399
Provo College,Provo,UT,84601,"High-Risk, High-Aid Institutions",16491.0,16491.0,34045.0,0.5688,0.7963,0.6364,0.0,40.22593,-111.6955
Beacon College,Leesburg,FL,34748,"Elite, Low-Aid Institutions",49230.0,49230.0,68815.0,0.2601,0.4032,0.5732,0.0,28.77366,-81.88552
University of the Potomac-Washington DC Campus,Washington,DC,20005,"Middle-Tier, Mixed-Aid Institutions",6660.0,6660.0,21791.0,0.2632,0.1096,0.5,0.0,38.90443,-77.0316
Everglades University,Boca Raton,FL,33431,"High-Risk, High-Aid Institutions",20768.0,20768.0,36311.0,0.5147,0.6073,0.5775,0.0,26.37996,-80.1028
Herzing University-Orlando,Winter Park,FL,32792,"High-Risk, High-Aid Institutions",13420.0,13420.0,26011.0,0.5986,0.7905,0.4545,0.0,28.61066,-81.29923
College of Biblical Studies-Houston,Houston,TX,77036,"High-Risk, High-Aid Institutions",7475.0,9275.0,20532.0,0.7854,0.7366,0.6,0.0,29.70119,-95.53659
Southern California Institute of Technology,Anaheim,CA,92801,"High-Risk, High-Aid Institutions",20515.0,20515.0,33835.0,0.7121,0.6756,0.7944,0.0,33.84441,-117.95175
Soka University of America,Aliso Viejo,CA,92656,"Elite, Low-Aid Institutions",37450.0,37450.0,52758.0,0.1685,0.3775,0.8692,0.0,33.57518,-117.73036
World Mission University,Los Angeles,CA,90020,"Middle-Tier, Mixed-Aid Institutions",6920.0,6920.0,22556.0,0.4688,0.0313,0.5,0.0,34.06638,-118.30986
Schiller International University,Tampa,FL,33602,"Middle-Tier, Mixed-Aid Institutions",13680.0,13680.0,24840.0,0.1071,0.2143,0.5,0.019,27.95371,-82.45675
Galen College of Nursing-Tampa Bay,Saint Petersburg,FL,33716,"High-Risk, High-Aid Institutions",16400.0,16400.0,35084.0,0.4832,0.8119,0.6449,0.0,27.8774,-82.65119
Galen College of Nursing-San Antonio,San Antonio,TX,78229,"High-Risk, High-Aid Institutions",16400.0,16400.0,34745.0,0.5324,0.8239,0.6809,0.0,29.5056,-98.57261
Florida National University-Main Campus,Hialeah,FL,33012,"High-Risk, High-Aid Institutions",16088.0,16088.0,33531.0,0.8362,0.6843,0.2811,0.0,25.86583,-80.30247
South Texas College,McAllen,TX,78501,"Middle-Tier, Mixed-Aid Institutions",4920.0,7500.0,7505.0,0.3593,0.0,0.2758,0.0,26.21599,-98.2391
California State University-Monterey Bay,Seaside,CA,93955,"Middle-Tier, Mixed-Aid Institutions",7437.0,19317.0,26017.0,0.4299,0.3145,0.6323,0.0,36.62153,-121.79562
Capella University,Minneapolis,MN,55402,"Middle-Tier, Mixed-Aid Institutions",14436.0,14436.0,22029.0,0.3657,0.4559,0.3333,0.0,44.97608,-93.27119
Pacific College of Health and Science,New York,NY,10038,"Elite, Low-Aid Institutions",11234.0,11234.0,47478.0,0.2811,0.4699,0.6774,0.0,40.70914,-74.00298
Pacific College of Health and Science,New York,NY,10038,"Elite, Low-Aid Institutions",11234.0,11234.0,47478.0,0.2811,0.4699,0.6774,0.0,40.70914,-74.00298
Trine University-Regional/Non-Traditional Campuses,Angola,IN,46703,"Elite, Low-Aid Institutions",9576.0,9576.0,21976.0,0.1298,0.1766,1.0,0.0,41.65305,-85.00976
Southeast Missouri Hospital College of Nursing and Health Sciences,Cape Girardeau,MO,63703,"Elite, Low-Aid Institutions",11691.0,11691.0,27592.0,0.4627,0.7388,1.0,0.0,37.27373,-89.53981
Messenger College,Bedford,TX,76021,"High-Risk, High-Aid Institutions",11200.0,11200.0,26199.0,0.8421,1.0,0.5556,0.0,32.8523,-97.13128
Centura College-Chesapeake,Chesapeake,VA,23320,"High-Risk, High-Aid Institutions",16637.0,16637.0,32162.0,0.8413,0.8466,0.6667,0.0,36.75208,-76.21807
Arizona College of Nursing-Tempe,Tempe,AZ,85282,"High-Risk, High-Aid Institutions",24853.0,24853.0,35067.0,0.4665,0.6633,0.0909,0.0,33.3943,-111.93242
Eastern International College-Jersey City,Jersey City,NJ,07306,"High-Risk, High-Aid Institutions",18947.0,18947.0,29693.0,0.4537,0.7366,0.2545,0.0,40.73674,-74.07132
Embry-Riddle Aeronautical University-Worldwide,Daytona Beach,FL,32114,"Middle-Tier, Mixed-Aid Institutions",11665.0,11665.0,24015.0,0.2506,0.105,0.2156,0.0,29.19312,-81.04915
Southeastern College-West Palm Beach,West Palm Beach,FL,33409,"High-Risk, High-Aid Institutions",23584.0,23584.0,42393.0,0.773,0.9276,0.6667,0.0,26.7161,-80.0965
Strayer University-Maryland,Suitland,MD,20746,"Middle-Tier, Mixed-Aid Institutions",13920.0,13920.0,23838.0,0.5955,0.121,0.0,0.0,38.83664,-76.91936
San Juan Bautista School of Medicine,Caguas,PR,00725,"Middle-Tier, Mixed-Aid Institutions",9489.0,15686.0,13129.0,0.8767,0.1644,0.3333,0.0,18.22052,-66.03962
Platt College-Ontario,Ontario,CA,91764,"High-Risk, High-Aid Institutions",14804.0,14804.0,32366.0,0.6561,0.7873,0.5729,0.0,34.07533,-117.60164
Western Governors University,Salt Lake City,UT,84107,"Middle-Tier, Mixed-Aid Institutions",8300.0,8300.0,14464.0,0.3488,0.4261,0.5089,0.0,40.65799,-111.88447
California Aeronautical University,Bakersfield,CA,93308,"High-Risk, High-Aid Institutions",35465.0,35465.0,44854.0,0.4985,0.6615,0.4194,0.0,35.5498,-118.93389
Herzing University-New Orleans,Metairie,LA,70002,"High-Risk, High-Aid Institutions",13420.0,13420.0,26702.0,0.7225,0.8214,0.2857,0.0,30.0102,-90.16241
Florida Gulf Coast University,Fort Myers,FL,33965,"Middle-Tier, Mixed-Aid Institutions",6118.0,25162.0,18269.0,0.2857,0.2623,0.5602,0.0,26.46126,-81.76862
Dewey University-Carolina,Carolina,PR,00986,"Middle-Tier, Mixed-Aid Institutions",7630.0,7630.0,10826.0,0.8512,0.1708,0.6197,0.0,,
International Baptist College and Seminary,Chandler,AZ,85286,"Middle-Tier, Mixed-Aid Institutions",13500.0,13500.0,26104.0,0.3091,0.1273,0.4286,0.034,33.27146,-111.83156
University of Connecticut-Waterbury Campus,Waterbury,CT,06702,"Middle-Tier, Mixed-Aid Institutions",17462.0,40130.0,20917.0,0.5,0.3724,0.5948,0.0,41.55713,-73.04539
University of Connecticut-Avery Point,Groton,CT,06340,"Middle-Tier, Mixed-Aid Institutions",17462.0,40130.0,21603.0,0.3428,0.355,0.5667,0.0,41.35643,-72.04477
University of Connecticut-Stamford,Stamford,CT,06901,"Middle-Tier, Mixed-Aid Institutions",17472.0,40140.0,27737.0,0.5037,0.3426,0.5686,0.0,41.05349,-73.53845
American InterContinental University-Atlanta,Atlanta,GA,30328,"High-Risk, High-Aid Institutions",13416.0,13416.0,22756.0,0.833,0.8267,0.2105,0.0,33.93194,-84.38617
Cascadia College,Bothell,WA,98011,"Middle-Tier, Mixed-Aid Institutions",4914.0,10864.0,20058.0,0.0976,0.0217,0.4124,0.0,47.75736,-122.19871
The King's University,Southlake,TX,76092,"Middle-Tier, Mixed-Aid Institutions",12480.0,12480.0,25128.0,0.0824,0.0941,0.4,0.0,32.95562,-97.14879
Acupuncture and Massage College,Miami,FL,33176,"High-Risk, High-Aid Institutions",11980.0,11980.0,38168.0,0.6567,0.7164,0.7931,0.0,25.65876,-80.35919
Atenas College,Manati,PR,00674,"Middle-Tier, Mixed-Aid Institutions",8198.0,8198.0,15338.0,0.8119,0.0,0.4259,0.0,18.42229,-66.4891
Pillar College,Newark,NJ,07102,"High-Risk, High-Aid Institutions",24820.0,24820.0,33662.0,0.5556,0.3834,0.3409,0.0,40.73576,-74.17343
Oregon State University-Cascades Campus,Bend,OR,97702,"Middle-Tier, Mixed-Aid Institutions",12594.0,34944.0,27461.0,0.2795,0.3295,0.5116,0.0,43.98336,-121.21083
Smith Chason College,Los Angeles,CA,90010,"High-Risk, High-Aid Institutions",19100.0,19100.0,37295.0,0.5579,0.8567,0.4851,0.0,34.06209,-118.31262
American Institute of Alternative Medicine,Columbus,OH,43229,"High-Risk, High-Aid Institutions",17291.0,17291.0,35639.0,0.6637,0.7351,0.5455,0.0,40.08569,-82.97636
Nevada State University,Henderson,NV,89002,"Middle-Tier, Mixed-Aid Institutions",6368.0,20449.0,23035.0,0.2207,0.1377,0.3103,0.0,35.99846,-114.96181
California State University-Channel Islands,Camarillo,CA,93012,"Middle-Tier, Mixed-Aid Institutions",6817.0,18697.0,24039.0,0.469,0.2595,0.5345,0.0,34.20518,-118.99309
Franklin W Olin College of Engineering,Needham,MA,02492,"Elite, Low-Aid Institutions",64458.0,64458.0,81486.0,0.1347,0.2202,0.9222,0.0,42.27615,-71.24387
Pennsylvania College of Health Sciences,Lancaster,PA,17601,"Elite, Low-Aid Institutions",31866.0,31866.0,41566.0,0.3018,0.5555,0.6703,0.0,40.07296,-76.31457
University of Arkansas Grantham,LIttle Rock,AR,72207,"High-Risk, High-Aid Institutions",8280.0,8280.0,14752.0,0.6221,0.6366,0.243,0.0,34.77493,-92.34271
Pacific College of Health and Science,Chicago,IL,60601,"Elite, Low-Aid Institutions",7508.0,7508.0,,0.5833,0.75,0.6786,0.0,41.88527,-87.62197
Pacific College of Health and Science,Chicago,IL,60601,"Elite, Low-Aid Institutions",7508.0,7508.0,,0.5833,0.75,0.6786,0.0,41.88527,-87.62197
Faith International University,Tacoma,WA,98407,"Middle-Tier, Mixed-Aid Institutions",8850.0,8850.0,20793.0,0.4716,0.3182,0.6667,0.0,47.28889,-122.5111
West Coast University-Los Angeles,North Hollywood,CA,91606,"High-Risk, High-Aid Institutions",37194.0,37194.0,58637.0,0.4527,0.8794,0.4444,0.0,34.18655,-118.38867
Williamson Christian College,Franklin,TN,37067,"Middle-Tier, Mixed-Aid Institutions",15010.0,15010.0,28954.0,0.3902,0.3415,0.5,0.0,35.91314,-86.77461
DigiPen Institute of Technology,Redmond,WA,98052,"Elite, Low-Aid Institutions",37400.0,37400.0,51366.0,0.224,0.4405,0.5156,0.0,47.68148,-122.1203
Dewey University-Hato Rey,Hato Rey,PR,00910,"Middle-Tier, Mixed-Aid Institutions",6970.0,6970.0,11591.0,0.8996,0.2079,0.5224,0.0,,
Strayer University-Tennessee,Memphis,TN,38118,"Middle-Tier, Mixed-Aid Institutions",13920.0,13920.0,23838.0,0.8603,0.1463,0.0,0.0,35.03655,-89.93021
Baptist University of the Americas,San Antonio,TX,78224,"Middle-Tier, Mixed-Aid Institutions",7680.0,7680.0,15001.0,0.3241,0.0185,0.2727,0.0,29.30831,-98.53751
American InterContinental University System,Chandler,AZ,85286,"High-Risk, High-Aid Institutions",12310.0,12310.0,20949.0,0.7291,0.7174,0.212,0.0,33.27146,-111.83156
American InterContinental University-Houston,Houston,TX,77042,"High-Risk, High-Aid Institutions",14842.0,14842.0,25557.0,0.7705,0.7459,0.4545,0.0,29.74125,-95.56015
University of California-Merced,Merced,CA,95343,"Middle-Tier, Mixed-Aid Institutions",14167.0,44944.0,37098.0,0.5901,0.3145,0.6915,0.0,,
Central Methodist University-College of Graduate and Extended Studies,Fayette,MO,65248,"Middle-Tier, Mixed-Aid Institutions",6960.0,6960.0,20195.0,0.2678,0.2457,0.0,0.0,39.13952,-92.65894
Neumont College of Computer Science,Salt Lake City,UT,84111,"High-Risk, High-Aid Institutions",27375.0,27375.0,39004.0,0.5733,0.859,0.5655,0.0,40.75575,-111.88431
Johnson & Wales University-Charlotte,Charlotte,NC,28202,"High-Risk, High-Aid Institutions",40408.0,40408.0,55989.0,0.5193,0.8088,0.5211,0.0,35.22773,-80.8447
Ave Maria University,Ave Maria,FL,34142,"Elite, Low-Aid Institutions",28222.0,28222.0,43220.0,0.2318,0.4996,0.5548,0.0,26.31392,-81.28601
Cambridge College of Healthcare & Technology,Altamonte Springs,FL,32701,"High-Risk, High-Aid Institutions",15330.0,15330.0,24010.0,0.6293,0.7245,,0.0,28.66509,-81.36916
ATA Career Education,Spring Hill,FL,34606,"High-Risk, High-Aid Institutions",14895.0,14895.0,30619.0,0.9175,0.9278,0.6296,0.0,28.46961,-82.59759
Ecclesia College,Springdale,AR,72762,"High-Risk, High-Aid Institutions",16850.0,16850.0,31344.0,0.5346,0.5346,0.3654,0.0,36.18747,-94.22794
Los Angeles College of Music,Pasadena,CA,91105,"Elite, Low-Aid Institutions",25650.0,25650.0,50873.0,0.2611,0.3717,0.4737,0.0,34.14045,-118.16716
SAE Institute of Technology-Nashville,Nashville,TN,37203,"High-Risk, High-Aid Institutions",17027.0,17027.0,25834.0,0.7596,0.849,0.4575,0.0,36.14937,-86.78986
Harrisburg University of Science and Technology,Harrisburg,PA,17101,"High-Risk, High-Aid Institutions",23900.0,23900.0,33434.0,0.4823,0.6133,0.4337,0.0,40.2595,-76.88705
Joyce University of Nursing and Health Sciences,Draper,UT,84020,"High-Risk, High-Aid Institutions",20780.0,20780.0,33321.0,0.3443,0.5371,0.4706,0.0,40.49885,-111.8635
Georgia Gwinnett College,Lawrenceville,GA,30043,"Middle-Tier, Mixed-Aid Institutions",4458.0,13244.0,18033.0,0.5034,0.2447,0.198,0.0,34.00353,-84.00703
Aviator College of Aeronautical Science and Technology,Fort Pierce,FL,34946,"Elite, Low-Aid Institutions",34545.0,34545.0,43615.0,0.1457,0.2146,0.5833,0.0,27.50456,-80.36106
SUM Bible College and Theological Seminary,El Dorado Hills,CA,95762,"High-Risk, High-Aid Institutions",10460.0,10460.0,24340.0,0.5288,0.5192,0.4615,0.0,38.67694,-121.05755
Strayer University-Florida,Tampa,FL,33610,"Middle-Tier, Mixed-Aid Institutions",13920.0,13920.0,23838.0,0.7009,0.1082,0.0,0.0,27.9972,-82.38015
Dewey University-Juana Diaz,Juana Diaz,PR,00910,"Middle-Tier, Mixed-Aid Institutions",7630.0,7630.0,11190.0,0.9186,0.19,0.7083,0.0,,
American Public University System,Charles Town,WV,25414,"Middle-Tier, Mixed-Aid Institutions",8400.0,8400.0,16358.0,0.2467,0.1329,0.5323,0.0,39.25273,-77.87055
Huntsville Bible College,Huntsville,AL,35811,"High-Risk, High-Aid Institutions",4730.0,4730.0,17595.0,0.4545,0.5152,0.0,0.0,34.79925,-86.50386
Gnomon,Hollywood,CA,90038,"Elite, Low-Aid Institutions",34215.0,34215.0,48010.0,0.1429,0.2301,0.6667,0.0,34.08882,-118.32671
Visible Music College,Memphis,TN,38103,"High-Risk, High-Aid Institutions",22000.0,22000.0,31386.0,0.4408,0.5592,0.4828,0.0,35.15308,-90.05518
University of the West,Rosemead,CA,91770,"Middle-Tier, Mixed-Aid Institutions",14718.0,14718.0,24944.0,0.4194,0.2581,0.3111,0.0,34.06395,-118.08361
South University-Tampa,Tampa,FL,33614,"High-Risk, High-Aid Institutions",18238.0,18238.0,33016.0,0.4774,0.5772,0.0455,0.0,28.00619,-82.50598
Rasmussen University-Wisconsin,Green Bay,WI,54303,"High-Risk, High-Aid Institutions",11982.0,11982.0,24230.0,0.5717,0.819,0.625,0.0,44.53931,-88.05115
Columbia Southern University,Orange Beach,AL,36561,"Middle-Tier, Mixed-Aid Institutions",5808.0,5808.0,18002.0,0.2122,0.2381,0.3722,0.0,30.28813,-87.57142
Southwest University at El Paso,El Paso,TX,79925,"High-Risk, High-Aid Institutions",16000.0,16000.0,23946.0,0.7909,0.8333,0.6565,0.0,31.79851,-106.36327
Bryant & Stratton College-Wauwatosa,Wauwatosa,WI,53226,"High-Risk, High-Aid Institutions",19944.0,19944.0,25392.0,0.5738,0.8114,0.2349,0.0,43.04975,-88.04209
Remington College-Shreveport Campus,Shreveport,LA,71118,"High-Risk, High-Aid Institutions",23560.0,23560.0,37056.0,0.9091,0.9034,0.2593,0.0,32.39262,-93.80498
ATA College-Cincinnati,Cincinnati,OH,45246,"High-Risk, High-Aid Institutions",14075.0,14075.0,29073.0,0.8382,0.9676,0.7143,0.0,39.2906,-84.46612
Galen College of Nursing-Cincinnati,Cincinnati,OH,45241,"High-Risk, High-Aid Institutions",16400.0,16400.0,33343.0,0.5665,0.8468,0.5476,0.0,39.27659,-84.40175
Chamberlain University-Illinois,Addison,IL,60101,"High-Risk, High-Aid Institutions",20604.0,20604.0,36346.0,0.2994,0.5584,0.5,0.0,41.931,-88.01072
Chamberlain University-Ohio,Columbus,OH,43219,"High-Risk, High-Aid Institutions",19686.0,19686.0,38833.0,0.486,0.7281,0.0,0.0,40.00774,-82.92233
Chamberlain University-Arizona,Phoenix,AZ,85021,"High-Risk, High-Aid Institutions",20462.0,20462.0,39034.0,0.4352,0.8166,0.6667,0.0,33.56046,-112.09442
Cambridge College of Healthcare & Technology,Delray Beach,FL,33484,"High-Risk, High-Aid Institutions",14908.0,14908.0,22460.0,0.5761,0.6794,0.56,0.0,26.45432,-80.13434
Providence Christian College,Pasadena,CA,91101,"High-Risk, High-Aid Institutions",35147.0,35147.0,51852.0,0.3382,0.625,0.5263,0.0,34.14671,-118.13895
Columbia College,Vienna,VA,22182,"High-Risk, High-Aid Institutions",,,,0.3031,0.1906,,0.0,38.93611,-77.2736
Columbia College,Vienna,VA,22182,"High-Risk, High-Aid Institutions",,,,0.3031,0.1906,,0.0,38.93611,-77.2736
Polytechnic University of Puerto Rico-Orlando,Orlando,FL,32825,"High-Risk, High-Aid Institutions",14262.0,14262.0,21955.0,0.5913,0.687,0.0833,0.0,28.53681,-81.24243
Strayer University-West Virginia,Scott Depot,WV,25560,"Middle-Tier, Mixed-Aid Institutions",13920.0,13920.0,23838.0,0.8507,0.1319,0.5,0.0,38.44736,-81.89908
University of Minnesota-Rochester,Rochester,MN,55904,"Middle-Tier, Mixed-Aid Institutions",14400.0,14400.0,27237.0,0.3556,0.4937,0.5691,0.0,43.96204,-92.39931
Chamberlain University-Florida,Jacksonville,FL,32256,"High-Risk, High-Aid Institutions",19686.0,19686.0,34657.0,0.5327,0.8094,0.3333,0.0,30.1929,-81.50309
University of Fort Lauderdale,Lauderhill,FL,33313,"Middle-Tier, Mixed-Aid Institutions",9810.0,9810.0,20726.0,0.5812,0.3682,0.75,0.0,26.15069,-80.22634
Pacific Rim Christian University,Honolulu,HI,96819,"High-Risk, High-Aid Institutions",12380.0,12380.0,24042.0,0.8632,0.5474,0.5238,0.0,21.34968,-157.87527
West Coast University-Orange County,Anaheim,CA,92802,"High-Risk, High-Aid Institutions",22685.0,22685.0,38599.0,0.4122,0.8343,0.6429,0.0,33.80831,-117.9237
West Coast University-Ontario,Ontario,CA,91761,"High-Risk, High-Aid Institutions",37194.0,37194.0,51950.0,0.4971,0.8837,0.5,0.0,34.03541,-117.5915
Strayer University-Georgia,Chamblee,GA,30341,"Middle-Tier, Mixed-Aid Institutions",13920.0,13920.0,23838.0,0.7837,0.1551,0.2308,0.0,33.88711,-84.28992
Strayer University-South Carolina,Greenville,SC,29601,"Middle-Tier, Mixed-Aid Institutions",13920.0,13920.0,23838.0,0.7889,0.1452,0.0,0.0,34.84744,-82.40257
Strayer University-Texas,Farmers Branch,TX,75234,"Middle-Tier, Mixed-Aid Institutions",13920.0,13920.0,23838.0,0.7428,0.1031,0.5,0.0,32.92423,-96.88904
South University-Richmond,Glen Allen,VA,23060,"High-Risk, High-Aid Institutions",18238.0,18238.0,33875.0,0.4125,0.5519,0.2069,0.0,37.65981,-77.53427
South University-Virginia Beach,Virginia Beach,VA,23452,"High-Risk, High-Aid Institutions",18238.0,18238.0,33875.0,0.5122,0.5024,0.1364,0.0,36.84604,-76.09197
Touro University Worldwide,Los Alamitos,CA,90720,"High-Risk, High-Aid Institutions",14600.0,14600.0,27755.0,0.5194,0.4782,0.4231,0.0,33.79573,-118.06342
Herzing University-Kenosha,Kenosha,WI,53140,"High-Risk, High-Aid Institutions",13420.0,13420.0,23590.0,0.6204,0.8166,0.5,0.0,42.61963,-87.82987
Herzing University-Brookfield,Brookfield,WI,53005,"High-Risk, High-Aid Institutions",13420.0,13420.0,25879.0,0.6046,0.7602,0.4,0.0,43.0625,-88.0992
Texas A&M University-San Antonio,San Antonio,TX,78224,"Middle-Tier, Mixed-Aid Institutions",9548.0,23124.0,21840.0,0.5083,0.4008,0.2937,0.0,29.30831,-98.53751
Strayer University-Global Region,Washington,DC,20005,"Middle-Tier, Mixed-Aid Institutions",13920.0,13920.0,23838.0,0.5278,0.0733,0.2,0.0,38.90443,-77.0316
Johnson & Wales University-Online,Providence,RI,02903,"High-Risk, High-Aid Institutions",13365.0,13365.0,25365.0,0.3559,0.5762,0.0,0.0,41.81902,-71.41003
National Paralegal College,Phoenix,AZ,85014,"Middle-Tier, Mixed-Aid Institutions",7995.0,7995.0,19691.0,0.3968,0.4381,0.3191,0.0,33.50903,-112.05665
Carolina College of Biblical Studies,Fayetteville,NC,28303,"Middle-Tier, Mixed-Aid Institutions",6276.0,6276.0,24267.0,0.5625,0.2589,0.2222,0.0,35.0852,-78.95815
New York Film Academy,Burbank,CA,91505,"Elite, Low-Aid Institutions",36738.0,36738.0,62291.0,0.2028,0.2871,0.709,0.0,34.17583,-118.34692
Manna University,Fayetteville,NC,28314,"Middle-Tier, Mixed-Aid Institutions",7163.0,7163.0,23618.0,0.3448,0.2701,0.6923,0.0,35.0557,-79.01678
North American University,Stafford,TX,77477,"Middle-Tier, Mixed-Aid Institutions",12836.0,12836.0,24909.0,0.5143,0.404,0.2698,0.0,29.62625,-95.56718
John Paul the Great Catholic University,Escondido,CA,92025,"High-Risk, High-Aid Institutions",29500.0,29500.0,47492.0,0.38,0.7067,0.6533,0.0,33.08492,-117.02967
University of Connecticut-Hartford Campus,Hartford,CT,06103,"Middle-Tier, Mixed-Aid Institutions",17452.0,40120.0,25031.0,0.458,0.3779,0.6536,0.0,41.76477,-72.67012
Ottawa University-Surprise,Surprise,AZ,85374,"High-Risk, High-Aid Institutions",35300.0,35300.0,51400.0,0.3745,0.7797,0.2252,0.0,33.64449,-112.395
Chamberlain University-Missouri,St. Louis,MO,63146,"High-Risk, High-Aid Institutions",19686.0,19686.0,41617.0,0.4773,0.8027,0.3333,0.0,38.70135,-90.47634
Chamberlain University-Texas,Houston,TX,77041,"High-Risk, High-Aid Institutions",19686.0,19686.0,39297.0,0.4952,0.7937,0.0,0.0,29.86203,-95.58187
Dewey University-Manati,Manati,PR,00674,"Middle-Tier, Mixed-Aid Institutions",7630.0,7630.0,11572.0,0.8938,0.2123,0.7429,0.0,18.42229,-66.4891
Los Angeles Pacific University,San Dimas,CA,91773,"High-Risk, High-Aid Institutions",11976.0,11976.0,28144.0,0.4782,0.7534,0.325,0.0,34.1072,-117.80928
South University-Savannah Online,Savannah,GA,31406,"High-Risk, High-Aid Institutions",16546.0,16546.0,31716.0,0.7625,0.6804,0.0506,0.0,31.97783,-81.08517
Criswell College,Dallas,TX,75246,"Middle-Tier, Mixed-Aid Institutions",14310.0,14310.0,26555.0,0.3443,0.2377,0.5714,0.0,32.79296,-96.77322
Chamberlain University-Indiana,Indianapolis,IN,46240,"Elite, Low-Aid Institutions",19686.0,19686.0,41617.0,0.4851,0.7376,1.0,0.0,39.90697,-86.12367
Sessions College for Professional Design,Tempe,AZ,85281,"Middle-Tier, Mixed-Aid Institutions",12440.0,12440.0,21244.0,0.3312,0.3442,0.5,0.0,33.42805,-111.93157
Pennsylvania State University-World Campus,University Park,PA,16802,"Middle-Tier, Mixed-Aid Institutions",15204.0,15204.0,27938.0,0.2967,0.4118,0.3363,0.0,40.79867,-77.86481
South University-Austin,Round Rock,TX,78681,"High-Risk, High-Aid Institutions",18238.0,18238.0,31666.0,0.5382,0.5868,0.0909,0.0,30.5355,-97.71981
Bryant & Stratton College-Online,Orchard Park,NY,14127,"High-Risk, High-Aid Institutions",15891.0,15891.0,20558.0,0.7524,0.8104,0.1833,0.0,42.75204,-78.74402
Platt College-Riverside,Riverside,CA,92507,"High-Risk, High-Aid Institutions",14804.0,14804.0,32321.0,0.6996,0.8341,0.5611,0.0,33.97464,-117.32234
Rasmussen University-Kansas,Topeka,KS,66609,"High-Risk, High-Aid Institutions",15340.0,15340.0,24908.0,0.5712,0.7755,0.5,0.0,38.98193,-95.66974
California Miramar University,San Diego,CA,92108,"High-Risk, High-Aid Institutions",9994.0,9994.0,16789.0,0.4646,0.6061,0.0,0.0,32.77423,-117.14097
Midwives College of Utah,Salt Lake City,UT,84106,"High-Risk, High-Aid Institutions",8256.0,8256.0,33358.0,0.5161,0.5986,0.0,0.0,40.70678,-111.85571
South University-High Point,High Point,NC,27265,"High-Risk, High-Aid Institutions",20650.0,20650.0,36215.0,0.5532,0.8085,0.0,0.0,36.00947,-80.03272
Augusta University,Augusta,GA,30912,"Middle-Tier, Mixed-Aid Institutions",8122.0,23500.0,22146.0,0.3838,0.3847,0.4865,0.0,33.47021,-81.98789
Middle Georgia State University,Macon,GA,31206,"Middle-Tier, Mixed-Aid Institutions",4432.0,14032.0,20189.0,0.4092,0.3441,0.256,0.0,32.79383,-83.6832
Veritas Baptist College,Lawrenceburg,IN,47025,"Middle-Tier, Mixed-Aid Institutions",8992.0,8992.0,18643.0,0.3333,0.087,0.2857,0.014,39.15415,-84.87461
DeVry College of New York,New York,NY,10016,"High-Risk, High-Aid Institutions",17488.0,17488.0,41672.0,0.5579,0.6005,0.3333,0.0,40.74515,-73.97807
DeVry University-California,Ontario,CA,91764,"High-Risk, High-Aid Institutions",17488.0,17488.0,39643.0,0.5357,0.5736,0.4286,0.0,34.07533,-117.60164
DeVry University-Georgia,Decatur,GA,30030,"High-Risk, High-Aid Institutions",17488.0,17488.0,39356.0,0.611,0.7387,0.3636,0.0,33.7721,-84.29135
DeVry University-Illinois,Lisle,IL,60532,"High-Risk, High-Aid Institutions",17488.0,17488.0,38020.0,0.6524,0.7938,0.3686,0.0,41.79153,-88.08576
DeVry University-Virginia,Arlington,VA,22202,"Elite, Low-Aid Institutions",17488.0,17488.0,33556.0,0.4237,0.5254,1.0,0.0,38.8569,-77.05175
University of North Georgia,Dahlonega,GA,30597,"Middle-Tier, Mixed-Aid Institutions",5009.0,15441.0,18062.0,0.2769,0.2088,0.3685,0.0,34.52762,-83.98462
South Georgia State College,Douglas,GA,31533,"Middle-Tier, Mixed-Aid Institutions",2970.0,9322.0,16015.0,0.5223,0.2765,0.2031,0.0,31.55021,-82.8287
Florida Polytechnic University,Lakeland,FL,33805,"Middle-Tier, Mixed-Aid Institutions",4940.0,21005.0,20807.0,0.3305,0.2495,0.5302,0.0,28.09829,-81.91279
Antioch College,Yellow Springs,OH,45387,"High-Risk, High-Aid Institutions",37143.0,37143.0,50383.0,0.748,0.7165,0.2632,0.0,39.79754,-83.88622
University of Florida-Online,Gainesville,FL,32611,"Middle-Tier, Mixed-Aid Institutions",3876.0,16579.0,17036.0,0.2039,0.1281,0.7766,0.0,,
University of Phoenix-Arizona,Phoenix,AZ,85040,"High-Risk, High-Aid Institutions",9552.0,9552.0,19449.0,0.4534,0.6037,0.1951,0.0,33.40585,-112.02658
University of North Texas at Dallas,Dallas,TX,75241,"Middle-Tier, Mixed-Aid Institutions",9590.0,22189.0,21003.0,0.5148,0.2966,0.4379,0.0,32.667,-96.75903
Georgia Military College,Milledgeville,GA,31061,"Middle-Tier, Mixed-Aid Institutions",8112.0,8112.0,18298.0,0.3298,0.392,0.3294,0.0,33.06041,-83.22816
West Coast University-Miami,Doral,FL,33178,"High-Risk, High-Aid Institutions",23691.0,23691.0,42172.0,0.6389,0.9147,0.5,0.0,25.83578,-80.4213
Lionel University,Carpinteria,CA,93013,"Middle-Tier, Mixed-Aid Institutions",15288.0,15288.0,31812.0,0.3686,0.2902,0.3837,0.0,34.42697,-119.48032
Atlantis University,Miami,FL,33136,"High-Risk, High-Aid Institutions",12720.0,12720.0,24866.0,0.4944,0.5643,0.6129,0.0,25.78703,-80.20444
San Ignacio University,Doral,FL,33178,"Middle-Tier, Mixed-Aid Institutions",10405.0,10405.0,14305.0,0.0588,0.0252,0.7037,0.0,25.83578,-80.4213
Valor Christian College,Canal Winchester,OH,43110,"High-Risk, High-Aid Institutions",9892.0,9892.0,30234.0,0.5789,0.6285,0.4146,0.0,39.82825,-82.80143
Bethany Global University,Bloomington,MN,55438,"High-Risk, High-Aid Institutions",20700.0,20700.0,29638.0,0.4685,0.4595,0.6119,0.0,44.82489,-93.37826
Kennesaw State University,Kennesaw,GA,30144,"Middle-Tier, Mixed-Aid Institutions",5786.0,17040.0,24618.0,0.3538,0.3507,0.4806,0.0,34.03672,-84.59174
Milligan University,Milligan,TN,37682,"Elite, Low-Aid Institutions",39350.0,39350.0,49850.0,0.2344,0.4901,0.6029,0.0,36.30035,-82.29169
Chamberlain University-Nevada,Las Vegas,NV,89144,"High-Risk, High-Aid Institutions",20462.0,20462.0,44446.0,0.4268,0.7919,0.0,0.0,36.17746,-115.31943
Chamberlain University-New Jersey,North Brunswick,NJ,08902,"High-Risk, High-Aid Institutions",20462.0,20462.0,41740.0,0.3442,0.8208,0.0,0.0,40.44236,-74.48579
Arizona College of Nursing-Las Vegas,Las Vegas,NV,89113,"High-Risk, High-Aid Institutions",22426.0,22426.0,36044.0,0.5739,0.7655,0.75,0.0,36.06017,-115.26236
Husson University,Bangor,ME,04401,"High-Risk, High-Aid Institutions",22194.0,22194.0,34073.0,0.3466,0.6962,0.5667,0.0,44.84711,-68.84654
Northwest University-Center for Online and Extended Education,Kirkland,WA,98033,"Middle-Tier, Mixed-Aid Institutions",14652.0,14652.0,30923.0,0.2072,0.3821,0.3077,0.0,47.67616,-122.19267
Felbry College,Columbus,OH,43231,"Elite, Low-Aid Institutions",27504.0,27504.0,66505.0,0.4341,0.5659,0.7692,0.0,40.07843,-82.93914
Elim Bible Institute and College,Lima,NY,14485,"Middle-Tier, Mixed-Aid Institutions",10480.0,10480.0,19182.0,0.4737,0.3596,0.697,0.0,42.88016,-77.60131
Seattle Film Institute,Seattle,WA,98119,"Elite, Low-Aid Institutions",33000.0,33000.0,47496.0,0.4058,0.5942,0.8889,0.0,47.63943,-122.36932
Indiana Wesleyan University-National & Global,Marion,IN,46953,"High-Risk, High-Aid Institutions",8216.0,8216.0,22117.0,0.4758,0.5456,0.3722,0.0,40.51928,-85.643
University of Saint Katherine,San Marcos,CA,92069,"High-Risk, High-Aid Institutions",28800.0,28800.0,48604.0,0.3491,0.4906,0.4348,0.0,33.17536,-117.15761
Chamberlain University-North Carolina,Charlotte,NC,28273,"High-Risk, High-Aid Institutions",19686.0,19686.0,27697.0,0.3806,0.7425,0.0,0.0,35.12624,-80.94469
Spartan College of Aeronautics and Technology,Riverside,CA,92509,"Middle-Tier, Mixed-Aid Institutions",,,,0.3333,0.3826,,0.0,34.00293,-117.44547
Purdue University Global,West Lafayette,IN,47906,"High-Risk, High-Aid Institutions",10110.0,14421.0,17994.0,0.4793,0.4942,0.4762,0.0,40.48541,-86.98584
Carolina University,Winston-Salem,NC,27101,"High-Risk, High-Aid Institutions",16000.0,16000.0,29965.0,0.4562,0.5066,0.2923,0.0,36.11204,-80.19889
HCI College,West Palm Beach,FL,33409,"Elite, Low-Aid Institutions",20028.0,20028.0,33825.0,0.3244,0.3244,1.0,0.0,26.7161,-80.0965
Westcliff University,Irvine,CA,92614,"Middle-Tier, Mixed-Aid Institutions",21000.0,21000.0,35995.0,0.0209,0.0292,0.5978,0.0,33.68173,-117.83316
California Institute of Arts & Technology,San Diego,CA,92108,"Middle-Tier, Mixed-Aid Institutions",15390.0,15390.0,40465.0,0.3127,0.0052,0.6986,0.0,32.77423,-117.14097
Purdue University Northwest,Hammond,IN,46323,"Middle-Tier, Mixed-Aid Institutions",8419.0,15620.0,16287.0,0.277,0.2707,0.4402,0.0,41.58961,-87.45323
Platt College-Anaheim,Anaheim,CA,92806,"High-Risk, High-Aid Institutions",14804.0,14804.0,31348.0,0.5981,0.7775,0.6182,0.0,33.83884,-117.87054
EDP University of Puerto Rico-Villalba,Villalba,PR,00766,"High-Risk, High-Aid Institutions",7050.0,14125.0,14835.0,0.6991,0.5796,0.3636,0.0,18.13039,-66.4757
Drury University-College of Continuing Professional Studies,Springfield,MO,65802,"High-Risk, High-Aid Institutions",8044.0,8044.0,19985.0,0.5876,0.4488,0.3208,0.0,37.21048,-93.35167
Urshan College,Wentzville,MO,63385,"Middle-Tier, Mixed-Aid Institutions",8506.0,8506.0,16089.0,0.3996,0.3784,0.55,0.0,38.79732,-90.85649
Ponce Health Sciences University-East,Ponce,PR,00731,"Middle-Tier, Mixed-Aid Institutions",10504.0,21504.0,28734.0,0.8696,0.1957,0.7778,0.0,18.09914,-66.63279
Commonwealth University of Pennsylvania,Bloomsburg,PA,17815,"High-Risk, High-Aid Institutions",11046.0,22870.0,25781.0,0.2934,0.5842,0.5302,0.0,41.02216,-76.43061
Pennsylvania Western University,California,PA,15419,"High-Risk, High-Aid Institutions",11388.0,16006.0,27618.0,0.3686,0.5682,0.5103,0.0,40.05861,-79.89408
