INSTNM,CITY,STABBR,ZIP,CONTROL,TUITIONFEE_IN,TUITIONFEE_OUT,COSTT4_A,NPT4_PUB,NPT4_PRIV,TUITIONFEE_PROG,PCTPELL,PCTFLOAN,DEBT_MDN,GRAD_DEBT_MDN_SUPP,ADM_RATE,SAT_AVG,AVGFACSAL,UGDS,C150_4,RET_FT4,CDR3,MD_EARN_WNE_P10
Alabama A & M University,Normal,AL,35762,1,10024.0,18634.0,23751.0,14559.0,,,0.6441,0.5859,16600,31000,0.6622,947.0,8610.0,5726.0,0.2874,0.6387,0.0,40628.0
University of Alabama at Birmingham,Birmingham,AL,35294-0110,1,8832.0,21864.0,27826.0,17727.0,,,0.3318,0.4097,15832,22300,0.8842,1251.0,12211.0,12118.0,0.626,0.8195,0.0,54501.0
Amridge University,Montgomery,AL,36117-3553,2,,,,,,,0.6842,0.7237,13385,32189,,,5109.0,226.0,0.4,,0.0,37621.0
University of Alabama in Huntsville,Huntsville,AL,35899,1,11770.0,24662.0,27098.0,19880.0,,,0.225,0.3391,13905,20705,0.7425,1321.0,10411.0,6650.0,0.6191,0.805,0.0,61767.0
Alabama State University,Montgomery,AL,36104-0271,1,11248.0,19576.0,22028.0,13889.0,,,0.7203,0.7776,17500,31000,0.9564,977.0,8015.0,3322.0,0.3018,0.6045,0.0,34502.0
The University of Alabama,Tuscaloosa,AL,35487-0100,1,11900.0,33200.0,32024.0,22150.0,,,0.1799,0.3358,17986,22750,0.7582,1287.0,11090.0,32323.0,0.7369,0.8609,0.0,59221.0
Central Alabama Community College,Alexander City,AL,35010,1,5040.0,8850.0,19815.0,14346.0,,,0.2853,0.1609,5500,9766,,,6773.0,1134.0,,,0.0,33506.0
Athens State University,Athens,AL,35611,1,,,,,,,0.4238,0.4099,14861,18051,,,9452.0,2407.0,,,0.0,50273.0
Auburn University at Montgomery,Montgomery,AL,36117-3596,1,9436.0,20092.0,21873.0,14596.0,,,0.4275,0.456,13119,25000,0.9263,1090.0,8823.0,2693.0,0.3568,0.658,0.0,44391.0
Auburn University,Auburn,AL,36849,1,12536.0,33944.0,34402.0,23897.0,,,0.1226,0.2701,17750,21000,0.5047,1318.0,11907.0,25732.0,0.7921,0.9319,0.0,65337.0
Birmingham-Southern College,Birmingham,AL,35254,2,22750.0,22750.0,38385.0,,23351.0,,0.2256,0.6738,16000,25000,0.5194,1197.0,6586.0,713.0,0.6418,0.6311,0.0,59481.0
Chattahoochee Valley Community College,Phenix City,AL,36869,1,5040.0,8850.0,12032.0,5814.0,,,0.3931,0.248,5900,10500,,,6268.0,1044.0,,,0.0,36438.0
South University-Montgomery,Montgomery,AL,36116,3,18238.0,18238.0,30704.0,,25157.0,,0.6952,0.7016,13000,26123,,,6153.0,302.0,0.1538,0.2857,0.0,34421.0
Enterprise State Community College,Enterprise,AL,36330-1300,1,5040.0,8850.0,14798.0,8187.0,,,0.3502,0.208,5500,7499,,,9427.0,1476.0,,,0.0,42572.0
Coastal Alabama Community College,Bay Minette,AL,36507-2698,1,4980.0,8790.0,15171.0,9514.0,,,0.346,0.3107,5500,11000,,,7837.0,4714.0,,,0.0,34894.0
Faulkner University,Montgomery,AL,36109-3390,2,23920.0,23920.0,36910.0,,21165.0,,0.4381,0.5787,15000,23000,0.6613,1016.0,6574.0,1555.0,0.3766,0.7039,0.0,43457.0
Gadsden State Community College,Gadsden,AL,35903,1,4032.0,7080.0,10687.0,3568.0,,,0.4736,0.0,PS,PS,,,7250.0,3619.0,,,0.0,32937.0
New Beginning College of Cosmetology,Albertville,AL,35951,3,,,,,13055.0,15150.0,0.4557,0.4937,6100,9500,,,,39.0,,,0.0,
George C Wallace Community College-Dothan,Dothan,AL,36303-9234,1,4920.0,8730.0,9863.0,2697.0,,,0.487,0.0,PS,PS,,,7050.0,3053.0,,,,31399.0
George C Wallace State Community College-Hanceville,Hanceville,AL,35077-2000,1,4980.0,8790.0,18748.0,14042.0,,,0.3229,0.1859,8200,11000,,,7142.0,4413.0,,,0.0,39842.0
George C Wallace State Community College-Selma,Selma,AL,36702-2808,1,4680.0,8490.0,9505.0,970.0,,,0.3677,0.0,PS,PS,,,6779.0,828.0,,,,31598.0
Herzing University-Birmingham,Birmingham,AL,35209,2,13420.0,13420.0,27195.0,,20957.0,,0.6368,0.7228,11756,21500,0.9449,,6744.0,445.0,0.25,,0.0,36909.0
Huntingdon College,Montgomery,AL,36106-2148,2,28650.0,28650.0,39686.0,,21401.0,,0.3879,0.7081,20000,27000,0.7083,1148.0,7723.0,865.0,0.4694,0.6667,0.0,49601.0
Heritage Christian University,Florence,AL,35630-9977,2,11982.0,11982.0,,,,,0.3537,0.0244,PS,PS,1.0,,5489.0,63.0,0.5,0.6667,0.0,42597.0
J. F. Drake State Community and Technical College,Huntsville,AL,35811,1,5130.0,8940.0,11908.0,4644.0,,,0.4436,0.0,PS,PS,,,6510.0,719.0,,,,28281.0
J F Ingram State Technical College,Deatsville,AL,36022,1,6084.0,6084.0,,,,,0.0,0.0,PS,PS,,,,826.0,,,,
Jacksonville State University,Jacksonville,AL,36265,1,12426.0,22716.0,23422.0,14850.0,,,0.4309,0.6941,14000,22189,0.7622,1055.0,7774.0,7030.0,0.5112,0.6442,0.0,45235.0
Jefferson State Community College,Birmingham,AL,35215-3098,1,5040.0,8850.0,14384.0,9024.0,,,0.2863,0.3001,4500,9689,,,7555.0,5443.0,,,0.0,40719.0
John C Calhoun State Community College,Tanner,AL,35671,1,5060.0,8870.0,12687.0,7336.0,,,0.3143,0.1825,6010,12000,,,7418.0,6928.0,,,0.0,38192.0
Lawson State Community College,Birmingham,AL,35221-1717,1,4980.0,8790.0,15028.0,6564.0,,,0.5978,0.0,PS,PS,,,7388.0,2720.0,,,,31701.0
University of West Alabama,Livingston,AL,35470,1,10990.0,20090.0,22402.0,13832.0,,,0.5401,0.6373,13000,24944,0.8711,1015.0,7627.0,2666.0,0.3804,0.6075,0.0,44232.0
Lurleen B Wallace Community College,Andalusia,AL,36420-1224,1,4980.0,8790.0,10223.0,3041.0,,,0.3624,0.0,PS,PS,,,6659.0,1122.0,,,,32307.0
Marion Military Institute,Marion,AL,36756-3207,1,9538.0,15538.0,18458.0,10137.0,,,0.4344,0.3969,5500,9250,0.5917,1043.0,7169.0,308.0,,,0.0,59644.0
Miles College,Fairfield,AL,35064-2621,2,12714.0,12714.0,22900.0,,14514.0,,0.7552,0.775,15691,31217,,,5439.0,1151.0,0.2566,0.5563,0.0,32627.0
University of Mobile,Mobile,AL,36613-2842,2,26120.0,26120.0,38731.0,,19603.0,,0.2986,0.4287,19000,26500,0.7251,1220.0,5790.0,1079.0,0.5551,0.7169,0.0,43611.0
University of Montevallo,Montevallo,AL,35115-6000,1,13710.0,26730.0,26233.0,17053.0,,,0.3904,0.5207,16000,24000,0.539,,8549.0,2087.0,0.4938,0.7315,0.0,42957.0
Northwest Shoals Community College,Muscle Shoals,AL,35661,1,5071.0,8881.0,10894.0,4545.0,,,0.2753,0.2401,5500,10000,,,7059.0,1924.0,,,0.0,33828.0
University of North Alabama,Florence,AL,35632-0001,1,11990.0,22190.0,22086.0,11024.0,,,0.2411,0.2957,15781,22077,0.9648,,9049.0,5468.0,0.5403,0.7776,0.0,45415.0
Northeast Alabama Community College,Rainsville,AL,35986,1,4980.0,8790.0,10620.0,1612.0,,,0.378,0.1189,4400,6100,,,7473.0,1547.0,,,0.0,34913.0
Oakwood University,Huntsville,AL,35896,2,21838.0,21838.0,38592.0,,23384.0,,0.4735,0.5754,21500,27000,0.5051,,5758.0,1253.0,0.4891,0.6388,0.0,42488.0
Reid State Technical College,Evergreen,AL,36401,1,6100.0,10700.0,9066.0,131.0,,,0.4631,0.0,PS,PS,,,7019.0,365.0,,,,28982.0
Bishop State Community College,Mobile,AL,36603-5898,1,5280.0,9090.0,11530.0,4176.0,,,0.4195,0.0,PS,PS,,,7389.0,2100.0,,,,29916.0
Samford University,Birmingham,AL,35229-2240,2,38144.0,38144.0,53934.0,,30795.0,,0.1084,0.287,15750,19500,0.8223,1203.0,9810.0,3828.0,0.7988,0.8765,0.0,58469.0
Selma University,Selma,AL,36701,2,4800.0,4800.0,,,,,0.0,0.0,,,,,,34.0,0.24,,,
Shelton State Community College,Tuscaloosa,AL,35405-8522,1,5067.0,8877.0,16607.0,10880.0,,,0.3987,0.0,PS,PS,,,7216.0,3191.0,,,,35014.0
Snead State Community College,Boaz,AL,35957-0734,1,5472.0,9536.0,12583.0,6369.0,,,0.3359,0.1213,6450,9000,,,7673.0,1494.0,,,0.0,35735.0
University of South Alabama,Mobile,AL,36688-0002,1,9676.0,18652.0,22070.0,15142.0,,,0.3713,0.4872,17750,24929,0.6549,1119.0,7764.0,8540.0,0.5257,0.7625,0.0,49379.0
Spring Hill College,Mobile,AL,36608-1780,2,23270.0,23270.0,37172.0,,19514.0,,0.3301,0.5123,21500,27000,0.591,1090.0,5642.0,850.0,0.5612,0.6578,0.0,51500.0
Stillman College,Tuscaloosa,AL,35401,2,11392.0,11392.0,23485.0,,12272.0,,0.682,0.6912,16000,29067,0.7422,,5415.0,761.0,0.4103,0.7886,0.0,35421.0
Talladega College,Talladega,AL,35160,2,15650.0,15650.0,23441.0,,13461.0,,0.7551,0.7778,15000,28500,0.9925,,5951.0,782.0,0.6497,0.8142,0.0,32229.0
H Councill Trenholm State Community College,Montgomery,AL,36108-3199,1,4890.0,8700.0,12148.0,5568.0,,,0.5519,0.0,PS,PS,,,7119.0,1584.0,,,0.0,32183.0
Troy University,Troy,AL,36082-0001,1,9792.0,19584.0,21816.0,13869.0,,,0.423,0.6617,15985,25000,0.9261,1086.0,7491.0,10089.0,0.4684,0.7299,0.0,42062.0
Tuskegee University,Tuskegee,AL,36088-1920,2,23440.0,23440.0,41924.0,,32977.0,,0.4767,0.6167,21250,27000,0.3143,1121.0,7309.0,2367.0,0.5709,0.7298,0.0,49641.0
United States Sports Academy,Daphne,AL,36526-7055,2,18900.0,18900.0,,,,,0.3478,0.513,10976,PS,0.3529,,7452.0,136.0,,0.0,0.0,55257.0
Bevill State Community College,Jasper,AL,35501,1,4678.0,8234.0,15238.0,5249.0,,,0.3027,0.0,PS,PS,,,7606.0,2189.0,,,,34107.0
University of Alaska Anchorage,Anchorage,AK,99508,1,7566.0,21693.0,21848.0,13780.0,,,0.191,0.1488,11231,20210,0.6652,,9957.0,6916.0,0.2894,0.7166,0.0,51871.0
Alaska Bible College,Palmer,AK,99645,2,10930.0,10930.0,22101.0,,14093.0,,0.4872,0.1282,PS,PS,,,,34.0,1.0,0.3333,0.0,
University of Alaska Fairbanks,Fairbanks,AK,99775,1,8640.0,22752.0,21182.0,9634.0,,,0.2237,0.1765,11283,20291,,,10130.0,4027.0,0.3197,0.721,0.0,48866.0
University of Alaska Southeast,Juneau,AK,99801-8697,1,6960.0,21096.0,16796.0,7233.0,,,0.1398,0.1404,10500,19111,0.625,,9091.0,920.0,0.3097,0.7143,0.0,48475.0
Alaska Pacific University,Anchorage,AK,99508,2,20760.0,20760.0,34964.0,,18976.0,,0.3442,0.4186,12696,23500,0.8621,,7297.0,400.0,0.4688,0.6818,0.0,54271.0
Alaska Vocational Technical Center,Seward,AK,99664-0889,1,,,,12071.0,,4736.0,0.0602,0.0082,5500,PS,,,,452.0,,,0.0,51083.0
Charter College,Anchorage,AK,99508-4103,3,18678.0,18678.0,31188.0,,25225.0,,0.5579,0.6745,11884,14176,,,5298.0,2277.0,0.5753,,0.0,35504.0
Alaska Career College,Anchorage,AK,99507-1033,3,,,,,18091.0,16545.0,0.581,0.5039,7199,7377,,,5205.0,255.0,,,0.0,34468.0
Empire Beauty School-Tucson,Tucson,AZ,85716,3,,,,,16609.0,19260.0,0.4952,0.5272,8028,13000,,,,213.0,,,0.0,25073.0
Carrington College-Phoenix North,Phoenix,AZ,85051-4063,3,,,,,,15711.0,0.5536,0.6262,9298,9500,,,6346.0,1087.0,,,0.0,36718.0
Carrington College-Mesa,Mesa,AZ,85210-5005,3,,,,,47290.0,61588.0,0.5402,0.6647,9298,9500,,,6782.0,492.0,,,0.0,36718.0
Carrington College-Tucson,Tucson,AZ,85745-2974,3,,,,,39975.0,61588.0,0.6093,0.6827,9298,9500,,,6496.0,437.0,,,0.0,36718.0
Arizona Academy of Beauty,Tucson,AZ,85712,3,,,,,15544.0,17700.0,0.6719,0.5,4750,5250,,,,49.0,,,0.0,21201.0
Miller-Motte College-Arizona Automotive Institute,Glendale,AZ,85301-3579,3,,,,,22180.0,20663.0,0.7302,0.6785,10661,15917,,,4610.0,513.0,,,0.0,31102.0
Brookline College-Phoenix,Phoenix,AZ,85021,3,,,,,,89404.0,0.5823,0.6673,9500,9500,,,7230.0,714.0,0.5023,0.0,0.0,29576.0
Arizona State University Campus Immersion,Tempe,AZ,85287,1,12051.0,32193.0,28047.0,13670.0,,,0.2966,0.284,13610,19500,0.9019,,12336.0,64398.0,0.6785,0.8532,0.0,62668.0
Arizona Western College,Yuma,AZ,85365-8834,1,3020.0,9830.0,15857.0,9582.0,,,0.3918,0.0046,4500,4826,,,8003.0,6198.0,,,0.0,36857.0
University of Arizona,Tucson,AZ,85721-0066,1,13626.0,41095.0,28543.0,15960.0,,,0.2624,0.2695,13750,19620,0.8566,1261.0,12224.0,40769.0,0.6589,0.8767,0.0,59979.0
Central Arizona College,Coolidge,AZ,85128-9030,1,2250.0,4500.0,9024.0,4591.0,,,0.2874,0.0303,6157,10010,,,7319.0,4892.0,,,0.0,40513.0
Charles of Italy Beauty College,Lake Havasu City,AZ,86403,3,,,,,11641.0,15325.0,0.5802,0.6718,7000,7388,,,,88.0,,,0.0,26269.0
Cochise County Community College District,Sierra Vista,AZ,85635-2317,1,2232.0,6000.0,13638.0,7420.0,,,0.3858,0.0585,5500,6750,,,7072.0,3007.0,,,0.0,38033.0
Empire Beauty School-Chandler,Chandler,AZ,85224,3,,,,,16662.0,19200.0,0.5932,0.6017,7851,10667,,,,98.0,,,0.0,23921.0
Avalon Institute-Mesa,Mesa,AZ,85210,3,,,,,16847.0,9000.0,0.5676,0.6544,6312,6332,,,,388.0,,,0.0,30803.0
Eastern Arizona College,Thatcher,AZ,85552-0769,1,2352.0,9552.0,16280.0,9765.0,,,0.1721,0.0,PS,PS,,,8273.0,3058.0,,,,38018.0
Embry-Riddle Aeronautical University-Prescott,Prescott,AZ,86301-3720,2,42204.0,42204.0,60158.0,,39983.0,,0.174,0.3439,14250,23666,0.7519,1256.0,9669.0,3245.0,0.6976,0.8382,0.0,84131.0
The School of Architecture,Scottsdale,AZ,85250,2,,,,,,,,,PS,PS,,,4286.0,,,,0.0,
Glendale Community College,Glendale,AZ,85302,1,2358.0,8958.0,18056.0,12158.0,,,0.2614,0.0753,4500,6960,,,10269.0,10180.0,0.144,,0.0,43108.0
Grand Canyon University,Phoenix,AZ,85017,3,17450.0,17450.0,31493.0,,21931.0,,0.4308,0.535,12500,22114,0.6036,1095.0,7479.0,68619.0,0.4304,0.6838,0.0,42186.0
GateWay Community College,Phoenix,AZ,85034,1,2358.0,8958.0,18316.0,12871.0,,,0.2862,0.1228,4500,6750,,,9350.0,3473.0,0.1955,0.6071,0.0,46147.0
Mesa Community College,Mesa,AZ,85202,1,2358.0,8958.0,18975.0,13438.0,,,0.2006,0.073,4500,7473,,,10272.0,12049.0,,,0.0,44034.0
Mohave Community College,Kingman,AZ,86409-1238,1,2136.0,7248.0,10952.0,6806.0,,,0.3093,0.0733,8000,9700,,,6630.0,2750.0,,,0.0,35522.0
Universal Technical Institute of Arizona Inc-Motorcycle Mechanics Institute Division,Avondale,AZ,85323,3,,,,,21925.0,36500.0,0.392,0.4944,10247,13097,,,5768.0,567.0,,,0.0,48341.0
Dine College,Tsaile,AZ,86556,1,1410.0,1410.0,13872.0,10218.0,,,0.3895,0.0,PS,PS,,,6503.0,1507.0,0.0549,0.3333,,29188.0
Northern Arizona University,Flagstaff,AZ,86011-4092,1,12652.0,28900.0,29495.0,14922.0,,,0.2983,0.331,12916,19000,0.9095,,9585.0,23041.0,0.5686,0.7256,0.0,54384.0
Northland Pioneer College,Holbrook,AZ,86025-0610,1,2428.0,9851.0,14174.0,9251.0,,,0.1369,0.0,PS,PS,,,7265.0,1024.0,,,,34199.0
Phoenix College,Phoenix,AZ,85013,1,2358.0,8958.0,18033.0,11728.0,,,0.2888,0.0874,5250,6750,,,9778.0,6952.0,,,0.0,40870.0
Pima Community College,Tucson,AZ,85709-1275,1,2370.0,7686.0,8916.0,3123.0,,,0.3267,0.1029,4500,7000,,,8373.0,13869.0,,,0.0,39810.0
Pima Medical Institute-Tucson,Tucson,AZ,85712,3,,,,,,26165.0,0.4846,0.5809,9500,9500,,,5787.0,2619.0,0.7264,,0.0,38673.0
Pima Medical Institute-Albuquerque,Albuquerque,NM,87110,3,,,,,20348.0,17706.0,0.5995,0.5647,5250,5500,,,5996.0,737.0,,,0.0,30917.0
Prescott College,Prescott,AZ,86301,2,35685.0,35685.0,47228.0,,20906.0,,0.4728,0.5367,12500,16300,0.9857,,5813.0,253.0,0.3594,0.75,0.0,42359.0
Refrigeration School Inc,Phoenix,AZ,85034-1816,3,,,,,25300.0,22300.0,0.6661,0.7219,7917,8233,,,4742.0,1271.0,,,0.0,52953.0
Rio Salado College,Tempe,AZ,85281,1,2358.0,8958.0,13740.0,8764.0,,,0.073,0.0446,4375,9500,,,7264.0,4879.0,0.039,,0.0,41015.0
Roberto-Venn School of Luthiery,Phoenix,AZ,85007,3,,,,,25894.0,11950.0,0.1957,0.3043,7307,PS,,,,15.0,,,0.02,35209.0
Scottsdale Community College,Scottsdale,AZ,85256,1,2358.0,8958.0,19682.0,14380.0,,,0.1358,0.0659,4500,8000,,,10327.0,4274.0,,,0.0,47905.0
South Mountain Community College,Phoenix,AZ,85042,1,2358.0,8958.0,17872.0,11942.0,,,0.2736,0.0693,4500,8000,,,10288.0,2612.0,,,0.0,39825.0
Arizona Christian University,Glendale,AZ,85306-3216,2,34697.0,34697.0,50950.0,,32383.0,,0.3318,0.6959,6251,23000,0.7442,,5432.0,1127.0,0.4145,0.5525,0.0,51612.0
Universal Technical Institute of Arizona Inc,Avondale,AZ,85323,3,,,,,27139.0,42500.0,0.4444,0.602,11183,13124,,,5966.0,1791.0,,,0.0,52873.0
Yavapai College,Prescott,AZ,86301,1,2838.0,9344.0,12642.0,6355.0,,,0.1949,0.0463,6762,9000,,,8423.0,3732.0,0.3213,,0.0,39890.0
University of Arkansas at Little Rock,Little Rock,AR,72204,1,8455.0,19210.0,21013.0,16136.0,,,0.4105,0.3765,14500,22000,0.5774,1049.0,7892.0,4740.0,0.4142,0.7146,0.0,45265.0
University of Arkansas for Medical Sciences,Little Rock,AR,72205-7199,1,,,,,,,0.2694,0.3572,13000,14000,,,9461.0,1361.0,,,0.0,73827.0
Arkansas Baptist College,Little Rock,AR,72202-6068,2,8760.0,8760.0,22626.0,,11139.0,,0.4597,0.4173,8250,25375,,,4972.0,373.0,0.0798,0.2143,0.0,28418.0
Arkansas Beauty School-Little Rock,Little Rock,AR,72209,3,,,,,24060.0,19455.0,0.5714,0.5179,6333,6333,,,,111.0,,,0.0,18078.0
Arkansas Beauty College,Russellville,AR,72801,3,,,,,11898.0,15000.0,0.6226,0.6038,7000,PS,,,,56.0,,,0.0,16857.0
Lyon College,Batesville,AR,72501,2,31000.0,31000.0,44943.0,,22670.0,,0.3596,0.6121,10699,21500,0.6554,,6017.0,563.0,0.5591,0.6806,0.0,44232.0
Arkansas Technical School,North Little Rock,AR,72114,3,,,,,35353.0,19400.0,0.6286,0.5429,9833,16500,,,,111.0,,,0.0,16209.0
University of Arkansas,Fayetteville,AR,72701,1,9748.0,28772.0,26161.0,17525.0,,,0.173,0.3405,15749,21500,0.7167,1174.0,10492.0,27312.0,0.6997,0.8646,0.0,58191.0
University of Arkansas at Pine Bluff,Pine Bluff,AR,71601,1,9019.0,17029.0,20907.0,11679.0,,,0.6687,0.5852,14328,24202,0.5754,916.0,6100.0,1899.0,0.3968,0.6454,0.0,35550.0
Arkansas State University-Beebe,Beebe,AR,72012-1000,1,3216.0,5040.0,14799.0,8652.0,,,0.3289,0.1284,5500,8093,,,5300.0,1902.0,,,0.0,36603.0
Arkansas State University,Jonesboro,AR,72401,1,7754.0,13826.0,22823.0,13085.0,,,0.3679,0.4234,15000,20500,0.6967,1119.0,7601.0,7994.0,0.551,0.7782,0.0,42617.0
Arkansas Tech University,Russellville,AR,72801-2222,1,8508.0,14502.0,21536.0,12171.0,,,0.3375,0.2807,11350,21000,0.9629,1050.0,6868.0,5993.0,0.4866,0.7108,0.0,41766.0
University of Arkansas at Monticello,Monticello,AR,71656,1,8868.0,14718.0,20741.0,14013.0,,,0.4938,0.4291,11364,19971,,,5921.0,1868.0,0.4327,0.689,0.0,36902.0
Arthur's Beauty College,Jacksonville,AR,72076,3,,,,,12008.0,17330.0,0.7885,0.8077,7931,9833,,,,47.0,,,0.0,21954.0
Baptist Health College Little Rock,Little Rock,AR,72210-2827,2,13593.0,13593.0,37054.0,,34755.0,,0.3898,0.6357,9500,10000,1.0,980.0,7869.0,512.0,,,0.0,62244.0
Black River Technical College,Pocahontas,AR,72455,1,4584.0,7242.0,14624.0,6053.0,,,0.4036,0.1226,6000,9500,,,5015.0,938.0,,,0.0,34818.0
University of Central Arkansas,Conway,AR,72035-0001,1,10118.0,17258.0,24265.0,16775.0,,,0.3734,0.4169,13000,20346,0.9047,1117.0,7396.0,7426.0,0.5335,0.7343,0.0,45938.0
Central Baptist College,Conway,AR,72034,2,19680.0,19680.0,27468.0,,16664.0,,0.422,0.4947,12876,22250,0.4636,1022.0,5363.0,477.0,0.3529,0.5922,0.0,46789.0
Cossatot Community College of the University of Arkansas,De Queen,AR,71832,1,3906.0,4746.0,11738.0,5200.0,,,0.3529,0.0,PS,PS,,,5331.0,835.0,,,,33775.0
Crowley's Ridge College,Paragould,AR,72450,2,16440.0,16440.0,25817.0,,17236.0,,0.48,0.645,13918,26228,,,5603.0,162.0,0.2609,0.7111,0.0,39533.0
East Arkansas Community College,Forrest City,AR,72335-2204,1,3960.0,4980.0,13028.0,6769.0,,,0.2689,0.0305,4750,6000,,,5369.0,492.0,,,0.0,28471.0
Paul Mitchell the School-Little Rock,North Little Rock,AR,72117,3,,,,,14508.0,19592.0,0.5844,0.6461,9833,10725,,,,411.0,,,0.0,24765.0
National Park College,Hot Springs,AR,71913,1,5600.0,7280.0,17994.0,11442.0,,,0.4679,0.2282,6250,10500,,,5465.0,1706.0,,,0.0,32444.0
University of Arkansas Community College-Batesville,Batesville,AR,72503-3350,1,3558.0,4542.0,16591.0,9359.0,,,0.4494,0.1081,7085,10250,,,5087.0,788.0,,,0.0,33706.0
Harding University,Searcy,AR,72149-5615,2,24888.0,24888.0,36385.0,,20579.0,,0.1922,0.3951,21601,26500,1.0,1187.0,7813.0,3323.0,0.7094,0.8663,0.0,52876.0
Henderson State University,Arkadelphia,AR,71999-0001,1,7885.0,9882.0,25946.0,16929.0,,,0.477,0.4466,12000,19500,0.8192,,6756.0,1491.0,0.3805,0.5935,0.0,43459.0
Hendrix College,Conway,AR,72032-3080,2,36650.0,36650.0,52396.0,,23409.0,,0.2341,0.4479,19500,26688,0.5298,1336.0,8264.0,1094.0,0.6923,0.7824,0.0,60376.0
Hot Springs Beauty College,Hot Springs,AR,71901,3,,,,,10792.0,15750.0,0.6462,0.5538,8000,9700,,,,92.0,,,0.0,21563.0
Jefferson Regional School of Nursing,Pine Bluff,AR,71603,2,,,,,,,0.5826,0.4435,7500,PS,,,7328.0,80.0,,,0.0,73975.0
John Brown University,Siloam Springs,AR,72761,2,30832.0,30832.0,43260.0,,21144.0,,0.2138,0.3615,17000,21250,0.6764,1222.0,7473.0,1415.0,0.6677,0.8421,0.0,53907.0
Career Academy of Hair Design,Springdale,AR,72764-7128,3,,,,,13563.0,18195.0,0.6514,0.6189,5531,6365,,,,244.0,,,0.0,21567.0
Academy of Salon and Spa,Fort Smith,AR,72901,3,,,,,14155.0,18000.0,0.6423,0.5203,4398,4833,,,,81.0,,,0.0,16941.0
Arkansas State University Mid-South,West Memphis,AR,72301-3829,1,3048.0,4560.0,12556.0,3558.0,,,0.3565,0.0,PS,PS,,,4466.0,435.0,,,,31857.0
Arkansas Northeastern College,Blytheville,AR,72316-1109,1,2570.0,4250.0,12037.0,5144.0,,,0.2349,0.0,PS,PS,,,5136.0,787.0,,,,33169.0
New Tyler Barber College Inc,North Little Rock,AR,72114-4973,3,,,,,14499.0,16900.0,0.7797,0.5424,9500,PS,,,,58.0,,,0.0,18715.0
North Arkansas College,Harrison,AR,72601-5508,1,3168.0,5544.0,16367.0,10146.0,,,0.361,0.0889,5928,9000,,,5146.0,1184.0,,,0.0,34653.0
Northwest Technical Institute,Springdale,AR,72764,1,5184.0,5184.0,16032.0,11212.0,,,0.6219,0.0,PS,PS,,,,217.0,,,,41513.0
Ouachita Baptist University,Arkadelphia,AR,71998-0001,2,32480.0,32480.0,45132.0,,22355.0,,0.226,0.485,15000,21050,0.6852,1212.0,6973.0,1612.0,0.703,0.827,0.0,51673.0
Arkansas State University Three Rivers,Malvern,AR,72104-0816,1,3568.0,4168.0,12748.0,7520.0,,,0.1392,0.1092,6500,PS,,,4689.0,514.0,,,0.0,37374.0
Ozarka College,Melbourne,AR,72556-0010,1,3820.0,6820.0,11461.0,4396.0,,,0.469,0.1343,7713,9818,,,4861.0,564.0,,,0.0,29314.0
University of the Ozarks,Clarksville,AR,72830,2,25950.0,25950.0,35391.0,,13630.0,,0.3597,0.4349,11000,20875,0.5814,1088.0,6861.0,753.0,0.5176,0.7289,0.0,44384.0
University of Arkansas Community College-Morrilton,Morrilton,AR,72110,1,3504.0,4176.0,17345.0,11718.0,,,0.4338,0.1197,6300,10315,1.0,1020.0,5529.0,1538.0,,,0.0,34924.0
Philander Smith University,Little Rock,AR,72202-3799,2,13014.0,13014.0,26729.0,,15360.0,,0.7139,0.6268,14750,24736,,,6137.0,842.0,0.3231,0.6728,0.0,38427.0
Phillips Community College of the University of Arkansas,Helena,AR,72342-0785,1,3230.0,5270.0,11778.0,5420.0,,,0.359,0.0,3500,PS,,,5261.0,595.0,,,0.0,29552.0
Southeast Arkansas College,Pine Bluff,AR,71603,1,4960.0,8260.0,15876.0,11185.0,,,0.6292,0.2216,6186,8600,,,5108.0,748.0,,,0.0,33603.0
University of Aesthetics & Cosmetology,El Dorado,AR,71730-4009,3,,,,,12331.0,18325.0,0.7708,0.6667,9833,9833,,,,34.0,,,0.0,26754.0
University of Arkansas-Pulaski Technical College,North Little Rock,AR,72118-3347,1,4848.0,7248.0,21096.0,15000.0,,,0.5312,0.4104,7000,12080,,,5296.0,3791.0,,,0.0,34722.0
University of Arkansas Hope-Texarkana,Hope,AR,71801,1,3400.0,4960.0,13787.0,8210.0,,,0.3754,0.0,3500,PS,,,5076.0,697.0,,,0.0,34162.0
University of Arkansas Community College Rich Mountain,Mena,AR,71953,1,3528.0,4104.0,12933.0,4914.0,,,0.38,0.1149,4875,6500,,,4261.0,475.0,,,0.0,30037.0
Paul Mitchell the School-Arkansas,Fayetteville,AR,72703,3,,,,,15309.0,16075.0,0.3082,0.3441,9753,9833,,,,107.0,,,0.0,20077.0
Searcy Beauty College,Searcy,AR,72143,3,,,,,15106.0,16000.0,0.5096,0.3462,9500,12429,,,,87.0,,,0.0,19896.0
Shorter College,N Little Rock,AR,72114,2,6246.0,6246.0,18713.0,,12993.0,,0.8255,0.6511,22625,PS,,,4333.0,290.0,,,0.0,
Williams Baptist University,Walnut Ridge,AR,72476,2,20330.0,20330.0,32222.0,,15875.0,,0.4715,0.4733,9500,21820,0.5888,1018.0,5488.0,490.0,0.3592,0.4965,0.0,38484.0
South Arkansas College,El Dorado,AR,71731-7010,1,3204.0,5364.0,12138.0,6235.0,,,0.4208,0.1764,7000,11153,,,5125.0,879.0,,,0.0,34521.0
Southern Arkansas University Main Campus,Magnolia,AR,71753,1,9820.0,15400.0,24721.0,15944.0,,,0.446,0.6668,12500,18750,0.6659,1050.0,7371.0,2865.0,0.465,0.6913,0.0,42386.0
Southern Arkansas University Tech,Camden,AR,71701-1906,1,4685.0,4685.0,16488.0,5895.0,,,0.4051,0.087,4500,6000,,,4515.0,663.0,,,0.0,36376.0
Velvatex College of Beauty Culture,Little Rock,AR,72202-5452,3,,,,,10042.0,16230.0,0.5714,0.381,PS,PS,,,,12.0,,,0.0,17412.0
University of Arkansas-Fort Smith,Fort Smith,AR,72913-3649,1,6906.0,13770.0,18052.0,10097.0,,,0.3914,0.2817,10750,18250,0.8147,1050.0,7228.0,4133.0,0.3696,0.7163,0.0,41102.0
Academy of Art University,San Francisco,CA,94105,3,28024.0,28024.0,47195.0,,39778.0,,0.4176,0.5049,11000,31000,,,8256.0,4131.0,0.4046,0.6725,0.0,39008.0
Academy of Chinese Culture and Health Sciences,Oakland,CA,94612,2,,,,,,,,,PS,PS,,,,,,,0.0,
College of Alameda,Alameda,CA,94501,1,1148.0,8684.0,17578.0,9280.0,,,0.0993,0.0036,9500,PS,,,11579.0,4274.0,,,0.0,42563.0
Allan Hancock College,Santa Maria,CA,93454-6399,1,1156.0,9436.0,11544.0,4638.0,,,0.2327,0.0079,7888,PS,,,9403.0,7812.0,,,0.0,42786.0
American Academy of Dramatic Arts-Los Angeles,Los Angeles,CA,90028,2,39475.0,39475.0,55265.0,,40991.0,,0.2785,0.4612,12000,12000,0.8968,,6749.0,169.0,,,0.0,27019.0
Berkeley School of Theology,Berkeley,CA,94704-3029,2,2896.0,2896.0,,,,,0.0,0.0,PS,PS,0.6296,,7118.0,28.0,,,0.034,
American Film Institute Conservatory,Los Angeles,CA,90027-1625,2,,,,,,,,,PS,PS,,,10209.0,,,,0.007,
American Beauty College,West Covina,CA,91790,3,,,,,24076.0,18000.0,0.5763,0.5526,4923,5430,,,,250.0,,,0.0,22481.0
American Career College-Los Angeles,Los Angeles,CA,90004,3,,,,,27508.0,39050.0,0.5888,0.6134,9500,9500,,,7007.0,2066.0,,,0.0,38430.0
American River College,Sacramento,CA,95841-4286,1,1288.0,12808.0,12986.0,4628.0,,,0.1989,0.0272,9354,9625,,,10991.0,25758.0,,,0.0,40162.0
Antelope Valley Community College District,Lancaster,CA,93536-5426,1,1124.0,8228.0,15158.0,8263.0,,,0.4203,0.0416,8619,12500,,,10708.0,10905.0,0.3061,,0.0,36526.0
Art Center College of Design,Pasadena,CA,91103,2,51640.0,51640.0,71652.0,,50209.0,,0.245,0.3564,26000,31000,0.7498,,8726.0,2054.0,0.8261,0.8221,0.0,71958.0
Associated Technical College-Los Angeles,Los Angeles,CA,90017-1604,3,,,,,22236.0,17000.0,0.6218,0.2521,9500,9500,,,,159.0,,,0.0,24368.0
Associated Technical College-San Diego,San Diego,CA,92108-1630,3,,,,,24674.0,17000.0,0.8939,0.2121,9500,9500,,,,77.0,,,,26688.0
Azusa Pacific University,Azusa,CA,91702-7000,2,43600.0,43600.0,54735.0,,19798.0,,0.3465,0.4648,19710,23219,0.7948,1155.0,10096.0,2977.0,0.6442,0.8373,0.0,66677.0
Bakersfield College,Bakersfield,CA,93305-1299,1,1430.0,10310.0,13726.0,4751.0,,,0.2876,0.0085,9500,PS,,,11454.0,16451.0,0.2263,0.0,0.0,37291.0
Barstow Community College,Barstow,CA,92311,1,1104.0,9936.0,20871.0,12347.0,,,0.4745,0.1231,3463,PS,,,10814.0,2585.0,,,0.0,35104.0
Bellus Academy-Chula Vista,Chula Vista,CA,91911,3,,,,,20159.0,10655.0,0.6065,0.5448,6333,7917,,,,379.0,,,0.0,23576.0
Bethesda University,Anaheim,CA,92801,2,7220.0,7220.0,11766.0,,8388.0,,0.25,0.1543,7648,PS,,,4123.0,212.0,0.1818,0.5455,0.0,
Biola University,La Mirada,CA,90639-0001,2,46704.0,46704.0,58430.0,,28101.0,,0.2601,0.4467,19000,23875,0.6008,1258.0,8314.0,3390.0,0.6881,0.8526,0.0,56778.0
Brownson Technical School,Anaheim,CA,92805,3,,,,,32584.0,16295.0,0.7064,0.6969,9500,9500,,,,284.0,,,0.0,68767.0
Bryan University,Tempe,AZ,85281,3,12185.0,12185.0,26688.0,,20948.0,,0.747,0.8183,13763,20000,,,5631.0,2083.0,0.24,,0.0,40283.0
Butte College,Oroville,CA,95965-8399,1,1336.0,8416.0,13636.0,4632.0,,,0.3359,0.0297,8250,10500,,,11596.0,8384.0,,,0.0,41810.0
California Institute of Integral Studies,San Francisco,CA,94103,2,,,,,,,0.5402,0.4943,18750,18750,,,9884.0,57.0,,,0.0,48848.0
Cabrillo College,Aptos,CA,95003,1,1270.0,9910.0,23625.0,13328.0,,,0.224,0.0108,9500,14380,,,10323.0,7404.0,,,0.0,44114.0
California Baptist University,Riverside,CA,92504-3297,2,39720.0,39720.0,52408.0,,27384.0,,0.4096,0.6258,20500,26063,0.7357,,10668.0,7914.0,0.5953,0.7421,0.0,61504.0
California College of the Arts,San Francisco,CA,94107-2247,2,57946.0,57946.0,78664.0,,42168.0,,0.2474,0.4564,19500,27000,0.734,,9086.0,1004.0,0.5872,0.5737,0.0,49414.0
University of California College of the Law-San Francisco,San Francisco,CA,94102-4978,1,,,,,,,,,PS,PS,,,18115.0,,,,0.0,
California Institute of Technology,Pasadena,CA,91125,2,63255.0,63255.0,83598.0,,18902.0,,0.1487,0.0356,12000,PS,0.0314,,22762.0,1023.0,0.9316,0.9777,0.0,128566.0
California Lutheran University,Thousand Oaks,CA,91360-2787,2,50670.0,50670.0,63768.0,,26433.0,,0.3016,0.7776,18970,21669,0.8888,1224.0,10463.0,2374.0,0.7402,0.8056,0.0,68712.0
California Polytechnic State University-San Luis Obispo,San Luis Obispo,CA,93407,1,11075.0,30995.0,29918.0,15624.0,,,0.1832,0.2349,15396,18500,0.2975,,11452.0,21521.0,0.8519,0.9521,0.0,90768.0
Alliant International University-San Diego,San Diego,CA,92131,3,13918.0,13918.0,,,,,0.0219,0.2226,12500,12878,0.0,,8132.0,355.0,0.2222,,0.0,66666.0
California State University-Bakersfield,Bakersfield,CA,93311-1099,1,7696.0,19576.0,18815.0,5825.0,,,0.612,0.2512,11270,16600,0.8819,,10274.0,8183.0,0.4931,0.7972,0.0,59009.0
California State University-Stanislaus,Turlock,CA,95382-0299,1,7826.0,19706.0,18542.0,5671.0,,,0.5531,0.2266,11750,13540,0.9747,,10561.0,8564.0,0.58,0.8017,0.0,63188.0
California State University-San Bernardino,San Bernardino,CA,92407-2393,1,7675.0,19555.0,16910.0,5918.0,,,0.5713,0.2337,12445,14715,0.9825,,10810.0,15771.0,0.5465,0.7764,0.0,59977.0
California State Polytechnic University-Pomona,Pomona,CA,91768,1,7439.0,19319.0,22672.0,11580.0,,,0.4603,0.2526,13437,16000,0.737,,11656.0,24271.0,0.6674,0.8814,0.0,71902.0
California State University-Chico,Chico,CA,95929-0150,1,8064.0,19944.0,25590.0,14838.0,,,0.4008,0.3306,14500,16552,0.9372,,10386.0,13057.0,0.6363,0.8371,0.0,64172.0
California State University-Dominguez Hills,Carson,CA,90747-0005,1,7064.0,18944.0,15449.0,3659.0,,,0.6104,0.1956,11902,13807,0.9132,,10743.0,12642.0,0.4685,0.6562,0.0,57162.0
California State University-Fresno,Fresno,CA,93740,1,6980.0,18860.0,18650.0,6480.0,,,0.5573,0.1978,12463,14505,0.9638,,10275.0,21070.0,0.5482,0.7778,0.0,61244.0
California State University-Fullerton,Fullerton,CA,92832-3599,1,7073.0,18953.0,16767.0,5646.0,,,0.4714,0.2206,12000,13750,0.8674,,11109.0,36956.0,0.6922,0.8499,0.0,62951.0
California State University-East Bay,Hayward,CA,94542,1,7055.0,18935.0,22803.0,11276.0,,,0.4357,0.2857,12500,16544,0.9681,,11430.0,10422.0,0.4551,0.7857,0.0,71401.0
California State University-Long Beach,Long Beach,CA,90840-0115,1,7008.0,18888.0,20310.0,8931.0,,,0.4932,0.2414,12227,14289,0.4712,,11149.0,34131.0,0.6986,0.853,0.0,64403.0
California State University-Los Angeles,Los Angeles,CA,90032-8506,1,6813.0,18698.0,17153.0,4113.0,,,0.6605,0.204,11966,13000,0.9193,,11197.0,21478.0,0.5257,0.7287,0.0,59211.0
California State University-Northridge,Northridge,CA,91330,1,7095.0,18975.0,20317.0,7599.0,,,0.5599,0.2263,12000,13872,0.9315,,11094.0,32357.0,0.5618,0.744,0.0,59115.0
California State University-Sacramento,Sacramento,CA,95819-2694,1,7602.0,19482.0,22714.0,10512.0,,,0.4863,0.2485,12500,15000,0.9362,,10624.0,27867.0,0.5582,0.8107,0.0,64876.0
University of California-Berkeley,Berkeley,CA,94720,1,14850.0,45627.0,42708.0,14979.0,,,0.2733,0.1823,12000,13000,0.1166,,20183.0,33073.0,0.9289,0.9675,0.0,92446.0
University of California-Davis,Davis,CA,95616-8678,1,15247.0,46024.0,38067.0,15288.0,,,0.3078,0.2322,11000,13000,0.4163,,17719.0,31777.0,0.8507,0.9337,0.0,80838.0
University of California-Irvine,Irvine,CA,92697,1,14237.0,45014.0,36121.0,12840.0,,,0.3729,0.2181,13820,15000,0.2557,,18213.0,29494.0,0.8595,0.9379,0.0,80735.0
University of California-Los Angeles,Los Angeles,CA,90095-1405,1,13747.0,44524.0,36643.0,14013.0,,,0.271,0.2069,12983,14000,0.0873,,21778.0,33040.0,0.9266,0.9676,0.0,82511.0
University of California-Riverside,Riverside,CA,92521,1,14170.0,44947.0,34975.0,13707.0,,,0.4669,0.3281,14944,17500,0.633,,16295.0,22644.0,0.7656,0.8819,0.0,67699.0
University of California-San Diego,La Jolla,CA,92093,1,15265.0,46042.0,36325.0,11750.0,,,0.3289,0.2412,14778,15500,0.2452,,18460.0,33787.0,0.8763,0.9392,0.0,84943.0
University of California-San Francisco,San Francisco,CA,94143-0244,1,,,,,,,,,PS,PS,,,14678.0,,,,0.0,
University of California-Santa Barbara,Santa Barbara,CA,93106,1,14965.0,45742.0,36776.0,13825.0,,,0.2799,0.2021,11875,13993,0.2778,,19799.0,23205.0,0.8533,0.9191,0.0,74915.0
University of California-Santa Cruz,Santa Cruz,CA,95064-1011,1,14560.0,45337.0,38649.0,16607.0,,,0.3175,0.2943,14334,16666,0.6254,,16951.0,17812.0,0.7445,0.8967,0.0,68396.0
Sofia University,Palo Alto,CA,94303,3,,,,,,,0.5,0.6,PS,PS,,,6774.0,7.0,,,0.0,
California Beauty School,Modesto,CA,95354,3,,,,,11547.0,6700.0,0.3636,0.4364,4369,PS,,,,73.0,,,0.0,22255.0
Haven University,Garden Grove,CA,92840-1340,2,7010.0,7010.0,,,,,,,,,,,1500.0,22.0,,,,
California Hair Design Academy,La Mesa,CA,91942-5055,3,,,,,40350.0,15250.0,0.5068,0.4795,6028,6333,,,,125.0,,,0.0,19347.0
California Institute of the Arts,Valencia,CA,91355-2397,2,56724.0,56724.0,78425.0,,47183.0,,0.2213,0.3404,16994,25000,0.2595,,10050.0,881.0,0.6415,0.8624,0.0,41198.0
California State University Maritime Academy,Vallejo,CA,94590-8181,1,7672.0,19552.0,27138.0,17555.0,,,0.2871,0.4332,16889,24965,0.9873,,11356.0,761.0,0.6682,0.7586,0.0,94784.0
California Western School of Law,San Diego,CA,92101-3046,2,,,,,,,,,PS,PS,,,12652.0,,,,0.0,
Canada College,Redwood City,CA,94061-1099,1,1332.0,9508.0,9514.0,10.0,,,0.1001,0.0052,9272,PS,,,11843.0,4878.0,,,0.0,50087.0
College of the Canyons,Santa Clarita,CA,91355-1899,1,1176.0,11232.0,10243.0,2114.0,,,0.1663,0.0096,6375,9612,,,13677.0,15365.0,,,0.0,49022.0
Career Academy of Beauty,Garden Grove,CA,92845,3,,,,,19101.0,14168.0,0.5245,0.4946,6279,6333,,,,207.0,,,0.0,24410.0
Casa Loma College-Los Angeles,Sherman Oaks,CA,91403,2,,,,,27721.0,42556.0,0.5511,0.7764,20245,26791,0.3641,,4015.0,581.0,0.6322,,0.0,49854.0
CET-San Diego,San Diego,CA,92102,2,,,,,19875.0,15500.0,0.2914,0.316,6729,7041,,,,225.0,,,0.0,32986.0
CET-San Jose,San Jose,CA,95110,2,,,,,15045.0,16375.0,0.3721,0.3189,6729,7041,,,,175.0,,,0.0,32986.0
CET-El Centro,El Centro,CA,92243,2,,,,,19211.0,15000.0,0.2776,0.0722,6729,7041,,,,167.0,,,0.0,32986.0
CET-Colton,Colton,CA,92324,2,,,,,15800.0,16375.0,0.527,0.4775,6729,7041,,,,191.0,,,0.0,32986.0
CET-Watsonville,Watsonville,CA,95076,2,,,,,1532.0,15249.0,0.23,0.0563,6729,7041,,,,149.0,,,0.0,32986.0
CET-Salinas,Salinas,CA,93906,2,,,,,6804.0,15249.0,0.3047,0.1111,6729,7041,,,,187.0,,,0.0,32986.0
Cerritos College,Norwalk,CA,90650-6298,1,1364.0,12004.0,8409.0,693.0,,,0.35,0.0227,8350,8447,,,14412.0,18710.0,,,0.0,41156.0
Cerro Coso Community College,Ridgecrest,CA,93555-9571,1,1384.0,10264.0,15161.0,6078.0,,,0.1409,0.0102,5500,PS,,,11849.0,3496.0,,,0.0,34963.0
Chabot College,Hayward,CA,94545,1,1150.0,8686.0,12953.0,4616.0,,,0.1782,0.005,8973,PS,,,12995.0,10861.0,,,0.0,48143.0
Chaffey College,Rancho Cucamonga,CA,91737-3002,1,1184.0,11120.0,13553.0,5743.0,,,0.2834,0.006,4325,PS,,,12023.0,13568.0,,,0.0,42975.0
Chapman University,Orange,CA,92866,2,62784.0,62784.0,81327.0,,47527.0,,0.1974,0.62,17750,20500,0.5561,1353.0,13180.0,7629.0,0.8036,0.8999,0.0,70070.0
Charles R Drew University of Medicine and Science,Los Angeles,CA,90059,2,18933.0,18933.0,33973.0,,27789.0,,0.313,0.687,14750,18750,0.3878,,9490.0,233.0,0.5,0.7857,0.0,83438.0
Concordia University-Irvine,Irvine,CA,92612-3203,2,41390.0,41390.0,56500.0,,28046.0,,0.2295,0.5091,19000,24247,0.5986,,7778.0,1456.0,0.625,0.7558,0.0,65083.0
San Diego Christian College,Santee,CA,92071,2,26300.0,26300.0,40057.0,,7871.0,,0.1605,0.1639,13000,PS,0.6281,,8527.0,91.0,0.2353,0.127,0.0,49766.0
Church Divinity School of the Pacific,Berkeley,CA,94709-1211,2,,,,,,,,,PS,PS,,,12998.0,,,,0.0,
Citrus College,Glendora,CA,91741-1899,1,1204.0,9844.0,12412.0,3800.0,,,0.2898,0.012,5500,PS,,,11217.0,8126.0,,,0.0,42065.0
Citrus Heights Beauty College,Citrus Heights,CA,95610-1410,3,,,,,30408.0,15245.0,0.3361,0.4855,5495,6333,,,,110.0,,,0.0,
City College of San Francisco,San Francisco,CA,94112-1898,1,1696.0,14656.0,17007.0,7272.0,,,0.171,0.0071,7497,8218,,,11237.0,16060.0,,,0.0,45805.0
Claremont Graduate University,Claremont,CA,91711-6160,2,,,,,,,,,PS,PS,,,14439.0,,,,0.0,64372.0
Claremont McKenna College,Claremont,CA,91711-6400,2,64150.0,64150.0,82127.0,,27384.0,,0.1948,0.1941,11948,13500,0.1112,1514.0,16211.0,1379.0,0.9517,0.9627,0.0,104736.0
Milan Institute-Visalia,Visalia,CA,93277,3,,,,,28638.0,16369.0,0.7356,0.6756,7000,8124,,,,632.0,,,0.0,32493.0
Clovis Adult Education,Clovis,CA,93611,1,,,,,,12000.0,0.1134,0.0,PS,PS,,,,268.0,,,,50098.0
Coastline Community College,Fountain Valley,CA,92708-2597,1,1180.0,9964.0,17984.0,9605.0,,,0.1018,0.0148,7683,8250,,,13630.0,7007.0,,,0.0,44483.0
University of Silicon Valley,San Jose,CA,95134,3,22480.0,22480.0,36361.0,,30799.0,,0.4749,0.7177,18334,31000,0.5131,,8319.0,377.0,0.3492,0.5833,0.0,51017.0
Coba Academy,Anaheim,CA,92801,3,,,,,16761.0,10500.0,0.4604,0.4554,6333,6333,,,,100.0,,,0.0,21208.0
Western University of Health Sciences,Pomona,CA,91766-1854,2,,,,,,,,,PS,PS,,,11847.0,,,,0.0,
Columbia College,Sonora,CA,95370,1,1547.0,8870.0,19688.0,15468.0,,,0.22,0.0,PS,PS,,,9793.0,1917.0,,,,39035.0
California College of ASU,Los Angeles,CA,90015,2,26175.0,26175.0,33732.0,,30320.0,,0.474,0.6055,13167,25000,,,6406.0,149.0,0.4842,0.3636,0.0,42014.0
Compton College,Compton,CA,90221-5393,1,1142.0,8822.0,17782.0,11103.0,,,0.2712,0.0174,6463,PS,,,11652.0,2881.0,,,0.0,34181.0
Contra Costa College,San Pablo,CA,94806,1,1312.0,9012.0,14511.0,6522.0,,,0.2321,0.0136,4750,PS,,,11023.0,4805.0,,,0.0,40850.0
Cosumnes River College,Sacramento,CA,95823-5799,1,1288.0,12808.0,12005.0,4648.0,,,0.2521,0.0254,8563,10722,,,10686.0,13527.0,,,0.0,42446.0
Crafton Hills College,Yucaipa,CA,92339-1799,1,1188.0,12320.0,18384.0,10655.0,,,0.1461,0.0,PS,PS,,,11051.0,5074.0,,,,42553.0
Cuesta College,San Luis Obispo,CA,93403-8106,1,1340.0,11000.0,20561.0,12898.0,,,0.1809,0.0205,9500,13750,,,12090.0,6879.0,,,0.0,46047.0
Cuyamaca College,El Cajon,CA,92019,1,1340.0,10636.0,15940.0,6187.0,,,0.2378,0.0122,5136,PS,,,10572.0,6788.0,,,0.0,32435.0
Cypress College,Cypress,CA,90630-5897,1,1150.0,9399.0,15752.0,4683.0,,,0.3215,0.0128,7500,10000,,,13349.0,12309.0,0.351,,0.0,43533.0
De Anza College,Cupertino,CA,95014,1,1562.0,12317.0,13167.0,4667.0,,,0.1799,0.0236,6495,5625,,,11456.0,14953.0,,,0.0,56596.0
International School of Beauty Inc,Palm Desert,CA,92260-2740,3,,,,,13450.0,15000.0,0.518,0.4164,6359,7083,,,,173.0,,,0.0,19799.0
College of the Desert,Palm Desert,CA,92260,1,1326.0,9586.0,20053.0,11812.0,,,0.3244,0.0054,5261,PS,,,11492.0,8900.0,,,0.0,39020.0
Design Institute of San Diego,San Diego,CA,92121,3,29350.0,29350.0,42093.0,,31293.0,,0.5484,0.5699,24530,36844,0.875,,6549.0,92.0,0.5,0.7143,0.0,46920.0
Dharma Realm Buddhist University,Ukiah,CA,95482-6050,2,,,,,,,,,,,,,,,,,,
Diablo Valley College,Pleasant Hill,CA,94523,1,1312.0,9012.0,14804.0,6142.0,,,0.1673,0.01,6000,10021,,,11276.0,14734.0,,,0.0,51378.0
Dominican University of California,San Rafael,CA,94901-2298,2,50666.0,50666.0,68620.0,,50218.0,,0.2958,0.5477,24250,27000,0.9562,1194.0,9432.0,1178.0,0.7627,0.8837,0.0,84713.0
Dominican School of Philosophy & Theology,Berkeley,CA,94708-1816,2,,,,,,,,,,,,,5318.0,,,,0.0,
East Los Angeles College,Monterey Park,CA,91754-6099,1,1238.0,10130.0,18645.0,9791.0,,,0.2227,0.0052,6999,10500,,,12540.0,24401.0,,,0.0,42006.0
El Camino Community College District,Torrance,CA,90506,1,1144.0,7144.0,13376.0,5170.0,,,0.2937,0.0124,4750,PS,,,12762.0,18994.0,,,0.0,41589.0
Emperor's College of Traditional Oriental Medicine,Santa Monica,CA,90403,3,,,,,,,,,PS,PS,,,,,,,0.0,
Empire College,Santa Rosa,CA,95403-2126,3,,,,,,,,,12000,13000,,,,,0.6466,,,43090.0
Evergreen Valley College,San Jose,CA,95135-1598,1,1366.0,8718.0,22557.0,12591.0,,,0.2405,0.0039,9250,13219,,,16877.0,7670.0,,,0.0,53077.0
FIDM-Fashion Institute of Design & Merchandising,Los Angeles,CA,90015-1421,3,34325.0,34325.0,53393.0,,41493.0,,0.262,0.4705,12000,13734,0.415,,4493.0,1319.0,0.6715,,0.0,49840.0
Feather River Community College District,Quincy,CA,95971-9124,1,1465.0,9925.0,16502.0,6520.0,,,0.2031,0.0632,7000,10750,,,12374.0,1574.0,0.4688,0.8571,0.0,38142.0
Federico Beauty Institute,Sacramento,CA,95834,3,,,,,25736.0,15230.0,0.4807,0.5822,5735,6333,,,,245.0,,,0.0,29856.0
Fielding Graduate University,Santa Barbara,CA,93105-3538,2,,,,,,,,,PS,PS,,,6781.0,,,,0.0,
Five Branches University,Santa Cruz,CA,95062,3,,,,,,,,,PS,PS,,,,,,,0.0,
Redondo Beach Beauty College,Torrance,CA,90505,3,,,,,,10000.0,0.2913,0.2913,PS,PS,,,,52.0,,,0.0,
Foothill College,Los Altos Hills,CA,94022,1,1565.0,12320.0,15772.0,7549.0,,,0.0843,0.0238,6795,10500,,,11800.0,10922.0,0.6,,0.0,57072.0
Franciscan School of Theology,San Diego,CA,92110,2,,,,,,,,,,,,,7662.0,,,,0.0,
Fredrick and Charles Beauty College,Eureka,CA,95501,3,,,,,14402.0,7323.0,0.5407,0.0,PS,PS,,,,67.0,,,,21826.0
Fresno City College,Fresno,CA,93741,1,1334.0,9454.0,12063.0,1699.0,,,0.2827,0.003,3500,4058,,,11385.0,18774.0,,,0.0,37361.0
Fresno Pacific University,Fresno,CA,93702-4709,2,35558.0,35558.0,42673.0,,14317.0,,0.5872,0.4725,19250,23146,0.5752,,8134.0,1614.0,0.5594,0.8052,0.0,58896.0
Fuller Theological Seminary,Pasadena,CA,91182,2,,,,,,,,,PS,PS,,,8304.0,,,,0.0,
Fullerton College,Fullerton,CA,92832-2095,1,1150.0,9399.0,16206.0,8090.0,,,0.259,0.0243,6500,4500,,,13188.0,16637.0,,,0.0,43366.0
Gavilan College,Gilroy,CA,95020,1,1506.0,12246.0,10484.0,2244.0,,,0.2412,0.0016,5841,PS,,,11659.0,4410.0,,,0.015,47169.0
Gemological Institute of America-Carlsbad,Carlsbad,CA,92008,2,,,,,31435.0,23453.0,0.129,0.1613,8233,PS,,,,308.0,,,0.01,42588.0
Glendale Community College,Glendale,CA,91208-2894,1,1181.0,8381.0,15802.0,7461.0,,,0.353,0.0269,7000,8972,,,10159.0,9807.0,,,0.0,41540.0
Glendale Career College,Glendale,CA,91203,3,,,,,46212.0,76757.0,0.5503,0.7967,9321,9500,,,6474.0,854.0,0.5934,,0.0,41472.0
Golden Gate University,San Francisco,CA,94105-2968,2,31243.0,31243.0,,,,,0.2196,0.1797,18774,29875,,,9992.0,550.0,,,0.0,87434.0
Golden West College,Huntington Beach,CA,92647-2710,1,1196.0,11084.0,12206.0,2861.0,,,0.2274,0.0156,5500,7179,,,13842.0,8919.0,,,0.0,43145.0
Graduate Theological Union,Berkeley,CA,94709,2,,,,,,,,,,,,,8048.0,,,,0.0,
Grossmont College,El Cajon,CA,92020-1799,1,1332.0,10628.0,11543.0,2755.0,,,0.2367,0.0105,4500,PS,,,11224.0,11467.0,,,0.0,40309.0
Salon Success Academy-Riverside,Riverside,CA,92506,3,,,,,13095.0,16900.0,0.6092,0.5517,10534,11884,,,,173.0,,,0.0,21777.0
Hartnell College,Salinas,CA,93901,1,1404.0,8994.0,12050.0,2895.0,,,0.2747,0.0025,4500,PS,,,11716.0,7153.0,,,0.0,44316.0
Harvey Mudd College,Claremont,CA,91711,2,66255.0,66255.0,84896.0,,32492.0,,0.141,0.3482,19500,25000,0.1306,1537.0,14751.0,915.0,0.9375,0.9662,0.0,138687.0
Hilltop Beauty School,Daly City,CA,94014,3,,,,,,14245.0,0.5778,0.0,PS,PS,,,,79.0,,,,25477.0
Pacifica Graduate Institute,Carpinteria,CA,93013,3,,,,,,,,,PS,PS,,,8297.0,,,,0.0,
California State Polytechnic University-Humboldt,Arcata,CA,95521-8299,1,7913.0,19793.0,24412.0,13167.0,,,0.4571,0.3708,14500,18000,0.9883,,10596.0,5491.0,0.4663,0.7559,0.0,47626.0
Humphreys University-Stockton and Modesto Campuses,Stockton,CA,95207,2,14760.0,14760.0,20286.0,,11410.0,,0.5535,0.5912,25000,35500,,,6176.0,178.0,0.5,1.0,0.0,39248.0
Imperial Valley College,Imperial,CA,92251-0158,1,1126.0,7990.0,12466.0,1697.0,,,0.5042,0.0,PS,PS,,,11834.0,6881.0,,,,34487.0
Institute for Business and Technology,Santa Clara,CA,95051-1303,3,,,,,25471.0,18530.0,0.3239,0.3421,7600,7853,,,5872.0,609.0,,,0.0,38015.0
Interior Designers Institute,Newport Beach,CA,92660,3,20250.0,20250.0,,,,,0.3438,0.7188,17667,PS,,,,107.0,0.875,,0.0,54974.0
Irvine Valley College,Irvine,CA,92618-0301,1,1156.0,10996.0,11750.0,1886.0,,,0.2061,0.009,4500,6500,,,12857.0,9577.0,,,0.0,49156.0
Bellus Academy-El Cajon,El Cajon,CA,92021,3,,,,,29547.0,15548.0,0.5587,0.5619,6330,6333,,,,205.0,,,0.0,30807.0
American Jewish University,Los Angeles,CA,90077-1519,2,,,,,,,0.119,0.119,18667,PS,,,12338.0,69.0,0.3077,,0.0,61954.0
Reedley College,Reedley,CA,93654,1,1334.0,9454.0,11413.0,1584.0,,,0.2821,0.0057,3500,PS,,,11346.0,4853.0,,,0.0,38493.0
Life Pacific University,San Dimas,CA,91773-3298,2,20462.0,20462.0,33193.0,,22343.0,,0.4861,0.6171,14000,22395,0.9395,,6177.0,393.0,0.5682,0.5614,0.0,43299.0
University of La Verne,La Verne,CA,91750-4401,2,47000.0,47000.0,61564.0,,26925.0,,0.4754,0.5733,21000,23500,0.4848,1116.0,10820.0,3341.0,0.6545,0.7634,0.0,65464.0
Laguna College of Art and Design,Laguna Beach,CA,92651,2,35650.0,35650.0,56183.0,,42354.0,,0.3141,0.465,18875,27000,0.7761,,7673.0,776.0,0.6304,0.8348,0.0,47867.0
Lake Tahoe Community College,South Lake Tahoe,CA,96150,1,1131.0,11067.0,17731.0,10975.0,,,0.1476,0.0153,5100,PS,,,9620.0,2909.0,,,0.0,36657.0
Lancaster Beauty School,Lancaster,CA,93534,3,,,,,21235.0,15117.0,0.7487,0.6387,7250,6333,,,,131.0,,,0.0,16220.0
Laney College,Oakland,CA,94607,1,1148.0,8684.0,22777.0,15805.0,,,0.1604,0.0066,9301,PS,,,11650.0,7158.0,,,0.0,37282.0
Lassen Community College,Susanville,CA,96130,1,1144.0,8224.0,17063.0,7677.0,,,0.1334,0.0226,5500,PS,,,7969.0,1564.0,,,0.0,35994.0
Latin American Bible Institute,La Puente,CA,91746-3099,2,12320.0,12320.0,14780.0,,9140.0,,0.5217,0.3478,,,0.6818,,,78.0,0.6,,,
Life Chiropractic College West,Hayward,CA,94545-2570,2,,,,,,,,,PS,PS,,,7842.0,,,,0.0,
Lincoln University,Oakland,CA,94612-2801,2,11420.0,11420.0,,,,,0.0,0.0,12500,PS,,,5583.0,223.0,0.75,1.0,,53695.0
Southern California Seminary,El Cajon,CA,92019-1108,2,18720.0,18720.0,,,,,0.3214,0.2143,12034,PS,,,5956.0,30.0,,,0.0,39607.0
La Sierra University,Riverside,CA,92505-8247,2,35910.0,35910.0,49365.0,,26217.0,,0.4735,0.6128,18500,27000,0.933,,8180.0,1155.0,0.6806,0.8241,0.0,61824.0
Loma Linda University,Loma Linda,CA,92350,2,,,,,,,0.3241,0.6453,17014,20854,,,11167.0,867.0,,,0.0,89816.0
Long Beach City College,Long Beach,CA,90808-1706,1,1556.0,11440.0,12664.0,5001.0,,,0.3726,0.0213,7000,10500,,,7932.0,21899.0,,,0.0,38870.0
Southern California University of Health Sciences,Whittier,CA,90604,2,10769.0,10769.0,50742.0,,45633.0,,0.0922,0.1551,10950,11400,,,8520.0,132.0,,,0.0,70649.0
Los Angeles Harbor College,Wilmington,CA,90744-2397,1,1238.0,10050.0,19463.0,11245.0,,,0.228,0.0059,5795,PS,,,12086.0,6496.0,,,0.0,41133.0
Los Angeles Pierce College,Woodland Hills,CA,91371-0002,1,1238.0,10130.0,19844.0,11196.0,,,0.268,0.0247,12500,12936,,,12494.0,13029.0,,,0.0,44521.0
Los Angeles Southwest College,Los Angeles,CA,90047-4899,1,1238.0,10130.0,14768.0,6683.0,,,0.2459,0.0144,10000,PS,,,11581.0,3793.0,,,0.0,32172.0
Los Angeles Trade Technical College,Los Angeles,CA,90015-4181,1,1238.0,10130.0,18516.0,10658.0,,,0.3123,0.0142,9500,10500,,,12669.0,10165.0,,,0.0,35233.0
Los Angeles Valley College,Valley Glen,CA,91401-4096,1,1238.0,10130.0,18625.0,10200.0,,,0.2594,0.0137,9500,10500,,,12465.0,12470.0,,,0.0,42678.0
The Master's University and Seminary,Santa Clarita,CA,91321-1200,2,36930.0,36930.0,48682.0,,32121.0,,0.1938,0.3841,16327,20500,0.7589,,7859.0,1606.0,0.6375,0.8514,0.0,57106.0
Los Angeles City College,Los Angeles,CA,90029,1,1238.0,10130.0,16176.0,7532.0,,,0.2624,0.0344,9500,12750,,,13069.0,10857.0,,,0.0,36190.0
Los Angeles County College of Nursing and Allied Health,Los Angeles,CA,90033-1084,1,,,,,,,0.359,0.2615,9500,9500,,,11986.0,220.0,,,0.0,115318.0
Los Angeles Mission College,Sylmar,CA,91342-3200,1,1238.0,10130.0,19525.0,11972.0,,,0.2113,0.0107,10432,PS,,,12181.0,8031.0,,,0.0,39834.0
Los Medanos College,Pittsburg,CA,94565,1,1312.0,9012.0,13850.0,5692.0,,,0.2499,0.0107,9326,PS,,,11177.0,7100.0,,,0.0,42454.0
Loyola Marymount University,Los Angeles,CA,90045-2659,2,58974.0,58974.0,75867.0,,45723.0,,0.1303,0.3037,15000,19500,0.4029,,13292.0,7171.0,0.7978,0.8824,0.0,78349.0
Lu Ross Academy,Ventura,CA,93001-2729,3,,,,,15711.0,19170.0,0.495,0.5487,6333,6333,,,,277.0,,,0.0,23148.0
Lyle's College of Beauty,Bakersfield,CA,93301,3,,,,,19746.0,16520.0,0.3485,0.3131,6333,6333,,,,96.0,,,0.0,25913.0
Lyle's College of  Beauty,Fresno,CA,93710,3,,,,,17560.0,16520.0,0.3867,0.3333,6333,6333,,,,77.0,,,0.0,25913.0
Lytles Redwood Empire Beauty College,Santa Rosa,CA,95403,3,,,,,24603.0,24836.0,0.4292,0.3443,7534,8682,,,,114.0,,,0.006,20358.0
MTI College,Sacramento,CA,95841-9817,3,,,,,20336.0,17000.0,0.4055,0.3065,7060,8836,0.8193,,3948.0,1025.0,,,0.0,45328.0
College of Marin,Kentfield,CA,94904-2590,1,1558.0,10828.0,23789.0,15517.0,,,0.1684,0.0086,10062,10062,,,13169.0,3928.0,,,0.0,42654.0
Mendocino College,Ukiah,CA,95482,1,1423.0,8893.0,16746.0,7500.0,,,0.2541,0.0214,9500,10836,,,12745.0,2857.0,,,0.0,40243.0
Menlo College,Atherton,CA,94027-4301,2,51070.0,51070.0,69879.0,,27032.0,,0.2938,0.385,13000,21750,0.6781,,10112.0,811.0,0.5133,0.6968,0.0,76419.0
Merced College,Merced,CA,95348-2806,1,1194.0,8154.0,12722.0,4260.0,,,0.3339,0.0054,4188,PS,,,9403.0,9677.0,,,,37815.0
Merritt College,Oakland,CA,94619-3196,1,1167.0,8703.0,22559.0,14742.0,,,0.0936,0.0034,9500,PS,,,11786.0,5153.0,,,0.0,44392.0
Northeastern University Oakland,Oakland,CA,94613,2,63949.0,63949.0,,,,,,,22000,24250,0.1654,1472.0,13020.0,542.0,,,0.0,92538.0
MiraCosta College,Oceanside,CA,92056-3899,1,1152.0,9120.0,15713.0,7178.0,,,0.2724,0.0217,9488,9000,,,14341.0,10474.0,0.411,0.8636,0.0,43845.0
Mission College,Santa Clara,CA,95054-1897,1,1438.0,12220.0,15047.0,5198.0,,,0.1622,0.0035,8816,PS,,,14394.0,5557.0,,,0.0,50936.0
Modern Beauty Academy,Oxnard,CA,93030,3,,,,,11582.0,14200.0,0.2816,0.2621,8143,PS,,,,62.0,,,0.02,22477.0
Modesto Junior College,Modesto,CA,95350-5800,1,1270.0,8870.0,14769.0,10176.0,,,0.2617,0.0022,3375,PS,,,10447.0,14714.0,0.261,,,42368.0
Moler Barber College,Oakland,CA,94609-2419,3,,,,,22135.0,15000.0,0.5575,0.5128,8374,10556,,,,335.0,,,0.0,15204.0
Middlebury Institute of International Studies at Monterey,Monterey,CA,93940,2,,,,,,,0.0556,0.3333,11522,13857,,,11647.0,8.0,,,0.0,76310.0
Monterey Peninsula College,Monterey,CA,93940-4799,1,1188.0,9924.0,21993.0,13498.0,,,0.194,0.0116,8250,PS,,,11492.0,5759.0,,,0.0,42176.0
Moorpark College,Moorpark,CA,93021-1695,1,1416.0,8179.0,9685.0,742.0,,,0.1874,0.0093,7161,9500,,,10891.0,12011.0,,,0.0,49044.0
Mt San Antonio College,Walnut,CA,91789-1399,1,1364.0,10212.0,12077.0,3107.0,,,0.3422,0.0086,5500,5880,,,11553.0,25311.0,,,0.0,46283.0
Mount Saint Mary's University,Los Angeles,CA,90049-1599,2,48132.0,48132.0,64637.0,,25009.0,,0.5515,0.6906,22167,25949,0.6872,,9244.0,1746.0,0.5342,0.7401,0.0,72379.0
Mt San Jacinto Community College District,San Jacinto,CA,92583-2399,1,1406.0,11276.0,15091.0,7098.0,,,0.3319,0.0059,7000,PS,,,12842.0,14859.0,,,0.0,38319.0
Musicians Institute,Hollywood,CA,90028,3,28400.0,28400.0,41795.0,,37793.0,,0.1769,0.2224,6334,PS,0.7129,,3155.0,735.0,0.4596,0.7143,0.0,32778.0
Napa Valley College,Napa,CA,94558-6236,1,1156.0,11908.0,21563.0,14046.0,,,0.1905,0.0047,9371,PS,,,11674.0,3205.0,,,0.0,49517.0
National Holistic Institute,Emeryville,CA,94608-2008,3,,,,,29199.0,16504.0,0.5923,0.7424,9500,9500,,,,1134.0,,,0.0,27978.0
National University,San Diego,CA,92123,2,13320.0,13320.0,37116.0,,31058.0,,0.2553,0.2279,18750,25000,,,9109.0,9725.0,0.5,0.5385,0.0,67548.0
Naval Postgraduate School,Monterey,CA,93943,1,,,,,,,,,,,,,15690.0,,,,,
Newschool of Architecture and Design,San Diego,CA,92101,3,30291.0,30291.0,57642.0,,48616.0,,0.4629,0.6245,23618,31000,1.0,,7069.0,212.0,0.5094,0.5,0.0,68891.0
North Adrian's College of Beauty Inc,Modesto,CA,95350-2381,3,,,,,20347.0,17895.0,0.4403,0.4151,9500,11000,,,,213.0,,,0.0,27269.0
North-West College-Pomona,Pomona,CA,91768,3,,,,,33256.0,37419.0,0.638,0.738,9500,9500,,,,315.0,,,0.0,39876.0
North-West College-West Covina,West Covina,CA,91790,3,,,,,28408.0,18121.0,0.6155,0.7096,9500,9500,,,5883.0,635.0,,,0.0,37542.0
North-West College-Van Nuys,Van Nuys,CA,91411,3,,,,,33464.0,37319.0,0.5271,0.7236,8419,9500,,,,225.0,,,0.0,32488.0
San Francisco Bay University,Fremont,CA,94539,2,8775.0,8775.0,,,,,0.0,0.0,,,0.6939,,5463.0,62.0,,0.8125,,
Notre Dame de Namur University,Belmont,CA,94002-1908,2,,,,,,,,,16500,25000,,,8311.0,14.0,0.3155,,0.0,74576.0
Occidental College,Los Angeles,CA,90041-3392,2,63446.0,63446.0,80636.0,,39329.0,,0.1595,0.3875,19000,23000,0.3989,1461.0,12015.0,1844.0,0.8511,0.8719,0.0,75951.0
Ohlone College,Fremont,CA,94539-0390,1,1202.0,8714.0,22906.0,14130.0,,,0.1127,0.0064,9500,PS,,,11533.0,6958.0,,,0.0,54278.0
Orange Coast College,Costa Mesa,CA,92626,1,1208.0,9992.0,13191.0,4754.0,,,0.2358,0.0156,6175,9500,,,13564.0,16117.0,,,0.0,47348.0
Otis College of Art and Design,Los Angeles,CA,90045-3505,2,55513.0,55513.0,71880.0,,45864.0,,0.3068,0.418,20000,27000,0.8398,,9145.0,1242.0,0.6059,0.7293,0.0,58152.0
Oxnard College,Oxnard,CA,93033-6699,1,1416.0,8179.0,9317.0,659.0,,,0.3547,0.009,7500,PS,,,10634.0,6059.0,,,0.0,41393.0
Hope International University,Fullerton,CA,92831-3199,2,36250.0,36250.0,51153.0,,27653.0,,0.4288,0.6034,15738,23000,0.3539,,7186.0,549.0,0.4565,0.6818,0.0,49697.0
Concorde Career College-San Diego,San Diego,CA,92113-1964,3,,,,,24477.0,18102.0,0.5717,0.6479,9500,9500,0.9395,,8081.0,178.0,,,0.0,39169.0
Palo Alto University,Palo Alto,CA,94304-1337,2,,,,,,,0.1923,0.3077,15000,20500,,,14839.0,19.0,,,0.0,83187.0
Pacific Oaks College,Pasadena,CA,91103,2,33360.0,33360.0,,,,,0.5503,0.7362,23500,29105,0.1,,6379.0,346.0,,,0.0,52485.0
Pacific School of Religion,Berkeley,CA,94709,2,,,,,,,,,PS,PS,,,8446.0,,,,0.0,
Pacific States University,Los Angeles,CA,90010-2263,2,9810.0,9810.0,,,,,,,PS,PS,,,,17.0,1.0,1.0,,
Pacific Union College,Angwin,CA,94508-9707,2,35214.0,35214.0,47244.0,,20979.0,,0.3337,0.5932,19500,27500,0.4248,1093.0,6485.0,910.0,0.5147,0.875,0.0,70484.0
University of the Pacific,Stockton,CA,95211-0197,2,55340.0,55340.0,68173.0,,25926.0,,0.343,0.4274,17653,19500,0.9486,1303.0,11592.0,3247.0,0.6782,0.8856,0.0,78445.0
Palo Verde College,Blythe,CA,92225,1,1288.0,12880.0,21205.0,10543.0,,,0.0639,0.0,PS,PS,,,10969.0,2909.0,,,,36389.0
Palomar College,San Marcos,CA,92069-1487,1,1354.0,10650.0,13997.0,5247.0,,,0.1716,0.0065,3500,PS,,,12988.0,16167.0,,,0.0,42300.0
Pasadena City College,Pasadena,CA,91106-2003,1,1180.0,10756.0,12166.0,3123.0,,,0.2995,0.0064,6036,6651,,,9614.0,20624.0,,,0.0,43937.0
Pepperdine University,Malibu,CA,90263,2,66742.0,66742.0,85202.0,,45409.0,,0.1961,0.3842,19500,23510,0.4985,1367.0,13919.0,3629.0,0.8467,0.8596,0.0,82939.0
Pitzer College,Claremont,CA,91711-6101,2,62692.0,62692.0,82832.0,,31663.0,,0.1015,0.217,13000,16750,0.1666,,12183.0,1191.0,0.8321,0.9417,0.0,69512.0
Point Loma Nazarene University,San Diego,CA,92106-2899,2,43550.0,43550.0,56664.0,,50168.0,,0.2273,0.4981,19500,22990,0.8176,1278.0,11281.0,3132.0,0.7379,0.8607,0.0,63998.0
Pomona College,Claremont,CA,91711-4434,2,62326.0,62326.0,81196.0,,19424.0,,0.1853,0.0793,10000,11782,0.0676,1520.0,14385.0,1638.0,0.9319,0.9587,0.0,77779.0
Porterville College,Porterville,CA,93257,1,1409.0,10289.0,12522.0,3728.0,,,0.3584,0.001,PS,PS,,,11498.0,2775.0,,,,36328.0
Professional Institute of Beauty,El Monte,CA,91731,3,,,,,13152.0,15075.0,0.5064,0.3013,2976,PS,,,,90.0,,,0.0,16886.0
Santa Ana College,Santa Ana,CA,92706-3398,1,1180.0,9460.0,11848.0,3854.0,,,0.1608,0.0073,5500,6871,,,13155.0,22011.0,0.3151,1.0,0.0,43552.0
Pardee RAND Graduate School,Santa Monica,CA,90401-3208,2,,,,,,,,,,,,,,,,,0.0,
Shasta School of Cosmetology,Redding,CA,96003,3,,,,,26582.0,13250.0,0.36,0.23,PS,PS,,,,101.0,,,,
University of Redlands,Redlands,CA,92373-0999,2,57614.0,57614.0,70233.0,,22867.0,,0.3511,0.5664,21250,26000,0.8092,1231.0,10670.0,2095.0,0.7068,0.8146,0.0,72690.0
College of the Redwoods,Eureka,CA,95501-9300,1,1147.0,7783.0,12251.0,3214.0,,,0.3339,0.0539,6666,8080,,,10957.0,3514.0,,,0.0,36243.0
Salon Success Academy-Upland,Upland,CA,91786,3,,,,,16626.0,16900.0,0.536,0.5658,7116,7177,,,,238.0,,,0.0,26956.0
Salon Success Academy-Corona,Corona,CA,92881,3,,,,,12983.0,16900.0,0.4866,0.5511,7176,7177,,,,216.0,,,0.0,22412.0
Rio Hondo College,Whittier,CA,90601-1616,1,1388.0,9884.0,19308.0,11903.0,,,0.2385,0.0048,4750,PS,,,12761.0,15365.0,0.2713,,0.0,44950.0
Riverside City College,Riverside,CA,92506,1,1420.0,11230.0,12427.0,4026.0,,,0.329,0.0088,5500,8000,,,14699.0,17361.0,,,0.0,41091.0
Dongguk University Los Angeles,Los Angeles,CA,90020-1704,2,,,,,,,,,PS,PS,,,3978.0,4.0,,,0.0,
Sacramento City College,Sacramento,CA,95822-1386,1,1288.0,12808.0,13062.0,3974.0,,,0.2503,0.041,9256,10500,,,10871.0,16952.0,,,0.0,42214.0
Saddleback College,Mission Viejo,CA,92692-3635,1,1432.0,13732.0,11792.0,2976.0,,,0.1532,0.0124,6988,9500,,,12987.0,15959.0,,,0.0,50874.0
Samuel Merritt University,Oakland,CA,94609,2,,,,,,,0.1776,0.6435,20825,20825,,,11218.0,712.0,,,0.0,143238.0
San Diego City College,San Diego,CA,92101-4787,1,1150.0,9094.0,13255.0,-818.0,,,0.2195,0.0114,4500,7689,,,10317.0,10584.0,,,0.0,38503.0
San Diego Mesa College,San Diego,CA,92111-4998,1,1150.0,9094.0,12964.0,-904.0,,,0.1556,0.0203,4500,4725,,,10591.0,15899.0,0.3375,,0.0,45120.0
San Diego Miramar College,San Diego,CA,92126-2999,1,1150.0,9094.0,11428.0,-2735.0,,,0.1147,0.0054,4239,6750,,,10212.0,10740.0,,,0.0,48224.0
San Diego State University,San Diego,CA,92182-0001,1,8290.0,20170.0,27357.0,16174.0,,,0.3142,0.2314,12847,15000,0.3444,,11862.0,33654.0,0.7827,0.9032,0.0,64909.0
University of San Diego,San Diego,CA,92110-2492,2,56444.0,56444.0,74879.0,,31265.0,,0.1935,0.3272,19019,22940,0.4675,,13153.0,5619.0,0.8158,0.8978,0.0,86522.0
San Francisco Conservatory of Music,San Francisco,CA,94102-6011,2,54550.0,54550.0,78209.0,,42448.0,,0.1584,0.4751,22000,27000,0.5194,,15040.0,215.0,0.5246,0.7381,0.0,
San Francisco State University,San Francisco,CA,94132,1,7424.0,19304.0,25258.0,12882.0,,,0.414,0.2543,12923,15371,0.9615,,11816.0,20033.0,0.5015,0.8374,0.0,68077.0
University of San Francisco,San Francisco,CA,94117-1080,2,58222.0,58222.0,76421.0,,39495.0,,0.2722,0.4727,19000,23000,0.5077,1313.0,14029.0,5697.0,0.7113,0.801,0.0,89812.0
San Joaquin College of Law,Clovis,CA,93612-1312,2,,,,,,,,,PS,PS,,,10075.0,,,,0.0,
San Joaquin Delta College,Stockton,CA,95207,1,1288.0,9072.0,17137.0,8508.0,,,0.2309,0.0079,7000,7500,,,9622.0,13964.0,,,0.0,43212.0
San Joaquin Valley College-Visalia,Visalia,CA,93291-9283,3,,,,,29092.0,17655.0,0.4917,0.5462,9773,10674,,,7061.0,2270.0,0.339,,0.0,38317.0
San Joaquin Valley College-Bakersfield,Bakersfield,CA,93309-2659,3,,,,,23393.0,52543.0,0.5673,0.6054,9773,10674,,,6846.0,820.0,,,0.0,38317.0
William Jessup University,Rocklin,CA,95765-3707,2,37150.0,37150.0,52172.0,,25300.0,,0.343,0.4731,14419,23700,0.7682,,7973.0,1021.0,0.6071,0.6883,0.0,56257.0
San Jose City College,San Jose,CA,95128-2798,1,1366.0,9486.0,24038.0,16658.0,,,0.2074,0.0081,5500,PS,,,16319.0,7039.0,,,0.0,46215.0
San Jose State University,San Jose,CA,95192-0001,1,7992.0,19872.0,25695.0,13741.0,,,0.3545,0.2075,12000,15000,0.8023,,11665.0,26757.0,0.6465,0.8643,0.0,78988.0
College of San Mateo,San Mateo,CA,94402-3784,1,1332.0,11384.0,11875.0,1504.0,,,0.1271,0.0055,6875,PS,,,11643.0,7359.0,,,0.0,54172.0
Santa Barbara City College,Santa Barbara,CA,93109-2394,1,1234.0,10186.0,18682.0,10029.0,,,0.1552,0.0328,8250,11000,,,12490.0,10070.0,,,0.0,47647.0
Santa Clara University,Santa Clara,CA,95053,2,59241.0,59241.0,77768.0,,50959.0,,0.1087,0.2445,16845,19162,0.4384,1417.0,14126.0,6235.0,0.8845,0.9359,0.0,109183.0
Santa Monica College,Santa Monica,CA,90405-1628,1,1156.0,9316.0,11353.0,3600.0,,,0.2627,0.0197,6500,6450,,,13732.0,21194.0,0.3583,0.0,0.0,42193.0
Santa Rosa Junior College,Santa Rosa,CA,95401-4395,1,1318.0,11308.0,13649.0,5541.0,,,0.165,0.0055,7250,9500,,,12294.0,14327.0,,,0.0,47224.0
Saybrook University,Pasadena,CA,91103,2,,,,,,,,,PS,PS,,,7614.0,,,,0.0,
Scripps College,Claremont,CA,91711-3905,2,63434.0,63434.0,83330.0,,38802.0,,0.1147,0.2285,11853,13500,0.3394,1480.0,12586.0,1077.0,0.8712,0.8808,0.0,77539.0
College of the Sequoias,Visalia,CA,93277-2214,1,1394.0,8338.0,8553.0,29.0,,,0.3515,0.0074,4500,4500,,,12358.0,10752.0,,,0.0,39092.0
Shasta Bible College and Graduate School,Redding,CA,96002,2,14535.0,14535.0,,,,,0.5417,0.2083,PS,PS,1.0,,3639.0,12.0,0.3333,0.0,0.0,28891.0
Shasta College,Redding,CA,96003,1,1197.0,8277.0,11881.0,3743.0,,,0.3662,0.0421,9500,14250,,,10110.0,5536.0,0.2913,,0.0,39269.0
Sierra College,Rocklin,CA,95677-3397,1,1156.0,9988.0,12628.0,4462.0,,,0.1992,0.0178,9500,10500,,,9055.0,13455.0,,,0.0,45294.0
Sierra College of Beauty,Merced,CA,95340,3,,,,,11519.0,8000.0,0.6147,0.0,PS,PS,,,,245.0,,,,18519.0
Trinity Law School,Santa Ana,CA,92705,2,,,,,,,,,19500,26082,,,8683.0,,,,0.0,46989.0
Simpson University,Redding,CA,96003-8606,2,38522.0,38522.0,52366.0,,27923.0,,0.4221,0.5807,13000,18750,0.9903,,7441.0,751.0,0.4167,0.6239,0.0,54340.0
College of the Siskiyous,Weed,CA,96094-2899,1,1444.0,9394.0,14448.0,7241.0,,,0.2786,0.0635,8000,10750,,,10739.0,1080.0,,,0.0,39098.0
Charles A Jones Career and Education Center,Sacramento,CA,95824-1529,1,,,,15980.0,,22360.0,0.3393,0.2202,5308,5512,,,,90.0,,,0.0,41047.0
Skyline College,San Bruno,CA,94066-1698,1,1332.0,11384.0,10461.0,-1180.0,,,0.1009,0.004,7500,PS,,,11722.0,7132.0,0.4141,,0.0,55702.0
San Bernardino Valley College,San Bernardino,CA,92410-2798,1,1185.0,10017.0,14655.0,8234.0,,,0.2699,0.0027,3938,PS,,,11052.0,11106.0,,,0.0,39676.0
Saint Mary's College of California,Moraga,CA,94575,2,56134.0,56134.0,73655.0,,31198.0,,0.2381,0.661,19500,23691,0.8858,,11128.0,2024.0,0.6899,0.8514,0.0,78812.0
Solano Community College,Fairfield,CA,94534-3197,1,1172.0,8900.0,11440.0,3869.0,,,0.2081,0.0142,9500,12000,,,11108.0,7688.0,0.3377,,0.0,44170.0
Sonoma State University,Rohnert Park,CA,94928-3609,1,8190.0,20070.0,24739.0,13801.0,,,0.3615,0.2701,13000,16705,0.9473,,11609.0,5374.0,0.6052,0.7532,0.0,65986.0
South Baylo University,Anaheim,CA,92801-1701,2,,,,,,,,,14000,PS,,,4902.0,,,,0.0,
South Coast College,Orange,CA,92868-2609,3,13409.0,13409.0,25025.0,,22480.0,,0.5274,0.8987,17346,20938,,,5317.0,241.0,,,0.0,44897.0
Vanguard University of Southern California,Costa Mesa,CA,92626,2,39950.0,39950.0,50178.0,,19761.0,,0.4288,0.8406,15000,22000,0.647,,7625.0,1975.0,0.5586,0.7365,0.0,59541.0
Concorde Career College-Garden Grove,Garden Grove,CA,92840-9201,3,,,,,22610.0,34005.0,0.4563,0.583,9500,13000,0.9593,,7688.0,202.0,,,0.0,45711.0
Southwestern College,Chula Vista,CA,91910-7299,1,1344.0,9492.0,19717.0,10893.0,,,0.3504,0.0469,4044,4500,,,11392.0,16640.0,,,0.0,40060.0
Starr King School for the Ministry,Oakland,CA,94612,2,,,,,,,,,PS,PS,,,5059.0,,,,0.0,
Marshall B Ketchum University,Fullerton,CA,92831-1699,2,,,,,,,,,PS,PS,,,10953.0,,,,0.0,
Southern California Institute of Architecture,Los Angeles,CA,90013-1822,2,53564.0,53564.0,67014.0,,37535.0,,0.212,0.228,33250,PS,0.8267,,9281.0,236.0,0.7,0.8214,0.0,71909.0
University of Southern California,Los Angeles,CA,90089,2,68237.0,68237.0,84678.0,,31927.0,,0.2166,0.2485,16112,18000,0.1002,1501.0,17488.0,20817.0,0.9199,0.965,0.0,92498.0
Southwestern Law School,Los Angeles,CA,90010-1106,2,,,,,,,,,PS,PS,,,16518.0,,,,0.0,
Taft College,Taft,CA,93268,1,1108.0,9076.0,13012.0,2699.0,,,0.1788,0.0049,PS,PS,,,12776.0,3216.0,,,,38861.0
Claremont School of Theology,Claremont,CA,91711-3199,2,,,,,,,,,PS,PS,,,5444.0,,,,0.0,
Thomas Aquinas College,Santa Paula,CA,93060,2,28700.0,28700.0,40000.0,,25032.0,,0.1977,0.657,18000,18000,0.7871,1277.0,9302.0,539.0,0.8202,0.9209,0.0,55619.0
Epic Bible College & Graduate School,Sacramento,CA,95841,2,15072.0,15072.0,,,,,0.5513,0.4487,16446,PS,,,1852.0,60.0,0.0,,0.0,37822.0
UEI College-Huntington Park,Huntington Park,CA,90255-2933,3,,,,,26959.0,19900.0,0.7484,0.7682,9500,9500,,,,1036.0,,,0.0,31141.0
Concorde Career College-San Bernardino,San Bernardino,CA,92408-3403,3,,,,,23161.0,17845.0,0.7067,0.7404,9500,9500,0.981,,7369.0,260.0,,,0.0,39993.0
Concorde Career College-North Hollywood,North Hollywood,CA,91606-3134,3,,,,,23584.0,33340.0,0.5443,0.6809,9500,9500,0.9902,,7761.0,143.0,,,0.0,50552.0
Ventura College,Ventura,CA,93003-3872,1,1416.0,8179.0,9762.0,2257.0,,,0.2548,0.0091,6500,13876,,,10903.0,9971.0,,,0.0,43430.0
The Colleges of Law at Ventura,Ventura,CA,93003,2,,,,,,,,,PS,PS,,,7725.0,,,,0.0,
Bridges Beauty College,Victorville,CA,92395-3821,3,,,,,20849.0,16275.0,0.3333,0.3056,PS,PS,,,,80.0,,,0.0,17287.0
Victor Valley College,Victorville,CA,92395-5850,1,1425.0,10125.0,11786.0,3228.0,,,0.3478,0.005,7500,PS,,,11565.0,12107.0,,,0.0,36119.0
Berkeley City College,Berkeley,CA,94704,1,1148.0,8684.0,17110.0,8957.0,,,0.1258,0.0096,9500,PS,,,12048.0,4541.0,,,0.0,41217.0
Walden University,Minneapolis,MN,55401,3,12498.0,12498.0,,,,,0.5043,0.6564,11500,20834,,,7533.0,7337.0,0.0,,0.0,42810.0
Waynes College of Beauty,Salinas,CA,93906-2830,3,,,,,17652.0,18075.0,0.6944,0.5694,4424,PS,,,,46.0,,,0.0,
Coalinga College,Coalinga,CA,93210,1,1384.0,10084.0,17249.0,8626.0,,,0.2207,0.0099,5500,6750,,,11111.0,2177.0,,,0.0,37633.0
West Los Angeles College,Culver City,CA,90230-3519,1,1238.0,10130.0,15839.0,7131.0,,,0.1998,0.0177,9500,PS,,,12427.0,7277.0,0.2138,,0.0,38537.0
West Valley College,Saratoga,CA,95070,1,1490.0,8702.0,13351.0,1842.0,,,0.1056,0.0031,7000,PS,,,14753.0,6086.0,,,0.0,51688.0
Carrington College-Sacramento,Sacramento,CA,95826,3,,,,,37143.0,21589.0,0.559,0.6384,10460,11537,,,6750.0,2262.0,0.518,0.6171,0.0,39633.0
Westminster Theological Seminary in California,Escondido,CA,92027,2,,,,,,,,,,,,,7930.0,,,,0.0,
Westmont College,Santa Barbara,CA,93108-1089,2,51790.0,51790.0,68826.0,,32926.0,,0.1858,0.5,19343,23250,0.7986,1367.0,10671.0,1310.0,0.7009,0.8682,0.0,64778.0
Whittier College,Whittier,CA,90601,2,49864.0,49864.0,63925.0,,29871.0,,0.3185,0.5847,18125,24937,0.8538,,9706.0,812.0,0.6339,0.5285,0.0,59492.0
Woodbury University,Burbank,CA,91504-1052,2,44886.0,44886.0,58180.0,,28248.0,,0.4896,0.6141,21500,26960,0.7287,,7835.0,825.0,0.5478,0.7965,0.0,65668.0
The Wright Institute,Berkeley,CA,94704-1796,2,,,,,,,,,PS,PS,,,11394.0,,,,0.0,
Thomas Jefferson School of Law,San Diego,CA,92101,2,,,,,,,,,PS,PS,,,11727.0,,,,0.0,
Yeshiva Ohr Elchonon Chabad West Coast Talmudical Seminary,Los Angeles,CA,90046-7660,2,16900.0,16900.0,27600.0,,12258.0,,0.5461,0.0,PS,PS,0.6168,,6711.0,157.0,0.2,0.8971,,48361.0
Yuba College,Marysville,CA,95901,1,1128.0,8208.0,12200.0,3573.0,,,0.2799,0.0069,6000,PS,,,12606.0,4311.0,,,0.025,39552.0
Adams State University,Alamosa,CO,81101,1,9776.0,21848.0,23800.0,14173.0,,,0.3499,0.3341,11750,19500,,,7075.0,1239.0,0.3165,0.5548,0.0,44372.0
Aims Community College,Greeley,CO,80634,1,2090.0,11306.0,14478.0,9535.0,,,0.1712,0.0442,5250,6844,,,8066.0,3182.0,0.3507,0.6324,0.0,41887.0
Arapahoe Community College,Littleton,CO,80160-9002,1,4308.0,16542.0,16348.0,10790.0,,,0.1049,0.0943,6500,11884,,,8852.0,5392.0,0.2679,,0.0,48341.0
Bel-Rea Institute of Animal Technology,Denver,CO,80247,3,13819.0,13819.0,29807.0,,24961.0,,0.4067,0.6842,11666,20372,0.5942,,5545.0,161.0,,,0.0,39506.0
University of Colorado Denver/Anschutz Medical Campus,Denver,CO,80217-3364,1,10017.0,28209.0,23369.0,19133.0,,,0.2579,0.2515,14500,20500,0.7781,1119.0,11669.0,10686.0,0.474,0.7148,0.0,64270.0
University of Colorado Colorado Springs,Colorado Springs,CO,80918,1,9712.0,20492.0,23713.0,16431.0,,,0.2625,0.3514,12965,20000,0.9657,1140.0,9185.0,8870.0,0.4534,0.6712,0.0,54659.0
Spartan College of Aeronautics and Technology,Broomfield,CO,80021-3465,3,17406.0,17406.0,33357.0,,30922.0,,0.0951,0.1303,14750,19188,,,6284.0,321.0,,,0.0,59093.0
University of Colorado Boulder,Boulder,CO,80309-0017,1,16430.0,41943.0,33466.0,21480.0,,,0.1477,0.2436,13000,19500,0.8328,1353.0,13016.0,31578.0,0.7503,0.8917,0.0,69738.0
Colorado Christian University,Lakewood,CO,80226,2,39266.0,39266.0,50206.0,,25458.0,,0.329,0.4192,14000,28312,,,7514.0,5363.0,0.5532,0.789,0.0,50416.0
Colorado College,Colorado Springs,CO,80903,2,67932.0,67932.0,83228.0,,31678.0,,0.1381,0.2427,13400,18257,0.2003,1445.0,12307.0,2139.0,0.86,0.9476,0.0,65222.0
Concorde Career College-Aurora,Aurora,CO,80010-4314,3,,,,,16547.0,16684.0,0.5689,0.7465,9500,9500,1.0,,6342.0,196.0,0.6897,,0.001,42456.0
Colorado Mountain College,Glenwood Springs,CO,81601-0233,1,2700.0,12540.0,13717.0,6342.0,,,0.1343,0.0907,5500,9000,,,8933.0,2821.0,0.259,0.5641,0.0,44127.0
Colorado Northwestern Community College,Rangely,CO,81648-3598,1,4454.0,7084.0,21006.0,12316.0,,,0.1764,0.1662,8250,12000,,,6783.0,500.0,,,0.0,43526.0
Colorado School of Mines,Golden,CO,80401,1,21186.0,44376.0,38556.0,29240.0,,,0.1333,0.3363,17500,23000,0.5971,1403.0,13650.0,5801.0,0.7944,0.9298,0.0,97335.0
Colorado School of Trades,Lakewood,CO,80215-2996,3,,,,,22635.0,25200.0,0.2821,0.2205,13375,20000,0.7692,,3830.0,108.0,,,0.0,51591.0
Colorado State University-Fort Collins,Fort Collins,CO,80523-0100,1,12896.0,33751.0,29696.0,20332.0,,,0.1889,0.3089,14750,20000,0.8959,,11718.0,25148.0,0.6691,0.8483,0.0,60543.0
Colorado Technical University-Colorado Springs,Colorado Springs,CO,80907-3812,3,12760.0,12760.0,21694.0,,14954.0,,0.6832,0.707,12166,29832,,,6979.0,25932.0,0.1761,0.4399,0.0,37180.0
Community College of Aurora,Aurora,CO,80011-9036,1,4030.0,15680.0,16210.0,7466.0,,,0.1647,0.0741,6500,10500,,,7822.0,3346.0,,,0.0,44592.0
Technical College of the Rockies,Delta,CO,81416,1,,,,3790.0,,3501.0,0.2703,0.0,4750,4750,,,,142.0,,,0.0,45516.0
Community College of Denver,Denver,CO,80204-2026,1,4902.0,17136.0,18377.0,9431.0,,,0.3098,0.1718,5500,12495,,,8153.0,5156.0,0.1579,,0.0,39095.0
Lincoln College of Technology-Denver,Denver,CO,80239,3,,,,,32060.0,36101.0,0.4578,0.5973,9524,11730,,,5476.0,1104.0,,,0.0,46396.0
Denver Seminary,Littleton,CO,80120,2,,,,,,,,,PS,PS,,,4438.0,,,,0.0,
University of Denver,Denver,CO,80208,2,59340.0,59340.0,75020.0,,36037.0,,0.1471,0.3011,18000,21844,0.7119,1344.0,12410.0,6059.0,0.7795,0.8772,0.0,71155.0
Emily Griffith Technical College,Denver,CO,80203,1,,,,7003.0,,11537.0,0.0729,0.0,PS,PS,,,,5914.0,,,,35487.0
Fort Lewis College,Durango,CO,81301-3999,1,9670.0,20798.0,25558.0,17339.0,,,0.361,0.2914,9000,18389,0.932,1084.0,7719.0,3070.0,0.4315,0.6261,0.0,46349.0
Front Range Community College,Westminster,CO,80031,1,4740.0,16974.0,18087.0,10854.0,,,0.1649,0.1175,7000,12251,,,7918.0,11132.0,0.301,,0.0,45910.0
Iliff School of Theology,Denver,CO,80210-4798,2,,,,,,,,,,,,,7913.0,,,,0.0,
International Salon and Spa Academy,Colorado Springs,CO,80918-3684,3,,,,,20904.0,19015.0,0.5756,0.5238,5117,6333,,,,307.0,,,0.0,22332.0
Lamar Community College,Lamar,CO,81052-3999,1,4422.0,7052.0,19366.0,10328.0,,,0.3174,0.1153,5973,8750,,,4865.0,406.0,,,0.0,38719.0
Colorado Mesa University,Grand Junction,CO,81501-3122,1,9712.0,24312.0,22883.0,15331.0,,,0.274,0.3322,11000,22000,0.8139,1070.0,7579.0,7604.0,0.4152,0.7518,0.0,45823.0
Metropolitan State University of Denver,Denver,CO,80217-3362,1,10780.0,29503.0,22825.0,14294.0,,,0.3508,0.2964,12500,21500,0.9914,1014.0,9925.0,14932.0,0.2989,0.7037,0.0,52093.0
Morgan Community College,Fort  Morgan,CO,80701,1,4127.0,16360.0,15797.0,7161.0,,,0.212,0.0752,5500,8501,,,7179.0,619.0,0.4607,,0.0,39429.0
Naropa University,Boulder,CO,80302-6697,2,34600.0,34600.0,52900.0,,28862.0,,0.5656,0.551,14750,24712,0.94,,5946.0,368.0,0.4595,0.5714,0.0,28720.0
Nazarene Bible College,Colorado Springs,CO,80920,2,10002.0,10002.0,,,,,0.1449,0.1572,17106,34787,,,4729.0,336.0,,,0.0,41450.0
Northeastern Junior College,Sterling,CO,80751-2944,1,5582.0,8045.0,20246.0,13224.0,,,0.3734,0.2185,5500,9376,,,6042.0,825.0,,,0.0,39893.0
University of Northern Colorado,Greeley,CO,80639,1,12010.0,26204.0,26989.0,18457.0,,,0.2619,0.3968,13805,20470,0.8643,1077.0,8688.0,5693.0,0.5134,0.7441,0.0,52231.0
Otero College,La Junta,CO,81050,1,4418.0,7048.0,20413.0,11329.0,,,0.3423,0.1752,6000,10250,,,5805.0,642.0,,,0.0,39018.0
Pikes Peak State College,Colorado Springs,CO,80906-5498,1,4302.0,16534.0,18345.0,9682.0,,,0.3078,0.1455,4900,9000,,,7403.0,9307.0,0.23,,0.0,40796.0
Pueblo Community College,Pueblo,CO,81004-1499,1,4883.0,17116.0,19251.0,11063.0,,,0.2833,0.1733,5750,10000,,,7055.0,3293.0,0.3746,,0.0,37434.0
Red Rocks Community College,Lakewood,CO,80228-1255,1,4707.0,16947.0,18048.0,9356.0,,,0.1931,0.1161,4900,9500,,,8076.0,4281.0,0.3737,1.0,0.0,46288.0
Regis University,Denver,CO,80221-1099,2,43980.0,43980.0,54889.0,,22689.0,,0.2615,0.4562,19750,25000,0.8727,,8767.0,2599.0,0.6111,0.7523,0.0,72105.0
Rocky Mountain College of Art and Design,Lakewood,CO,80214,3,23720.0,23720.0,33950.0,,28037.0,,0.4599,0.6029,9500,31000,,,5477.0,1878.0,0.3651,0.5779,0.0,42958.0
Montessori Education Center of the Rockies,Denver,CO,80205,2,,,,,13285.0,8800.0,0.1667,0.1667,PS,PS,0.8,,,6.0,0.9167,,0.023,44643.0
Colorado State University Pueblo,Pueblo,CO,81001-4901,1,9401.0,17242.0,23891.0,12948.0,,,0.2785,0.25,14475,21500,0.9984,1005.0,8114.0,3028.0,0.3798,0.6501,0.0,55563.0
Pickens Technical College,Aurora,CO,80011-9307,1,4930.0,8330.0,11474.0,7055.0,,,0.3302,0.0,PS,PS,,,,646.0,,,,39210.0
Intellitec College-Colorado Springs,Colorado Springs,CO,80909-6096,3,,,,,22051.0,40392.0,0.5315,0.4974,8894,11667,,,4596.0,816.0,,,0.0,42169.0
Intellitec College-Grand Junction,Grand Junction,CO,81506,3,,,,,16656.0,23730.0,0.6434,0.6681,9088,10769,,,3936.0,1160.0,,,0.0,31541.0
Trinidad State College,Trinidad,CO,81082,1,4468.0,7100.0,21373.0,11197.0,,,0.4106,0.1296,6500,8908,,,5974.0,1168.0,0.5572,0.6698,0.0,36475.0
United States Air Force Academy,USAF Academy,CO,80840-5002,1,,,,,,,,,,,0.1393,1362.0,10800.0,4124.0,0.8814,0.9551,,
Empire Beauty School-Thornton,Thornton,CO,80233,3,,,,,15322.0,19350.0,0.4154,0.4769,6756,10667,,,,104.0,,,0.0,24397.0
Western Colorado University,Gunnison,CO,81231,1,11083.0,23683.0,25426.0,16773.0,,,0.1347,0.2258,12000,20250,0.9747,1130.0,7506.0,1653.0,0.5067,0.7294,0.0,46833.0
Albertus Magnus College,New Haven,CT,06511-1189,2,39924.0,39924.0,56268.0,,32681.0,,0.4711,0.7558,25000,30964,0.6437,,8289.0,882.0,0.4609,0.7469,0.0,60144.0
Bais Binyomin Academy,Monsey,NY,10952,2,9450.0,9450.0,30640.0,,18646.0,,0.6667,0.0,PS,PS,0.7879,,5250.0,50.0,0.5714,0.6552,,
University of Bridgeport,Bridgeport,CT,06604-5620,2,35760.0,35760.0,52786.0,,24786.0,,0.5168,0.7245,19500,25750,0.6431,985.0,7276.0,1450.0,0.4809,0.6286,0.0,50323.0
Central Connecticut State University,New Britain,CT,06050,1,12460.0,25736.0,24112.0,16435.0,,,0.3486,0.5024,16750,22300,0.7553,1091.0,10593.0,7670.0,0.4933,0.7861,0.0,58562.0
Charter Oak State College,New Britain,CT,06051,1,8506.0,8506.0,22558.0,15663.0,,,0.3771,0.4011,12422,18683,,,,1620.0,,1.0,0.0,64209.0
Cortiva Institute,Cromwell,CT,06416,3,,,,,34368.0,17737.0,0.4218,0.4668,11259,11259,,,,220.0,,,0.0,34866.0
Connecticut College,New London,CT,06320-4196,2,64812.0,64812.0,82219.0,,33998.0,,0.1432,0.3604,20000,23500,0.3828,1412.0,9825.0,1960.0,0.8375,0.8698,0.0,75001.0
Porter & Chester Institute of Hamden,Hamden,CT,06514,3,14337.0,14337.0,26012.0,,19011.0,,0.5892,0.6197,9500,12350,,,,333.0,,,0.0,42914.0
University of Connecticut,Storrs,CT,06269,1,20366.0,43034.0,36572.0,22886.0,,,0.2416,0.4053,18610,21500,0.5395,1338.0,14158.0,19147.0,0.838,0.9144,0.0,73997.0
Goodwin University,East Hartford,CT,06118,2,21198.0,21198.0,39745.0,,28544.0,,0.4843,0.7611,14221,33500,,,6539.0,2761.0,0.5833,,0.0,43596.0
Lincoln Technical Institute-East Windsor,East Windsor,CT,06088,3,,,,,26269.0,36044.0,0.4672,0.6609,9500,11250,,,,971.0,,,0.0,38683.0
Eastern Connecticut State University,Willimantic,CT,06226,1,13292.0,16624.0,30805.0,20480.0,,,0.2817,0.5048,18500,24250,0.8055,1200.0,10776.0,3377.0,0.5814,0.8423,0.0,56469.0
Fairfield University,Fairfield,CT,06824-5195,2,56360.0,56360.0,73371.0,,46274.0,,0.0683,0.4759,23251,26000,0.4498,1323.0,12997.0,4938.0,0.8379,0.8973,0.0,88794.0
Paul Mitchell the School-North Haven,North Haven,CT,06473,3,,,,,13534.0,19810.0,0.3838,0.4096,6333,6333,,,,191.0,,,0.0,30900.0
Connecticut State Community College,Hartford,CT,06103,1,5092.0,14840.0,15360.0,8865.0,,,0.4371,0.0228,5235,9200,,,9270.0,32292.0,,,0.0,41344.0
Rensselaer at Hartford,Hartford,CT,06120,2,,,,,,,,,21995,23750,,,11134.0,,,,0.0,102051.0
American Institute-West Hartford,West Hartford,CT,06110-1922,3,,,,,18110.0,19495.0,0.674,0.8183,9304,11979,,,,396.0,,,0.0,28710.0
Hartford International University for Religion and Peace,Hartford,CT,06105-2260,2,,,,,,,,,PS,PS,,,8755.0,,,,0.021,
University of Hartford,West Hartford,CT,06117-1599,2,47647.0,47647.0,62273.0,,29558.0,,0.2976,0.6442,19500,27000,0.8301,1207.0,8557.0,4032.0,0.5828,0.7885,0.0,60823.0
Holy Apostles College and Seminary,Cromwell,CT,06416-2005,2,9580.0,9580.0,20740.0,,16073.0,,0.1624,0.1808,7500,PS,,,5577.0,203.0,1.0,0.6667,0.0,
Mitchell College,New London,CT,06320,2,39050.0,39050.0,54089.0,,30841.0,,0.3933,0.6104,15000,25150,0.7336,,6927.0,421.0,0.4414,0.57,0.0,39115.0
Lincoln Technical Institute-New Britain,New Britain,CT,06051,3,,,,,30180.0,32663.0,0.5975,0.7511,9500,11250,,,,783.0,,,0.0,38683.0
New England Tractor Trailer Training School of Connecticut,Somers,CT,06071,3,,,,,15448.0,12345.0,0.568,0.6681,6333,6333,,,,293.0,,,0.0,44444.0
University of New Haven,West Haven,CT,06516-1916,2,45730.0,45730.0,63970.0,,34089.0,,0.274,0.8094,20475,27000,0.8055,1190.0,11376.0,4799.0,0.5925,0.7716,0.0,60126.0
Paier College,Bridgeport,CT,06606,3,26400.0,26400.0,34980.0,,30982.0,,0.6636,0.9171,8935,PS,0.6154,,6708.0,183.0,0.5714,0.6364,,
Porter & Chester Institute,Bridgeport,CT,06610,3,14349.0,14349.0,25552.0,,17332.0,,0.4664,0.5414,9500,12000,,,,1405.0,,,0.0,41588.0
Post University,Waterbury,CT,06723,3,17100.0,17100.0,27202.0,,19196.0,,0.7298,0.7646,8750,30157,,,7067.0,18975.0,0.3534,0.3235,0.0,38696.0
Quinnipiac University,Hamden,CT,06518,2,53090.0,53090.0,69666.0,,39207.0,,0.1551,0.5878,21500,26000,0.77,1212.0,11314.0,6208.0,0.7728,0.8672,0.0,83759.0
Sacred Heart University,Fairfield,CT,06825-1000,2,48460.0,48460.0,66669.0,,45459.0,,0.1517,0.568,19860,25000,0.6768,,10752.0,6904.0,0.745,0.8484,0.0,75059.0
University of Saint Joseph,West Hartford,CT,06117,2,45908.0,45908.0,56786.0,,27375.0,,0.361,0.7593,24000,27000,0.7964,1100.0,8223.0,825.0,0.697,0.8571,0.0,59908.0
Southern Connecticut State University,New Haven,CT,06515-1355,1,12828.0,26104.0,28592.0,20877.0,,,0.3727,0.5439,15000,22250,0.8112,,10742.0,6180.0,0.4782,0.758,0.0,55043.0
Trinity College,Hartford,CT,06106-3100,2,67420.0,67420.0,83090.0,,35009.0,,0.1518,0.3982,21000,23000,0.3352,1396.0,11347.0,2193.0,0.8276,0.9076,0.0,90779.0
United States Coast Guard Academy,New London,CT,06320-4195,1,,,,,,,,,,,0.2432,1290.0,7856.0,1081.0,0.8789,0.9862,,
Wesleyan University,Middletown,CT,06459,2,67316.0,67316.0,85172.0,,27888.0,,0.1499,0.1818,13824,17000,0.171,1513.0,13708.0,2973.0,0.9157,0.9542,0.0,73897.0
Western Connecticut State University,Danbury,CT,06810-6826,1,12763.0,16095.0,24534.0,18617.0,,,0.3464,0.498,17002,24147,0.8136,1044.0,10902.0,3434.0,0.5025,0.7003,0.0,59115.0
Yale University,New Haven,CT,06520,2,64700.0,64700.0,85120.0,,27818.0,,0.1916,0.0582,11648,12975,0.045,1534.0,22124.0,6811.0,0.9633,0.9897,0.0,100533.0
Margaret H Rollins School of Nursing at Beebe Medical Center,Lewes,DE,19958,2,,,,,,,0.4314,0.2941,7500,PS,,,,43.0,,,0.0,72380.0
Dawn Career Institute LLC,Newark,DE,19702,3,,,,,15731.0,15759.0,0.408,0.3051,9298,9500,,,,385.0,,,0.0,30429.0
Delaware Technical Community College-Terry,Dover,DE,19901,1,4965.0,11828.0,13177.0,8033.0,,,0.3849,0.1539,5500,10500,,,8092.0,11012.0,0.1945,,0.0,41448.0
Delaware State University,Dover,DE,19901,1,10314.0,20250.0,27536.0,15745.0,,,0.4335,0.485,17500,26000,0.6167,984.0,8320.0,4630.0,0.3866,0.7231,0.0,49307.0
University of Delaware,Newark,DE,19716,1,16080.0,39720.0,29347.0,16931.0,,,0.1565,0.4812,21000,24572,0.6511,1297.0,14139.0,18812.0,0.7878,0.9011,0.0,72950.0
Goldey-Beacom College,Wilmington,DE,19808,2,13440.0,13440.0,24633.0,,16957.0,,0.3887,0.3855,14375,18900,0.7653,,8469.0,634.0,0.5886,0.7677,0.0,59892.0
Schilling-Douglas School of Hair Design,Newark,DE,19711,3,,,,,15105.0,15642.0,0.4777,0.5727,7733,9833,,,,166.0,,,0.0,27420.0
Wilmington University,New Castle,DE,19720,2,12330.0,12330.0,19326.0,,15355.0,,0.2631,0.4697,14308,20000,,,8450.0,8497.0,0.2257,0.5378,0.0,53844.0
American University,Washington,DC,20016-8001,2,56543.0,56543.0,71549.0,,41945.0,,0.1273,0.35,19500,22750,0.4738,1392.0,13264.0,7593.0,0.7849,0.8618,0.0,77370.0
The Catholic University of America,Washington,DC,20064,2,55834.0,55834.0,73198.0,,32798.0,,0.1674,0.4846,22250,26000,0.8384,,10955.0,3063.0,0.8133,0.8349,0.0,73250.0
University of the District of Columbia,Washington,DC,20008,1,6152.0,13004.0,20911.0,14693.0,,,0.4282,0.2623,14250,24872,,,9578.0,3080.0,0.2626,0.6667,0.0,44236.0
Pontifical Faculty of the Immaculate Conception at the Dominican House of Studies,Washington,DC,20017-1585,2,,,,,,,,,,,,,5270.0,,,,0.0,
Gallaudet University,Washington,DC,20002-3695,2,18382.0,18382.0,39416.0,,14085.0,,0.5427,0.407,12750,18000,0.6094,857.0,10725.0,879.0,0.4656,0.7702,0.0,43101.0
George Washington University,Washington,DC,20052,2,64990.0,64990.0,80727.0,,37454.0,,0.1483,0.3238,19500,20449,0.4354,1433.0,16011.0,10848.0,0.8518,0.9186,0.0,90873.0
Georgetown University,Washington,DC,20057-0001,2,65081.0,65081.0,84696.0,,39433.0,,0.1032,0.1939,13500,15500,0.1308,1494.0,17306.0,7462.0,0.943,0.9714,0.0,103494.0
Howard University,Washington,DC,20059,2,33344.0,33344.0,51450.0,,47919.0,,0.4053,0.5712,19200,24500,0.3489,1205.0,11536.0,9604.0,0.689,0.9008,0.0,63066.0
Strayer University-District of Columbia,Washington,DC,20005,3,13920.0,13920.0,,,,,0.7111,0.1238,14000,40621,,,885.0,309.0,0.0,,0.0,40092.0
National Conservatory of Dramatic Arts,Washington,DC,20007,2,11200.0,11200.0,,,,,0.1667,0.1667,PS,PS,,,,25.0,,,0.0,
Trinity Washington University,Washington,DC,20017-1094,2,26110.0,26110.0,35061.0,,12233.0,,0.5131,0.3959,19402,28250,0.9919,,7898.0,1415.0,0.444,0.7121,0.0,53804.0
Wesley Theological Seminary,Washington,DC,20016-5690,2,,,,,,,,,PS,PS,,,10589.0,,,,0.0,
Atlantic Technical College,Coconut Creek,FL,33063-3902,1,,,,13018.0,,4516.0,0.0618,0.0,PS,PS,,,,2672.0,,,0.0,38560.0
Baptist University of Florida,Graceville,FL,32440,2,13800.0,13800.0,20596.0,,8829.0,,0.3403,0.1662,17073,23590,0.641,1045.0,5241.0,248.0,0.6923,0.8421,0.0,42836.0
Barry University,Miami,FL,33161-6695,2,33450.0,33450.0,48300.0,,22978.0,,0.4571,0.5157,15750,26997,0.5907,,8784.0,2245.0,0.3659,0.5772,0.0,55966.0
Bethune-Cookman University,Daytona Beach,FL,32114-3099,2,14794.0,14794.0,29782.0,,14892.0,,0.7694,0.7919,22500,31000,0.9985,913.0,7196.0,2414.0,0.2783,0.5614,0.0,38518.0
Lynn University,Boca Raton,FL,33431-5598,2,42950.0,42950.0,60817.0,,38222.0,,0.2272,0.3556,10413,17940,0.7395,1136.0,6502.0,2820.0,0.5269,0.7148,0.0,49006.0
North Florida Technical College,Starke,FL,32091,1,,,,4736.0,,7922.0,0.125,0.0,PS,PS,,,,65.0,,,,31683.0
Eastern Florida State College,Melbourne,FL,32935,1,2496.0,9739.0,11174.0,5939.0,,,0.2788,0.1588,8279,12250,,,6487.0,10162.0,0.5122,,0.0,37195.0
Broward College,Fort Lauderdale,FL,33301,1,2830.0,8952.0,24948.0,20077.0,,,0.4002,0.1016,4500,7500,,,6815.0,23799.0,0.3611,,0.0,41939.0
Albizu University-Miami,Miami,FL,33172-2209,2,13128.0,13128.0,48144.0,,36302.0,,0.5161,0.6406,5000,5500,1.0,,8982.0,225.0,0.6,0.6667,0.0,41544.0
College of Central Florida,Ocala,FL,34474,1,2710.0,10517.0,17950.0,12310.0,,,0.4047,0.1849,8550,13000,,,6148.0,4717.0,0.4396,,0.0,38203.0
Johnson University Florida,Kissimmee,FL,34744,2,19658.0,19658.0,29179.0,,22226.0,,0.4645,0.5613,13500,21500,0.2332,940.0,6074.0,136.0,0.2364,0.4848,0.0,40596.0
University of Central Florida,Orlando,FL,32816,1,6368.0,22467.0,22819.0,10650.0,,,0.3342,0.2421,15000,18190,0.3952,1277.0,11465.0,59095.0,0.7515,0.9216,0.0,58308.0
Charlotte Technical College,Port Charlotte,FL,33948-3399,1,3100.0,12100.0,15126.0,10076.0,,,0.3015,0.0,PS,PS,,,,295.0,,,0.0,36349.0
Chipola College,Marianna,FL,32446-2053,1,3120.0,8950.0,8804.0,832.0,,,0.2689,0.0,PS,PS,,,6169.0,1218.0,0.6126,,0.0,37378.0
Lorenzo Walker Technical College,Naples,FL,34104-4405,1,,,,12241.0,,8005.0,0.1723,0.0,PS,PS,,,,767.0,,,,36853.0
Daytona State College,Daytona Beach,FL,32114,1,3106.0,11994.0,11662.0,7201.0,,,0.3393,0.1732,5500,8250,,,7406.0,9367.0,0.4123,,0.0,37096.0
South University-West Palm Beach,Royal Palm Beach,FL,33411,3,18238.0,18238.0,28722.0,,20494.0,,0.5677,0.6535,13000,26123,,,7749.0,284.0,0.2143,0.4286,0.0,34421.0
Eckerd College,Saint Petersburg,FL,33711-4700,2,50374.0,50374.0,66936.0,,33011.0,,0.1621,0.3638,19500,27000,0.7869,1256.0,8901.0,1984.0,0.6756,0.7735,0.0,51819.0
Florida SouthWestern State College,Fort Myers,FL,33919,1,3401.0,12979.0,14644.0,8249.0,,,0.3357,0.1079,5000,8000,,,6990.0,10613.0,0.3854,,0.0,43421.0
Edward Waters University,Jacksonville,FL,32209,2,14878.0,14878.0,26973.0,,13580.0,,0.7557,0.7242,11000,PS,0.8481,,5834.0,1113.0,0.2795,0.534,0.0,34782.0
Embry-Riddle Aeronautical University-Daytona Beach,Daytona Beach,FL,32114-3900,2,42304.0,42304.0,59972.0,,40289.0,,0.1507,0.3072,14250,23666,0.6628,1256.0,10661.0,7535.0,0.6736,0.8549,0.0,84131.0
Florida Agricultural and Mechanical University,Tallahassee,FL,32307,1,5785.0,17725.0,24047.0,15847.0,,,0.5557,0.5094,17855,23548,0.2112,1100.0,9044.0,7516.0,0.5194,0.8632,0.0,44349.0
Florida Atlantic University,Boca Raton,FL,33431-0991,1,4879.0,17324.0,21054.0,8001.0,,,0.3515,0.2792,12500,17236,0.7344,1119.0,10381.0,23458.0,0.6433,0.8416,0.0,56746.0
Florida State College at Jacksonville,Jacksonville,FL,32202,1,2878.0,9992.0,8994.0,2760.0,,,0.3336,0.1799,8750,13562,,,6412.0,17739.0,0.3243,,0.0,42244.0
Flagler College,Saint Augustine,FL,32084,2,26610.0,26610.0,41734.0,,29951.0,,0.2831,0.5362,15000,24250,0.7809,1099.0,7446.0,2404.0,0.5589,0.6767,0.0,49483.0
Florida College,Temple Terrace,FL,33617,2,18920.0,18920.0,32188.0,,22527.0,,0.209,0.4486,10000,12000,0.6645,1068.0,6609.0,589.0,0.5064,0.7665,0.0,43445.0
Concorde Career Institute-Jacksonville,Jacksonville,FL,32256-6905,3,,,,,27104.0,17699.0,0.7052,0.75,9500,9500,0.9647,,6375.0,140.0,,,0.0,34098.0
Concorde Career Institute-Miramar,Miramar,FL,33025,3,,,,,25614.0,18085.0,0.6335,0.7135,9500,9933,0.9906,,6496.0,137.0,,,0.0,35442.0
Concorde Career Institute-Tampa,Tampa,FL,33607-4127,3,,,,,24449.0,18315.0,0.6967,0.7582,9500,9500,0.9854,,5885.0,132.0,,,0.0,36288.0
AdventHealth University,Orlando,FL,32803,2,20880.0,20880.0,38194.0,,31885.0,,0.3739,0.4964,18000,24590,,,8762.0,1068.0,0.3562,0.4839,0.0,72282.0
Florida Institute of Technology,Melbourne,FL,32901-6975,2,44360.0,44360.0,60387.0,,35300.0,,0.201,0.398,14049,27000,0.6253,1213.0,11169.0,3235.0,0.6545,0.7704,0.0,43137.0
Florida International University,Miami,FL,33199,1,6565.0,18963.0,20556.0,9133.0,,,0.4042,0.1778,14246,16500,0.5884,1154.0,11232.0,38761.0,0.7387,0.9161,0.0,60249.0
The College of the Florida Keys,Key West,FL,33040,1,3279.0,13162.0,19965.0,13818.0,,,0.2999,0.2157,8250,9500,,,7468.0,823.0,0.408,,0.0,42508.0
Florida Memorial University,Miami Gardens,FL,33054-6199,2,19110.0,19110.0,31940.0,,18675.0,,0.6621,0.5528,16475,30063,0.7431,,7205.0,1299.0,0.3023,0.5688,0.0,36624.0
Florida Career College-Miami,Miami,FL,33174-2521,3,,,,,34275.0,21500.0,0.7377,0.7295,9365,9500,,,4531.0,130.0,,,,28928.0
Florida School of Massage,Gainesville,FL,32608-5419,3,,,,,12902.0,10835.0,0.5341,0.5909,7073,7073,,,,32.0,,,0.0,26752.0
Florida Southern College,Lakeland,FL,33801-5698,2,42360.0,42360.0,57174.0,,29664.0,,0.2602,0.5413,19500,25000,0.5907,1263.0,8834.0,2607.0,0.6933,0.7779,0.0,55294.0
Florida State University,Tallahassee,FL,32306-1037,1,5656.0,18786.0,23683.0,10997.0,,,0.2375,0.2191,16100,18000,0.2538,1323.0,12781.0,31812.0,0.8299,0.9564,0.0,61675.0
University of Florida,Gainesville,FL,32611,1,6381.0,28659.0,21719.0,6351.0,,,0.2198,0.1192,14000,15000,0.2403,1397.0,12837.0,34102.0,0.9151,0.9709,0.0,71588.0
Fort Pierce Beauty Academy,Fort Pierce,FL,34982-6333,3,,,,,19631.0,20825.0,0.9767,0.9767,5500,7917,,,,30.0,,,0.0,23091.0
Full Sail University,Winter Park,FL,32792-7429,3,26417.0,26417.0,39814.0,,31759.0,,0.5669,0.6177,14038,27000,,,5641.0,25195.0,0.4959,0.6383,0.0,38219.0
George Stone Technical College,Pensacola,FL,32526-8922,1,,,,9098.0,,3218.0,0.2094,0.0,PS,PS,,,,566.0,,,,35234.0
George T Baker Aviation Technical College,Miami,FL,33142,1,,,,6984.0,,4210.0,0.2594,0.0,PS,PS,,,,922.0,,,,52312.0
Gulf Coast State College,Panama City,FL,32401,1,2370.0,8635.0,12208.0,2339.0,,,0.2763,0.0637,5500,7147,,,5829.0,3614.0,0.448,,0.0,38359.0
Key College,Fort Lauderdale,FL,33306-1801,3,9285.0,9285.0,16912.0,,14507.0,,0.2609,0.5217,PS,PS,,,1917.0,16.0,,,0.0,42267.0
Hillsborough Community College,Tampa,FL,33606-3584,1,2506.0,9111.0,10168.0,4929.0,,,0.416,0.4228,6000,9762,,,7652.0,19998.0,0.332,,0.0,40782.0
Hobe Sound Bible College,Hobe Sound,FL,33455,2,9068.0,9068.0,17545.0,,10888.0,,0.2667,0.097,PS,PS,,,3395.0,125.0,0.6071,0.7083,0.019,39863.0
Hollywood Institute of Beauty Careers,Hollywood,FL,33023,3,,,,,18597.0,9804.0,0.729,0.7187,6105,6199,,,,286.0,,,0.0,21386.0
Cortiva Institute,St. Petersburg,FL,33713,3,,,,,26629.0,11399.0,0.4138,0.3716,7485,7521,,,,138.0,,,0.0,29204.0
Indian River State College,Fort Pierce,FL,34981-5596,1,2764.0,10201.0,11764.0,5202.0,,,0.3302,0.0339,5500,8023,,,8195.0,11571.0,0.4248,,0.0,38315.0
International Academy,South Daytona,FL,32119,3,,,,,19071.0,8700.0,0.4509,0.4584,7917,7917,,,,191.0,,,0.0,19824.0
Jacksonville University,Jacksonville,FL,32211-3394,2,46180.0,46180.0,61414.0,,26255.0,,0.2993,0.478,12803,22000,0.5729,1211.0,8295.0,2649.0,0.5697,0.7529,0.0,68010.0
Keiser University-Ft Lauderdale,Fort Lauderdale,FL,33309,2,24136.0,24136.0,45701.0,,34439.0,,0.5756,0.718,13000,26125,0.9742,,6062.0,17370.0,0.4421,0.7558,0.0,39696.0
La Belle Beauty School,Hialeah,FL,33012,3,,,,,12731.0,16495.0,0.1051,0.1051,7056,7807,,,,239.0,,,0.0,16879.0
Florida Gateway College,Lake City,FL,32025-2007,1,3100.0,11747.0,11879.0,2915.0,,,0.3755,0.1574,5500,6992,,,6379.0,2231.0,0.5657,,0.0,37894.0
Lake Technical College,Eustis,FL,32726,1,,,,14597.0,,5821.0,0.2766,0.0,PS,PS,,,,738.0,,,0.0,32793.0
Lake-Sumter State College,Leesburg,FL,34788-8751,1,3292.0,13276.0,12292.0,5742.0,,,0.3002,0.4428,4500,6750,,,6485.0,3572.0,0.4466,,0.0,39876.0
Fort Myers Technical College,Fort Myers,FL,33916-2204,1,,,,14072.0,,2529.0,0.265,0.0,PS,PS,,,,668.0,,,0.0,40082.0
Lively Technical College,Tallahassee,FL,32304-2895,1,,,,7225.0,,5746.0,0.2359,0.0,PS,PS,,,,785.0,,,0.0,30413.0
Lindsey Hopkins Technical College,Miami,FL,33127,1,,,,6900.0,,3187.0,0.2015,0.0,PS,PS,,,,388.0,,,,34107.0
Loraines Academy & Spa,Saint Petersburg,FL,33710,3,,,,,11727.0,8700.0,0.6162,0.6649,5833,6333,,,,85.0,,,0.0,18342.0
Luther Rice College & Seminary,Lithonia,GA,30038-9869,2,10538.0,10538.0,11544.0,,3935.0,,0.4953,0.5047,16094,34153,0.3429,,4041.0,195.0,0.0,0.6,0.0,47003.0
State College of Florida-Manatee-Sarasota,Bradenton,FL,34207,1,3074.0,11595.0,28277.0,21433.0,,,0.3606,0.0925,5720,9000,,,6790.0,7161.0,0.3487,,0.0,40318.0
Manatee Technical College,Bradenton,FL,34203,1,,,,7591.0,,4500.0,0.282,0.0,PS,PS,,,,1117.0,,,,38129.0
Traviss Technical College,Lakeland,FL,33803,1,,,,,,680.0,0.4014,0.0,PS,PS,,,,336.0,,,,39813.0
Merryfield Academy,Oakland Park,FL,33334-4925,3,,,,,10019.0,10800.0,0.5752,0.366,6333,6333,,,,65.0,,,0.0,
Trinity International University-Florida,Miami,FL,33186,2,14180.0,14180.0,22540.0,,5455.0,,0.5738,0.7541,19500,26082,,,6750.0,69.0,,1.0,0.0,46989.0
Miami Lakes Educational Center and Technical College,Miami Lakes,FL,33014,1,,,,98.0,,2340.0,0.1017,0.0,PS,PS,,,,730.0,,,,35014.0
Miami Dade College,Miami,FL,33132-2204,1,2838.0,9661.0,12535.0,5929.0,,,0.4504,0.0315,7500,9252,,,7876.0,35001.0,0.4469,,0.0,40654.0
University of Miami,Coral Gables,FL,33146,2,59926.0,59926.0,77708.0,,36803.0,,0.154,0.2662,15250,17500,0.1851,1416.0,14668.0,12570.0,0.8423,0.9215,0.0,75328.0
Orange Technical College-South Campus,Orlando,FL,32809,1,,,,,,2291.0,0.0797,0.0,PS,PS,,,,1157.0,,,,33350.0
Paul Mitchell the School-Jacksonville,Jacksonville,FL,32246,3,,,,,21529.0,18850.0,0.3763,0.5155,9833,13000,,,,117.0,,,0.0,34949.0
North Florida College,Madison,FL,32340,1,3054.0,11400.0,8897.0,1799.0,,,0.3878,0.0,PS,PS,,,5541.0,817.0,0.6348,,,33929.0
University of North Florida,Jacksonville,FL,32224-7699,1,6389.0,20793.0,20229.0,10353.0,,,0.3075,0.2437,11750,15531,0.6227,1115.0,9154.0,13915.0,0.6818,0.8118,0.0,56343.0
Nova Southeastern University,Fort Lauderdale,FL,33328-2004,2,37080.0,37080.0,55647.0,,31303.0,,0.3685,0.4387,16985,24250,0.7267,1182.0,11232.0,7171.0,0.6434,0.7642,0.0,59209.0
Northwest Florida State College,Niceville,FL,32578-1295,1,3246.0,11625.0,12217.0,5554.0,,,0.2187,0.198,5500,7932,,,5875.0,3193.0,0.4288,,0.0,39664.0
Orange Technical College,Orlando,FL,32801-1197,1,,,,7826.0,,4581.0,0.0994,0.0,PS,PS,,,,189.0,,,,36650.0
Palm Beach Atlantic University,West Palm Beach,FL,33401,2,37990.0,37990.0,55576.0,,32751.0,,0.251,0.3804,13816,22500,0.8832,1101.0,8829.0,2427.0,0.5895,0.6695,0.0,49232.0
Palm Beach State College,Lake Worth,FL,33461-4796,1,3050.0,10910.0,16741.0,9832.0,,,0.3811,0.0991,5061,7081,,,6812.0,20532.0,0.4122,,0.0,41923.0
Pasco-Hernando State College,New Port Richey,FL,34654-5199,1,3155.0,12032.0,11152.0,5154.0,,,0.2963,0.0672,7000,9535,,,6598.0,6933.0,0.4293,,0.0,39903.0
Pensacola State College,Pensacola,FL,32504-8998,1,2348.0,9407.0,9718.0,2254.0,,,0.3496,0.0801,5500,7500,,,5678.0,6725.0,0.4198,,0.0,36739.0
Pinellas Technical College-Clearwater,Clearwater,FL,33760-2140,1,,,,12103.0,,5411.0,0.1942,0.0,PS,PS,,,,730.0,,,,34627.0
Polk State College,Winter Haven,FL,33881-4299,1,3366.0,12272.0,12709.0,9027.0,,,0.3256,0.0693,6500,10076,,,7210.0,5954.0,0.3396,,0.0,40624.0
Radford M Locklin Technical College,Milton,FL,32570-8188,1,,,,5888.0,,4634.0,0.1599,0.0,PS,PS,,,,235.0,,,,35997.0
Saint Vincent de Paul Regional Seminary,Boynton Beach,FL,33436-4899,2,,,,,,,,,,,,,6778.0,,,,0.0,
Ridge Technical College,Winter Haven,FL,33881-9518,1,3918.0,10398.0,27493.0,22547.0,,,0.5672,0.0,PS,PS,,,,375.0,,,,33484.0
Ringling College of Art and Design,Sarasota,FL,34234-5895,2,55480.0,55480.0,75726.0,,55390.0,,0.2111,0.3836,27000,27000,0.6737,,9531.0,1719.0,0.708,0.8434,0.0,43325.0
Robert Morgan Educational Center and Technical College,Miami,FL,33177-2427,1,,,,12702.0,,5491.0,0.223,0.0,PS,PS,,,,868.0,,,,37543.0
Rollins College,Winter Park,FL,32789-4499,2,58300.0,58300.0,72790.0,,33847.0,,0.221,0.3754,21385,25500,0.4056,1304.0,9883.0,2582.0,0.7689,0.8465,0.0,58295.0
First Coast Technical College,Saint Augustine,FL,32084-1919,1,,,,9538.0,,6715.0,0.2914,0.0,PS,PS,,,,369.0,,,,33784.0
Saint Leo University,Saint Leo,FL,33574-6665,2,28360.0,28360.0,41727.0,,18467.0,,0.3682,0.3657,14250,25278,0.721,,8692.0,6999.0,0.4878,0.578,0.0,48364.0
St Petersburg College,St. Petersburg,FL,33701,1,2682.0,9286.0,10634.0,-52.0,,,0.3309,0.1736,11000,16868,,,6800.0,18759.0,0.3747,,0.0,42557.0
Pinellas Technical College-St. Petersburg,Saint Petersburg,FL,33711-2209,1,,,,17981.0,,5588.0,0.2109,0.0,PS,PS,,,,1421.0,,,,36188.0
Santa Fe College,Gainesville,FL,32606-6210,1,2563.0,9189.0,14353.0,11154.0,,,0.275,0.1149,7125,11310,,,6803.0,11133.0,0.5209,,0.0,41631.0
Suncoast Technical College,Sarasota,FL,34233-1798,1,,,,17430.0,,6644.0,0.1052,0.0,PS,PS,,,,1102.0,,,0.0,40621.0
Seminole State College of Florida,Sanford,FL,32773-6199,1,3227.0,11447.0,9152.0,3119.0,,,0.2695,0.1297,7704,11047,,,6871.0,11790.0,0.4195,,0.0,41733.0
Sheridan Technical College,Hollywood,FL,33021,1,,,,8663.0,,3855.0,0.2654,0.0,PS,PS,,,,1245.0,,,,33166.0
St. John Vianney College Seminary,Miami,FL,33165-3244,2,23100.0,23100.0,,,,,0.0,0.0,PS,PS,1.0,,3586.0,18.0,1.0,1.0,,
Saint Johns River State College,Palatka,FL,32177,1,2830.0,10352.0,12215.0,5808.0,,,0.1916,0.0584,8323,12000,,,5779.0,3909.0,0.4573,,0.002,41728.0
South Florida State College,Avon Park,FL,33825-9356,1,3165.0,11859.0,9865.0,4443.0,,,0.4374,0.0902,5387,7368,,,6382.0,2084.0,0.5113,,0.0,39990.0
University of South Florida,Tampa,FL,33620-9951,1,6410.0,17324.0,22301.0,10043.0,,,0.2988,0.2471,14976,17988,0.4096,1235.0,11199.0,36299.0,0.7458,0.9144,0.0,57743.0
St. Thomas University,Miami Gardens,FL,33054-6459,2,34770.0,34770.0,49762.0,,24275.0,,0.2498,0.2806,9500,19125,0.994,,8192.0,1963.0,0.4342,0.5487,0.0,54272.0
Stetson University,DeLand,FL,32723,2,55220.0,55220.0,69807.0,,21318.0,,0.3542,0.483,15000,23250,0.8643,1208.0,10579.0,2292.0,0.628,0.7278,0.0,51642.0
Southeastern University,Lakeland,FL,33801-6034,2,31732.0,31732.0,43803.0,,30209.0,,0.2214,0.3623,12000,21500,0.7429,,7636.0,4646.0,0.433,0.7222,0.0,46744.0
Bene's Career Academy,New Port Richey,FL,34652,3,,,,,22360.0,16950.0,0.6444,0.6222,6333,6333,,,,288.0,,,0.0,19359.0
Riveroak Technical College,Live Oak,FL,32064,1,,,,8836.0,,4942.0,0.3326,0.0,PS,PS,,,,241.0,,,,31778.0
Tallahassee Community College,Tallahassee,FL,32304-2895,1,2026.0,8062.0,13188.0,8478.0,,,0.3699,0.4787,5350,7668,,,5672.0,10357.0,0.3692,,0.0,37561.0
Talmudic College of Florida,Miami Beach,FL,33140-3854,2,16750.0,16750.0,33000.0,,23529.0,,0.3939,0.0,PS,PS,,,3500.0,26.0,0.5882,0.75,0.0,
The University of Tampa,Tampa,FL,33606-1490,2,33424.0,33424.0,49841.0,,35634.0,,0.1561,0.6791,18750,24211,0.4093,,10472.0,10093.0,0.6192,0.8009,0.0,59436.0
Big Bend Technical College,Perry,FL,32348,1,,,,12558.0,,4652.0,0.3902,0.0,PS,PS,,,,160.0,,,,27609.0
Tom P. Haney Technical College,Panama City,FL,32405,1,,,,5182.0,,4239.0,0.4342,0.0,PS,PS,,,,432.0,,,,28254.0
Trinity Baptist College,Jacksonville,FL,32221,2,14300.0,14300.0,25662.0,,19273.0,,0.4647,0.5971,11500,24250,0.625,1007.0,4671.0,363.0,0.4423,0.5227,0.0,37275.0
Trinity College of Florida,Trinity,FL,34655-4401,2,16300.0,16300.0,25585.0,,21283.0,,0.5637,0.7794,12000,23250,0.963,905.0,5071.0,187.0,0.0,0.15,0.0,32465.0
Valencia College,Orlando,FL,32811,1,2474.0,9383.0,16577.0,10399.0,,,0.3892,0.1324,5840,9300,,,7427.0,35125.0,0.4352,,0.0,40594.0
Warner University,Lake Wales,FL,33859-8797,2,28160.0,28160.0,41556.0,,21007.0,,0.5348,0.6715,13000,22250,0.4779,937.0,5632.0,753.0,0.3492,0.4519,0.0,46086.0
Florida Panhandle Technical College,Chipley,FL,32428-1618,1,,,,9063.0,,3942.0,0.3405,0.0,PS,PS,,,,201.0,,,,32320.0
Webber International University,Babson Park,FL,33827-0096,2,32150.0,32150.0,48464.0,,29932.0,,0.5435,0.7051,8750,25250,0.7756,,4984.0,879.0,0.2601,0.5529,0.0,45606.0
Rasmussen University-Florida,Ocala,FL,34474-6226,3,15117.0,15117.0,24746.0,,19113.0,,0.5503,0.7329,13000,20899,,,7086.0,3034.0,0.5103,0.6667,0.0,39080.0
University of West Florida,Pensacola,FL,32514-5750,1,6360.0,19241.0,18504.0,8155.0,,,0.3255,0.255,13000,16624,0.5687,1137.0,10167.0,9042.0,0.6176,0.8764,0.0,49137.0
Orange Technical College-West Campus,Winter Garden,FL,34787-3733,1,,,,10256.0,,3874.0,0.0665,0.0,PS,PS,,,,607.0,,,,25145.0
William T McFatter Technical College,Davie,FL,33317,1,,,,8919.0,,4705.0,0.2678,0.0,PS,PS,,,,617.0,,,,41656.0
Orange Technical College-East Campus,Winter Park,FL,32789-3049,1,,,,22206.0,,4494.0,0.025,0.0,PS,PS,,,,372.0,,,,31858.0
Withlacoochee Technical College,Inverness,FL,34450-4301,1,,,,,,2274.0,0.3574,0.0,PS,PS,,,,262.0,,,0.0,34279.0
Abraham Baldwin Agricultural College,Tifton,GA,31793-2601,1,3195.0,10101.0,13103.0,6061.0,,,0.3412,0.2677,8750,16750,0.7716,994.0,7368.0,3218.0,0.2912,0.6923,0.0,34996.0
Agnes Scott College,Decatur,GA,30030-3770,2,48150.0,48150.0,60585.0,,24224.0,,0.3613,0.5283,17750,26749,0.6731,1296.0,9149.0,898.0,0.7052,0.8007,0.0,56274.0
Interactive College of Technology-Chamblee,Chamblee,GA,30341,3,11330.0,11330.0,20095.0,,13775.0,,0.5746,0.3904,8661,10555,,,4343.0,529.0,,,0.0,27065.0
Interactive College of Technology-Morrow,Morrow,GA,30260,3,11210.0,11210.0,20314.0,,14970.0,,0.7419,0.6129,8661,10555,,,3987.0,113.0,,,0.0,27065.0
Albany Technical College,Albany,GA,31701,1,3196.0,5596.0,13811.0,4293.0,,,0.6151,0.0,5681,12412,,,5433.0,2214.0,,,0.0,30541.0
Albany State University,Albany,GA,31705,1,5934.0,16656.0,20574.0,14251.0,,,0.6498,0.624,12000,25024,,,7703.0,5829.0,0.2279,0.7841,0.0,40674.0
Andrew College,Cuthbert,GA,39840-5550,2,19126.0,19126.0,35996.0,,21934.0,,0.6235,0.7571,9500,12533,0.5115,,5255.0,287.0,0.2696,0.375,0.0,38475.0
Georgia Career Institute,Conyers,GA,30094,3,,,,,16052.0,15400.0,0.5697,0.5738,6544,7735,,,,586.0,,,0.0,23686.0
Atlanta Technical College,Atlanta,GA,30310-4446,1,3164.0,5564.0,9678.0,-864.0,,,0.5376,0.3616,6334,9500,,,5090.0,3044.0,,,0.0,30350.0
Point University,West Point,GA,31833,2,22300.0,22300.0,34418.0,,20752.0,,0.3217,0.2398,14502,25250,0.6751,1059.0,5969.0,2617.0,0.4044,0.7095,0.0,38740.0
Atlanta Metropolitan State College,Atlanta,GA,30310-4448,1,3105.0,9731.0,11528.0,5090.0,,,0.5382,0.2826,6606,14123,,,7745.0,1348.0,0.1429,0.3704,0.0,33252.0
Atlanta's John Marshall Law School,Atlanta,GA,30303,3,,,,,,,,,PS,PS,,,8685.0,,,,0.0,
Atlanta School of Massage,Atlanta,GA,30338,3,,,,,27774.0,14611.0,0.4425,0.4582,7917,7917,,,,319.0,,,0.0,25301.0
Clark Atlanta University,Atlanta,GA,30314-4391,2,26446.0,26446.0,40924.0,,35115.0,,0.691,0.8786,19500,27000,0.6463,,8245.0,3482.0,0.478,0.692,0.0,42712.0
Augusta Technical College,Augusta,GA,30906,1,4022.0,7022.0,16410.0,8509.0,,,0.4234,0.0,5500,4500,,,5695.0,3531.0,,,0.041,33523.0
Berry College,Mount Berry,GA,30149,2,40416.0,40416.0,55714.0,,21568.0,,0.2434,0.3883,18900,23250,0.6185,1223.0,9163.0,2213.0,0.7391,0.8297,0.0,53800.0
Beulah Heights University,Atlanta,GA,30316,2,8492.0,8492.0,9992.0,,5970.0,,0.2238,0.2657,38980,PS,,,5789.0,158.0,0.1667,0.6,0.0,35236.0
Brenau University,Gainesville,GA,30501-3668,2,33275.0,33275.0,45931.0,,20786.0,,0.4671,0.7456,18425,27000,0.8696,1087.0,7796.0,981.0,0.3536,0.6198,0.0,54003.0
Brewton-Parker College,Mount Vernon,GA,30445,2,21696.0,21696.0,35557.0,,21983.0,,0.461,0.483,8250,PS,0.8635,,5812.0,684.0,0.2349,0.3756,0.0,42009.0
College of Coastal Georgia,Brunswick,GA,31520-3644,1,3483.0,10389.0,18975.0,12905.0,,,0.4051,0.3109,8250,15039,0.9851,1001.0,8292.0,2794.0,0.2556,0.5251,0.0,39318.0
West Georgia Technical College,Waco,GA,30182,1,3122.0,5522.0,10012.0,2050.0,,,0.3878,0.1221,5642,11110,,,4954.0,4811.0,,,0.001,35479.0
Clayton  State University,Morrow,GA,30260-0285,1,5068.0,15790.0,17940.0,10145.0,,,0.5191,0.4011,16750,25706,0.7059,973.0,8671.0,4390.0,0.3539,0.7321,0.0,49179.0
Columbia Theological Seminary,Decatur,GA,30030-4118,2,,,,,,,,,PS,PS,,,6928.0,,,,0.0,
Columbus Technical College,Columbus,GA,31904-6572,1,3042.0,5442.0,12783.0,4959.0,,,0.5428,0.0,7245,8756,,,5379.0,2668.0,,,0.0,34238.0
Columbus State University,Columbus,GA,31907-5645,1,5751.0,16805.0,19953.0,11889.0,,,0.444,0.4171,15000,26000,0.9924,994.0,8592.0,5537.0,0.4174,0.7273,0.0,44544.0
Georgia Northwestern Technical College,Rome,GA,30161,1,3132.0,5532.0,11575.0,1432.0,,,0.3882,0.0433,3971,6421,,,5485.0,4080.0,,,0.0,35759.0
Covenant College,Lookout Mountain,GA,30750-4164,2,40464.0,40464.0,53368.0,,24832.0,,0.1845,0.4148,19000,22500,0.8176,1254.0,8458.0,858.0,0.7186,0.8734,0.0,50412.0
Dalton State College,Dalton,GA,30720-3797,1,3283.0,10189.0,11292.0,4694.0,,,0.4977,0.1497,7361,12937,,,8337.0,4419.0,0.2959,0.5951,0.0,40251.0
Pro Way Hair School,Stone Mountain,GA,30083-3254,3,,,,,12799.0,21360.0,0.7941,0.9608,9500,12500,,,,54.0,,,0.0,21586.0
South University-Savannah,Savannah,GA,31406,3,18238.0,18238.0,31163.0,,24116.0,,0.7231,0.5641,13000,26123,,,8942.0,246.0,0.2273,0.5,0.0,34421.0
East Georgia State College,Swainsboro,GA,30401,1,2736.0,9088.0,15472.0,9380.0,,,0.4958,0.2732,6374,11750,,,6908.0,1368.0,0.1376,,0.0,37174.0
Emmanuel University,Franklin Springs,GA,30639,2,23664.0,23664.0,35188.0,,19297.0,,0.2976,0.4429,12000,24325,0.5336,,4989.0,719.0,0.346,0.5745,0.0,38208.0
Emory University,Atlanta,GA,30322,2,60774.0,60774.0,78814.0,,23911.0,,0.1818,0.1124,16750,18250,0.111,1507.0,16158.0,7275.0,0.9176,0.9617,0.0,80137.0
Georgia Highlands College,Rome,GA,30161-3897,1,2944.0,9296.0,12829.0,6588.0,,,0.3936,0.1765,6750,12000,,,7002.0,4441.0,0.2079,0.6731,0.0,43184.0
Fort Valley State University,Fort Valley,GA,31030-4313,1,5392.0,16114.0,20342.0,11609.0,,,0.7195,0.7005,19000,31000,0.628,864.0,7782.0,2541.0,0.4519,0.7256,0.0,36666.0
Grady Health System Professional Schools,Atlanta,GA,30303-3050,1,,,,,,,0.2459,0.5574,12500,PS,,,,60.0,,,0.0,60726.0
Georgia Institute of Technology-Main Campus,Atlanta,GA,30332-0530,1,11764.0,32876.0,27797.0,13289.0,,,0.1367,0.193,20000,21672,0.1646,1447.0,15224.0,18260.0,0.9228,0.9774,0.0,102772.0
Georgia Southwestern State University,Americus,GA,31709-4693,1,4980.0,15702.0,19234.0,12052.0,,,0.4066,0.3917,11000,18851,0.7716,998.0,8194.0,2291.0,0.3191,0.6393,0.0,48757.0
Georgia College & State University,Milledgeville,GA,31061,1,8998.0,28178.0,27781.0,18809.0,,,0.1637,0.3438,16018,22250,0.8777,1150.0,8645.0,5599.0,0.6157,0.8447,0.0,58140.0
Georgia Southern University,Statesboro,GA,30460-8126,1,5905.0,16959.0,24563.0,16531.0,,,0.3549,0.4004,15250,23250,0.8963,1057.0,9080.0,21029.0,0.5205,0.7719,0.0,53236.0
Georgia State University,Atlanta,GA,30303-3083,1,8478.0,23709.0,26535.0,15931.0,,,0.5011,0.4147,11750,20903,0.6228,1149.0,10118.0,27109.0,0.5372,0.7835,0.0,47384.0
University of Georgia,Athens,GA,30602,1,11180.0,30220.0,27436.0,13816.0,,,0.1722,0.2165,16666,18500,0.372,1301.0,12651.0,31310.0,0.8716,0.9454,0.0,68726.0
Gordon State College,Barnesville,GA,30204,1,3475.0,10381.0,14944.0,8918.0,,,0.4723,0.3591,8750,17500,0.8678,950.0,7665.0,2605.0,0.1731,0.483,0.0,37871.0
Southern Crescent Technical College,Griffin,GA,30223-2042,1,3126.0,5526.0,13806.0,4652.0,,,0.4853,0.1178,6334,9500,,,5358.0,4035.0,,,0.0,36104.0
Gupton Jones College of Funeral Service,Decatur,GA,30035-4022,2,21000.0,21000.0,25265.0,,21563.0,,0.3688,0.6604,9500,16417,,,4761.0,451.0,,,0.0,42636.0
Gwinnett College-Lilburn,Lilburn,GA,30047-3447,3,10850.0,10850.0,31673.0,,27010.0,,0.8231,0.7308,9626,18062,,,3987.0,132.0,,,,31422.0
Gwinnett Technical College,Lawrenceville,GA,30043-5702,1,3356.0,5756.0,19078.0,12599.0,,,0.3944,0.1947,7056,13000,,,5639.0,7395.0,,,0.0,45025.0
Interdenominational Theological Center,Atlanta,GA,30314-4143,2,,,,,,,,,PS,PS,,,7164.0,,,,0.0,
LaGrange College,Lagrange,GA,30240-2999,2,34540.0,34540.0,47370.0,,17805.0,,0.4366,0.71,15750,25730,0.6321,,6913.0,566.0,0.4176,0.6045,0.0,51745.0
Lanier Technical College,Gainesville,GA,30507,1,3716.0,6716.0,13193.0,5613.0,,,0.2781,0.0,PS,PS,,,5657.0,4147.0,,,,37623.0
Life University,Marietta,GA,30060,2,15036.0,15036.0,41192.0,,30257.0,,0.3923,0.4907,9500,16666,0.9381,994.0,7493.0,869.0,0.3214,0.6258,0.0,47397.0
Chattahoochee Technical College,Marietta,GA,30060,1,3252.0,5652.0,12295.0,4546.0,,,0.3308,0.0,PS,PS,,,5335.0,7555.0,,,,37138.0
Herzing University-Atlanta,Atlanta,GA,30303,2,13420.0,13420.0,27195.0,,21757.0,,0.6829,0.748,11756,21500,0.9412,,7306.0,499.0,0.2917,0.3,0.0,36909.0
Mercer University,Macon,GA,31207,2,40890.0,40890.0,56494.0,,22350.0,,0.333,0.61,17655,24199,0.6646,1280.0,9391.0,4620.0,0.7339,0.8272,0.0,58354.0
Morehouse College,Atlanta,GA,30314,2,31725.0,31725.0,47347.0,,35949.0,,0.4438,0.5979,18500,25000,0.5139,1050.0,8349.0,2736.0,0.5267,0.8584,0.0,52889.0
Morehouse School of Medicine,Atlanta,GA,30310,2,,,,,,,,,PS,PS,,,,,,,0.0,
Morris Brown College,Atlanta,GA,30314-4140,2,9558.0,9558.0,26005.0,,18898.0,,0.6245,0.7036,,,,,3178.0,338.0,1.0,0.6364,,
North Georgia Technical College,Clarkesville,GA,30523,1,3162.0,5562.0,12572.0,4361.0,,,0.4218,0.0,5657,7823,,,4900.0,1966.0,,,0.041,32932.0
Oglethorpe University,Atlanta,GA,30319-2797,2,45806.0,45806.0,59320.0,,21735.0,,0.3374,0.6727,14750,25000,0.6006,1230.0,7613.0,1429.0,0.5392,0.7506,0.0,55232.0
Paine College,Augusta,GA,30901-3182,2,14596.0,14596.0,27310.0,,15074.0,,0.7129,0.7355,11000,PS,0.8336,,3393.0,338.0,0.2169,0.5357,0.0,33338.0
Piedmont University,Demorest,GA,30535-0010,2,30680.0,30680.0,45359.0,,20893.0,,0.4145,0.6795,18108,25000,0.9284,1074.0,7337.0,1235.0,0.4146,0.7708,0.0,49130.0
Miami Ad School-Atlanta,Atlanta,GA,30309,3,19400.0,19400.0,29647.0,,28032.0,,0.2239,0.4627,16849,25967,,,,74.0,,,0.0,106192.0
Reinhardt University,Waleska,GA,30183-2981,2,28420.0,28420.0,45689.0,,27769.0,,0.3909,0.5826,13156,23900,0.5516,,5982.0,1012.0,0.3562,0.5667,0.0,46541.0
Savannah Technical College,Savannah,GA,31405-5594,1,3072.0,5472.0,14545.0,5821.0,,,0.4681,0.0,3466,3258,,,5222.0,2967.0,,,0.0,33018.0
Savannah College of Art and Design,Savannah,GA,31402-3146,2,40595.0,40595.0,59670.0,,45450.0,,0.1854,0.3456,15500,25148,0.8368,1178.0,10467.0,14423.0,0.7048,0.8683,0.0,45954.0
Savannah State University,Savannah,GA,31404-5310,1,5498.0,16218.0,17185.0,8683.0,,,0.6485,0.6612,16500,28000,,,8336.0,2727.0,0.2517,0.7002,0.0,37981.0
Shorter University,Rome,GA,30165,2,24044.0,24044.0,34985.0,,16286.0,,0.3744,0.4924,12500,25000,0.9693,1075.0,4903.0,1091.0,0.3708,0.6716,0.0,44604.0
South Georgia Technical College,Americus,GA,31709,1,3782.0,6782.0,13115.0,1026.0,,,0.5108,0.0,PS,PS,,,4914.0,1302.0,,,,30364.0
Spelman College,Atlanta,GA,30314-4399,2,30058.0,30058.0,49349.0,,36828.0,,0.2937,0.577,21750,25000,0.3409,1184.0,9334.0,3633.0,0.761,0.9376,0.0,59993.0
Thomas University,Thomasville,GA,31792,2,11640.0,11640.0,26189.0,,19313.0,,0.4678,0.5574,15000,21198,0.4316,1037.0,6341.0,813.0,0.2778,0.6364,0.0,49716.0
Toccoa Falls College,Toccoa Falls,GA,30598,2,23250.0,23250.0,35666.0,,20133.0,,0.1972,0.2525,11067,22250,0.6381,1155.0,5642.0,820.0,0.4601,0.5727,0.0,36630.0
Truett McConnell University,Cleveland,GA,30528,2,25568.0,25568.0,37692.0,,22328.0,,0.1037,0.1607,12000,23439,0.9068,,4857.0,768.0,0.4115,0.5926,0.0,46700.0
Wiregrass Georgia Technical College,Valdosta,GA,31602-0929,1,3212.0,5612.0,10925.0,1228.0,,,0.394,0.0,2438,PS,,,4632.0,2762.0,,,0.0,30864.0
Valdosta State University,Valdosta,GA,31698,1,6007.0,17062.0,20202.0,11298.0,,,0.5086,0.4657,13750,24779,0.8349,1037.0,8410.0,6858.0,0.4174,0.6747,0.0,49361.0
Wesleyan College,Macon,GA,31210-4462,2,27650.0,27650.0,40591.0,,14528.0,,0.4446,0.5147,15000,24094,0.6207,905.0,6089.0,466.0,0.6056,0.7524,0.0,44317.0
University of West Georgia,Carrollton,GA,30118-0001,1,5971.0,17024.0,23504.0,15450.0,,,0.418,0.3983,15000,23970,0.4937,1044.0,8706.0,7485.0,0.4272,0.7602,0.0,49587.0
Young Harris College,Young Harris,GA,30582,2,32305.0,32305.0,45389.0,,11008.0,,0.2106,0.3269,12000,27000,0.6402,,5652.0,810.0,0.4566,0.668,0.0,47195.0
Chaminade University of Honolulu,Honolulu,HI,96816-1578,2,29970.0,29970.0,43637.0,,28061.0,,0.422,0.3708,17932,23250,0.9263,1155.0,9063.0,1648.0,0.5814,0.7397,0.0,52343.0
University of Hawaii at Hilo,Hilo,HI,96720-4091,1,7838.0,20798.0,20914.0,12063.0,,,0.3953,0.2985,12500,20500,0.8977,1025.0,11621.0,2260.0,0.4163,0.6977,0.0,47856.0
University of Hawaii at Manoa,Honolulu,HI,96822-2217,1,12186.0,34218.0,23832.0,13181.0,,,0.2451,0.2736,13099,18500,0.6969,1157.0,13930.0,14306.0,0.6257,0.7478,0.0,57624.0
Hawaii Institute of Hair Design,Honolulu,HI,96817-5195,3,,,,,13238.0,14508.0,0.5196,0.4314,5500,5793,,,,70.0,,,0.0,25235.0
Hawaii Pacific University,Honolulu,HI,96813,2,33020.0,33020.0,49980.0,,30557.0,,0.2,0.2527,12000,22000,0.8448,1180.0,9082.0,2502.0,0.4121,0.5724,0.0,59593.0
Honolulu Community College,Honolulu,HI,96817-4505,1,3174.0,8310.0,12369.0,6399.0,,,0.1724,0.0238,5995,7534,,,9760.0,1897.0,,,0.0,45105.0
Kapiolani Community College,Honolulu,HI,96816-4421,1,3284.0,8420.0,11562.0,5194.0,,,0.1702,0.0714,6352,9229,,,9894.0,3955.0,,,0.0,44599.0
Kauai Community College,Lihue,HI,96766-9500,1,3252.0,8388.0,13608.0,5724.0,,,0.2424,0.0161,7000,10500,,,9914.0,726.0,,,0.0,36868.0
Leeward Community College,Pearl City,HI,96782-3366,1,3214.0,8350.0,13842.0,7636.0,,,0.1953,0.0244,5500,8970,,,9880.0,3382.0,,,0.0,39899.0
University of Hawaii Maui College,Kahului,HI,96732-1617,1,3284.0,8420.0,16225.0,9421.0,,,0.218,0.0275,9500,13040,,,9695.0,1635.0,0.2734,0.5,0.0,34453.0
University of Hawaii-West Oahu,Kapolei,HI,96707-4507,1,7584.0,20544.0,18190.0,10666.0,,,0.2966,0.2012,11848,14500,0.956,973.0,11077.0,2510.0,0.4684,0.6898,0.0,52075.0
Windward Community College,Kaneohe,HI,96744-3528,1,3194.0,8330.0,14492.0,7533.0,,,0.1321,0.0134,7175,9500,,,9578.0,1109.0,,,0.0,38439.0
Carrington College-Boise,Boise,ID,83704-8742,3,,,,,,31116.0,0.4653,0.6542,12094,15188,,,6317.0,433.0,,,0.0,43731.0
Boise Bible College,Boise,ID,83714-1220,2,11240.0,11240.0,22045.0,,16884.0,,0.4688,0.3438,12749,PS,0.9643,1080.0,6169.0,103.0,0.4815,0.6429,0.0,33140.0
Boise State University,Boise,ID,83725,1,8782.0,26976.0,25387.0,19182.0,,,0.1794,0.2526,14000,20500,0.8396,,9425.0,17081.0,0.6187,0.7786,0.0,51658.0
College of Eastern Idaho,Idaho Falls,ID,83404-5788,1,3390.0,6750.0,13392.0,8728.0,,,0.2679,0.1835,7953,12000,,,6673.0,1396.0,,,0.0,42057.0
Idaho State University,Pocatello,ID,83209,1,8356.0,27466.0,21084.0,17324.0,,,0.2684,0.2479,12500,20039,,,8693.0,7260.0,0.383,0.7363,0.0,45608.0
University of Idaho,Moscow,ID,83844-2282,1,8816.0,29784.0,22669.0,13782.0,,,0.2276,0.3053,15784,21982,0.7909,1088.0,10247.0,7363.0,0.609,0.7513,0.0,54670.0
The College of Idaho,Caldwell,ID,83605-4432,2,36030.0,36030.0,48451.0,,20566.0,,0.2405,0.5152,17000,24500,0.4722,1166.0,7701.0,1049.0,0.6412,0.7649,0.0,48473.0
Lewis-Clark State College,Lewiston,ID,83501-2698,1,7388.0,21386.0,18646.0,12832.0,,,0.2401,0.2631,10989,18500,0.8978,,7400.0,2277.0,0.4472,0.6414,0.0,46001.0
Aveda Institute-Twin Falls,Twin Falls,ID,83301,3,,,,,24647.0,8596.0,0.5434,0.5665,9056,9400,,,,93.0,,,0.0,26171.0
North Idaho College,Coeur d'Alene,ID,83814-2199,1,3396.0,8736.0,16699.0,11481.0,,,0.2451,0.1736,5500,9000,,,7613.0,2488.0,,,0.0,40081.0
Northwest Nazarene University,Nampa,ID,83686-5897,2,39370.0,39370.0,50275.0,,25537.0,,0.2947,0.5991,16826,23750,0.6295,1184.0,6490.0,1138.0,0.5993,0.7872,0.0,51719.0
Nathan Layne Institute of Cosmetology,Chubbuck,ID,83202,3,,,,,22214.0,19559.0,0.6339,0.6429,7055,PS,,,,69.0,,,0.014,22209.0
Brigham Young University-Idaho,Rexburg,ID,83460-1690,2,4656.0,4656.0,13357.0,,7131.0,,0.2487,0.1154,8750,13969,0.9695,1123.0,9398.0,42090.0,0.5508,0.6963,0.0,53406.0
College of Southern Idaho,Twin Falls,ID,83301,1,3360.0,6840.0,12115.0,7005.0,,,0.1871,0.0749,5500,8000,,,6613.0,3476.0,0.3509,,0.0,40916.0
Adler University,Chicago,IL,60602,2,,,,,,,,,PS,PS,,,7379.0,9.0,,,0.0,
American Academy of Art College,Chicago,IL,60604-4302,3,39510.0,39510.0,45145.0,,34298.0,,0.6306,0.8378,27000,27000,,,3811.0,90.0,0.45,0.5,,34324.0
American Islamic College,Chicago,IL,60613,2,7650.0,7650.0,,,,,0.0,0.0,,,1.0,,9126.0,6.0,,0.0,,
School of the Art Institute of Chicago,Chicago,IL,60603,2,54530.0,54530.0,74138.0,,49822.0,,0.1911,0.3698,19000,27000,0.7642,,11630.0,2762.0,0.6402,0.824,0.0,40151.0
Augustana College,Rock Island,IL,61201-2296,2,49834.0,49834.0,60798.0,,12437.0,,0.2192,0.5837,26000,27000,0.6765,1133.0,8058.0,2418.0,0.7918,0.828,0.0,62971.0
Aurora University,Aurora,IL,60506-4892,2,28220.0,28220.0,39232.0,,18992.0,,0.4345,0.4884,15500,20318,0.8514,1072.0,8990.0,4021.0,0.5832,0.7784,0.0,58709.0
Southwestern Illinois College,Belleville,IL,62221-5899,1,3870.0,6210.0,12596.0,7210.0,,,0.2588,0.1021,4000,6908,,,7364.0,5280.0,,,0.001,36884.0
Bethany Theological Seminary,Richmond,IN,47374-4019,2,,,,,,,,,PS,PS,,,6488.0,,,,0.0,
Black Hawk College,Moline,IL,61265-5899,1,4920.0,8100.0,11809.0,6718.0,,,0.2478,0.0679,5302,8375,,,7424.0,2266.0,,,0.0,37253.0
Blackburn College,Carlinville,IL,62626,2,26758.0,26758.0,36962.0,,21814.0,,0.544,0.5052,14770,24242,0.8014,,7124.0,341.0,0.5241,0.5769,0.0,46802.0
Blessing Rieman College of Nursing and Health Sciences,Quincy,IL,62305-7005,2,,,,,,,0.366,0.4575,11250,13000,,,6780.0,176.0,,,0.0,72430.0
Bradley University,Peoria,IL,61625-0001,2,39680.0,39680.0,52730.0,,23572.0,,0.2942,0.6358,23250,27000,0.7666,1237.0,9484.0,3865.0,0.7214,0.8446,0.0,66852.0
Paul Mitchell the School-Tinley Park,Tinley Park,IL,60477-6273,3,,,,,14852.0,23368.0,0.692,0.836,7917,7917,,,,253.0,,,0.0,28378.0
Cameo Beauty Academy,Oak Lawn,IL,60453,3,,,,,15916.0,17985.0,0.5287,0.5096,6764,PS,,,,87.0,,,0.0,24513.0
Cannella School of Hair Design-Villa Park,Villa Park,IL,60181,3,,,,,7439.0,16410.0,0.4902,0.1765,PS,PS,,,,43.0,,,,26970.0
Cannella School of Hair Design-Chicago,Chicago,IL,60617-4303,3,,,,,11880.0,16410.0,0.25,0.25,2533,PS,,,,8.0,,,,18132.0
Cannella School of Hair Design-Chicago,Chicago,IL,60632-2549,3,,,,,12490.0,16410.0,0.1429,0.0714,PS,PS,,,,60.0,,,,29075.0
Capri Beauty College,Oak Forest,IL,60452,3,,,,,10777.0,20075.0,0.5781,0.5469,9833,9833,,,,32.0,,,0.0,26804.0
Carl Sandburg College,Galesburg,IL,61401,1,5300.0,8810.0,10795.0,1036.0,,,0.4319,0.1517,3500,4909,,,6598.0,1124.0,,,0.0,35274.0
Catholic Theological Union at Chicago,Chicago,IL,60615-5698,2,,,,,,,,,PS,PS,,,7687.0,,,,0.037,
Midwestern University-Downers Grove,Downers Grove,IL,60515-5514,2,,,,,,,,,PS,PS,,,12450.0,,,,0.0,
The Chicago School at Chicago,Chicago,IL,60654,2,20844.0,20844.0,,,,,0.4706,0.7941,10250,20000,0.3333,,8767.0,31.0,,,0.0,56899.0
Chicago State University,Chicago,IL,60628-1598,1,12754.0,12754.0,30454.0,10133.0,,,0.5497,0.6131,21500,30625,0.4052,,8748.0,1414.0,0.1695,0.4675,0.0,42778.0
Chicago Theological Seminary,Chicago,IL,60637,2,,,,,,,,,PS,PS,,,10766.0,,,,0.0,
University of Chicago,Chicago,IL,60637,2,66939.0,66939.0,86856.0,,18967.0,,0.1447,0.0506,13368,15000,0.0479,1554.0,18990.0,7540.0,0.9491,0.9942,0.0,91885.0
City Colleges of Chicago-Kennedy-King College,Chicago,IL,60621-2709,1,4380.0,14430.0,11382.0,4902.0,,,0.3782,0.0295,4994,6180,,,10450.0,1564.0,,,0.0,28467.0
City Colleges of Chicago-Malcolm X College,Chicago,IL,60612-3197,1,4380.0,14430.0,10279.0,3729.0,,,0.4208,0.0253,6100,8375,,,11291.0,5847.0,,,0.0,32427.0
City Colleges of Chicago-Olive-Harvey College,Chicago,IL,60628-1696,1,4380.0,14430.0,12633.0,5749.0,,,0.3075,0.0286,5250,7646,,,11928.0,1425.0,,,0.0,31114.0
City Colleges of Chicago-Harry S Truman College,Chicago,IL,60640-6063,1,4380.0,14430.0,10722.0,3816.0,,,0.2087,0.0117,5524,6997,,,11005.0,2248.0,,,0.0,36484.0
City Colleges of Chicago-Richard J Daley College,Chicago,IL,60652-1299,1,4380.0,14430.0,9543.0,3166.0,,,0.2168,0.0021,3500,4500,,,12016.0,2540.0,,,0.0,37962.0
City Colleges of Chicago-Harold Washington College,Chicago,IL,60601-2449,1,4380.0,14430.0,9996.0,2974.0,,,0.3479,0.0212,4537,5750,,,12479.0,4146.0,,,0.0,36531.0
City Colleges of Chicago-Wilbur Wright College,Chicago,IL,60634-1500,1,4380.0,14430.0,9395.0,2651.0,,,0.269,0.006,4370,6500,,,12821.0,4186.0,,,0.0,41625.0
Columbia College Chicago,Chicago,IL,60605-1996,2,32520.0,32520.0,49799.0,,26788.0,,0.4318,0.5732,16500,25000,0.9117,,9351.0,6294.0,0.4846,0.6397,0.0,42195.0
Concordia University-Chicago,River Forest,IL,60305-1499,2,36258.0,36258.0,44252.0,,16774.0,,0.4458,0.5858,14000,23000,0.9336,,6715.0,1337.0,0.474,0.6255,0.0,54089.0
Danville Area Community College,Danville,IL,61832-5118,1,5300.0,9200.0,10398.0,2943.0,,,0.2406,0.0712,3975,7218,,,7244.0,1360.0,,,0.0,34867.0
Tricoci University of Beauty Culture,Urbana,IL,61801,3,,,,,15024.0,19482.0,0.6952,0.7026,7307,9000,,,,171.0,,,0.0,18077.0
DePaul University,Chicago,IL,60604,2,44460.0,44460.0,59467.0,,29141.0,,0.3066,0.4717,19383,23168,0.7353,1254.0,11807.0,14283.0,0.7,0.8669,0.0,68751.0
Cosmetology & Spa Academy,Crystal Lake,IL,60014,3,,,,,14887.0,24000.0,0.5781,0.6545,7917,7917,,,,377.0,,,0.0,29779.0
College of DuPage,Glen Ellyn,IL,60137-6599,1,4320.0,12510.0,13314.0,6182.0,,,0.2048,0.0868,5500,10410,,,12192.0,15185.0,,,0.0,46909.0
East-West University,Chicago,IL,60605,2,26100.0,26100.0,30062.0,,21055.0,,0.8015,0.8601,7334,26986,,,7574.0,528.0,0.2295,0.3651,0.0,29963.0
Eastern Illinois University,Charleston,IL,61920,1,13403.0,15879.0,26164.0,14093.0,,,0.3087,0.3495,15722,21500,0.6775,1010.0,9286.0,4398.0,0.4517,0.7003,0.0,51989.0
Elgin Community College,Elgin,IL,60123-7193,1,3180.0,9516.0,9837.0,5778.0,,,0.2185,0.0321,4790,7390,,,11390.0,6463.0,,,0.0,45516.0
Elmhurst University,Elmhurst,IL,60126-3296,2,41628.0,41628.0,51829.0,,21063.0,,0.368,0.5084,15000,20489,0.7574,1116.0,8710.0,2954.0,0.6519,0.7585,0.0,61462.0
Eureka College,Eureka,IL,61530,2,28400.0,28400.0,38518.0,,22048.0,,0.2272,0.3381,15000,23250,0.8847,,5671.0,522.0,0.4057,0.6309,0.0,51641.0
First Institute of Travel Inc.,Crystal Lake,IL,60014,3,,,,,20410.0,17025.0,0.5206,0.5811,8360,9500,,,,274.0,,,0.0,36196.0
Fox College,Tinley Park,IL,60477,3,17190.0,17190.0,21635.0,,13506.0,,0.4603,0.7857,13625,16209,0.7656,,6645.0,239.0,,,0.0,41539.0
Garrett-Evangelical Theological Seminary,Evanston,IL,60201-3298,2,,,,,,,,,PS,PS,,,10429.0,,,,0.0,
Gem City College,Quincy,IL,62301,3,,,,,13443.0,19425.0,0.6531,0.6122,9500,PS,,,,42.0,,,0.0,19219.0
Governors State University,University Park,IL,60484,1,11320.0,11320.0,23076.0,9477.0,,,0.524,0.3986,14000,18618,,,8597.0,2518.0,0.196,0.5944,0.0,58169.0
Graham Hospital School of Nursing,Canton,IL,61520-2497,2,8417.0,8417.0,27408.0,,19888.0,,0.7273,0.5455,5250,PS,1.0,,,36.0,,,0.0,63586.0
Greenville University,Greenville,IL,62246,2,30598.0,30598.0,43713.0,,21270.0,,0.3766,0.5738,15000,23875,0.9537,1034.0,6213.0,873.0,0.5136,0.7018,0.0,46827.0
G Skin & Beauty Institute,Schaumburg,IL,60195,3,,,,,21142.0,13900.0,0.3173,0.3478,6333,6333,,,,494.0,,,0.0,29032.0
Hair Professionals Career College,Sycamore,IL,60178,3,,,,,21085.0,17550.0,0.5,0.4545,5597,PS,,,,65.0,,,0.0,23568.0
Hair Professionals School of Cosmetology,Oswego,IL,60543,3,,,,,19759.0,20162.0,0.497,0.5621,5500,9833,,,,121.0,,,0.0,23412.0
Hebrew Theological College,Skokie,IL,60077,2,14700.0,14700.0,21742.0,,11197.0,,0.1188,0.1313,9924,PS,0.92,,4101.0,81.0,0.7308,1.0,0.0,33291.0
Highland Community College,Freeport,IL,61032-9341,1,4696.0,7120.0,12397.0,5359.0,,,0.3024,0.0625,5500,8029,,,10639.0,926.0,,,0.0,37928.0
Rosalind Franklin University of Medicine and Science,North Chicago,IL,60064-3095,2,,,,,,,,,PS,PS,,,11754.0,,,,0.0,
University of Illinois Chicago,Chicago,IL,60607,1,14338.0,29360.0,26998.0,12313.0,,,0.4957,0.2496,13657,16704,0.785,1242.0,14178.0,21814.0,0.603,0.7837,0.0,68740.0
Benedictine University,Lisle,IL,60532-0900,2,34290.0,34290.0,46548.0,,23529.0,,0.3918,0.4936,17500,22500,0.7722,,9169.0,1817.0,0.5095,0.6916,0.0,63446.0
Illinois College of Optometry,Chicago,IL,60616-3878,2,,,,,,,,,,,,,10732.0,,,,0.0,
University of Illinois Urbana-Champaign,Champaign,IL,61820-5711,1,16004.0,34501.0,32134.0,15201.0,,,0.2381,0.2897,16500,19500,0.4369,1418.0,14082.0,34623.0,0.8489,0.9432,0.0,81054.0
Illinois Wesleyan University,Bloomington,IL,61702-2900,2,55704.0,55704.0,68399.0,,29550.0,,0.2318,0.6313,23221,27000,0.4517,1242.0,8742.0,1570.0,0.8254,0.8455,0.0,70871.0
Illinois Central College,East Peoria,IL,61635-0001,1,4650.0,11700.0,17251.0,11510.0,,,0.2225,0.0713,5500,8900,,,8699.0,4909.0,,,0.0,37366.0
Illinois College,Jacksonville,IL,62650-2299,2,37470.0,37470.0,47337.0,,17945.0,,0.3512,0.8531,14746,25565,0.7467,1082.0,7681.0,925.0,0.6109,0.6996,0.0,52575.0
Olney Central College,Olney,IL,62450,1,4390.0,12340.0,17518.0,9968.0,,,0.3406,0.0702,5500,6500,,,7026.0,549.0,,,0.0,37533.0
Illinois Institute of Technology,Chicago,IL,60616,2,51763.0,51763.0,67720.0,,19353.0,,0.2906,0.3261,20687,25000,0.5542,1296.0,13736.0,2812.0,0.7244,0.8692,0.0,82592.0
Illinois State University,Normal,IL,61790-1000,1,16021.0,28086.0,32458.0,18996.0,,,0.3005,0.4536,15750,20482,0.8901,1127.0,8906.0,18414.0,0.6632,0.8133,0.0,62117.0
Illinois Valley Community College,Oglesby,IL,61348-9692,1,4060.0,14981.0,11563.0,3957.0,,,0.2851,0.027,6500,8233,,,8793.0,1851.0,,,0.0,40810.0
Institute for Clinical Social Work,Chicago,IL,60640-1229,2,,,,,,,,,,,,,,,,,0.0,
John A Logan College,Carterville,IL,62918-2500,1,4630.0,7540.0,12682.0,7599.0,,,0.2916,0.0,3500,PS,,,7409.0,2018.0,,,0.166,34096.0
John Wood Community College,Quincy,IL,62305-8736,1,5700.0,9000.0,13346.0,6596.0,,,0.3935,0.1502,5500,8029,,,6064.0,1387.0,,,0.0,38631.0
Joliet Junior College,Joliet,IL,60431-8938,1,4530.0,13800.0,9757.0,5741.0,,,0.2293,0.0251,5500,9711,,,12451.0,8843.0,,,0.0,42889.0
Judson University,Elgin,IL,60123-1498,2,30910.0,30910.0,43951.0,,25027.0,,0.3972,0.4436,14000,25000,0.6312,985.0,6688.0,780.0,0.5325,0.7375,0.0,56313.0
Kankakee Community College,Kankakee,IL,60901,1,5070.0,25680.0,12209.0,5190.0,,,0.3712,0.0489,5500,9969,,,8035.0,1904.0,,,0.0,38767.0
Kaskaskia College,Centralia,IL,62801,1,4800.0,12570.0,12038.0,6839.0,,,0.2199,0.0,3500,PS,,,9106.0,1842.0,,,0.0,38801.0
Kishwaukee College,Malta,IL,60150-9699,1,4980.0,13800.0,14504.0,6480.0,,,0.2522,0.0728,6542,9395,,,7724.0,1794.0,,,0.0,39657.0
Knox College,Galesburg,IL,61401,2,55587.0,55587.0,65796.0,,24875.0,,0.2972,0.7198,23852,27000,0.7113,1250.0,6681.0,997.0,0.6751,0.7992,0.0,54820.0
Educators of Beauty College of Cosmetology-Peru,PERU,IL,61354-1450,3,,,,,11384.0,19500.0,0.6104,0.5195,9500,9833,,,,60.0,,,0.01,21949.0
College of Lake County,Grayslake,IL,60030-1198,1,4494.0,14036.0,10969.0,6212.0,,,0.2371,0.0185,5376,8735,,,12532.0,9282.0,,,0.0,43424.0
Lake Forest College,Lake Forest,IL,60045-2338,2,54202.0,54202.0,68191.0,,27499.0,,0.3515,0.7082,21500,26158,0.5941,1309.0,8936.0,1782.0,0.7042,0.8629,0.0,61825.0
Lake Forest Graduate School of Management,Lake Forest,IL,60045,2,,,,,,,,,PS,PS,,,10291.0,,,,0.0,
Lake Land College,Mattoon,IL,61938,1,4280.0,13906.0,10023.0,3271.0,,,0.2662,0.0609,3970,6188,,,5772.0,2492.0,,,0.0,38877.0
Lakeview College of Nursing,Danville,IL,61832,2,,,,,,,0.4828,0.5948,15000,15000,,,6674.0,81.0,,,0.0,84522.0
Lewis and Clark Community College,Godfrey,IL,62035,1,3552.0,12552.0,9167.0,4281.0,,,0.2119,0.1613,5500,6751,,,9339.0,2252.0,,,0.0,37724.0
Lewis University,Romeoville,IL,60446-2200,2,37882.0,37882.0,45843.0,,18370.0,,0.3089,0.4645,18750,21500,0.7273,1117.0,10057.0,3665.0,0.6256,0.8364,0.0,66099.0
Lincoln Christian University,Lincoln,IL,62656-2111,2,15400.0,15400.0,28671.0,,17610.0,,0.3908,0.2989,15000,20250,,,5152.0,44.0,0.5823,0.0,,43038.0
Lincoln Land Community College,Springfield,IL,62794-9256,1,3672.0,10248.0,11600.0,5294.0,,,0.3733,0.2079,6500,11011,,,10144.0,3917.0,,,0.0,38479.0
Lincoln College of Technology-Melrose Park,Melrose Park,IL,60160-1605,3,,,,,24334.0,31882.0,0.677,0.7804,9500,11250,,,6176.0,1345.0,,,0.0,38683.0
Loyola University Chicago,Chicago,IL,60660,2,51716.0,51716.0,64167.0,,35196.0,,0.2324,0.4794,20500,24157,0.8139,1283.0,11277.0,11576.0,0.7692,0.8421,0.0,71530.0
Lutheran School of Theology at Chicago,Chicago,IL,60615,2,,,,,,,,,PS,PS,,,8871.0,,,,0.0,
Trinity College of Nursing & Health Sciences,Rock Island,IL,61201-5317,2,,,,,,,0.5432,0.9753,22500,24000,,,7017.0,59.0,,,0.0,58743.0
Steven Papageorge Hair Academy,Chicago,IL,60625,3,,,,,12534.0,17250.0,0.5256,0.3462,PS,PS,,,,68.0,,,0.026,29592.0
Generations College,Chicago,IL,60602-4405,2,12700.0,12700.0,25660.0,,19558.0,,0.7822,0.3432,19000,25250,,,4548.0,317.0,,,0.0,34706.0
McCormick Theological Seminary,Chicago,IL,60615,2,,,,,,,,,PS,PS,,,7905.0,,,,0.08,
McHenry County College,Crystal Lake,IL,60012-2761,1,4012.0,14885.0,12971.0,8093.0,,,0.1152,0.018,5297,6260,,,11525.0,4335.0,,,0.0,45143.0
McKendree University,Lebanon,IL,62254-1291,2,34070.0,34070.0,47121.0,,24190.0,,0.2909,0.4455,16240,23250,0.6388,,7158.0,1600.0,0.5954,0.6816,0.0,58572.0
Meadville Theological School of Lombard College,Chicago,IL,60601,2,,,,,,,,,PS,PS,,,9760.0,,,,0.0,
Methodist College,Peoria,IL,61615,2,18008.0,18008.0,26280.0,,14867.0,,0.5589,0.7044,27000,31250,0.3111,,5181.0,374.0,0.75,0.0,0.0,69800.0
Millikin University,Decatur,IL,62522-2084,2,26892.0,43670.0,41297.0,,8837.0,,0.3472,0.6089,19000,27000,0.5405,1050.0,6414.0,1458.0,0.5907,0.7376,0.0,51262.0
Monmouth College,Monmouth,IL,61462-1998,2,43520.0,43520.0,55529.0,,18034.0,,0.3091,0.7195,20000,27000,0.8662,1128.0,6839.0,725.0,0.6014,0.6957,0.0,51110.0
Moody Bible Institute,Chicago,IL,60610-3284,2,15356.0,15356.0,34510.0,,25007.0,,0.3272,0.3891,12000,18149,0.9754,,9038.0,1586.0,0.6199,0.8978,0.0,45399.0
Moraine Valley Community College,Palos Hills,IL,60465-0937,1,3822.0,9846.0,11921.0,1771.0,,,0.2878,0.0323,5500,9500,,,8564.0,7417.0,,,0.0,43892.0
Morrison Institute of Technology,Morrison,IL,61270-2959,2,19900.0,19900.0,30350.0,,24326.0,,0.3824,0.7794,12000,12000,,,6234.0,54.0,,,0.0,63571.0
Morton College,Cicero,IL,60804-4398,1,4884.0,11028.0,12170.0,6763.0,,,0.3501,0.0139,5500,8000,,,8964.0,2593.0,,,0.0,42406.0
National Louis University,Chicago,IL,60603,2,12345.0,12345.0,25350.0,,16157.0,,0.5728,0.4709,12500,19750,0.9312,,6717.0,4100.0,0.3687,0.5643,0.0,45799.0
National University of Health Sciences,Lombard,IL,60148-4583,2,,,,,,,0.1818,0.2727,12289,12500,,,5552.0,22.0,,,0.0,58723.0
Cosmetology Concepts Niles,Niles,IL,60714,3,,,,,11688.0,14375.0,0.4941,0.4824,PS,PS,,,,55.0,,,0.0,20303.0
North Central College,Naperville,IL,60540,2,44394.0,44394.0,54803.0,,23033.0,,0.247,0.7981,18750,24500,0.5831,1165.0,9181.0,2360.0,0.7114,0.817,0.0,60123.0
North Park University,Chicago,IL,60625-4895,2,35325.0,35325.0,42040.0,,18191.0,,0.432,0.5373,19875,25500,0.7284,,8041.0,1844.0,0.5596,0.6878,0.0,59572.0
Northern Baptist Theological Seminary,Lisle,IL,60532-1348,2,,,,,,,,,PS,PS,,,7301.0,,,,0.0,
Northern Illinois University,Dekalb,IL,60115-2828,1,12700.0,12700.0,27214.0,12909.0,,,0.4555,0.4886,16250,22162,0.7045,,10531.0,11277.0,0.4965,0.7038,0.0,57808.0
Northwestern University,Evanston,IL,60208,2,65997.0,65997.0,87804.0,,27143.0,,0.187,0.1877,14000,15000,0.0715,1526.0,19704.0,8960.0,0.9589,0.9744,0.0,89363.0
Northeastern Illinois University,Chicago,IL,60625-4699,1,12383.0,22726.0,27208.0,13550.0,,,0.5377,0.2168,11969,14600,0.704,,9313.0,3869.0,0.1679,0.6104,0.0,52234.0
Oakton College,Des Plaines,IL,60016-1268,1,3985.0,12462.0,11344.0,6188.0,,,0.1618,0.0043,3500,5250,,,10285.0,6229.0,,,0.0,47852.0
Oehrlein School of Cosmetology,East Peoria,IL,61611,3,,,,,9229.0,18480.0,0.5538,0.8,9833,9833,,,,67.0,,,0.0,18890.0
Olivet Nazarene University,Bourbonnais,IL,60914-2271,2,37940.0,37940.0,50557.0,,21539.0,,0.3533,0.6804,19313,25000,0.669,1103.0,7265.0,2485.0,0.6027,0.6814,0.0,53213.0
Parkland College,Champaign,IL,61821-1899,1,4284.0,13266.0,14011.0,8271.0,,,0.2515,0.1511,5250,8548,,,9075.0,3293.0,,,0.0,38320.0
Prairie State College,Chicago Heights,IL,60411-8226,1,4176.0,11064.0,13813.0,5280.0,,,0.3563,0.0754,8000,11000,,,8925.0,2448.0,,,0.0,36696.0
Principia College,Elsah,IL,62028-9799,2,33280.0,33280.0,,,,,0.0,0.0,,,0.444,1096.0,8894.0,337.0,0.7619,0.7541,,
Professional's Choice Hair Design Academy,Joliet,IL,60435,3,,,,,16092.0,18000.0,0.2667,0.4167,8375,PS,,,,58.0,,,0.0,30341.0
Quincy University,Quincy,IL,62301-2699,2,35740.0,35740.0,45102.0,,17324.0,,0.2964,0.5231,13000,24000,0.4989,1157.0,6384.0,1038.0,0.4274,0.6403,0.0,50369.0
Rend Lake College,Ina,IL,62846,1,4500.0,7800.0,14638.0,7309.0,,,0.3099,0.0,4475,5809,,,7653.0,1196.0,,,0.0,35775.0
Richland Community College,Decatur,IL,62521-8513,1,4590.0,17070.0,11407.0,5393.0,,,0.3349,0.0867,4500,8256,,,7703.0,1412.0,,,0.0,38793.0
Rock Valley College,Rockford,IL,61114-5699,1,4274.0,21344.0,14351.0,7325.0,,,0.2058,0.0375,5500,8500,,,7601.0,4362.0,,,0.0,39158.0
Rockford University,Rockford,IL,61108-2311,2,37300.0,37300.0,47033.0,,23066.0,,0.4175,0.5983,15000,22274,0.5723,984.0,6500.0,956.0,0.3826,0.7006,0.0,54794.0
Roosevelt University,Chicago,IL,60605-1394,2,20280.0,20280.0,48426.0,,20152.0,,0.4642,0.5433,14667,22000,0.9427,1000.0,8747.0,2583.0,0.4099,0.6173,0.0,48712.0
Dominican University,River Forest,IL,60305,2,37844.0,37844.0,44414.0,,15113.0,,0.4934,0.5838,18750,24411,0.798,1022.0,7754.0,2271.0,0.6236,0.7926,0.0,60327.0
Rush University,Chicago,IL,60612,2,,,,,,,0.3565,0.4957,19273,21988,,,13166.0,120.0,,,0.0,75194.0
Saint Francis Medical Center College of Nursing,Peoria,IL,61603-3783,2,,,,,,,0.3238,0.4795,15000,15000,,,7780.0,267.0,,,0.0,72850.0
University of St Francis,Joliet,IL,60435-6188,2,37000.0,37000.0,45375.0,,16284.0,,0.3706,0.7977,16500,21079,0.6393,1055.0,7985.0,1292.0,0.6463,0.7336,0.0,63926.0
St. John's College-Department of Nursing,Springfield,IL,62702,2,,,,,,,0.3171,0.622,15000,18750,,,6803.0,76.0,,,0.0,86331.0
Saint Xavier University,Chicago,IL,60655,2,36840.0,36840.0,42237.0,,12093.0,,0.5599,0.8662,16699,22223,0.8575,,8050.0,3030.0,0.59,0.7439,0.0,58656.0
University of Illinois Springfield,Springfield,IL,62703-5407,1,12252.0,22017.0,23643.0,8916.0,,,0.3585,0.3832,14000,19128,0.8437,1118.0,9549.0,2292.0,0.6137,0.8066,0.0,57103.0
Sauk Valley Community College,Dixon,IL,61021-9112,1,5190.0,12840.0,14253.0,8388.0,,,0.3528,0.0837,5500,8250,,,7364.0,1164.0,,,0.0,40458.0
Shawnee Community College,Ullin,IL,62992,1,4650.0,7500.0,13113.0,4542.0,,,0.3441,0.0,PS,PS,,,8200.0,675.0,,,,32999.0
St. Augustine College,Chicago,IL,60640-3501,2,13288.0,13288.0,23056.0,,17082.0,,0.7338,0.0544,4136,4423,,,6224.0,749.0,0.2775,0.623,0.0,35723.0
University of Saint Mary of the Lake,Mundelein,IL,60060-1174,2,,,,,,,,,PS,PS,,,7450.0,,,,0.0,
Southeastern Illinois College,Harrisburg,IL,62946,1,4320.0,6540.0,12139.0,5571.0,,,0.2306,0.0,PS,PS,,,6906.0,659.0,,,,33763.0
National Latino Education Institute,Chicago,IL,60609-2205,2,,,,,19661.0,14100.0,0.5,0.0,PS,PS,,,,2.0,,,,37120.0
Spertus College,Chicago,IL,60605,2,,,,,,,,,PS,PS,,,9790.0,,,,0.0,
Spoon River College,Canton,IL,61520-8622,1,5580.0,12540.0,11871.0,6584.0,,,0.2995,0.0743,6750,PS,,,6911.0,735.0,,,0.0,38386.0
Saint Anthony College of Nursing,Rockford,IL,61114,2,27811.0,27811.0,,,,,0.3481,0.6575,18750,20000,1.0,,7951.0,152.0,,,0.0,77709.0
Educators of Beauty College of Cosmetology-Sterling,Sterling,IL,61081-3611,3,,,,,13521.0,19500.0,0.5667,0.65,9500,9833,,,,57.0,,,0.0,21463.0
Southern Illinois University-Carbondale,Carbondale,IL,62901-4512,1,13244.0,13244.0,29268.0,16177.0,,,0.3665,0.481,17750,21543,0.9044,1060.0,8229.0,8116.0,0.563,0.6869,0.0,53390.0
Southern Illinois University-Edwardsville,Edwardsville,IL,62026-1259,1,12922.0,12922.0,25302.0,13696.0,,,0.3157,0.4037,15500,20500,0.9721,1063.0,9243.0,8836.0,0.5497,0.7222,0.0,56346.0
Taylor Business Institute,Chicago,IL,60601,3,12000.0,12000.0,23713.0,,14735.0,,0.1044,0.0549,4554,PS,0.8929,,3567.0,70.0,,,0.0,25559.0
Telshe Yeshiva-Chicago,Chicago,IL,60625,2,15000.0,15000.0,20000.0,,6182.0,,0.3797,0.0,PS,PS,1.0,,4019.0,78.0,0.0769,0.8788,,
South Suburban College,South Holland,IL,60473-1200,1,5093.0,12683.0,10713.0,2919.0,,,0.2243,0.0,PS,PS,,,8396.0,2012.0,,,,33680.0
Trinity Christian College,Palos Heights,IL,60463-0929,2,20325.0,20325.0,47066.0,,16381.0,,0.3329,0.6441,21358,25009,0.8865,1154.0,7516.0,796.0,0.6387,0.792,0.0,55700.0
Trinity International University-Illinois,Deerfield,IL,60015-1283,2,12320.0,12320.0,47751.0,,21386.0,,0.3288,0.6914,19500,26082,0.9318,,7351.0,140.0,0.4565,0.0465,0.0,46989.0
Triton College,River Grove,IL,60171-1995,1,4920.0,14880.0,11608.0,4427.0,,,0.2591,0.0236,5500,9413,,,8432.0,6229.0,,,0.0,41728.0
University of Spa & Cosmetology Arts,Springfield,IL,62704,3,,,,,17951.0,19850.0,0.4298,0.4681,4124,4584,,,,165.0,,,0.0,27084.0
VanderCook College of Music,Chicago,IL,60616-3731,2,30910.0,30910.0,38850.0,,17094.0,,0.2766,0.5,27000,PS,0.973,,6787.0,70.0,0.4667,0.6667,0.0,47863.0
Waubonsee Community College,Sugar Grove,IL,60554-9454,1,3432.0,12330.0,14661.0,6113.0,,,0.2152,0.0716,4500,7000,,,12284.0,5499.0,,,0.0,44788.0
Western Illinois University,Macomb,IL,61455,1,14952.0,14952.0,27828.0,11592.0,,,0.2812,0.3089,19762,25251,0.7496,,9252.0,4939.0,0.4477,0.5873,0.0,54163.0
Wheaton College,Wheaton,IL,60187-5593,2,43930.0,43930.0,56447.0,,26984.0,,0.202,0.4652,20000,23250,0.8998,1363.0,10214.0,2087.0,0.8655,0.9384,0.0,63756.0
William Rainey Harper College,Palatine,IL,60067-7398,1,3822.0,11802.0,12833.0,6186.0,,,0.1958,0.0214,6230,10184,,,11163.0,8815.0,,,0.0,48071.0
Anderson University,Anderson,IN,46012-3495,2,35640.0,35640.0,49098.0,,22144.0,,0.3587,0.6129,19500,27000,0.5342,1054.0,6622.0,1070.0,0.4942,0.6966,0.0,48899.0
Ball State University,Muncie,IN,47306,1,10758.0,28766.0,25134.0,15898.0,,,0.3358,0.7275,16904,23250,0.716,1172.0,8181.0,13770.0,0.6327,0.7719,0.0,51833.0
Bethel University,Mishawaka,IN,46545-5591,2,33320.0,33320.0,42276.0,,19726.0,,0.3522,0.4861,19293,25000,0.9868,1073.0,6332.0,1069.0,0.5721,0.7004,0.0,48860.0
Butler University,Indianapolis,IN,46208,2,45980.0,45980.0,64503.0,,38472.0,,0.1378,0.4199,22238,26000,0.8587,1282.0,9338.0,4383.0,0.8015,0.8807,0.0,77235.0
Calumet College of Saint Joseph,Whiting,IN,46394,2,22650.0,22650.0,31758.0,,20739.0,,0.4849,0.5861,9500,21534,,,6071.0,560.0,0.299,0.3962,0.0,46945.0
Christian Theological Seminary,Indianapolis,IN,46208-3301,2,,,,,,,,,PS,PS,,,7132.0,,,,0.018,
College of Court Reporting Inc,Valparaiso,IN,46385,3,10080.0,10080.0,43083.0,,41410.0,,0.3548,0.5806,13779,PS,,,3568.0,183.0,,,0.0,43927.0
Concordia Theological Seminary,Fort Wayne,IN,46825-4996,2,,,,,,,,,PS,PS,,,6710.0,,,,0.0,
Tricoci University of Beauty Culture-Highland,Highland,IN,46322,3,,,,,19194.0,13184.0,0.5813,0.6195,7307,7307,,,,317.0,,,0.0,22374.0
DePauw University,Greencastle,IN,46135-1772,2,57070.0,57070.0,72560.0,,24546.0,,0.1575,0.3961,24733,27000,0.5406,1287.0,10171.0,1804.0,0.8,0.8916,0.0,70527.0
Don Roberts School of Hair Design,Schererville,IN,46375,3,,,,,16132.0,19750.0,0.4444,0.4667,6251,PS,,,,30.0,,,0.0,19976.0
Earlham College,Richmond,IN,47374-4095,2,51840.0,51840.0,64237.0,,24516.0,,0.25,0.4232,19500,23488,0.7422,1250.0,8010.0,612.0,0.6794,0.7977,0.0,50797.0
University of Evansville,Evansville,IN,47722,2,42676.0,42676.0,56068.0,,20230.0,,0.2296,0.4365,19000,24606,0.7765,,9110.0,1477.0,0.7127,0.7745,0.0,53770.0
Franklin College,Franklin,IN,46131-2623,2,37350.0,37350.0,50708.0,,22762.0,,0.385,0.6127,18998,27000,0.7058,1119.0,6893.0,872.0,0.634,0.7102,0.0,55376.0
Goshen College,Goshen,IN,46526-4794,2,37760.0,37760.0,47206.0,,15725.0,,0.3738,0.5216,13750,22974,0.8894,1049.0,6366.0,761.0,0.6047,0.7818,0.0,51943.0
Grace College and Theological Seminary,Winona Lake,IN,46590-1274,2,30034.0,30034.0,40539.0,,18406.0,,0.2873,0.5132,16750,19500,0.8078,1088.0,7846.0,1511.0,0.6991,0.8038,0.0,45411.0
Hanover College,Hanover,IN,47243,2,42894.0,42894.0,55798.0,,21826.0,,0.26,0.5347,19500,25250,0.8397,1197.0,7990.0,958.0,0.6356,0.8321,0.0,53957.0
J Michael Harrold Beauty Academy,Terre Haute,IN,47807,3,,,,,21420.0,16285.0,0.4863,0.6448,5719,6650,,,,94.0,,,0.0,26999.0
Holy Cross College,Notre Dame,IN,46556-0308,2,35500.0,35500.0,48808.0,,26470.0,,0.2897,0.6799,11904,24000,0.7371,1229.0,6622.0,533.0,0.2947,0.7928,0.0,50416.0
PJ's College of Cosmetology-Clarksville,Clarksville,IN,47129,3,,,,,20299.0,18616.0,0.6065,0.6157,7389,8289,,,,222.0,,,0.0,22402.0
Huntington University,Huntington,IN,46750,2,29982.0,29982.0,40088.0,,13710.0,,0.2937,0.7714,18127,25576,0.7115,1124.0,7296.0,1016.0,0.682,0.7698,0.0,46672.0
Ivy Tech Community College,Indianapolis,IN,46208-5752,1,4912.0,9465.0,13891.0,6544.0,,,0.2306,0.0785,5835,10727,,,6380.0,54926.0,,,0.0,37186.0
Purdue University Fort Wayne,Fort Wayne,IN,46805-1499,1,9254.0,22220.0,19714.0,11513.0,,,0.2305,0.2344,10556,21500,0.8566,1078.0,8545.0,5450.0,0.3247,0.6425,0.0,45872.0
Indiana University-Indianapolis,Indianapolis,IN,46202-5143,1,10449.0,33717.0,22216.0,11408.0,,,0.3627,0.3528,13337,20000,0.8139,1146.0,9341.0,16582.0,0.5387,0.7248,0.0,55198.0
University of Indianapolis,Indianapolis,IN,46227-3697,2,36136.0,36136.0,48674.0,,18748.0,,0.3596,0.4735,18714,26864,0.7276,,8085.0,3147.0,0.5581,0.6816,0.0,53610.0
Indiana Institute of Technology,Fort Wayne,IN,46803-1228,2,30446.0,30446.0,43490.0,,21318.0,,0.3383,0.7698,12564,26391,0.5689,,9170.0,1361.0,0.3139,0.6583,0.0,47327.0
University of Southern Indiana,Evansville,IN,47712,1,10136.0,22573.0,20749.0,12621.0,,,0.2228,0.2877,13236,20105,0.9465,1131.0,7949.0,5344.0,0.5195,0.6948,0.0,47605.0
Indiana State University,Terre Haute,IN,47809,1,9992.0,21734.0,23475.0,12188.0,,,0.3905,0.5118,14574,24000,0.915,,7984.0,6620.0,0.4107,0.6864,0.0,48387.0
Indiana University-Kokomo,Kokomo,IN,46902-9003,1,8179.0,22043.0,13351.0,6276.0,,,0.3469,0.3331,10000,16961,0.8469,1063.0,6917.0,2308.0,0.4475,0.6688,0.0,49917.0
Indiana University-South Bend,South Bend,IN,46615-7111,1,8179.0,22043.0,15984.0,8364.0,,,0.4117,0.365,12000,21355,0.8599,1072.0,6863.0,3807.0,0.3574,0.6682,0.0,44947.0
Indiana University-Bloomington,Bloomington,IN,47405-7000,1,11790.0,40482.0,27361.0,15342.0,,,0.1669,0.2748,15519,19509,0.8037,1308.0,11599.0,36571.0,0.8117,0.9055,0.0,63742.0
Indiana University-Northwest,Gary,IN,46408-1197,1,8179.0,22043.0,13371.0,5970.0,,,0.4255,0.3469,12478,21710,0.767,1067.0,7392.0,2582.0,0.3685,0.6872,0.0,43361.0
Indiana University-Southeast,New Albany,IN,47150,1,8179.0,22043.0,15313.0,8257.0,,,0.3381,0.3189,11650,19684,0.8312,1097.0,7612.0,3088.0,0.3341,0.6979,0.0,47596.0
Indiana University-East,Richmond,IN,47374-1289,1,8179.0,22043.0,16756.0,9082.0,,,0.3378,0.3496,12000,18000,0.7124,1135.0,7651.0,2446.0,0.4536,0.6314,0.0,47156.0
International Business College-Indianapolis,Indianapolis,IN,46256-3954,3,16480.0,16480.0,22651.0,,14989.0,,0.503,0.8144,11059,12000,0.8182,,5450.0,145.0,,,0.0,38146.0
Taylor Institute of Cosmetology II,Knox,IN,46534,3,,,,,9019.0,9600.0,0.08,0.0,PS,PS,,,,45.0,,,,14236.0
Tricoci University of Beauty Culture-Lafayette,Lafayette,IN,47901,3,,,,,20276.0,13184.0,0.6279,0.6686,6333,7307,,,,87.0,,,0.0,26446.0
Lincoln College of Technology-Indianapolis,Indianapolis,IN,46268,3,,,,,29530.0,36053.0,0.6376,0.7448,9524,11730,,,5083.0,1004.0,,,0.0,46396.0
Manchester University,North Manchester,IN,46962,2,37090.0,37090.0,48321.0,,19268.0,,0.4374,0.9172,12250,26854,0.913,,7946.0,895.0,0.4484,0.716,0.0,51504.0
Marian University,Indianapolis,IN,46222-1997,2,39100.0,39100.0,52691.0,,23594.0,,0.2305,0.6141,20000,27000,0.9534,,7804.0,2336.0,0.6095,0.7745,0.0,58759.0
Indiana Wesleyan University-Marion,Marion,IN,46953-4974,2,31168.0,31168.0,42951.0,,23069.0,,0.2549,0.7182,14335,24250,0.8221,1074.0,7889.0,1927.0,0.6633,0.7879,0.0,59986.0
Martin University,Indianapolis,IN,46218-0567,2,12830.0,12830.0,25074.0,,13879.0,,0.6554,0.6419,24332,42002,,,5851.0,164.0,0.3333,0.75,0.0,22544.0
Anabaptist Mennonite Biblical Seminary,Elkhart,IN,46517-1999,2,,,,,,,,,PS,PS,,,6805.0,,,,0.0,
Mid-America College of Funeral Service,Jeffersonville,IN,47130,2,19800.0,19800.0,30379.0,,25456.0,,0.559,0.7612,11625,16666,,,7095.0,337.0,0.5574,1.0,0.0,44505.0
West Michigan College of Barbering and Beauty,Kalamazoo,MI,49008,3,,,,,8314.0,16695.0,0.4444,0.2222,9500,PS,,,,85.0,,,0.014,
University of Notre Dame,Notre Dame,IN,46556,2,62693.0,62693.0,80211.0,,27823.0,,0.1247,0.2566,19000,19000,0.1238,1510.0,16610.0,8923.0,0.9683,0.9818,0.0,99980.0
Oakland City University,Oakland City,IN,47660-1099,2,27150.0,27150.0,39307.0,,12820.0,,0.3185,0.3471,12174,16758,0.6821,,6402.0,470.0,0.7,0.68,0.0,43283.0
PJ's College of Cosmetology-Richmond,Richmond,IN,47374,3,,,,,17717.0,18616.0,0.6436,0.505,6333,9833,,,,71.0,,,0.0,24039.0
Ravenscroft Beauty College,Fort Wayne,IN,46835,3,,,,,,16850.0,0.5685,0.6244,6333,7389,,,,114.0,,,0.0,23187.0
Rogers Academy of Hair Design,Evansville,IN,47708,3,,,,,15466.0,18850.0,0.5667,0.5867,9833,12652,,,,101.0,,,0.0,22590.0
Rose-Hulman Institute of Technology,Terre Haute,IN,47803-3920,2,56674.0,56674.0,74226.0,,40665.0,,0.1171,0.4094,21751,25000,0.7281,1389.0,11688.0,2224.0,0.8169,0.9064,0.0,101253.0
University of Saint Francis-Fort Wayne,Fort Wayne,IN,46808-3994,2,35420.0,35420.0,45228.0,,20361.0,,0.427,0.6263,18750,25976,0.9756,1040.0,7064.0,1599.0,0.6067,0.6568,0.0,55362.0
Saint Mary-of-the-Woods College,Saint Mary of the Woods,IN,47876-1099,2,33490.0,33490.0,47143.0,,43465.0,,0.5055,0.6687,13600,19512,0.7614,966.0,5334.0,896.0,0.5227,0.6734,0.0,43845.0
Saint Mary's College,Notre Dame,IN,46556,2,51430.0,51430.0,65706.0,,28552.0,,0.239,0.5917,23199,27000,0.8111,1233.0,7766.0,1399.0,0.7652,0.8363,0.0,59354.0
Saint Meinrad School of Theology,St. Meinrad,IN,47577,2,,,,,,,,,PS,PS,,,9398.0,,,,0.0,
Saint Elizabeth School of Nursing,Lafayette,IN,47904-9988,2,20064.0,20064.0,34606.0,,27833.0,,0.5347,0.8056,19500,26213,1.0,1020.0,,131.0,,,0.0,65230.0
Taylor University,Upland,IN,46989-1001,2,39104.0,39104.0,51879.0,,24327.0,,0.1312,0.3259,15500,20500,0.7611,1232.0,7497.0,1890.0,0.7656,0.9126,0.0,52198.0
Trine University,Angola,IN,46703-1764,2,35600.0,35600.0,50004.0,,25580.0,,0.1555,0.4082,18500,25000,0.8469,,8065.0,2344.0,0.6761,0.8536,0.0,57165.0
Valparaiso University,Valparaiso,IN,46383,2,46588.0,46588.0,57393.0,,21583.0,,0.2593,0.5266,22133,26942,0.9222,1226.0,8018.0,2229.0,0.6704,0.7877,0.0,63191.0
Vincennes Beauty College,Vincennes,IN,47591,3,,,,,9734.0,12250.0,0.3125,0.2917,5500,PS,,,,34.0,,,0.0,20064.0
Vincennes University,Vincennes,IN,47591,1,6886.0,16289.0,19446.0,10215.0,,,0.0935,0.0887,9227,12000,,,6188.0,3739.0,0.3473,0.5172,0.0,41110.0
Wabash College,Crawfordsville,IN,47933-0352,2,49125.0,49125.0,62750.0,,21906.0,,0.2251,0.5988,24855,27000,0.6278,1210.0,9318.0,845.0,0.7706,0.856,0.0,69952.0
Allen College,Waterloo,IA,50703-1999,2,20444.0,20444.0,,,,,0.2662,0.6223,15000,18750,,,7886.0,279.0,,,0.0,71261.0
Briar Cliff University,Sioux City,IA,51104,2,35534.0,35534.0,49693.0,,21590.0,,0.295,0.5499,15506,23250,,,7069.0,626.0,0.4937,0.6034,0.0,54475.0
Buena Vista University,Storm Lake,IA,50588,2,40190.0,40190.0,52490.0,,18321.0,,0.4254,0.6879,17500,25000,0.7176,1090.0,6784.0,1378.0,0.4729,0.7627,0.0,49156.0
Capri College-Dubuque,Dubuque,IA,52004-0873,3,,,,,14104.0,19180.0,0.4449,0.6356,6457,7600,,,,153.0,,,0.0,28266.0
Capri College-Cedar Rapids,Cedar Rapids,IA,52404,3,,,,,13683.0,19180.0,0.4438,0.5899,7600,7600,,,,128.0,,,0.0,29307.0
Central College,Pella,IA,50219,2,20988.0,20988.0,35177.0,,22353.0,,0.2139,0.6553,20815,26984,0.7897,1115.0,7695.0,1062.0,0.6916,0.7265,0.0,54317.0
Clarke University,Dubuque,IA,52001-3198,2,39600.0,39600.0,52899.0,,20068.0,,0.3592,0.7185,19500,26717,0.6816,1060.0,6649.0,782.0,0.5494,0.6736,0.0,55396.0
Coe College,Cedar Rapids,IA,52402-5092,2,52576.0,52576.0,64682.0,,19155.0,,0.3568,0.7255,20496,27000,0.7067,1206.0,6988.0,1246.0,0.59,0.7652,0.0,57125.0
Cornell College,Mount Vernon,IA,52314-1098,2,50634.0,50634.0,64336.0,,25079.0,,0.2896,0.6354,21500,27000,0.8066,1246.0,7938.0,1074.0,0.7167,0.7416,0.0,53460.0
Des Moines Area Community College,Ankeny,IA,50023-3993,1,5550.0,11100.0,15664.0,11050.0,,,0.1606,0.1306,6500,11000,,,8074.0,10406.0,,,0.0,41018.0
Divine Word College,Epworth,IA,52045,2,15000.0,15000.0,,,,,0.1176,0.0,PS,PS,,,6928.0,61.0,1.0,,0.0,
Dordt University,Sioux Center,IA,51250-1606,2,35960.0,35960.0,49722.0,,25383.0,,0.1827,0.4321,17500,21500,0.7116,1175.0,7100.0,1547.0,0.6533,0.8516,0.0,52559.0
Drake University,Des Moines,IA,50311-4505,2,49944.0,49944.0,62407.0,,30042.0,,0.2095,0.4709,19500,23000,0.6413,1288.0,10201.0,2669.0,0.7731,0.8392,0.0,71901.0
University of Dubuque,Dubuque,IA,52001,2,40065.0,40065.0,51060.0,,23250.0,,0.4037,0.7022,17070,25750,0.8692,1119.0,8193.0,1473.0,0.4105,0.7143,0.0,51190.0
Ellsworth Community College,Iowa Falls,IA,50126,1,5304.0,6312.0,17157.0,10915.0,,,0.3505,0.3672,6158,10000,,,7553.0,540.0,,,0.0,40562.0
Emmaus Bible College,Dubuque,IA,52001-3096,2,20000.0,20000.0,30198.0,,12904.0,,0.4029,0.2524,9350,PS,0.977,1109.0,5126.0,183.0,0.8167,0.7027,0.0,42631.0
Eastern Iowa Community College District,Davenport,IA,52801-1221,1,4680.0,6299.0,14499.0,9722.0,,,0.2249,0.1671,7970,12739,,,6359.0,3244.0,,,0.0,39060.0
Faith Baptist Bible College and Theological Seminary,Ankeny,IA,50023-2152,2,19530.0,19530.0,30354.0,,17819.0,,0.374,0.2573,8750,12971,0.4968,1088.0,5672.0,371.0,0.6105,0.8,0.0,40650.0
Graceland University-Lamoni,Lamoni,IA,50140,2,33220.0,33220.0,46850.0,,15975.0,,0.4516,0.7331,14209,21212,0.8322,,6845.0,901.0,0.3834,0.6436,0.0,47361.0
Grand View University,Des Moines,IA,50316,2,33450.0,33450.0,46188.0,,21616.0,,0.3811,0.6889,15097,22500,0.9838,,8618.0,1472.0,0.5579,0.7295,0.0,52824.0
Grinnell College,Grinnell,IA,50112-1690,2,64862.0,64862.0,79228.0,,15608.0,,0.1688,0.116,14151,17500,0.1268,1486.0,12177.0,1705.0,0.8747,0.931,0.0,62830.0
Orion Technical College,Davenport,IA,52807,3,15600.0,15600.0,26127.0,,20489.0,,0.5733,0.6533,9500,9500,,,3349.0,73.0,0.8049,,0.0,37008.0
Hawkeye Community College,Waterloo,IA,50701,1,6308.0,6598.0,15065.0,10298.0,,,0.2191,0.2398,8750,12000,,,6020.0,2528.0,,,0.0,42849.0
American Hair Academy,Mt. Pleasant,IA,52641,3,,,,,11892.0,17590.0,0.6897,0.6897,9858,PS,,,,27.0,,,0.0,28724.0
Indian Hills Community College,Ottumwa,IA,52501,1,4872.0,6120.0,14774.0,7492.0,,,0.2234,0.1854,7125,10500,,,6160.0,1635.0,,,0.0,40507.0
Iowa Central Community College,Fort Dodge,IA,50501,1,5376.0,7668.0,15405.0,9601.0,,,0.3124,0.3187,8000,11000,,,8435.0,3107.0,,,0.0,42046.0
Iowa Lakes Community College,Estherville,IA,51334-2295,1,7196.0,7644.0,17834.0,10846.0,,,0.204,0.2131,7242,12000,,,6342.0,995.0,,,0.0,43108.0
UnityPoint Health-Des Moines School of Radiologic Technology,Des Moines,IA,50309-1453,2,,,,,,,0.1053,0.6842,PS,PS,,,,16.0,,,0.0,
Iowa School of Beauty-Des Moines,Des Moines,IA,50322-3203,3,,,,,10298.0,19756.0,0.3944,0.5141,6333,6333,,,,74.0,,,0.0,25803.0
Iowa State University,Ames,IA,50011-2103,1,10497.0,27683.0,23309.0,18165.0,,,0.1846,0.4591,18750,22869,0.8913,1199.0,12403.0,25033.0,0.7547,0.8756,0.0,63386.0
Iowa Western Community College,Council Bluffs,IA,51503-1057,1,6780.0,6930.0,18102.0,11574.0,,,0.2591,0.2467,8098,11033,,,6194.0,3029.0,,,0.0,42793.0
University of Iowa,Iowa City,IA,52242-1316,1,10964.0,32927.0,26883.0,21398.0,,,0.1775,0.4168,18207,22500,0.8467,1220.0,12956.0,21691.0,0.7306,0.893,0.0,64762.0
Kirkwood Community College,Cedar Rapids,IA,52406-2068,1,5980.0,7968.0,14797.0,9388.0,,,0.2363,0.2097,7591,12000,,,7505.0,7438.0,,,0.0,41016.0
La James International College-Cedar Falls,Cedar Falls,IA,50613,3,,,,,18965.0,11145.0,0.6949,0.8136,7917,PS,,,,40.0,,,0.0,25575.0
La James International College-Johnston,Johnston,IA,50131,3,,,,,17456.0,19311.0,0.5528,0.6667,7917,PS,,,,113.0,,,0.0,27401.0
La James College of Hairstyling and Cosmetology,Mason City,IA,50401-3308,3,,,,,9098.0,20650.0,0.5586,0.7838,6332,6930,,,,56.0,,,0.0,27484.0
La James International College-Ft Dodge,Fort Dodge,IA,50501,3,,,,,17276.0,19311.0,0.7368,0.8684,PS,PS,,,,20.0,,,0.0,26679.0
Loras College,Dubuque,IA,52004-0178,2,38298.0,38298.0,48380.0,,21057.0,,0.2527,0.5932,19500,26000,0.9183,,6845.0,1087.0,0.6985,0.8287,0.0,58289.0
Luther College,Decorah,IA,52101-1045,2,50320.0,50320.0,62845.0,,25635.0,,0.1925,0.6043,22200,27000,0.7327,1238.0,8160.0,1454.0,0.75,0.7925,0.0,59850.0
Maharishi International University,Fairfield,IA,52557,2,16530.0,16530.0,28730.0,,18225.0,,0.5521,0.6432,11558,24781,0.969,,3713.0,774.0,0.1765,0.65,0.0,27981.0
Marshalltown Community College,Marshalltown,IA,50158,1,5304.0,5808.0,13993.0,7144.0,,,0.211,0.1178,5500,9500,,,7734.0,868.0,,,0.0,41010.0
Mercy College of Health Sciences,Des Moines,IA,50309-1239,2,17328.0,17328.0,30844.0,,23417.0,,0.3388,0.6381,12500,14745,0.9878,,5902.0,905.0,0.4857,0.5263,0.0,62234.0
Morningside University,Sioux City,IA,51106-1751,2,38190.0,38190.0,50429.0,,23169.0,,0.3153,0.688,15750,26028,0.7057,910.0,7288.0,1166.0,0.5284,0.6936,0.0,55494.0
Mount Mercy University,Cedar Rapids,IA,52402-4797,2,39070.0,39070.0,52436.0,,23435.0,,0.2589,0.5696,18500,23699,0.7876,1120.0,6542.0,1135.0,0.5588,0.7014,0.0,60787.0
Ashford University,San Diego,CA,92123,3,13160.0,13160.0,30866.0,,25321.0,,0.3114,0.3576,9500,31250,,,7671.0,23734.0,0.0877,0.3065,0.0,35404.0
North Iowa Area Community College,Mason City,IA,50401,1,6436.0,9245.0,15161.0,8849.0,,,0.2356,0.2098,6000,9500,,,7476.0,1271.0,,,0.0,43462.0
University of Northern Iowa,Cedar Falls,IA,50614-0005,1,9728.0,21272.0,21627.0,14609.0,,,0.238,0.4381,16486,19691,0.944,1120.0,8608.0,7599.0,0.6894,0.846,0.0,55177.0
Northwestern College,Orange City,IA,51041,2,35300.0,35300.0,48447.0,,23519.0,,0.2274,0.5418,16791,23249,0.8701,,7550.0,1125.0,0.6357,0.7986,0.0,49802.0
Northeast Iowa Community College,Calmar,IA,52132-0400,1,6600.0,7470.0,16720.0,10059.0,,,0.2267,0.159,8284,12000,,,6514.0,1736.0,,,0.0,41306.0
Northwest Iowa Community College,Sheldon,IA,51201,1,7110.0,7410.0,17914.0,12357.0,,,0.1464,0.1342,7000,9500,,,6288.0,856.0,,,0.0,50776.0
Des Moines University-Osteopathic Medical Center,West Des Moines,IA,50266,2,,,,,,,,,PS,PS,,,10517.0,,,,0.0,
Palmer College of Chiropractic,Davenport,IA,52803-5287,2,,,,,,,0.375,0.75,7500,PS,,,6437.0,41.0,0.0,,0.0,59483.0
PCI Academy-Ames,Ames,IA,50010,3,,,,,18518.0,27988.0,0.3165,0.3957,4858,5828,,,,170.0,,,0.0,31330.0
Saint Ambrose University,Davenport,IA,52803-2898,2,35598.0,35598.0,50018.0,,22750.0,,0.279,0.6667,19500,25000,0.7332,,7725.0,2101.0,0.6285,0.8362,0.0,59531.0
St Luke's College,Sioux City,IA,51104-0263,2,20940.0,20940.0,27391.0,,13021.0,,0.4643,0.648,13000,15000,0.4444,980.0,6653.0,192.0,0.3333,,0.0,61033.0
La James International College-Davenport,Davenport,IA,52806,3,,,,,20940.0,11145.0,0.6303,0.6909,7917,PS,,,,123.0,,,0.0,23303.0
Simpson College,Indianola,IA,50125,2,46212.0,46212.0,58937.0,,22231.0,,0.3265,0.7045,20262,26000,0.8888,1410.0,6901.0,1130.0,0.6566,0.76,0.0,59274.0
Southeastern Community College,West Burlington,IA,52655-0180,1,6300.0,6450.0,16582.0,12812.0,,,0.2687,0.2463,7398,12000,,,7625.0,1529.0,,,0.0,36882.0
Southwestern Community College,Creston,IA,50801,1,7024.0,7248.0,16399.0,9775.0,,,0.2385,0.2353,7418,10975,,,5579.0,774.0,,,0.0,40129.0
Capri College-Davenport,Davenport,IA,52807-3003,3,,,,,12882.0,19180.0,0.4455,0.5261,5984,7600,,,,142.0,,,0.0,26932.0
Iowa School of Beauty-Sioux City,Sioux City,IA,51106,3,,,,,9798.0,19756.0,0.5156,0.5469,9500,PS,,,,40.0,,,0.0,26654.0
SOHO Hair Academy,Council Bluffs,IA,51501,3,,,,,11765.0,22131.0,0.6667,0.6458,8550,9425,,,,50.0,,,0.0,17349.0
Upper Iowa University,Fayette,IA,52142-1857,2,19000.0,19000.0,48422.0,,23172.0,,0.3252,0.4901,18000,25000,0.9338,929.0,6309.0,2021.0,0.4147,0.5936,0.0,52766.0
Waldorf University,Forest City,IA,50436-1713,3,25220.0,25220.0,38035.0,,21683.0,,0.339,0.3865,12025,18752,0.726,,5619.0,2103.0,0.2897,0.5175,0.0,51165.0
Wartburg College,Waverly,IA,50677-0903,2,51040.0,51040.0,61832.0,,22604.0,,0.2147,0.6399,19500,27000,0.9941,1136.0,7111.0,1446.0,0.6682,0.8029,0.0,56201.0
Wartburg Theological Seminary,Dubuque,IA,52003-7769,2,,,,,,,,,PS,PS,,,6813.0,,,,0.0,
The Salon Professional Academy-Cedar Falls,Cedar Falls,IA,50613,3,,,,,13595.0,16900.0,0.6,0.5684,12000,12500,,,,101.0,,,0.0,20955.0
Western Iowa Tech Community College,Sioux City,IA,51102-5199,1,5042.0,5186.0,14300.0,8875.0,,,0.2526,0.1717,7000,11000,,,6797.0,2589.0,,,0.0,40473.0
William Penn University,Oskaloosa,IA,52577,2,28750.0,28750.0,40749.0,,22115.0,,0.4558,0.8818,12000,22415,0.5701,996.0,6383.0,1391.0,0.2924,0.5623,0.0,48936.0
Allen County Community College,Iola,KS,66749,1,3920.0,4480.0,13072.0,5899.0,,,0.172,0.111,5021,6954,,,6470.0,761.0,,,0.0,40059.0
Baker University,Baldwin City,KS,66006-0065,2,33900.0,33900.0,48117.0,,22500.0,,0.2386,0.4407,18530,25000,0.921,950.0,6838.0,1080.0,0.5938,0.7424,0.0,63855.0
Barton County Community College,Great Bend,KS,67530,1,3616.0,4832.0,17048.0,11865.0,,,0.1836,0.0921,6250,9501,,,6363.0,2273.0,,,0.0,40428.0
Benedictine College,Atchison,KS,66002-1499,2,34800.0,34800.0,50820.0,,27477.0,,0.1621,0.63,18570,24599,0.7645,1244.0,8032.0,2236.0,0.6507,0.8044,0.0,53175.0
Bethany College,Lindsborg,KS,67456-1897,2,31946.0,31946.0,52396.0,,29203.0,,0.4328,0.6828,9500,23250,0.786,,4620.0,583.0,0.2867,0.4903,0.0,49694.0
Bethel College-North Newton,North Newton,KS,67117-1716,2,34002.0,34002.0,47672.0,,24392.0,,0.3879,0.7071,12000,24000,0.957,,6038.0,499.0,0.4309,0.6036,0.0,49898.0
Butler Community College,El Dorado,KS,67042-3280,1,3556.0,6256.0,20278.0,16051.0,,,0.3075,0.1832,6680,10500,,,6493.0,5694.0,,,0.0,41206.0
Central Christian College of Kansas,McPherson,KS,67460-5740,2,21000.0,21000.0,32495.0,,12473.0,,0.4311,0.6007,15750,27000,,,4168.0,394.0,0.2303,0.5946,0.0,44468.0
Cloud County Community College,Concordia,KS,66901-1002,1,3180.0,4140.0,16432.0,11477.0,,,0.215,0.0866,6326,8000,,,5216.0,807.0,,,0.0,39883.0
Coffeyville Community College,Coffeyville,KS,67337-5064,1,3040.0,4608.0,11727.0,5481.0,,,0.3175,0.2049,5500,8103,,,5414.0,870.0,,,0.0,35246.0
Colby Community College,Colby,KS,67701,1,4046.0,5736.0,12705.0,8021.0,,,0.229,0.1754,6206,8908,,,5680.0,837.0,,,0.0,41889.0
Cowley County Community College,Arkansas City,KS,67005,1,4350.0,6150.0,12773.0,6752.0,,,0.352,0.2242,5250,8000,,,5396.0,1548.0,,,0.0,37723.0
Dodge City Community College,Dodge City,KS,67801-2399,1,4650.0,5850.0,10039.0,6147.0,,,0.279,0.1743,5451,8800,,,6209.0,1200.0,,,0.0,45427.0
Donnelly College,Kansas City,KS,66102,2,10350.0,10350.0,22227.0,,15025.0,,0.6313,0.1816,8747,11842,,,5418.0,343.0,0.38,0.7561,0.0,35715.0
Emporia State University,Emporia,KS,66801-5415,1,7356.0,15669.0,20527.0,15702.0,,,0.3401,0.6062,14000,19500,0.9774,1090.0,7089.0,2328.0,0.543,0.6742,0.0,47601.0
Flint Hills Technical College,Emporia,KS,66801-5957,1,6196.0,6196.0,21137.0,15533.0,,,0.113,0.1056,6365,6625,,,5216.0,341.0,,,0.0,47007.0
Fort Hays State University,Hays,KS,67601-4099,1,5633.0,16811.0,19114.0,13493.0,,,0.2227,0.27,14250,21000,0.9177,1118.0,7883.0,9792.0,0.4785,0.7684,0.0,48928.0
Barclay College,Haviland,KS,67059-0288,2,26590.0,26590.0,40190.0,,28827.0,,0.6513,0.6184,24320,27000,0.5449,,5336.0,161.0,0.5517,0.4762,0.0,36355.0
Friends University,Wichita,KS,67213,2,32748.0,32748.0,44401.0,,25752.0,,0.3365,0.5,17413,25000,0.5564,1014.0,6838.0,1015.0,0.6149,0.6962,0.0,52113.0
Fort Scott Community College,Fort Scott,KS,66701,1,3240.0,3690.0,10838.0,665.0,,,0.2635,0.2201,5500,9500,,,4291.0,763.0,,,0.0,37213.0
Garden City Community College,Garden City,KS,67846-6333,1,3570.0,4200.0,14588.0,8681.0,,,0.2941,0.1087,5200,6500,,,6935.0,1321.0,,,0.0,41704.0
Haskell Indian Nations University,Lawrence,KS,66046-4800,1,600.0,600.0,10134.0,3031.0,,,0.619,0.0,PS,PS,0.8832,,6996.0,878.0,0.4259,,,37043.0
Hays Academy of Hair Design,Hays,KS,67601,3,,,,,14744.0,16100.0,0.4286,0.4911,9833,9833,,,,74.0,,,0.0,23712.0
Hesston College,Hesston,KS,67062-2093,2,31368.0,31368.0,44939.0,,21458.0,,0.3025,0.7716,12000,12000,,,5350.0,308.0,0.5741,0.8333,0.0,47495.0
Highland Community College,Highland,KS,66035-4165,1,4116.0,4116.0,15854.0,10388.0,,,0.1723,0.1565,5500,8277,,,6154.0,1262.0,,,0.0,41291.0
Hutchinson Community College,Hutchinson,KS,67501,1,3420.0,4650.0,12881.0,5300.0,,,0.2379,0.1093,6500,9773,,,5724.0,2911.0,,,0.0,43470.0
Independence Community College,Independence,KS,67301-0708,1,4260.0,4650.0,12041.0,6262.0,,,0.4017,0.2435,4750,6115,,,5830.0,518.0,,,0.0,34941.0
Johnson County Community College,Overland Park,KS,66210-1299,1,2328.0,5472.0,18946.0,13912.0,,,0.1649,0.0796,4500,8750,,,8615.0,10634.0,,,0.0,45387.0
Concorde Career College-Kansas City,Kansas City,MO,64114,3,,,,,28094.0,15973.0,0.5393,0.6609,9500,9500,0.9883,,7598.0,240.0,0.5693,,0.0,35242.0
Kansas City Kansas Community College,Kansas City,KS,66112,1,3150.0,6720.0,18095.0,15255.0,,,0.3067,0.0691,5750,8793,,,7530.0,3071.0,,,0.0,40795.0
Kansas Christian College,Overland Park,KS,66204-1975,2,10950.0,10950.0,21889.0,,15686.0,,0.5798,0.6117,7859,PS,,,2804.0,143.0,0.2857,0.4815,0.0,
University of Kansas,Lawrence,KS,66045,1,11700.0,29412.0,25215.0,17365.0,,,0.1953,0.3736,15500,21000,0.882,1186.0,11081.0,19857.0,0.6879,0.8513,0.0,61945.0
Newman University,Wichita,KS,67213-2097,2,35500.0,35500.0,44081.0,,19045.0,,0.124,0.18,15240,20801,0.4761,,6497.0,857.0,0.5377,0.7073,0.0,55041.0
Old Town Barber College-Wichita,Wichita,KS,67211-1605,3,,,,,14647.0,15850.0,0.7442,0.7287,9667,13000,,,,94.0,,,0.0,21295.0
Kansas State University,Manhattan,KS,66506,1,10942.0,27816.0,25441.0,17883.0,,,0.1934,0.3664,17294,21250,0.7936,1149.0,10621.0,14835.0,0.7047,0.8716,0.0,57262.0
Kansas Wesleyan University,Salina,KS,67401-6146,2,33470.0,33470.0,45683.0,,23369.0,,0.4083,0.7358,15000,23250,0.8498,,6133.0,894.0,0.3846,0.5983,0.0,51152.0
Washburn Institute of Technology,Topeka,KS,66604,1,9120.0,9120.0,17795.0,12943.0,,,0.1729,0.1158,12500,18127,0.4075,,,490.0,,,0.0,49774.0
Labette Community College,Parsons,KS,67357-4201,1,3968.0,4768.0,13629.0,7795.0,,,0.2189,0.1004,6500,10500,,,6676.0,766.0,,,0.0,37818.0
Manhattan Area Technical College,Manhattan,KS,66503-2499,1,9276.0,9276.0,18055.0,11752.0,,,0.1199,0.1452,7601,9500,,,6136.0,328.0,,,0.0,51864.0
Manhattan Christian College,Manhattan,KS,66502-4801,2,18424.0,18424.0,34318.0,,23608.0,,0.4483,0.6345,13000,PS,1.0,1020.0,5307.0,132.0,0.5479,0.6786,0.0,48860.0
McPherson College,McPherson,KS,67460-1402,2,35162.0,35162.0,48404.0,,24837.0,,0.3362,0.6356,13833,25242,0.8379,1068.0,7359.0,786.0,0.52,0.6466,0.0,52084.0
MidAmerica Nazarene University,Olathe,KS,66062-1899,2,36120.0,36120.0,53495.0,,29520.0,,0.2847,0.5306,12912,15000,0.7346,1016.0,6757.0,977.0,0.4615,0.6137,0.0,62972.0
Neosho County Community College,Chanute,KS,66720,1,5644.0,5644.0,16555.0,10179.0,,,0.1974,0.081,5500,8500,,,5693.0,848.0,,,0.0,45966.0
North Central Kansas Technical College,Beloit,KS,67420,1,7208.0,7208.0,22287.0,17460.0,,,0.1952,0.2172,6850,10000,,,5179.0,472.0,,,0.0,46928.0
Northwest Kansas Technical College,Goodland,KS,67735,1,,,,12222.0,,17500.0,0.2262,0.3487,8717,12000,,,5754.0,314.0,,,0.0,38616.0
Ottawa University-Ottawa,Ottawa,KS,66067-3399,2,35300.0,35300.0,51340.0,,28083.0,,0.3529,0.8535,12500,21500,0.8003,1011.0,6523.0,935.0,0.2872,0.5761,0.0,55552.0
Ottawa University-Kansas City,Overland Park,KS,66211,2,,,,,,,0.4618,0.6182,12500,21500,,,4177.0,223.0,,,0.0,55552.0
Pittsburg State University,Pittsburg,KS,66762,1,8008.0,19692.0,22426.0,18889.0,,,0.3226,0.4451,14000,18969,0.8817,1090.0,7735.0,4162.0,0.5758,0.7784,0.0,50579.0
Pratt Community College,Pratt,KS,67124,1,4064.0,4712.0,15333.0,8244.0,,,0.1913,0.1797,5500,6500,,,6183.0,600.0,,,0.0,51892.0
University of Saint Mary,Leavenworth,KS,66048-5082,2,33890.0,33890.0,45313.0,,23335.0,,0.3688,0.7353,14817,22018,0.8984,1047.0,6801.0,889.0,0.4406,0.6429,0.0,59483.0
Salina Area Technical College,Salina,KS,67401,1,7020.0,7020.0,12938.0,7018.0,,,0.1357,0.1099,5500,7000,,,6436.0,352.0,,,0.0,42175.0
Seward County Community College,Liberal,KS,67901,1,3744.0,5056.0,12662.0,6742.0,,,0.202,0.27,5000,6500,,,6473.0,1140.0,,,0.0,41445.0
Southwestern College,Winfield,KS,67156-2499,2,38480.0,38480.0,53677.0,,27310.0,,0.3946,0.4892,12500,25000,0.6497,,6357.0,1026.0,0.3351,0.5306,0.0,55646.0
Sterling College,Sterling,KS,67579,2,32200.0,32200.0,44836.0,,22403.0,,0.3167,0.4971,12000,24625,0.5303,,5086.0,569.0,0.2903,0.5894,0.0,45846.0
Tabor College,Hillsboro,KS,67063-1799,2,35050.0,35050.0,48360.0,,19868.0,,0.3783,0.5744,14000,23887,0.6462,1049.0,6015.0,530.0,0.3289,0.6556,0.0,54058.0
Washburn University,Topeka,KS,66621,1,9578.0,20582.0,20949.0,13046.0,,,0.3052,0.3467,12500,18127,,,8507.0,4093.0,0.5263,0.6924,0.0,49774.0
Wichita State University-Campus of Applied Sciences and Technology,Wichita,KS,67226,1,6018.0,6928.0,16928.0,10741.0,,,0.2133,0.185,6650,9500,,,5010.0,2778.0,,,0.0,38679.0
Wichita State University,Wichita,KS,67260-0124,1,9322.0,19240.0,21064.0,13776.0,,,0.2973,0.3488,14700,20500,0.9494,1118.0,8979.0,10493.0,0.5143,0.6759,0.0,51532.0
Wichita Technical Institute,Wichita,KS,67213-1927,3,,,,,18524.0,18000.0,0.7533,0.7862,9833,13000,,,,866.0,,,0.0,34101.0
Alice Lloyd College,Pippa Passes,KY,41844,2,14080.0,14080.0,30294.0,,17839.0,,0.5565,0.4846,7990,19599,0.8557,980.0,5344.0,528.0,0.2636,0.5824,0.0,40573.0
Asbury University,Wilmore,KY,40390-1198,2,33640.0,33640.0,46209.0,,20428.0,,0.2631,0.4284,17500,24028,0.6406,,7012.0,1369.0,0.65,0.8427,0.0,42368.0
Asbury Theological Seminary,Wilmore,KY,40390-1199,2,,,,,,,,,PS,PS,,,9167.0,,,,0.0,
Ashland Community and Technical College,Ashland,KY,41101-3683,1,4656.0,6192.0,13571.0,4907.0,,,0.4302,0.2215,8000,10950,,,5467.0,1566.0,,,0.0,34504.0
Bellarmine University,Louisville,KY,40205-0671,2,47180.0,47180.0,60247.0,,23587.0,,0.2501,0.5237,20000,25000,0.9359,1208.0,8511.0,2286.0,0.6775,0.7509,0.0,62069.0
Berea College,Berea,KY,40404-2182,2,49326.0,49326.0,56068.0,,4483.0,,0.8101,0.1201,3516,3591,0.3271,1248.0,8894.0,1472.0,0.6204,0.8778,0.0,43150.0
PJ's College of Cosmetology-Bowling Green,Bowling Green,KY,42101,3,,,,,20272.0,18616.0,0.5631,0.5631,7283,7917,,,,285.0,,,0.0,20392.0
Southcentral Kentucky Community and Technical College,Bowling Green,KY,42101-3601,1,4656.0,6192.0,13738.0,3794.0,,,0.318,0.0951,7600,10175,,,5174.0,2952.0,,,0.0,34242.0
Brescia University,Owensboro,KY,42301-3023,2,30450.0,30450.0,41865.0,,14626.0,,0.4283,0.5681,20185,29430,0.3461,,5746.0,538.0,0.4597,0.5684,0.0,45500.0
Campbellsville University,Campbellsville,KY,42718-2799,2,26990.0,26990.0,40924.0,,18246.0,,0.2154,0.2068,9500,17156,0.9833,,6329.0,2641.0,0.4713,0.5979,0.0,41583.0
Bluegrass Community and Technical College,Lexington,KY,40506,1,4706.0,6242.0,13281.0,5920.0,,,0.3504,0.2055,6755,10500,,,5738.0,7713.0,,,0.0,36343.0
Centre College,Danville,KY,40422-1394,2,50550.0,50550.0,63354.0,,21497.0,,0.2122,0.4473,25125,27000,0.5434,1345.0,9296.0,1346.0,0.8529,0.875,0.0,66240.0
Clear Creek Baptist Bible College,Pineville,KY,40977-9752,2,10120.0,10120.0,20151.0,,10255.0,,0.4436,0.0,PS,PS,,,4636.0,132.0,0.3333,0.625,,41623.0
Paul Mitchell the School-Lexington,Lexington,KY,40514,3,,,,,22869.0,19391.0,0.509,0.4838,9833,9833,,,,204.0,,,0.0,23207.0
Galen College of Nursing-Louisville,Louisville,KY,40245,3,,,,,,41760.0,0.2591,0.3942,16500,24166,,,6681.0,4184.0,0.6316,0.6739,0.0,61480.0
University of the Cumberlands,Williamsburg,KY,40769,2,9875.0,9875.0,24654.0,,11286.0,,0.4848,0.6916,8592,14911,0.7139,,6359.0,5468.0,0.4624,0.8113,0.0,45036.0
Eastern Kentucky University,Richmond,KY,40475-3102,1,10130.0,20820.0,22265.0,9962.0,,,0.3861,0.4277,14929,22500,0.7809,1089.0,7646.0,11674.0,0.4974,0.7962,0.0,45795.0
Elizabethtown Community and Technical College,Elizabethtown,KY,42701-3081,1,4656.0,6192.0,13502.0,5594.0,,,0.3568,0.1131,5975,9055,,,5750.0,3775.0,,,0.0,36143.0
Frontier Nursing University,Versailles,KY,40383,2,,,,,,,,,PS,PS,,,8238.0,,,,0.0,
Georgetown College,Georgetown,KY,40324-1696,2,42010.0,42010.0,56297.0,,13485.0,,0.3439,0.528,13000,25200,0.7388,1149.0,6625.0,1180.0,0.4754,0.677,0.0,52074.0
PJ's College of Cosmetology-Glasgow,Glasgow,KY,42141,3,,,,,19420.0,18616.0,0.7246,0.6232,9500,14042,,,,43.0,,,0.0,18537.0
Hazard Community and Technical College,Hazard,KY,41701-2402,1,4656.0,6192.0,12187.0,3376.0,,,0.3728,0.115,7000,10125,,,5697.0,1404.0,,,0.0,29868.0
Paul Mitchell the School-Louisville,Louisville,KY,40222,3,,,,,26643.0,18789.0,0.4531,0.5825,9833,9833,,,,219.0,,,0.0,28449.0
Henderson Community College,Henderson,KY,42420-4699,1,4656.0,6192.0,13433.0,5063.0,,,0.3287,0.1321,7457,10483,,,5434.0,876.0,,,0.0,35714.0
Hopkinsville Community College,Hopkinsville,KY,42240,1,4656.0,6192.0,12810.0,3939.0,,,0.428,0.1297,6999,10691,,,5212.0,1498.0,,,0.0,36323.0
Jefferson Community and Technical College,Louisville,KY,40202,1,4706.0,6242.0,13488.0,6058.0,,,0.2933,0.1202,6989,11651,,,5915.0,7105.0,,,0.0,38171.0
Summit Salon Academy-Lexington,Lexington,KY,40505,3,,,,,13809.0,7800.0,0.5086,0.5517,6333,7917,,,,123.0,,,0.0,24148.0
American National University-Pikeville,Pikeville,KY,41501-1520,3,11484.0,11484.0,21504.0,,16238.0,,0.8017,0.8354,10814,23618,,,4675.0,229.0,0.5,0.0,0.0,28188.0
Kentucky Mountain Bible College,Jackson,KY,41339,2,10060.0,10060.0,16490.0,,9904.0,,0.5513,0.359,5500,PS,0.3571,980.0,783.0,72.0,0.3571,0.8182,0.018,21256.0
Kentucky State University,Frankfort,KY,40601-2355,1,9214.0,13260.0,21023.0,8900.0,,,0.5652,0.5503,12250,25938,0.9255,910.0,6891.0,1317.0,0.2714,0.6079,0.0,36382.0
Kentucky Wesleyan College,Owensboro,KY,42301,2,33393.0,33393.0,43981.0,,36431.0,,0.4157,0.5166,11000,23250,0.67,1043.0,5975.0,794.0,0.526,0.6486,0.0,46747.0
University of Kentucky,Lexington,KY,40506-0032,1,13212.0,33406.0,32291.0,17218.0,,,0.215,0.348,16750,22500,0.9238,1213.0,11693.0,23189.0,0.6993,0.8667,0.0,59025.0
Kentucky Christian University,Grayson,KY,41143-1199,2,25000.0,25000.0,38893.0,,22139.0,,0.3704,0.5926,8510,22250,0.6238,1044.0,4911.0,438.0,0.3377,0.4528,0.0,42375.0
Lexington Theological Seminary,Lexington,KY,40503,2,,,,,,,,,PS,PS,,,6232.0,,,,0.0,
Lindsey Wilson College,Columbia,KY,42728-1223,2,27274.0,27274.0,39568.0,,13811.0,,0.4988,0.5023,11514,16784,,,6226.0,1649.0,0.3808,0.6275,0.0,41129.0
University of Louisville,Louisville,KY,40292-0001,1,12828.0,29174.0,30843.0,17634.0,,,0.288,0.2852,13750,20500,0.8054,1147.0,9254.0,14187.0,0.6068,0.8058,0.0,53899.0
Louisville Presbyterian Theological Seminary,Louisville,KY,40205-1798,2,,,,,,,,,,,,,6947.0,,,,0.022,
Madisonville Community College,Madisonville,KY,42431,1,4656.0,6192.0,13413.0,5782.0,,,0.286,0.1025,5853,8450,,,5905.0,1797.0,,,0.0,35733.0
Maysville Community and Technical College,Maysville,KY,41056,1,4656.0,6192.0,13015.0,5577.0,,,0.3442,0.1449,8047,11500,,,5615.0,2207.0,,,0.0,32194.0
Midway University,Midway,KY,40347-1120,2,26080.0,26080.0,41400.0,,23863.0,,0.4613,0.6234,12470,21301,0.9518,1145.0,7286.0,1250.0,0.4638,0.6883,0.0,44246.0
Morehead State University,Morehead,KY,40351,1,9838.0,14706.0,22758.0,10089.0,,,0.2873,0.3428,14705,22250,0.8212,,7578.0,4689.0,0.4769,0.6948,0.0,43197.0
Murray State University,Murray,KY,42071-3318,1,9708.0,19452.0,21475.0,9121.0,,,0.3135,0.3663,15000,20500,0.8617,1110.0,7536.0,6646.0,0.5953,0.7614,0.0,44737.0
Gateway Community and Technical College,Florence,KY,41042,1,4656.0,6192.0,13849.0,5897.0,,,0.2876,0.1162,8000,10711,,,5378.0,2824.0,,,0.0,36147.0
Northern Kentucky University,Highland Heights,KY,41099,1,10896.0,21480.0,19471.0,7168.0,,,0.2355,0.3091,15159,23000,0.9603,1114.0,8664.0,8065.0,0.4828,0.7782,0.0,50220.0
West Kentucky Community and Technical College,Paducah,KY,42001,1,4656.0,6192.0,13457.0,5023.0,,,0.3202,0.093,6158,8986,,,5421.0,2810.0,,,0.0,34891.0
University of Pikeville,Pikeville,KY,41501,2,24150.0,24150.0,33271.0,,13591.0,,0.397,0.6673,12467,20679,,,6950.0,1140.0,0.3907,0.645,0.0,48231.0
Big Sandy Community and Technical College,Prestonsburg,KY,41653,1,4656.0,6192.0,13046.0,4530.0,,,0.4437,0.172,6911,9357,,,5657.0,1590.0,,,0.0,32954.0
Empire Beauty School-Chenoweth,Louisville,KY,40207,3,,,,,14876.0,17145.0,0.5373,0.4701,7851,10667,,,,83.0,,,0.0,23921.0
Empire Beauty School-Elizabethtown,Elizabethtown,KY,42701,3,,,,,16588.0,18345.0,0.57,0.605,6222,10667,,,,158.0,,,0.0,24022.0
Empire Beauty School-Dixie,Louisville,KY,40216,3,,,,,16271.0,18345.0,0.7111,0.6815,6756,10667,,,,80.0,,,0.0,24397.0
Empire Beauty School-Florence,Florence,KY,41042,3,,,,,15669.0,17145.0,0.5611,0.5556,7667,13000,,,,124.0,,,0.0,23925.0
Somerset Community College,Somerset,KY,42501-2973,1,4656.0,6192.0,12464.0,3913.0,,,0.4343,0.1595,8000,12215,,,5534.0,3899.0,,,0.0,30787.0
Southeast Kentucky Community & Technical College,Cumberland,KY,40823,1,4656.0,6192.0,12431.0,3537.0,,,0.4011,0.0987,5500,6919,,,5722.0,1680.0,,,0.0,29482.0
The Southern Baptist Theological Seminary,Louisville,KY,40280-0001,2,13086.0,13086.0,,,,,0.0,0.0,PS,PS,0.9689,1118.0,8246.0,844.0,0.4386,0.8069,,
Spalding University,Louisville,KY,40203-2188,2,27850.0,27850.0,43474.0,,24264.0,,0.3559,0.5737,20500,25250,0.9864,1014.0,8298.0,597.0,0.5732,0.697,0.0,49438.0
Sullivan University,Louisville,KY,40205,3,14220.0,14220.0,31100.0,,25785.0,,0.1133,0.1518,10688,20000,,,6632.0,2498.0,0.3018,,0.0,38008.0
Thomas More University,Crestview Hills,KY,41017-3495,2,38400.0,38400.0,46342.0,,20701.0,,0.2247,0.597,14376,26236,0.9703,1140.0,6601.0,1305.0,0.4011,0.6702,0.0,59384.0
Transylvania University,Lexington,KY,40508-1797,2,44980.0,44980.0,58863.0,,23560.0,,0.2405,0.4995,20000,27000,0.8499,1285.0,10244.0,1014.0,0.6975,0.8345,0.0,54705.0
Union College,Barbourville,KY,40906-1499,2,30946.0,30946.0,44375.0,,23906.0,,0.5062,0.6483,14250,24250,0.5504,965.0,5029.0,736.0,0.3603,0.575,0.0,42002.0
Western Kentucky University,Bowling Green,KY,42101-1000,1,11436.0,27000.0,23520.0,10916.0,,,0.2871,0.3625,14702,22095,0.9705,977.0,8011.0,12267.0,0.5367,0.7797,0.0,43889.0
Central Louisiana Technical Community College,Alexandria,LA,71301,1,4099.0,4099.0,11966.0,5497.0,,,0.4568,0.3173,7000,7000,,,5115.0,1100.0,,,0.0,29558.0
Ayers Career College,Shreveport,LA,71118,3,,,,,17824.0,17656.0,0.9035,0.886,8772,9500,,,,213.0,,,0.0,29935.0
Baton Rouge General Medical Center School of Nursing & School of Radiologic Technology,Baton Rouge,LA,70806,2,,,,,,,0.4538,0.7385,13000,16750,,,,130.0,,,0.0,75071.0
Bossier Parish Community College,Bossier City,LA,71111-6922,1,4283.0,4283.0,15872.0,9840.0,,,0.4956,0.4019,9500,17500,,,6101.0,5046.0,,,0.0,34502.0
Centenary College of Louisiana,Shreveport,LA,71104,2,40000.0,40000.0,57929.0,,25159.0,,0.3891,0.6748,15250,27000,0.5442,1171.0,7591.0,615.0,0.593,0.7514,0.0,50330.0
Cloyd's Beauty School 1 Inc,West Monroe,LA,71291-0603,3,,,,,5902.0,10560.0,0.7654,0.0,PS,PS,,,,49.0,,,,18603.0
Crescent City Bartending School,New Orleans,LA,70119,3,,,,,19078.0,9950.0,0.9753,0.2207,6100,9500,,,,693.0,,,0.0,22407.0
Delgado Community College,New Orleans,LA,70119,1,4678.0,4678.0,19137.0,11926.0,,,0.6178,0.4868,9500,20198,,,7030.0,11182.0,,,0.0,33305.0
Avery James College,Lake Charles,LA,70601,3,,,,,17278.0,18700.0,0.7255,0.7843,5229,9573,,,,74.0,,,0.0,
Denham Springs Beauty School,Denham Springs,LA,70726,3,,,,,10597.0,15000.0,0.5281,0.573,7797,PS,,,,72.0,,,0.0,18298.0
Dillard University,New Orleans,LA,70122,2,22194.0,22194.0,36057.0,,18553.0,,0.6781,0.9297,23048,31000,0.4051,1089.0,7291.0,1111.0,0.451,0.696,0.0,39196.0
Nunez Community College,Chalmette,LA,70043,1,4255.0,4255.0,17309.0,10017.0,,,0.4187,0.3372,8250,13000,,,6156.0,1495.0,,,0.0,35343.0
Grambling State University,Grambling,LA,71245,1,7683.0,16706.0,25100.0,19125.0,,,0.7217,0.7709,24500,36500,0.2368,955.0,6374.0,4144.0,0.3234,0.7619,0.0,41109.0
Belbo Beauty Institute,Shreveport,LA,71105,3,,,,,23914.0,19000.0,0.5078,0.5469,9500,9500,,,,109.0,,,0.0,16792.0
ITI Technical College,Baton Rouge,LA,70817,3,11711.0,11711.0,24236.0,,19862.0,,0.596,0.7366,12214,15006,,,4801.0,513.0,,,0.0,68342.0
John Jay Beauty College,Kenner,LA,70062,3,,,,,6624.0,6550.0,0.5796,0.0,PS,PS,,,,104.0,,,,17985.0
Louisiana State University Health Sciences Center-New Orleans,New Orleans,LA,70112-2223,1,,,,,,,0.2193,0.3136,18500,19500,,,9549.0,843.0,,,0.0,78495.0
Louisiana State University-Alexandria,Alexandria,LA,71302-9121,1,7050.0,14650.0,15540.0,8365.0,,,0.3563,0.3856,10500,19000,0.9263,1048.0,7238.0,4414.0,0.3552,0.6783,0.0,42205.0
Louisiana State University and Agricultural & Mechanical College,Baton Rouge,LA,70803-2750,1,11954.0,28631.0,34328.0,20015.0,,,0.2565,0.2956,12956,20500,0.74,1248.0,11234.0,29207.0,0.7096,0.8401,0.0,61251.0
Louisiana State University-Eunice,Eunice,LA,70535,1,4730.0,10094.0,16541.0,9619.0,,,0.3882,0.3721,6989,14250,,,5716.0,2617.0,,,0.0,36498.0
Louisiana State University-Shreveport,Shreveport,LA,71115-2399,1,7327.0,20481.0,19233.0,8130.0,,,0.3781,0.3164,15000,22500,0.8272,1119.0,9335.0,2150.0,0.3321,0.625,0.0,47477.0
Aveda Arts & Sciences Institute-Baton Rouge,Baton Rouge,LA,70816-2246,3,,,,,20934.0,19500.0,0.5093,0.5435,9833,9833,,,,197.0,,,0.0,25903.0
Aveda Arts & Sciences Institute-Lafayette,Lafayette,LA,70503-3246,3,,,,,,19500.0,0.4224,0.4784,7411,7916,,,,134.0,,,0.0,23904.0
Louisiana Academy of Beauty,Eunice,LA,70535,3,,,,,20597.0,15200.0,0.3721,0.3256,5500,PS,,,,31.0,,,0.035,16539.0
Louisiana Christian University,Pineville,LA,71359,2,19740.0,19740.0,30564.0,,16874.0,,0.4075,0.595,11000,21875,0.8379,,6201.0,750.0,0.4128,0.6082,0.0,51700.0
Opelousas School of Cosmetology,Opelousas,LA,70570,3,,,,,16904.0,14500.0,0.7917,0.8333,6500,PS,,,,10.0,,,0.058,26459.0
Louisiana Tech University,Ruston,LA,71272,1,10125.0,16866.0,24405.0,12209.0,,,0.205,0.2865,15000,22135,0.7257,1190.0,8887.0,7819.0,0.5762,0.8399,0.0,52279.0
Loyola University New Orleans,New Orleans,LA,70118-6143,2,47240.0,47240.0,61837.0,,22762.0,,0.3721,0.5375,18500,26000,0.8772,,8882.0,2999.0,0.6742,0.7737,0.0,52927.0
McNeese State University,Lake Charles,LA,70605,1,8460.0,9960.0,21168.0,11257.0,,,0.3112,0.3091,13000,23000,0.6755,1080.0,7597.0,4846.0,0.5201,0.7075,0.0,46453.0
University of New Orleans,New Orleans,LA,70148,1,9172.0,14008.0,22605.0,11147.0,,,0.4044,0.2819,11000,18750,0.6677,1056.0,9144.0,4479.0,0.4251,0.7021,0.0,47872.0
New Orleans Baptist Theological Seminary,New Orleans,LA,70126,2,11540.0,11540.0,,,,,0.0,0.0,PS,PS,,,6457.0,770.0,0.4074,0.8125,0.0,
Nicholls State University,Thibodaux,LA,70310,1,8173.0,9266.0,21519.0,12091.0,,,0.3498,0.4306,13156,22675,0.9602,1088.0,6985.0,4772.0,0.5429,0.7664,0.0,45454.0
University of Louisiana at Monroe,Monroe,LA,71209-0000,1,9190.0,21290.0,23552.0,11633.0,,,0.3341,0.3474,15000,21500,0.7456,1102.0,7998.0,4891.0,0.506,0.7227,0.0,46769.0
Northwest Louisiana Technical Community College,Minden,LA,71055-0000,1,4109.0,4109.0,17202.0,9847.0,,,0.499,0.0,PS,PS,,,4989.0,837.0,,,,32503.0
Northwestern State University of Louisiana,Natchitoches,LA,71497-0002,1,8864.0,19652.0,24496.0,13809.0,,,0.3488,0.3668,15000,25000,0.9374,1090.0,7186.0,5840.0,0.4463,0.7042,0.0,47021.0
University of Holy Cross,New Orleans,LA,70131-7399,2,16160.0,16160.0,28380.0,,16780.0,,0.2842,0.3579,19500,26995,0.9901,,7700.0,405.0,0.3582,0.6905,0.0,49316.0
Franciscan Missionaries of Our Lady University,Baton Rouge,LA,70808,2,15690.0,15690.0,27314.0,,17797.0,,0.3575,0.4853,16669,27672,0.8294,,8005.0,826.0,0.5132,0.6,0.0,59419.0
Pat Goins Beauty Schools formerly Paul Mitchell the School-Shreveport,Shreveport,LA,71105,3,,,,,14808.0,20520.0,0.5175,0.4474,5500,6333,,,,102.0,,,,20239.0
Celebrity Stylist Beauty School,Monroe,LA,71201-5135,3,,,,,14290.0,18700.0,0.5161,0.4516,6333,PS,,,,45.0,,,0.0,22002.0
Pineville Beauty School,Pineville,LA,71360-0000,3,,,,,12923.0,14250.0,0.6034,0.0,PS,PS,,,,45.0,,,,19411.0
Aveda Arts & Sciences Institute-Covington,Covington,LA,70433,3,,,,,23626.0,20500.0,0.4714,0.5023,7917,7917,,,,2538.0,,,0.0,30334.0
Saint Joseph Seminary College,St. Benedict,LA,70457,2,26770.0,26770.0,43395.0,,39513.0,,0.0748,0.028,PS,PS,,,3688.0,91.0,0.4,0.875,0.0,38366.0
LaSalle Tech,Houma,LA,70363,3,,,,,10463.0,11300.0,0.7657,0.7929,5853,6333,,,,159.0,,,0.0,20975.0
Fletcher Technical Community College,Schriever,LA,70395,1,4219.0,4219.0,16674.0,10689.0,,,0.5769,0.3517,7500,10064,,,5902.0,1999.0,,,0.0,32189.0
Remington College-Lafayette Campus,Lafayette,LA,70503,2,22355.0,22355.0,35344.0,,28875.0,,0.9667,0.9074,9500,13271,,,5160.0,247.0,,,0.0,31349.0
SOWELA Technical Community College,Lake Charles,LA,70615,1,4265.0,4265.0,16402.0,8861.0,,,0.4177,0.0,4250,PS,,,6043.0,2979.0,,,0.021,32303.0
Stevensons Academy of Hair Design,New Orleans,LA,70114,3,,,,,3715.0,14175.0,0.5111,0.0,PS,PS,,,,106.0,,,,23853.0
Southeastern Louisiana University,Hammond,LA,70402,1,8373.0,20851.0,22647.0,12174.0,,,0.33,0.3437,11077,22113,0.9428,1090.0,7364.0,9514.0,0.448,0.7624,0.0,46482.0
Southern University and A & M College,Baton Rouge,LA,70813,1,9940.0,17198.0,26076.0,19740.0,,,0.6458,0.701,15455,29251,0.4987,938.0,7535.0,5323.0,0.2845,0.6035,0.0,43371.0
Southern University at New Orleans,New Orleans,LA,70126,1,7490.0,16390.0,20893.0,15260.0,,,0.4458,0.378,19500,31000,0.6021,910.0,7041.0,1095.0,0.1786,0.4839,0.0,34042.0
Southern University at Shreveport,Shreveport,LA,71107,1,4958.0,4958.0,18188.0,12890.0,,,0.5101,0.578,7500,18500,,,6147.0,1974.0,,,0.0,33099.0
University of Louisiana at Lafayette,Lafayette,LA,70503,1,10418.0,24146.0,24631.0,14118.0,,,0.3877,0.4359,14991,22902,0.8883,1219.0,8915.0,12269.0,0.52,0.7601,0.0,47089.0
Northshore Technical Community College,Lacombe,LA,70445,1,4203.0,4203.0,15772.0,9942.0,,,0.2188,0.1506,7772,12000,,,5456.0,2156.0,,,0.0,29734.0
Tulane University of Louisiana,New Orleans,LA,70118-5698,2,65538.0,65538.0,83761.0,,43939.0,,0.0928,0.2092,19250,20500,0.1459,1443.0,12908.0,7759.0,0.8891,0.9441,0.0,63268.0
Xavier University of Louisiana,New Orleans,LA,70125-1098,2,27868.0,27868.0,39183.0,,18285.0,,0.5171,0.5464,14000,24053,0.7448,1077.0,9727.0,2534.0,0.5021,0.7078,0.0,52184.0
College of the Atlantic,Bar Harbor,ME,04609,2,46179.0,46179.0,56334.0,,24028.0,,0.2653,0.4987,17723,25050,0.6502,,8972.0,358.0,0.6923,0.8316,0.0,40264.0
Bates College,Lewiston,ME,04240,2,63478.0,63478.0,80440.0,,30703.0,,0.1022,0.1503,12442,14275,0.1302,1446.0,11817.0,1753.0,0.9059,0.9402,0.0,69498.0
Beal University,Bangor,ME,04401,3,,,,,33857.0,42305.0,0.6365,0.7835,11261,19500,,,5280.0,503.0,0.3415,0.5,0.0,35639.0
Bowdoin College,Brunswick,ME,04011,2,64910.0,64910.0,80390.0,,20786.0,,0.1614,0.1023,12000,18500,0.0802,1514.0,14059.0,1846.0,0.956,0.9763,0.0,82735.0
Maine College of Health Professions,Lewiston,ME,04240,2,17827.0,17827.0,20438.0,,20438.0,,0.5148,0.8776,12000,15250,0.3333,910.0,6117.0,228.0,0.8333,,0.0,79840.0
Central Maine Community College,Auburn,ME,04210-6498,1,3864.0,6744.0,15160.0,7489.0,,,0.3386,0.168,6568,12000,,,6844.0,2828.0,,,0.0,42448.0
Colby College,Waterville,ME,04901-8840,2,66600.0,66600.0,81550.0,,23939.0,,0.1318,0.087,15000,19157,0.0683,1500.0,12602.0,2282.0,0.9022,0.9064,0.0,80490.0
Eastern Maine Community College,Bangor,ME,04401,1,3877.0,6667.0,17184.0,8036.0,,,0.2803,0.146,7833,11293,,,7281.0,1692.0,,,0.0,41704.0
Kennebec Valley Community College,Fairfield,ME,04937-1367,1,3562.0,6442.0,13978.0,6994.0,,,0.3096,0.1491,9500,13255,,,6860.0,1538.0,,,0.0,36035.0
The Landing School,Arundel,ME,04046,2,27700.0,27700.0,31362.0,,24342.0,,0.2,0.4444,7500,PS,,,7183.0,43.0,,,0.0,65849.0
University of Maine at Augusta,Augusta,ME,04330-9410,1,8618.0,21548.0,18813.0,11353.0,,,0.3196,0.2847,13215,22734,,,7870.0,2759.0,0.2328,0.6265,0.0,40342.0
University of Maine at Farmington,Farmington,ME,04938-9978,1,10989.0,23079.0,24103.0,14873.0,,,0.3248,0.448,16722,24499,0.9763,1040.0,8306.0,1131.0,0.5275,0.7871,0.0,44433.0
University of Maine at Fort Kent,Fort Kent,ME,04743-1292,1,9045.0,14325.0,18532.0,10865.0,,,0.139,0.2085,12778,20160,0.9907,,7831.0,638.0,0.3984,0.6531,0.0,51077.0
University of Maine,Orono,ME,04469,1,12606.0,35346.0,26418.0,18045.0,,,0.2196,0.4284,16750,25000,0.9571,,11151.0,8341.0,0.5643,0.7701,0.0,48653.0
Maine Maritime Academy,Castine,ME,04420-0001,1,14746.0,30226.0,30166.0,21185.0,,,0.2472,0.6595,26812,27000,0.614,1185.0,,888.0,0.6141,0.8203,0.0,89964.0
University of Maine at Presque Isle,Presque Isle,ME,04769-2888,1,8990.0,14270.0,18663.0,10028.0,,,0.2559,0.2537,8275,16000,0.9709,,7805.0,1362.0,0.3766,0.7282,0.0,40956.0
University of New England,Biddeford,ME,04005-9599,2,42550.0,42550.0,60706.0,,37109.0,,0.1189,0.5315,20000,25250,0.8884,,9082.0,2189.0,0.6083,0.7462,0.0,55921.0
Northern Maine Community College,Presque Isle,ME,04769-2016,1,3880.0,6760.0,15581.0,8416.0,,,0.4189,0.1188,8225,10825,,,7175.0,577.0,,,0.0,43348.0
Empire Beauty School-Maine,Portland,ME,04101,3,,,,,16411.0,17625.0,0.3598,0.4486,7667,13000,,,,118.0,,,0.0,23925.0
Maine College of Art & Design,Portland,ME,04101-3494,2,41398.0,41398.0,57027.0,,36443.0,,0.2658,0.7079,19000,27000,0.7755,,6915.0,415.0,0.4874,0.7789,0.0,40778.0
Saint Joseph's College of Maine,Standish,ME,04084-5263,2,42834.0,42834.0,58452.0,,24666.0,,0.201,0.597,19576,27000,0.8172,1030.0,6398.0,930.0,0.6855,0.801,0.0,59045.0
Spa Tech Institute-Westbrook,Westbrook,ME,04092,3,,,,,18283.0,11950.0,0.3408,0.4704,6333,6333,,,,261.0,,,0.0,27803.0
Southern Maine Community College,South Portland,ME,04106-1698,1,3797.0,6677.0,16400.0,11638.0,,,0.2454,0.1262,6046,10331,,,7890.0,5279.0,,,0.0,41661.0
University of Southern Maine,Portland,ME,04103,1,10920.0,27104.0,21381.0,11729.0,,,0.2628,0.3406,12887,19060,0.7931,1130.0,10710.0,4245.0,0.4634,0.7558,0.0,49958.0
Thomas College,Waterville,ME,04901-5097,2,30896.0,30896.0,43757.0,,19223.0,,0.1534,0.3395,20000,24250,0.9707,,7542.0,688.0,0.5136,0.7906,0.0,44991.0
Unity Environmental University,New Gloucester,ME,04260,2,12640.0,12640.0,20915.0,,18217.0,,0.5925,0.5157,4752,25000,0.818,,5404.0,5619.0,0.5698,0.4203,0.0,37852.0
Washington County Community College,Calais,ME,04619,1,3687.0,6567.0,13240.0,3994.0,,,0.4218,0.0693,5500,PS,,,6995.0,397.0,,,0.0,34407.0
Allegany College of Maryland,Cumberland,MD,21502-2596,1,4730.0,12050.0,16082.0,10107.0,,,0.3029,0.2979,8250,13702,,,6204.0,1743.0,,,0.0,38476.0
Anne Arundel Community College,Arnold,MD,21012-1895,1,4178.0,11330.0,20548.0,15929.0,,,0.1977,0.0774,6250,8250,,,8995.0,8570.0,,,0.0,46219.0
Award Beauty School,Hagerstown,MD,21740-5610,3,,,,,20744.0,24000.0,0.3756,0.4162,7500,13000,,,,132.0,,,0.0,18172.0
Baltimore Studio of Hair Design,Baltimore,MD,21201-3444,3,,,,,17001.0,19650.0,0.9773,1.0,5500,PS,,,,39.0,,,0.0,20080.0
Baltimore City Community College,Baltimore,MD,21215-7893,1,3314.0,7394.0,15745.0,9769.0,,,0.4059,0.0,PS,PS,,,9519.0,3234.0,,,,36025.0
University of Baltimore,Baltimore,MD,21201-5720,1,9772.0,23490.0,27477.0,17546.0,,,0.4317,0.3996,18972,23250,0.8555,1060.0,13190.0,1276.0,0.4673,0.6538,0.0,61335.0
Bowie State University,Bowie,MD,20715-9465,1,8999.0,19889.0,24302.0,19335.0,,,0.439,0.4087,12861,22985,0.8354,935.0,10830.0,5207.0,0.3814,0.6991,0.0,54537.0
Capitol Technology University,Laurel,MD,20708,2,27318.0,27318.0,40900.0,,24678.0,,0.3523,0.6611,12000,20264,0.7794,,5193.0,259.0,0.4667,0.7317,0.0,85035.0
Cecil College,North East,MD,21901-1900,1,5370.0,9960.0,15109.0,10097.0,,,0.2578,0.079,8250,9536,,,7637.0,1369.0,,,0.0,43952.0
College of Southern Maryland,La Plata,MD,20646-0910,1,4200.0,9450.0,13570.0,9867.0,,,0.2473,0.4562,5500,8500,,,8621.0,4422.0,,,0.0,44435.0
Chesapeake College,Wye Mills,MD,21679-0008,1,4010.0,8504.0,10090.0,4178.0,,,0.2664,0.0,PS,PS,,,7956.0,1275.0,,,,36301.0
Washington Adventist University,Takoma Park,MD,20912,2,25200.0,25200.0,34570.0,,15026.0,,0.4605,0.5412,22750,30500,0.4536,920.0,6032.0,522.0,0.4,0.8214,0.0,64249.0
Coppin State University,Baltimore,MD,21216-3698,1,7001.0,13789.0,20152.0,6007.0,,,0.5304,0.4183,15606,25000,0.4956,,9486.0,1756.0,0.2559,0.7349,0.0,46490.0
Del-Mar-Va Beauty Academy,Salisbury,MD,21804-6952,3,,,,,25617.0,18825.0,0.7465,0.5352,9833,16500,,,,43.0,,,0.023,25426.0
North American Trade Schools,Baltimore,MD,21244,3,,,,,11812.0,18500.0,0.3601,0.8906,3668,7338,,,,529.0,,,0.0,39756.0
Frederick Community College,Frederick,MD,21702-2964,1,3772.0,9844.0,8886.0,2801.0,,,0.1759,0.0755,5500,8150,,,7917.0,4116.0,,,0.0,46449.0
Frostburg State University,Frostburg,MD,21532-1099,1,9998.0,25180.0,26500.0,15323.0,,,0.3285,0.3779,14867,21105,0.8944,,8848.0,2849.0,0.5207,0.6613,0.0,55493.0
Garrett College,McHenry,MD,21541,1,4060.0,11368.0,11688.0,6396.0,,,0.3057,0.3109,6560,10750,,,7559.0,424.0,,,0.0,35823.0
Goucher College,Baltimore,MD,21204-2794,2,51250.0,51250.0,68893.0,,23774.0,,0.3123,0.5115,17882,26000,0.729,1225.0,8122.0,948.0,0.6,0.7658,0.0,53023.0
Hagerstown Community College,Hagerstown,MD,21742-6514,1,4320.0,8190.0,11798.0,7672.0,,,0.3045,0.2215,6500,11000,,,7337.0,2783.0,,,0.0,41615.0
Harford Community College,Bel Air,MD,21015-1698,1,3974.0,8630.0,14290.0,9953.0,,,0.2244,0.0717,7241,9812,,,7291.0,3628.0,,,0.0,44608.0
Hood College,Frederick,MD,21701,2,45870.0,45870.0,59174.0,,23707.0,,0.3627,0.6373,18185,25000,0.7813,,8181.0,1202.0,0.5529,0.8027,0.0,57089.0
Howard Community College,Columbia,MD,21044-3197,1,4080.0,8976.0,15645.0,10225.0,,,0.2815,0.0792,8250,10500,,,8810.0,6779.0,,,0.0,49020.0
Aveda Institute-Maryland,Bel Air,MD,21014-3639,3,,,,,12253.0,11950.0,0.5422,0.5482,6333,6333,,,,84.0,,,0.0,21250.0
Johns Hopkins University,Baltimore,MD,21218-2688,2,63340.0,63340.0,81300.0,,18161.0,,0.1976,0.1145,9000,10250,0.0756,1553.0,18373.0,5617.0,0.9463,0.9786,0.0,87555.0
Lincoln College of Technology-Columbia,Columbia,MD,21046,3,,,,,29997.0,33654.0,0.5253,0.6632,9500,11250,,,5182.0,1075.0,,,0.0,38683.0
Loyola University Maryland,Baltimore,MD,21210-2699,2,55480.0,55480.0,71606.0,,29633.0,,0.177,0.5271,23882,27000,0.7633,1292.0,9511.0,3975.0,0.8049,0.8589,0.0,82652.0
University of Maryland Global Campus,Adelphi,MD,20783-8010,1,7992.0,12336.0,19790.0,14514.0,,,0.2844,0.1757,10500,21000,,,9194.0,48238.0,0.2958,0.528,0.0,65287.0
University of Maryland Baltimore,Baltimore,MD,21201-1627,1,,,,,,,0.2534,0.3977,15000,15000,,,13767.0,959.0,,,0.0,88174.0
University of Maryland-Baltimore County,Baltimore,MD,21250,1,12952.0,30308.0,27935.0,18328.0,,,0.296,0.2915,15750,19500,0.7424,1299.0,12619.0,10434.0,0.7055,0.8714,0.0,69960.0
University of Maryland-College Park,College Park,MD,20742,1,11505.0,40306.0,28073.0,15590.0,,,0.1859,0.2269,17000,19000,0.4484,1463.0,16391.0,30246.0,0.8862,0.9566,0.0,82860.0
Maryland Institute College of Art,Baltimore,MD,21217-4134,2,55150.0,55150.0,71366.0,,38429.0,,0.2081,0.402,16250,26500,0.7729,1207.0,9575.0,1319.0,0.7133,0.8502,0.0,45212.0
University of Maryland Eastern Shore,Princess Anne,MD,21853-1299,1,8898.0,19728.0,27799.0,14035.0,,,0.5261,0.5184,18500,27000,0.9036,,10559.0,2165.0,0.3464,0.6626,0.0,47697.0
Fortis Institute-Towson,Towson,MD,21204-9840,3,,,,,25346.0,16779.0,0.8107,0.7293,9500,12547,,,,373.0,,,0.0,36368.0
Montgomery Beauty School,Silver Spring,MD,20901,3,,,,,20589.0,24000.0,0.5124,0.5785,7667,11845,,,,68.0,,,0.0,18726.0
Montgomery College,Rockville,MD,20850,1,5394.0,14250.0,14410.0,7240.0,,,0.2512,0.0565,7000,10415,,,9083.0,13519.0,,,0.0,50159.0
Morgan State University,Baltimore,MD,21251-0001,1,8118.0,18800.0,24778.0,15015.0,,,0.5445,0.6533,19500,27250,0.8296,984.0,11055.0,8293.0,0.4161,0.7082,0.0,50698.0
Mount St. Mary's University,Emmitsburg,MD,21727-7799,2,47240.0,47240.0,62078.0,,24987.0,,0.269,0.5965,15000,25391,0.7186,1141.0,8100.0,1806.0,0.5802,0.7083,0.0,64072.0
Ner Israel Rabbinical College,Baltimore,MD,21208,2,14400.0,14400.0,25650.0,,5548.0,,0.2073,0.0,PS,PS,0.7941,,7528.0,292.0,0.439,0.9474,,66330.0
Hair Academy,New Carrollton,MD,20784,3,,,,,20049.0,21620.0,0.2661,0.2844,6333,13000,,,,241.0,,,0.0,20953.0
Notre Dame of Maryland University,Baltimore,MD,21210-2476,2,41910.0,41910.0,60362.0,,24536.0,,0.3227,0.7742,17990,22666,0.8649,,7926.0,684.0,0.5195,0.7679,0.0,65344.0
Prince George's Community College,Largo,MD,20774-2199,1,3914.0,8642.0,16107.0,10857.0,,,0.319,0.1364,6000,10500,,,8414.0,8049.0,,,0.0,47548.0
Maryland Beauty Academy of Essex,Baltimore,MD,21224,3,,,,,16484.0,19650.0,0.6774,0.4516,5713,8500,,,,36.0,,,0.014,20445.0
Salisbury University,Salisbury,MD,21801-6862,1,10638.0,21332.0,26134.0,16456.0,,,0.2405,0.3962,15750,21000,0.8863,1250.0,10145.0,6056.0,0.6745,0.8031,0.0,61515.0
St. Mary's College of Maryland,St. Mary's City,MD,20686,1,15236.0,31312.0,31319.0,18362.0,,,0.2017,0.4222,17000,21000,0.7539,1232.0,8799.0,1566.0,0.6804,0.8137,0.0,60110.0
St. John's College,Annapolis,MD,21401,2,39126.0,39126.0,52683.0,,27934.0,,0.2208,0.4935,19500,27000,0.4429,1381.0,8988.0,488.0,0.6741,0.8846,0.0,51584.0
Towson University,Towson,MD,21252-0001,1,11306.0,28326.0,26621.0,16791.0,,,0.3346,0.4312,15362,18718,0.828,1166.0,9513.0,16400.0,0.6762,0.8321,0.0,64390.0
Maryland University of Integrative Health,Laurel,MD,20723,2,,,,,,,,,PS,PS,,,5428.0,,,,0.0,
United States Naval Academy,Annapolis,MD,21402-1300,1,,,,,,,,,,,0.0936,1308.0,13901.0,4465.0,0.9185,0.9614,,
Stevenson University,Owings Mills,MD,21117,2,39708.0,39708.0,57322.0,,26806.0,,0.2894,0.47,21500,26000,0.832,,8699.0,3027.0,0.6642,0.7779,0.0,62079.0
Washington College,Chestertown,MD,21620-1438,2,54356.0,54356.0,70191.0,,29095.0,,0.2052,0.5016,21000,26956,0.6554,1274.0,6433.0,890.0,0.7411,0.8658,0.0,65518.0
McDaniel College,Westminster,MD,21157,2,49647.0,49647.0,62974.0,,20923.0,,0.3381,0.6127,15000,25000,0.8358,,8097.0,1652.0,0.6376,0.7888,0.0,60663.0
Wor-Wic Community College,Salisbury,MD,21804-7131,1,3744.0,8400.0,12199.0,6573.0,,,0.4069,0.137,3500,7828,,,7223.0,2047.0,,,0.0,36748.0
Hult International Business School,Cambridge,MA,02141,2,54890.0,54890.0,74875.0,,42402.0,,0.0836,0.085,11000,PS,0.5335,,10825.0,694.0,0.6582,0.7278,0.0,
American International College,Springfield,MA,01109,2,42970.0,42970.0,55463.0,,25299.0,,0.5004,0.8055,21063,27000,0.969,,7944.0,1097.0,0.4228,0.6778,0.0,53124.0
Amherst College,Amherst,MA,01002-5000,2,67280.0,67280.0,83650.0,,18246.0,,0.216,0.0875,12000,13740,0.0982,1494.0,14540.0,1907.0,0.9342,0.9679,0.0,77644.0
Anna Maria College,Paxton,MA,01612-1198,2,43064.0,43064.0,61106.0,,29396.0,,0.3424,0.6324,17500,25000,0.8956,,7192.0,948.0,0.4044,0.6169,0.0,46651.0
Assabet Valley Regional Technical School,Marlborough,MA,01752,1,,,,36348.0,,18945.0,0.3519,0.537,9500,9500,0.3333,,,48.0,,,0.0,
Assumption University,Worcester,MA,01609-1296,2,49414.0,49414.0,61777.0,,28853.0,,0.1937,0.8421,24250,27000,0.8654,,9542.0,1664.0,0.7459,0.8347,0.0,74895.0
Babson College,Wellesley,MA,02457-0310,2,56032.0,56032.0,77248.0,,38876.0,,0.1423,0.2601,19000,20000,0.1974,1435.0,19491.0,2696.0,0.9236,0.9421,0.0,123938.0
Bancroft School of Massage Therapy,Worcester,MA,01604,3,,,,,,,0.2667,0.5111,7600,PS,,,,51.0,,,0.0,
Boston Baptist College,Boston,MA,02136-4030,2,14304.0,14304.0,26691.0,,16321.0,,0.575,0.4,PS,PS,1.0,,2333.0,31.0,0.4444,0.8,0.0,34159.0
Bay Path University,Longmeadow,MA,01106,2,37227.0,37227.0,47064.0,,14590.0,,0.6616,0.8395,19100,24901,0.735,,9298.0,1186.0,0.5694,0.6906,0.0,55383.0
Bentley University,Waltham,MA,02452-4705,2,58150.0,58150.0,77082.0,,38787.0,,0.1508,0.4268,24007,25023,0.4844,1340.0,15685.0,4288.0,0.8821,0.929,0.0,120959.0
Berklee College of Music,Boston,MA,02215,2,50270.0,50270.0,69874.0,,50404.0,,0.1536,0.326,15750,25000,0.4991,,10565.0,7510.0,0.6635,0.8544,0.0,33647.0
Berkshire Community College,Pittsfield,MA,01201-5786,1,5612.0,11228.0,17544.0,8177.0,,,0.3607,0.2583,8250,12053,,,7754.0,1100.0,,,0.0,38832.0
Boston Architectural College,Boston,MA,02115-2703,2,26800.0,26800.0,47152.0,,37891.0,,0.202,0.2896,24750,37250,,,6788.0,269.0,0.3846,0.6111,0.0,62123.0
Boston Graduate School of Psychoanalysis Inc,Brookline,MA,02446,2,,,,,,,,,PS,PS,,,4315.0,,,,0.0,
Boston College,Chestnut Hill,MA,02467,2,67680.0,67680.0,83683.0,,39866.0,,0.1273,0.3199,17962,19000,0.1565,1501.0,17441.0,9865.0,0.9099,0.9537,0.0,103937.0
Boston University,Boston,MA,02215,2,65168.0,65168.0,82694.0,,26996.0,,0.1797,0.2261,21500,23250,0.1085,1473.0,16124.0,17850.0,0.8997,0.9451,0.0,83238.0
Brandeis University,Waltham,MA,02454-9110,2,64946.0,64946.0,82123.0,,33885.0,,0.144,0.2834,23250,25648,0.3531,1473.0,14477.0,3663.0,0.8611,0.9026,0.0,77231.0
Bridgewater State University,Bridgewater,MA,02325,1,11389.0,17529.0,25164.0,17970.0,,,0.3031,0.7135,18746,24286,0.8919,1127.0,10418.0,7899.0,0.5461,0.7687,0.0,57466.0
Bristol Community College,Fall River,MA,02720-7395,1,5412.0,10356.0,11846.0,6235.0,,,0.4335,0.3059,5250,8243,,,6969.0,5073.0,,,0.0,38663.0
Signature Healthcare Brockton Hospital School of Nursing,Brockton,MA,02302-1905,2,,,,,25162.0,54075.0,0.3707,0.5431,15555,20000,0.5217,,,152.0,,,0.0,88084.0
Bunker Hill Community College,Boston,MA,02129-2925,1,5520.0,10464.0,14699.0,6313.0,,,0.3815,0.0665,5500,10500,,,8137.0,7322.0,,,0.0,47618.0
Cambridge College,Boston,MA,02129,2,18072.0,18072.0,,,,,0.331,0.4393,14917,21791,,,8831.0,591.0,0.125,,0.0,45998.0
Cape Cod Community College,West Barnstable,MA,02668-1599,1,5712.0,10656.0,14356.0,8403.0,,,0.3142,0.0938,6443,12000,,,7670.0,2223.0,,,0.0,43670.0
Catherine Hinds Institute of Esthetics,Woburn,MA,01801-6819,3,,,,,19272.0,14125.0,0.4847,0.729,5500,6233,,,,163.0,,,0.0,
Laboure College of Healthcare,Milton,MA,02186,2,33663.0,33663.0,,,,,0.3664,0.3399,15998,25250,0.4054,,7514.0,717.0,,,0.0,62200.0
Clark University,Worcester,MA,01610-1477,2,55160.0,55160.0,64426.0,,27711.0,,0.2126,0.5776,22141,26759,0.4167,1339.0,12160.0,2336.0,0.7712,0.8791,0.0,62381.0
Conway School of Landscape Design,Northampton,MA,01060,2,,,,,,,,,,,,,5205.0,,,,0.0,
Curry College,Milton,MA,02186-2395,2,46220.0,46220.0,61556.0,,29504.0,,0.2831,0.7119,18320,25000,0.9205,1130.0,10852.0,1757.0,0.4825,0.6756,0.0,54400.0
Dean College,Franklin,MA,02038-1941,2,44960.0,44960.0,62802.0,,30236.0,,0.296,0.7115,12000,25000,0.7371,,7352.0,1142.0,0.4317,0.7555,0.0,38109.0
Diman Regional Technical Institute,Fall River,MA,02720,1,,,,20861.0,,17518.0,0.5909,0.9091,5745,PS,0.6364,,,56.0,,,0.0,
National Aviation Academy of New England,Concord,MA,01742,3,,,,,32825.0,39900.0,0.5147,0.7915,14750,21198,,,,210.0,,,0.0,59009.0
Eastern Nazarene College,Quincy,MA,02170-2999,2,28610.0,28610.0,41948.0,,17733.0,,0.3496,0.5844,19500,26000,0.5896,1035.0,6525.0,378.0,0.3529,0.6164,0.0,54727.0
Emerson College,Boston,MA,02116-4624,2,55392.0,55392.0,77153.0,,46766.0,,0.1499,0.4662,19000,23000,0.4748,1359.0,10655.0,4145.0,0.7927,0.8782,0.0,62832.0
Emmanuel College,Boston,MA,02115,2,46686.0,46686.0,63864.0,,31569.0,,0.2034,0.6174,22969,27000,0.806,1263.0,10316.0,1874.0,0.6582,0.7905,0.0,68245.0
Endicott College,Beverly,MA,01915,2,39212.0,39212.0,57533.0,,39324.0,,0.1313,0.6464,23250,27000,0.7229,1263.0,11198.0,3101.0,0.7543,0.8764,0.0,58336.0
Rob Roy Academy-Fall River,Fall River,MA,02721-5330,3,,,,,29207.0,15980.0,0.6474,0.75,5500,6333,,,,98.0,,,0.0,32113.0
Fisher College,Boston,MA,02116,2,35013.0,35013.0,52723.0,,25702.0,,0.42,0.6288,12500,25000,0.7075,,7612.0,1138.0,0.2844,0.5444,0.0,49669.0
Fitchburg State University,Fitchburg,MA,01420-2697,1,11046.0,17126.0,24517.0,15432.0,,,0.3101,0.4997,18220,24239,0.8994,1114.0,10025.0,2825.0,0.5273,0.7277,0.0,53874.0
Framingham State University,Framingham,MA,01701-9101,1,11630.0,17710.0,26539.0,16698.0,,,0.3448,0.5475,17224,25000,0.8487,1150.0,10336.0,2556.0,0.4954,0.7152,0.0,52349.0
Benjamin Franklin Cummings Institute of Technology,Boston,MA,02116,2,18906.0,18906.0,27631.0,,16172.0,,0.4023,0.5009,9500,12000,,,7648.0,412.0,0.4716,1.0,0.0,57556.0
Gordon College,Wenham,MA,01984,2,28100.0,28100.0,41160.0,,24817.0,,0.2102,0.5611,23250,26250,0.5878,1268.0,7655.0,1247.0,0.6763,0.829,0.0,52119.0
Gordon-Conwell Theological Seminary,South Hamilton,MA,01982,2,,,,,,,,,PS,PS,,,6880.0,,,,0.0,
Greenfield Community College,Greenfield,MA,01301-9739,1,5810.0,11930.0,13752.0,8081.0,,,0.296,0.1008,5500,8307,,,7823.0,1232.0,,,0.0,37132.0
Hampshire College,Amherst,MA,01002-5001,2,56630.0,56630.0,71224.0,,25810.0,,0.376,0.5846,25000,26893,0.7035,,9661.0,716.0,0.5723,0.75,0.0,46938.0
Harvard University,Cambridge,MA,02138,2,59076.0,59076.0,82842.0,,16816.0,,0.1579,0.0488,12500,14000,0.0345,1553.0,23783.0,7755.0,0.9733,0.986,0.0,101817.0
Hebrew College,Newton,MA,02466-3008,2,,,,,,,,,PS,PS,,,7982.0,0.0,,,0.02,
Hellenic College-Holy Cross Greek Orthodox School of Theology,Brookline,MA,02445-7415,2,22490.0,22490.0,41282.0,,14334.0,,0.1795,0.359,13521,PS,0.9048,,7215.0,49.0,0.4444,1.0,0.0,51724.0
College of the Holy Cross,Worcester,MA,01610-2395,2,60850.0,60850.0,76510.0,,36868.0,,0.1473,0.4019,25879,27000,0.211,1354.0,11812.0,3015.0,0.8961,0.9302,0.0,90543.0
Holyoke Community College,Holyoke,MA,01040,1,5810.0,10754.0,13587.0,6860.0,,,0.3851,0.2394,4750,8250,,,7594.0,3164.0,,,0.0,37277.0
Lasell University,Newton,MA,02466,2,26000.0,26000.0,63387.0,,24944.0,,0.3224,0.733,21500,26000,0.8225,1159.0,8677.0,1152.0,0.5317,0.707,0.0,49705.0
Lawrence Memorial Hospital School of Nursing,Medford,MA,02155,2,28617.0,28617.0,,,,,0.4844,0.8978,20000,20000,,,7296.0,195.0,,,0.0,101466.0
Lesley University,Cambridge,MA,02138-2790,2,32780.0,32780.0,49226.0,,31805.0,,0.2825,0.5129,15000,21000,0.9442,,8931.0,1252.0,0.6174,0.7689,0.0,51173.0
Longy School of Music of Bard College,Cambridge,MA,02138,2,52950.0,52950.0,67675.0,,43291.0,,0.1026,0.1026,19000,24254,0.844,,5730.0,34.0,0.4444,0.875,0.0,46543.0
Lowell Academy Hairstyling Institute,Lowell,MA,01852-1909,3,,,,,16686.0,14190.0,0.2316,0.2211,5500,7994,,,,59.0,,,0.013,
University of Massachusetts-Lowell,Lowell,MA,01854,1,16570.0,35396.0,29521.0,18627.0,,,0.2739,0.5352,18250,23704,0.8524,1253.0,13170.0,11632.0,0.701,0.819,0.0,64874.0
University of Massachusetts-Amherst,Amherst,MA,01003,1,17357.0,39293.0,33389.0,23691.0,,,0.2029,0.4789,20000,22763,0.5777,1393.0,13556.0,23694.0,0.8316,0.91,0.0,71631.0
University of Massachusetts-Boston,Boston,MA,02125-3393,1,15496.0,37174.0,29698.0,18282.0,,,0.4269,0.5171,15000,21974,0.8296,1188.0,11642.0,11848.0,0.5115,0.7285,0.0,65865.0
Massachusetts Bay Community College,Wellesley Hills,MA,02481-5399,1,5616.0,10560.0,13346.0,7388.0,,,0.2505,0.1327,4620,6500,,,7659.0,3156.0,,,0.0,52654.0
MCPHS University,Boston,MA,02115-5896,2,38850.0,38850.0,58975.0,,35084.0,,0.2822,0.6584,25000,25000,0.8521,1216.0,11365.0,3474.0,0.6332,0.7865,0.0,125557.0
Massachusetts College of Art and Design,Boston,MA,02115-5882,1,14960.0,42180.0,32256.0,23764.0,,,0.2761,0.5057,19500,25755,0.7747,,10166.0,1812.0,0.6919,0.8399,0.0,43582.0
Massachusetts Institute of Technology,Cambridge,MA,02139-4307,2,60156.0,60156.0,79850.0,,19813.0,,0.1896,0.0657,12462,14768,0.0474,1553.0,23177.0,4571.0,0.9608,0.9903,0.0,143372.0
Massachusetts Maritime Academy,Buzzards Bay,MA,02532-1803,1,10816.0,23910.0,37721.0,26661.0,,,0.1697,0.7926,20500,25000,0.9455,,9395.0,1270.0,0.7912,0.7886,0.0,82392.0
University of Massachusetts Chan Medical School,Worcester,MA,01655,1,,,,,,,,,PS,PS,,,11359.0,,,,0.0,
William James College,Newton,MA,02459,2,,,,,,,0.35,0.425,PS,PS,,,9013.0,36.0,,,0.0,
Massachusetts School of Barbering,Quincy,MA,02169,3,,,,,16248.0,15050.0,0.5052,0.4433,6252,8294,,,,48.0,,,0.0,
Massasoit Community College,Brockton,MA,02302-3996,1,5376.0,10320.0,13887.0,7718.0,,,0.2815,0.085,5567,10000,,,7442.0,3699.0,,,0.0,46111.0
Merrimack College,North Andover,MA,01845,2,51786.0,51786.0,68089.0,,37899.0,,0.1518,0.6108,23750,27000,0.7361,,11248.0,4043.0,0.7213,0.8426,0.0,75584.0
MGH Institute of Health Professions,Boston,MA,02129-4557,2,,,,,,,0.0,0.6643,24700,24961,,,10186.0,112.0,,,0.0,87130.0
Middlesex Community College,Bedford,MA,01730-9124,1,6048.0,12120.0,10759.0,3694.0,,,0.191,0.0753,5187,7291,,,7569.0,4658.0,,,0.0,50651.0
Montserrat College of Art,Beverly,MA,01915-4508,2,39000.0,39000.0,56284.0,,34725.0,,0.3277,0.7635,23707,27000,,,6587.0,261.0,0.6154,0.7547,0.0,33022.0
Mount Holyoke College,South Hadley,MA,01075-1489,2,64142.0,64142.0,77545.0,,29562.0,,0.2029,0.4277,18258,22902,0.3829,1422.0,11239.0,2198.0,0.8504,0.8971,0.0,58418.0
Mount Wachusett Community College,Gardner,MA,01440-1000,1,6000.0,10920.0,14330.0,8651.0,,,0.3773,0.2083,5500,10252,,,7623.0,2554.0,,,0.0,41118.0
Rob Roy Academy-New Bedford,New Bedford,MA,02746-2114,3,,,,,25041.0,15400.0,0.5652,0.7826,PS,PS,,,,15.0,,,0.028,
The New England Conservatory of Music,Boston,MA,02115-5018,2,58550.0,58550.0,77870.0,,42556.0,,0.0752,0.2549,19500,27000,0.4275,,7278.0,371.0,0.7778,0.9362,0.0,34483.0
New England College of Optometry,Boston,MA,02115,2,,,,,,,,,,,,,10955.0,,,,0.0,
New England Law-Boston,Boston,MA,02116,2,,,,,,,,,PS,PS,,,11751.0,,,,0.0,
Nichols College,Dudley,MA,01571-5000,2,40375.0,40375.0,55871.0,,31065.0,,0.3041,0.7405,19500,27000,0.8814,1110.0,10320.0,1152.0,0.6364,0.7184,0.0,58063.0
Massachusetts College of Liberal Arts,North Adams,MA,01247-4100,1,11884.0,20559.0,27705.0,18707.0,,,0.4045,0.605,15750,23750,0.9235,,9357.0,748.0,0.4913,0.6893,0.0,48102.0
North Bennet Street School,Boston,MA,02109,2,,,,,35199.0,51750.0,0.1366,0.3913,9500,9500,,,,151.0,,,0.0,43993.0
North Shore Community College,Danvers,MA,01923-0840,1,5352.0,10920.0,13204.0,7321.0,,,0.332,0.1412,5500,9000,,,7832.0,4055.0,,,0.0,45391.0
Northeastern University,Boston,MA,02115-5005,2,63141.0,63141.0,81353.0,,32116.0,,0.1234,0.2834,22000,24250,0.0565,1505.0,14775.0,15719.0,0.9038,0.9752,0.0,92538.0
Northern Essex Community College,Haverhill,MA,01830-2399,1,5688.0,11472.0,11921.0,3971.0,,,0.3314,0.0837,5661,9000,,,7869.0,3350.0,,,0.0,42862.0
College of Our Lady of the Elms,Chicopee,MA,01013,2,42061.0,42061.0,53145.0,,21436.0,,0.4184,0.7092,20500,25000,0.8766,1240.0,7362.0,951.0,0.6474,0.7622,0.0,51540.0
Pope St John XXIII National Seminary,Weston,MA,02493-2699,2,,,,,,,,,,,,,3107.0,,,,,
Quincy College,Quincy,MA,02169,1,7536.0,7536.0,19527.0,14317.0,,,0.3378,0.226,8300,13874,,,8911.0,2126.0,0.1663,0.875,0.0,52506.0
Quinsigamond Community College,Worcester,MA,01606-2092,1,5974.0,10918.0,13295.0,7764.0,,,0.3936,0.3532,10500,16575,,,7769.0,5413.0,,,0.0,45949.0
Regis College,Weston,MA,02493-1571,2,47770.0,47770.0,64315.0,,28346.0,,0.2774,0.669,23750,25500,0.8928,,9063.0,1061.0,0.6949,0.8119,0.0,52873.0
Roxbury Community College,Roxbury Crossing,MA,02120-3400,1,5784.0,11088.0,15897.0,12544.0,,,0.6013,0.0,PS,PS,,,9318.0,1583.0,,,,38773.0
Saint John's Seminary,Brighton,MA,02135-3846,2,,,,,,,0.0,0.0,PS,PS,,,4869.0,14.0,,,0.0,
Salem State University,Salem,MA,01970,1,11978.0,18961.0,27615.0,18441.0,,,0.3531,0.5675,19500,25000,0.9557,1090.0,10111.0,4286.0,0.5499,0.7366,0.0,56662.0
Simmons University,Boston,MA,02115-5898,2,45538.0,45538.0,63512.0,,27313.0,,0.2984,0.6384,21780,24840,0.66,1332.0,8463.0,1750.0,0.7125,0.8177,0.0,63494.0
Bard College at Simon's Rock,Great Barrington,MA,01230-9702,2,66594.0,66594.0,82465.0,,36684.0,,0.2349,0.4597,19000,24254,0.9721,,8162.0,237.0,0.5417,0.766,0.0,46543.0
Smith College,Northampton,MA,01063,2,61568.0,61568.0,82134.0,,26181.0,,0.1815,0.1268,13500,17550,0.1973,1480.0,12787.0,2501.0,0.8966,0.9257,0.0,64027.0
Southeastern Technical Institute,South Easton,MA,02375,1,,,,11768.0,,11125.0,0.2921,0.4232,6750,8846,0.4917,,,140.0,,,0.0,
Springfield College,Springfield,MA,01109-3797,2,43707.0,43707.0,57942.0,,29187.0,,0.2166,0.7151,23000,26250,0.7023,1120.0,8000.0,1916.0,0.6763,0.8362,0.0,48036.0
Springfield Technical Community College,Springfield,MA,01105-1296,1,5520.0,10728.0,14223.0,8196.0,,,0.4695,0.1797,4996,6570,,,7116.0,3965.0,,,0.0,36966.0
University of Massachusetts-Dartmouth,North Dartmouth,MA,02747-2300,1,15208.0,31750.0,31677.0,20605.0,,,0.3564,0.658,18133,25000,0.9216,1152.0,11964.0,5289.0,0.4897,0.6373,0.0,68804.0
Stonehill College,Easton,MA,02357-6110,2,54500.0,54500.0,68412.0,,29969.0,,0.1479,0.6179,23472,25000,0.7256,,10495.0,2477.0,0.8081,0.8524,0.0,77745.0
Suffolk University,Boston,MA,02108-3901,2,45380.0,45380.0,62822.0,,30031.0,,0.2741,0.5597,20500,26889,0.8474,1197.0,13004.0,4434.0,0.5985,0.7552,0.0,67506.0
Rob Roy Academy-Taunton,Taunton,MA,02780-3212,3,,,,,19252.0,15400.0,0.4048,0.5476,5500,PS,,,,21.0,,,0.0,
Tufts University,Medford,MA,02155-5555,2,67844.0,67844.0,84600.0,,35435.0,,0.1158,0.1909,15043,16250,0.1013,1513.0,13737.0,6804.0,0.9333,0.9592,0.0,83214.0
Wellesley College,Wellesley,MA,02481-8203,2,64320.0,64320.0,83050.0,,25008.0,,0.2056,0.1712,8700,10000,0.1391,1513.0,13404.0,2318.0,0.9121,0.9625,0.0,84803.0
Wentworth Institute of Technology,Boston,MA,02115,2,41010.0,41010.0,55030.0,,34170.0,,0.2257,0.5187,18500,25028,0.8537,1226.0,10356.0,3641.0,0.6863,0.8627,0.0,82721.0
Western New England University,Springfield,MA,01119-2684,2,46430.0,46430.0,58933.0,,31170.0,,0.2502,0.8042,19500,25500,0.8326,1231.0,10666.0,2508.0,0.6389,0.7487,0.0,73157.0
Westfield State University,Westfield,MA,01086-1630,1,11882.0,17962.0,26435.0,18561.0,,,0.3336,0.5454,15250,22457,0.8074,,7932.0,3481.0,0.5486,0.7071,0.0,57346.0
Wheaton College (Massachusetts),Norton,MA,02766-2322,2,62080.0,62080.0,76819.0,,30934.0,,0.1962,0.7337,23000,26000,0.7133,1321.0,8860.0,1744.0,0.757,0.8583,0.002,67725.0
Williams College,Williamstown,MA,01267,2,64860.0,64860.0,81164.0,,14852.0,,0.1715,0.0604,11667,12761,0.0999,1527.0,14893.0,2060.0,0.9655,0.9653,0.0,88665.0
Worcester Polytechnic Institute,Worcester,MA,01609-2280,2,59070.0,59070.0,75678.0,,43273.0,,0.1029,0.505,26978,27000,0.585,,13114.0,5344.0,0.8843,0.9372,0.0,103470.0
Worcester State University,Worcester,MA,01602-2597,1,11286.0,17366.0,21586.0,14738.0,,,0.289,0.4763,13916,19500,0.8986,1145.0,9476.0,3963.0,0.5551,0.7652,0.0,60624.0
Adrian College,Adrian,MI,49221-2575,2,40556.0,40556.0,54950.0,,21504.0,,0.3114,0.7029,16000,27000,0.6837,1030.0,6360.0,1635.0,0.5595,0.6008,0.0,55504.0
Albion College,Albion,MI,49224,2,55746.0,55746.0,68794.0,,16882.0,,0.4526,0.6655,19500,27000,0.8316,,7378.0,1347.0,0.5709,0.689,0.0,58799.0
Hillsdale Beauty College,Hillsdale,MI,49242,3,,,,,15148.0,19150.0,0.6406,0.5,9064,PS,,,,32.0,,,0.0,17793.0
Northwestern Technological Institute,Southfield,MI,48075,3,,,,,30525.0,17797.0,0.805,0.7207,8540,9500,,,,689.0,,,0.0,41237.0
Alma College,Alma,MI,48801-1599,2,47430.0,47430.0,61380.0,,24663.0,,0.2092,0.6618,23250,27000,0.6566,,7148.0,1208.0,0.6373,0.7635,0.0,54742.0
Alpena Community College,Alpena,MI,49707,1,5130.0,7800.0,11320.0,4067.0,,,0.2077,0.0983,5500,9024,,,9704.0,715.0,0.502,0.7513,0.0,36442.0
Andrews University,Berrien Springs,MI,49104,2,33710.0,33710.0,43670.0,,18597.0,,0.22,0.3471,19716,26000,0.874,1177.0,6920.0,1262.0,0.6593,0.8326,0.0,53187.0
Aquinas College,Grand Rapids,MI,49506-1801,2,38520.0,38520.0,49018.0,,18902.0,,0.2301,0.4277,17992,23000,0.7106,1087.0,6676.0,1201.0,0.625,0.7362,0.003,49584.0
Baker College,Owosso,MI,48867,2,12810.0,12810.0,23456.0,,15171.0,,0.3811,0.4831,16753,25000,0.875,1080.0,6411.0,3026.0,0.3133,0.7193,0.005,35833.0
Bay de Noc Community College,Escanaba,MI,49829-2511,1,5910.0,11280.0,15674.0,9766.0,,,0.2439,0.1847,8000,12618,,,7010.0,1100.0,,,0.0,35090.0
Bayshire Academy of Beauty Craft Inc,Bay City,MI,48708-5614,3,,,,,4309.0,12900.0,0.7892,0.0,PS,PS,,,,104.0,,,,24471.0
Calvin University,Grand Rapids,MI,49546,2,38670.0,38670.0,53286.0,,24783.0,,0.144,0.3363,19500,23250,0.7131,1205.0,9611.0,2921.0,0.7736,0.8849,0.0,58375.0
Calvin Theological Seminary,Grand Rapids,MI,49546-4387,2,,,,,,,,,PS,PS,,,8604.0,,,,0.0,
Carnegie Institute,Troy,MI,48083,3,15342.0,15342.0,21863.0,,14418.0,,0.4712,0.6635,8568,9336,,,,103.0,,,0.0,38244.0
Michigan School of Psychology,Farmington Hills,MI,48334-4512,2,,,,,,,,,PS,PS,,,8940.0,,,,0.0,
Central Michigan University,Mount Pleasant,MI,48859,1,14190.0,14190.0,26470.0,16041.0,,,0.3064,0.6786,23183,27000,0.9101,1099.0,10489.0,9916.0,0.6184,0.7369,0.0,55874.0
Mott Community College,Flint,MI,48503-2089,1,4426.0,7410.0,12495.0,6258.0,,,0.3539,0.2673,5975,13000,,,8735.0,5152.0,,,0.001,32538.0
Empire Beauty School-Michigan,Grand Rapids,MI,49544,3,,,,,16486.0,19260.0,0.4851,0.5264,6633,10667,,,,285.0,,,0.001,22377.0
Cleary University,Howell,MI,48843,2,24842.0,24842.0,39110.0,,21019.0,,0.2738,0.436,12469,19500,0.4975,,5250.0,774.0,0.3939,0.6364,0.0,54186.0
Concordia University Ann Arbor,Ann Arbor,MI,48105,2,34200.0,34200.0,50378.0,,26409.0,,0.2419,0.5521,19500,25750,0.7209,1250.0,6741.0,918.0,0.5,0.6622,0.0,56075.0
Cranbrook Academy of Art,Bloomfield Hills,MI,48304,2,,,,,,,,,PS,PS,,,9934.0,,,,0.0,
College for Creative Studies,Detroit,MI,48202,2,51355.0,51355.0,61238.0,,33342.0,,0.2826,0.5334,19000,26000,0.9276,,10684.0,1285.0,0.6962,0.7649,0.0,44860.0
Davenport University,Grand Rapids,MI,49512-9396,2,23324.0,23324.0,35864.0,,19988.0,,0.301,0.476,17353,26000,0.9705,,7039.0,3213.0,0.4952,0.7367,0.003,45099.0
David Pressley School of Cosmetology,Royal Oak,MI,48067-3219,3,,,,,18565.0,17150.0,0.5888,0.5812,6160,6333,,,,263.0,,,0.0,22973.0
Delta College,University Center,MI,48710,1,4640.0,7550.0,11953.0,4550.0,,,0.3536,0.1246,6000,10978,,,10074.0,6061.0,,,0.003,37781.0
Detroit Business Institute-Downriver,Riverview,MI,48193,3,,,,,21533.0,29970.0,0.8616,0.8931,13583,PS,0.5,,,141.0,,,0.0,26702.0
MIAT College of Technology,Canton,MI,48188,3,17252.0,17252.0,26607.0,,21202.0,,0.2955,0.3799,9500,12801,0.9964,,5888.0,1645.0,,,0.0,62575.0
University of Detroit Mercy,Detroit,MI,48221-3038,2,32300.0,32300.0,40069.0,,16179.0,,0.2513,0.3061,19950,23250,0.8014,1136.0,10394.0,2289.0,0.681,0.8248,0.0,71030.0
Dorsey College,Madison Heights,MI,48071,3,32160.0,32160.0,30059.0,,22079.0,,0.6083,0.6417,9500,13000,,,5039.0,547.0,,,0.0,29392.0
Eastern Michigan University,Ypsilanti,MI,48197,1,15510.0,15510.0,28168.0,17084.0,,,0.3656,0.4579,18750,25000,0.8135,1046.0,10337.0,10751.0,0.4549,0.6785,0.001,51793.0
Creative Hair School of Cosmetology,Flint,MI,48507,3,,,,,13356.0,16170.0,0.4565,0.4891,9500,PS,,,,48.0,,,0.0,
Ferris State University,Big Rapids,MI,49307-2251,1,13630.0,13630.0,26066.0,12202.0,,,0.3358,0.4698,15500,21000,0.8058,1001.0,10457.0,8087.0,0.4787,0.7284,0.0,54735.0
Glen Oaks Community College,Centreville,MI,49032-9719,1,4128.0,6576.0,14645.0,7930.0,,,0.2572,0.087,5543,10794,,,8452.0,577.0,,,0.0,37540.0
Kettering University,Flint,MI,48504-6214,2,46380.0,46380.0,58610.0,,33092.0,,0.1681,0.4613,26563,27000,0.7909,1219.0,9193.0,1279.0,0.7054,0.9252,0.002,94823.0
Gogebic Community College,Ironwood,MI,49938,1,5590.0,8318.0,13398.0,5216.0,,,0.3548,0.1804,6000,10925,,,6494.0,508.0,,,0.0,40950.0
Grace Christian University,Wyoming,MI,49509,2,14992.0,14992.0,24637.0,,13996.0,,0.4979,0.5711,9500,24375,0.9931,,5554.0,707.0,0.4286,0.589,0.0,41663.0
Cornerstone University,Grand Rapids,MI,49525-5897,2,29100.0,29100.0,40737.0,,22384.0,,0.2973,0.5457,18634,25000,0.732,,6678.0,1387.0,0.6157,0.8375,0.0,47314.0
Grand Rapids Community College,Grand Rapids,MI,49503-3295,1,4059.0,11859.0,16255.0,11153.0,,,0.2656,0.1561,5500,9000,,,9639.0,10530.0,,,0.0,38377.0
Grand Valley State University,Allendale,MI,49401-9403,1,14628.0,20820.0,26578.0,17096.0,,,0.2577,0.4856,19500,24500,0.9469,1079.0,9983.0,19073.0,0.6865,0.7674,0.0,56118.0
Great Lakes Christian College,Lansing,MI,48917-1299,2,19990.0,19990.0,29664.0,,18700.0,,0.6241,0.6165,12250,PS,,,6258.0,130.0,0.2593,0.3947,0.0,31053.0
Henry Ford College,Dearborn,MI,48128-1495,1,3460.0,7040.0,9983.0,576.0,,,0.4548,0.1823,7300,14250,,,11204.0,8695.0,0.1063,,0.0,34795.0
Hillsdale College,Hillsdale,MI,49242,2,32092.0,32092.0,,,,,0.0,0.0,,,0.2059,1433.0,8372.0,1563.0,0.8482,0.9608,,
Hope College,Holland,MI,49423-9000,2,40420.0,40420.0,52206.0,,25749.0,,0.1643,0.4632,23250,26800,0.7585,1237.0,8562.0,3274.0,0.8226,0.9025,0.0,58427.0
Jackson College,Jackson,MI,49201-8399,1,7040.0,9795.0,15892.0,7657.0,,,0.3442,0.1768,8750,13875,,,7048.0,3563.0,0.1738,,0.001,36898.0
Kalamazoo College,Kalamazoo,MI,49006-3295,2,58764.0,58764.0,71173.0,,18873.0,,0.2322,0.4686,22810,26077,0.7623,1270.0,8832.0,1175.0,0.817,0.8351,0.0,65590.0
Kalamazoo Valley Community College,Kalamazoo,MI,49003-4070,1,4046.0,8876.0,9517.0,2991.0,,,0.2663,0.1741,5054,9699,,,11524.0,4885.0,,,0.0,38618.0
Kellogg Community College,Battle Creek,MI,49017-3397,1,3798.0,7902.0,11939.0,4867.0,,,0.2346,0.2334,10258,17000,,,9500.0,2781.0,,,0.0,38329.0
Kirtland Community College,Grayling,MI,49738,1,4980.0,9390.0,15802.0,9615.0,,,0.3435,0.2766,7043,13067,,,6653.0,965.0,,,0.003,35831.0
Michigan College of Beauty-Monroe,Monroe,MI,48161,3,,,,,12605.0,15775.0,0.3497,0.7485,6333,6333,,,,100.0,,,0.0,22766.0
Lake Michigan College,Benton Harbor,MI,49022-1899,1,5265.0,7500.0,17782.0,11209.0,,,0.1785,0.1711,5104,9000,,,8702.0,1811.0,,,0.0,34466.0
Lake Superior State University,Sault Ste Marie,MI,49783,1,14266.0,14266.0,25757.0,14368.0,,,0.2906,0.435,14764,23250,0.6801,,7639.0,1391.0,0.5694,0.6883,0.0,49045.0
Lansing Community College,Lansing,MI,48933,1,4010.0,11030.0,10180.0,4003.0,,,0.2783,0.1822,5613,12700,,,8699.0,7756.0,,,0.0,39206.0
Lawrence Technological University,Southfield,MI,48075-1058,2,41872.0,41872.0,54266.0,,33995.0,,0.1654,0.4665,20500,27000,0.8025,,8939.0,1701.0,0.6257,0.7656,0.0,69151.0
M J Murphy Beauty College of Mount Pleasant,Mount Pleasant,MI,48858,3,,,,,13516.0,16200.0,0.4286,0.5714,4750,PS,,,,35.0,,,0.0,20720.0
Macomb Community College,Warren,MI,48088-3896,1,3600.0,8220.0,10719.0,5725.0,,,0.3311,0.0869,3500,6000,,,10962.0,14285.0,,,0.0,41596.0
Madonna University,Livonia,MI,48150-1176,2,27360.0,27360.0,38809.0,,17815.0,,0.295,0.5419,19000,23000,0.9293,1000.0,7358.0,1637.0,0.5815,0.7177,0.0,59058.0
Rochester University,Rochester Hills,MI,48307,2,27938.0,27938.0,36215.0,,19245.0,,0.3108,0.5212,14750,24475,0.6531,,6201.0,827.0,0.414,0.674,0.0,48707.0
University of Michigan-Ann Arbor,Ann Arbor,MI,48109,1,17228.0,58072.0,33345.0,14832.0,,,0.1757,0.2101,17625,19500,0.1794,1473.0,12896.0,33488.0,0.9322,0.9764,0.0,83648.0
The Michigan Barber School,Detroit,MI,48204-2244,2,,,,,6693.0,13212.0,0.7935,0.0,PS,PS,,,,82.0,,,,25106.0
Michigan State University,East Lansing,MI,48824-1046,1,15988.0,43372.0,30528.0,20751.0,,,0.2002,0.3339,19500,23250,0.8392,1261.0,13188.0,40243.0,0.8217,0.914,0.0,67253.0
Michigan Technological University,Houghton,MI,49931-1295,1,18392.0,41340.0,32550.0,15729.0,,,0.1823,0.4569,20500,24990,0.8794,1243.0,11488.0,5829.0,0.6872,0.8769,0.0,78198.0
University of Michigan-Dearborn,Dearborn,MI,48128-1491,1,14944.0,31360.0,22435.0,10904.0,,,0.4385,0.3842,17000,22500,0.5863,1127.0,11205.0,5882.0,0.5655,0.8125,0.0,59649.0
University of Michigan-Flint,Flint,MI,48502-1950,1,14014.0,31274.0,23329.0,12280.0,,,0.3467,0.42,18494,25000,0.6883,1104.0,10307.0,4157.0,0.4456,0.7603,0.0,53230.0
Mid Michigan College,Harrison,MI,48625-9447,1,5794.0,8446.0,14816.0,10100.0,,,0.3164,0.2256,7810,13750,,,9115.0,2002.0,,,0.0,37319.0
Monroe County Community College,Monroe,MI,48161-9746,1,4566.0,8224.0,9894.0,5261.0,,,0.2531,0.1912,6226,12296,,,10181.0,1484.0,,,0.0,41646.0
Montcalm Community College,Sidney,MI,48885-9723,1,4860.0,12420.0,10978.0,4352.0,,,0.2938,0.0992,9500,16500,,,8767.0,1040.0,,,0.0,35499.0
Muskegon Community College,Muskegon,MI,49442-1432,1,6990.0,15390.0,11303.0,5196.0,,,0.2832,0.0601,5000,9125,,,11801.0,2781.0,,,0.0,36549.0
North Central Michigan College,Petoskey,MI,49770,1,5267.0,10247.0,13378.0,5457.0,,,0.3314,0.0897,5500,14000,,,10399.0,897.0,,,0.0,36594.0
Northern Michigan University,Marquette,MI,49855-5301,1,13304.0,18800.0,26206.0,17485.0,,,0.2739,0.507,13750,21474,0.6995,,8794.0,6425.0,0.5084,0.7584,0.0,47107.0
Northwestern Michigan College,Traverse City,MI,49686,1,5350.0,12762.0,11821.0,5243.0,,,0.285,0.2395,8191,12500,,,9808.0,2668.0,0.2489,0.8095,0.0,38167.0
Northwood University,Midland,MI,48640-2398,2,33000.0,33000.0,47114.0,,26429.0,,0.2469,0.6629,18750,20842,0.839,,7846.0,1900.0,0.6107,0.7895,0.001,63075.0
Oakland Community College,Auburn Hills,MI,48326,1,3020.0,5560.0,11487.0,4568.0,,,0.2741,0.1538,4592,9105,,,9716.0,11772.0,,,0.0,37395.0
Oakland University,Rochester Hills,MI,48309-4401,1,14694.0,23188.0,25016.0,13584.0,,,0.2983,0.3886,16787,22750,0.7024,1110.0,10123.0,12450.0,0.5694,0.7519,0.0,58612.0
The University of Olivet,Olivet,MI,49076,2,33076.0,33076.0,45849.0,,21158.0,,0.4174,0.7545,13000,27000,0.9711,,6908.0,918.0,0.3704,0.573,0.0,47907.0
Port Huron Cosmetology College,Waterford,MI,48329,3,,,,,10398.0,19800.0,0.2152,0.1772,4750,PS,,,,52.0,,,0.0,22980.0
Kuyper College,Grand Rapids,MI,49525-9781,2,26390.0,26390.0,37282.0,,28458.0,,0.3165,0.3924,16304,21389,0.3385,,5454.0,119.0,0.5357,1.0,0.0,41066.0
Ross Medical Education Center-Lansing,Lansing,MI,48917-2108,3,,,,,22537.0,16297.0,0.8698,0.8343,5500,9500,,,,96.0,,,0.001,30072.0
Ross Medical Education Center-Warren,Warren,MI,48092-4141,3,,,,,21312.0,16297.0,0.8462,0.8038,8481,9500,,,,153.0,,,0.0,30481.0
Ross Medical Education Center-Flint,Flint,MI,48507-1234,3,,,,,20912.0,16297.0,0.8974,0.7821,7504,9500,,,,87.0,,,0.0,30060.0
Sacred Heart Major Seminary,Detroit,MI,48206-1799,2,25560.0,25560.0,39466.0,,10371.0,,0.0636,0.0636,7500,PS,1.0,,7040.0,176.0,0.6667,1.0,0.0,49295.0
Saginaw Valley State University,University Center,MI,48710,1,12240.0,28752.0,24043.0,14582.0,,,0.3237,0.5121,17500,25000,0.7288,1051.0,9258.0,6004.0,0.5382,0.7536,0.0,51955.0
Schoolcraft Community College District,Livonia,MI,48152-2696,1,4448.0,7906.0,11921.0,5372.0,,,0.2719,0.0708,5531,10500,,,11264.0,6626.0,0.153,,0.0,42722.0
Siena Heights University,Adrian,MI,49221,2,29778.0,29778.0,42802.0,,17185.0,,0.309,0.6851,15625,18750,0.6656,1033.0,6735.0,1533.0,0.5111,0.721,0.0,57529.0
St Clair County Community College,Port Huron,MI,48061-5015,1,5076.0,11826.0,12153.0,8145.0,,,0.2498,0.1178,7500,11750,,,9784.0,1955.0,,,0.0,40177.0
Southwestern Michigan College,Dowagiac,MI,49047-9793,1,6026.0,7850.0,14999.0,6463.0,,,0.3824,0.1854,5500,10959,,,7576.0,1396.0,,,0.0,37303.0
Spring Arbor University,Spring Arbor,MI,49283-9799,2,32580.0,32580.0,43178.0,,20899.0,,0.2591,0.5129,24724,26375,0.3733,1072.0,6077.0,990.0,0.5985,0.7357,0.0,51732.0
Michigan Career and Technical Institute,Plainwell,MI,49080-9254,1,8300.0,12048.0,16152.0,11029.0,,,0.3394,0.0,PS,PS,,,,118.0,,,,29376.0
Thomas M Cooley Law School,Lansing,MI,48933,2,,,,,,,,,PS,PS,,,12315.0,,,,0.0,63450.0
Twin City Beauty College,Saint Joseph,MI,49085,3,,,,,21829.0,18000.0,0.4035,0.3801,5500,9320,,,,269.0,,,0.0,23043.0
Walsh College,Troy,MI,48083-5066,2,,,,,,,0.3114,0.5779,12500,16217,,,10013.0,535.0,,,0.0,72081.0
Washtenaw Community College,Ann Arbor,MI,48105-4800,1,2736.0,6336.0,11161.0,3561.0,,,0.2686,0.1657,7855,13310,,,8677.0,7736.0,,,0.001,39449.0
Wayne County Community College District,Detroit,MI,48226,1,3112.0,4067.0,12642.0,5762.0,,,0.2846,0.067,7421,12062,,,9129.0,7848.0,,,0.003,29079.0
Wayne State University,Detroit,MI,48202,1,14297.0,30419.0,26794.0,14773.0,,,0.4304,0.3972,16597,21250,0.8203,1147.0,11576.0,15676.0,0.5651,0.8154,0.001,53493.0
West Shore Community College,Scottville,MI,49454-0277,1,4320.0,8670.0,9674.0,1335.0,,,0.3367,0.0484,6000,9089,,,9063.0,651.0,,,0.0,36115.0
Paul Mitchell the School-Grand Rapids,Kentwood,MI,49512-1781,3,,,,,14465.0,18395.0,0.415,0.4898,7977,9833,,,,84.0,,,0.0,
Western Michigan University,Kalamazoo,MI,49008-5200,1,15298.0,19098.0,28655.0,18701.0,,,0.2537,0.4791,20115,26188,0.8468,1108.0,10462.0,12704.0,0.5777,0.7985,0.0,53562.0
Western Theological Seminary,Holland,MI,49423-3622,2,,,,,,,,,PS,PS,,,8673.0,,,,0.0,
Academy College,Bloomington,MN,55431-1411,3,18252.0,18252.0,34240.0,,31307.0,,0.3243,0.5495,16500,PS,,,3193.0,112.0,1.0,0.6667,0.0,48300.0
Alexandria Technical & Community College,Alexandria,MN,56308,1,6213.0,6213.0,18962.0,14150.0,,,0.1557,0.192,8251,12000,,,8581.0,1438.0,,,0.0,49393.0
Anoka Technical College,Anoka,MN,55303,1,6267.0,6267.0,16662.0,12261.0,,,0.3285,0.3089,9250,11000,,,8586.0,1522.0,,,0.0,47746.0
Anoka-Ramsey Community College,Coon Rapids,MN,55433-3470,1,5682.0,5682.0,16110.0,11471.0,,,0.1962,0.1452,8750,13500,,,8666.0,3983.0,,,0.0,48342.0
Augsburg University,Minneapolis,MN,55454,2,43942.0,43942.0,57966.0,,23875.0,,0.515,0.7664,19500,25347,0.7653,,8411.0,2429.0,0.5244,0.699,0.0,58829.0
Riverland Community College,Austin,MN,55912-1473,1,6250.0,6250.0,14611.0,8463.0,,,0.2649,0.1732,9500,12000,,,8369.0,1895.0,,,0.0,45247.0
Northwest Technical College,Bemidji,MN,56601-4907,1,6246.0,6246.0,18271.0,12941.0,,,0.3301,0.3467,9500,15000,,,8110.0,654.0,,,0.0,42930.0
Bemidji State University,Bemidji,MN,56601,1,10164.0,10164.0,23066.0,17050.0,,,0.2628,0.4478,13809,19750,0.7066,1090.0,9734.0,3120.0,0.534,0.782,0.0,53755.0
Bethany Lutheran College,Mankato,MN,56001,2,30010.0,30010.0,39624.0,,17680.0,,0.221,0.4154,15935,23000,0.5096,1144.0,7225.0,682.0,0.5956,0.8011,0.0,46110.0
Bethel University,Saint Paul,MN,55112,2,42930.0,42930.0,56310.0,,28439.0,,0.1898,0.473,18272,21500,0.9099,1243.0,7816.0,2012.0,0.7522,0.8705,0.0,63764.0
Central Lakes College-Brainerd,Brainerd,MN,56401-3900,1,6209.0,6209.0,18003.0,12829.0,,,0.1455,0.1228,8439,11000,,,8738.0,1486.0,,,0.0,42162.0
Carleton College,Northfield,MN,55057,2,65457.0,65457.0,81350.0,,27320.0,,0.1404,0.4342,15960,16750,0.2228,1491.0,12173.0,2019.0,0.9119,0.9586,0.0,75525.0
Concordia College at Moorhead,Moorhead,MN,56562,2,30020.0,30020.0,43074.0,,25651.0,,0.1976,0.567,20895,26847,0.6306,1192.0,7863.0,1721.0,0.7183,0.7815,0.0,59317.0
Concordia University-Saint Paul,Saint Paul,MN,55104-5494,2,25000.0,25000.0,34495.0,,17566.0,,0.3403,0.5598,12166,17832,0.7487,,7135.0,2786.0,0.5878,0.6734,0.0,59871.0
Dakota County Technical College,Rosemount,MN,55068-2999,1,6419.0,6419.0,15792.0,11140.0,,,0.2713,0.2437,8250,11000,,,8493.0,2083.0,,,0.0,51938.0
Martin Luther College,New Ulm,MN,56073-3965,2,17770.0,17770.0,29288.0,,20483.0,,0.2265,0.698,16606,20177,0.8257,1191.0,4920.0,718.0,0.7143,0.8521,0.0,47491.0
Lake Superior College,Duluth,MN,55811-3399,1,5786.0,5786.0,20049.0,16050.0,,,0.1925,0.2198,8820,12775,,,8223.0,2456.0,,,0.0,46449.0
Minnesota State Community and Technical College,Fergus Falls,MN,56537-1000,1,5900.0,5900.0,15570.0,11274.0,,,0.2518,0.2499,9360,12000,,,8452.0,2875.0,,,0.0,45591.0
Minnesota West Community and Technical College,Granite Falls,MN,56241,1,6484.0,12332.0,17205.0,11898.0,,,0.1405,0.1325,9500,10987,,,8308.0,1700.0,,,0.0,45285.0
Gustavus Adolphus College,Saint Peter,MN,56082-1498,2,54310.0,54310.0,65976.0,,26895.0,,0.2138,0.5548,23250,26774,0.618,1320.0,8083.0,1930.0,0.7585,0.8423,0.0,65607.0
Hamline University,Saint Paul,MN,55104-1284,2,48311.0,48311.0,56738.0,,21385.0,,0.3977,0.587,15750,23770,0.8983,1197.0,8194.0,1685.0,0.5771,0.7358,0.0,61106.0
Hazelden Betty Ford Graduate School,Center City,MN,55012-0011,2,,,,,,,,,PS,PS,,,6425.0,,,,0.0,
Hennepin Technical College,Brooklyn Park,MN,55445,1,5881.0,5881.0,15830.0,10925.0,,,0.2642,0.2033,9500,11433,,,8349.0,2827.0,,,0.0,49460.0
Minnesota North College,Hibbing,MN,55746,1,6004.0,7302.0,16231.0,10636.0,,,0.3016,0.2999,8694,12000,,,8327.0,1942.0,,,0.0,45570.0
Aveda Arts & Sciences Institute Minneapolis,Minneapolis,MN,55414,3,,,,,20690.0,22150.0,0.2405,0.4027,6023,6333,,,,608.0,,,0.0,34659.0
Inver Hills Community College,Inver Grove Heights,MN,55076-3224,1,6007.0,6007.0,15612.0,10651.0,,,0.2327,0.1607,9315,13965,,,8613.0,2203.0,,,0.0,49898.0
Luther Seminary,Saint Paul,MN,55108-1496,2,,,,,,,,,PS,PS,,,7048.0,,,,0.0,
Macalester College,Saint Paul,MN,55105-1899,2,64908.0,64908.0,78900.0,,29980.0,,0.1733,0.3747,19500,23000,0.2821,1424.0,11661.0,2131.0,0.9041,0.9457,0.0,63878.0
South Central College,North Mankato,MN,56003-1920,1,6146.0,6146.0,15400.0,10314.0,,,0.3248,0.2252,8250,12000,,,8332.0,1890.0,,,0.0,45068.0
Minnesota State University-Mankato,Mankato,MN,56001,1,9490.0,18860.0,22565.0,18609.0,,,0.2048,0.4246,14000,21106,0.9133,1190.0,10753.0,11325.0,0.5411,0.7966,0.0,56922.0
Mayo Clinic College of Medicine and Science,Rochester,MN,55905,2,3257.0,3257.0,,,,,0.0075,0.1199,9066,10500,0.3871,,,296.0,,,0.0,79652.0
Metropolitan State University,Saint Paul,MN,55106-5000,1,9780.0,9780.0,26057.0,19181.0,,,0.443,0.3372,12900,17100,0.9649,1020.0,10790.0,4998.0,0.3837,0.7327,0.0,64705.0
University of Minnesota-Twin Cities,Minneapolis,MN,55455-0213,1,16488.0,36402.0,29013.0,17139.0,,,0.1687,0.2906,16727,19500,0.7703,1359.0,13261.0,30469.0,0.8482,0.9086,0.0,69020.0
University of Minnesota-Crookston,Crookston,MN,56716-5001,1,13120.0,13120.0,25290.0,10874.0,,,0.1919,0.2814,12500,20500,0.5838,,8868.0,1650.0,0.4973,0.7654,0.0,58056.0
Minneapolis College of Art and Design,Minneapolis,MN,55404,2,43824.0,43824.0,54606.0,,25935.0,,0.4017,0.735,19225,27000,0.4836,1170.0,7762.0,701.0,0.6917,0.8188,0.0,40873.0
Minneapolis Community and Technical College,Minneapolis,MN,55403-1779,1,6128.0,6128.0,18826.0,13235.0,,,0.4033,0.2075,10500,17954,,,8830.0,4816.0,,,0.0,40086.0
Herzing University-Minneapolis,St. Louis Park,MN,55426,2,13420.0,13420.0,23747.0,,15205.0,,0.5186,0.755,11756,21500,0.9382,,7344.0,747.0,0.7353,0.5714,0.0,36909.0
Nova Academy of Cosmetology Woodbury,WOODBURY,MN,55125,3,,,,,19898.0,21700.0,0.4758,0.5859,6333,6333,,,,56.0,,,0.0,31961.0
University of Minnesota-Duluth,Duluth,MN,55812,1,14318.0,19762.0,26907.0,18464.0,,,0.1824,0.4568,16000,22024,0.8175,1221.0,8730.0,7475.0,0.6445,0.8083,0.0,62616.0
University of Minnesota-Morris,Morris,MN,56267,1,14288.0,16438.0,25816.0,9110.0,,,0.3081,0.3858,12377,18995,0.7046,,7856.0,980.0,0.6193,0.7286,0.0,50919.0
Model College of Hair Design,Saint Cloud,MN,56301-4332,3,,,,,17740.0,20500.0,0.4491,0.5324,5500,7139,,,,108.0,,,0.0,25410.0
Minnesota State University Moorhead,Moorhead,MN,56563,1,10336.0,10336.0,24419.0,17816.0,,,0.2746,0.5192,15000,20000,0.5262,1090.0,10113.0,3120.0,0.5464,0.7244,0.0,50527.0
North Hennepin Community College,Brooklyn Park,MN,55445,1,5050.0,5050.0,14293.0,9804.0,,,0.2913,0.1518,9000,14750,,,8693.0,3299.0,,,0.0,51142.0
Normandale Community College,Bloomington,MN,55431-4399,1,6321.0,6321.0,17594.0,12370.0,,,0.2762,0.1225,8000,12000,,,8791.0,6040.0,,,0.0,50207.0
North Central University,Minneapolis,MN,55404-1391,2,29460.0,29460.0,42215.0,,23574.0,,0.4251,0.6011,16750,23200,0.9082,,7300.0,802.0,0.6359,0.7751,0.0,45064.0
Northland Community and Technical College,Thief River Falls,MN,56701,1,6262.0,6262.0,17893.0,13168.0,,,0.2184,0.2441,9500,12000,,,8339.0,1382.0,,,0.0,44425.0
University of Northwestern-St Paul,Saint Paul,MN,55113-1598,2,36830.0,36830.0,48246.0,,25140.0,,0.1506,0.2873,17750,21325,0.9188,1244.0,6373.0,1495.0,0.6837,0.8414,0.0,50755.0
Northwestern Health Sciences University,Bloomington,MN,55431,2,12015.0,12015.0,36501.0,,29794.0,,0.1917,0.5546,8250,7500,,,7566.0,251.0,1.0,,0.0,48666.0
Oak Hills Christian College,Bemidji,MN,56601-8834,2,18910.0,18910.0,31810.0,,24674.0,,0.451,0.3824,9500,20980,,,4134.0,98.0,0.3077,0.3684,0.0,35983.0
Pine Technical & Community College,Pine City,MN,55063,1,4681.0,4681.0,15534.0,10281.0,,,0.1495,0.1095,9933,14392,,,8270.0,569.0,,,0.0,41232.0
Rochester Community and Technical College,Rochester,MN,55904-4999,1,6359.0,6359.0,17814.0,13148.0,,,0.2892,0.224,9250,14743,,,8901.0,3122.0,,,0.0,45287.0
College of Saint Benedict,Saint Joseph,MN,56374,2,53884.0,53884.0,66878.0,,28065.0,,0.1871,0.6313,23250,26944,0.9136,1185.0,9056.0,1392.0,0.8304,0.8796,0.0,63260.0
St Cloud Technical and Community College,Saint Cloud,MN,56303-1240,1,4957.0,4957.0,15374.0,10956.0,,,0.352,0.2542,8265,12000,,,8581.0,2808.0,,,0.0,46874.0
Saint Cloud State University,Saint Cloud,MN,56301-4498,1,10117.0,10117.0,21389.0,14485.0,,,0.203,0.254,14362,21058,0.9495,1091.0,11152.0,5181.0,0.4691,0.6793,0.0,55813.0
Saint Johns University,Collegeville,MN,56321,2,53942.0,53942.0,66863.0,,27018.0,,0.1806,0.5661,23250,27000,0.9048,1220.0,9144.0,1468.0,0.757,0.8303,0.0,76786.0
Saint Mary's University of Minnesota,Winona,MN,55987-1399,2,43160.0,43160.0,54870.0,,21034.0,,0.2209,0.5727,16099,21500,0.8881,,7173.0,1061.0,0.6767,0.786,0.0,58170.0
St Olaf College,Northfield,MN,55057-1098,2,56970.0,56970.0,69200.0,,22752.0,,0.2006,0.436,23250,26000,0.5215,1373.0,9105.0,3049.0,0.835,0.9054,0.0,65543.0
Crown College,Saint Bonifacius,MN,55375-9001,2,30200.0,30200.0,44961.0,,27324.0,,0.2446,0.3781,15225,22500,0.6281,,4976.0,789.0,0.6434,0.6702,0.0,48057.0
The College of Saint Scholastica,Duluth,MN,55811-4199,2,40454.0,40454.0,53069.0,,23949.0,,0.2322,0.5124,17125,20000,0.9378,1190.0,7652.0,1725.0,0.6299,0.7787,0.0,65934.0
University of St Thomas,Saint Paul,MN,55105-1078,2,52284.0,52284.0,64684.0,,30525.0,,0.1956,0.4495,19500,23250,0.8494,1296.0,11518.0,6014.0,0.7517,0.8625,0.0,73739.0
Empire Beauty School-Bloomington,Bloomington,MN,55420-4232,3,,,,,17164.0,20538.0,0.5279,0.5322,6333,10231,,,,157.0,,,0.0,23589.0
St Catherine University,Saint Paul,MN,55105,2,49758.0,49758.0,58432.0,,21563.0,,0.3582,0.5936,19716,24181,0.9407,1190.0,7650.0,2393.0,0.6513,0.7813,0.0,59282.0
Rasmussen University-Minnesota,St. Cloud,MN,56301-3713,3,10899.0,10899.0,24056.0,,19071.0,,0.5086,0.7342,13000,20899,,,7547.0,8033.0,0.5322,1.0,0.0,39080.0
Saint Paul College,Saint Paul,MN,55102-9808,1,6318.0,6318.0,17977.0,12040.0,,,0.4047,0.1771,9000,10925,,,8516.0,3607.0,,,0.0,38399.0
Southwest Minnesota State University,Marshall,MN,56258-5468,1,10304.0,10304.0,22399.0,14760.0,,,0.1081,0.1532,14250,20500,0.6894,1020.0,10460.0,2045.0,0.4407,0.6959,0.0,51342.0
Summit Academy Opportunities Industrialization Center,Minneapolis,MN,55405,2,,,,,17952.0,7410.0,0.4543,0.0,PS,PS,,,,270.0,,,,22606.0
United Theological Seminary of the Twin Cities,St. Paul,MN,55114,2,,,,,,,,,,,,,5283.0,,,,0.0,
Dunwoody College of Technology,Minneapolis,MN,55403-1192,2,25659.0,25659.0,34834.0,,27023.0,,0.2929,0.7483,12000,16000,0.9847,1050.0,7291.0,1417.0,0.627,0.7083,0.0,61511.0
Ridgewater College,Willmar,MN,56201,1,6109.0,6109.0,16195.0,10955.0,,,0.3354,0.2741,9196,12000,,,8342.0,2048.0,,,0.0,43827.0
Minnesota State College Southeast,Winona,MN,55987,1,7820.0,7820.0,20158.0,15548.0,,,0.2241,0.2309,9500,12971,,,8370.0,1198.0,,,0.0,43613.0
Winona State University,Winona,MN,55987-5838,1,10498.0,17230.0,23373.0,18148.0,,,0.2349,0.517,15000,21500,0.6852,1119.0,10331.0,5088.0,0.6089,0.7753,0.0,58532.0
Mitchell Hamline School of Law,Saint Paul,MN,55105-3076,2,,,,,,,,,PS,PS,,,9949.0,,,,0.0,
Century College,White Bear Lake,MN,55110,1,6182.0,6182.0,15084.0,10037.0,,,0.3264,0.2036,9500,14250,,,8845.0,5971.0,,,0.0,46424.0
Alcorn State University,Alcorn State,MS,39096-7500,1,8549.0,8549.0,23937.0,14040.0,,,0.7742,0.7055,17021,27000,0.2466,1039.0,7090.0,2290.0,0.4615,0.7908,0.0,36421.0
Belhaven University,Jackson,MS,39202,2,29195.0,29195.0,38359.0,,22078.0,,0.4454,0.6536,18549,26333,0.5325,1050.0,5598.0,1370.0,0.5113,0.6887,0.0,46440.0
Blue Mountain Christian University,Blue Mountain,MS,38610,2,19280.0,19280.0,32140.0,,18062.0,,0.2623,0.3094,13750,18534,1.0,1047.0,6210.0,536.0,0.512,0.7444,0.0,40421.0
Chris Beauty College,Gulfport,MS,39501,3,,,,,17940.0,12600.0,0.3333,0.0,PS,PS,,,,105.0,,,,18468.0
Coahoma Community College,Clarksdale,MS,38614,1,3490.0,3490.0,9071.0,560.0,,,0.5939,0.0,PS,PS,,,5501.0,1314.0,,,,24289.0
Copiah-Lincoln Community College,Wesson,MS,39191,1,4000.0,5000.0,11844.0,3472.0,,,0.3838,0.0782,5500,7435,,,5301.0,1948.0,,,0.0,31241.0
Delta State University,Cleveland,MS,38733,1,8605.0,8605.0,22008.0,13778.0,,,0.4314,0.4944,15000,20390,0.9968,1091.0,7213.0,1613.0,0.4686,0.7358,0.0,41991.0
East Central Community College,Decatur,MS,39327-0129,1,3865.0,5965.0,12692.0,5770.0,,,0.4046,0.0697,4481,5500,,,5847.0,1584.0,,,0.0,32421.0
East Mississippi Community College,Scooba,MS,39358-0158,1,3950.0,6950.0,10806.0,3880.0,,,0.4549,0.2073,5790,9006,,,6152.0,2914.0,,,0.0,33772.0
Fosters Cosmetology College,Ripley,MS,38663-0066,3,,,,,18199.0,14200.0,0.9322,0.6441,6044,PS,,,,22.0,,,0.02,
Academy of Hair Design-Grenada,Grenada,MS,38901,3,,,,,20493.0,19500.0,0.7708,0.6458,6500,6786,,,,33.0,,,0.0,22284.0
Hinds Community College,Raymond,MS,39154,1,3825.0,6875.0,9817.0,3158.0,,,0.3822,0.239,5951,9371,,,5361.0,6533.0,,,0.0,30774.0
Holmes Community College,Goodman,MS,39079,1,3510.0,6210.0,12733.0,5980.0,,,0.4222,0.1196,5500,9274,,,6536.0,3847.0,,,0.0,32922.0
Itawamba Community College,Fulton,MS,38843-1099,1,3420.0,5820.0,11557.0,5034.0,,,0.4553,0.1007,5500,7631,,,6946.0,4018.0,,,0.0,32912.0
Jackson State University,Jackson,MS,39217,1,9090.0,10110.0,28611.0,20191.0,,,0.6838,0.7804,24751,30470,0.9103,974.0,7740.0,4769.0,0.3219,0.6845,0.0,39060.0
Jones County Junior College,Ellisville,MS,39437,1,4000.0,6000.0,14975.0,7945.0,,,0.3769,0.063,5500,6291,,,6795.0,3248.0,,,0.0,33377.0
Meridian Community College,Meridian,MS,39307-5801,1,3932.0,5992.0,13402.0,6811.0,,,0.3996,0.1098,4500,5521,,,5527.0,2025.0,,,0.0,31002.0
Millsaps College,Jackson,MS,39210-0001,2,43815.0,43815.0,61025.0,,25291.0,,0.3557,0.6124,19500,27000,0.4903,,8506.0,580.0,0.5546,0.7348,0.0,53848.0
Mississippi Delta Community College,Moorhead,MS,38761,1,3540.0,6140.0,9270.0,2276.0,,,0.486,0.0,PS,PS,,,5980.0,1490.0,,,,28421.0
University of Mississippi,University,MS,38677-1848,1,9412.0,26980.0,27692.0,13164.0,,,0.2241,0.3292,15250,20000,0.9778,1187.0,10098.0,18995.0,0.6849,0.8793,0.0,50994.0
Mississippi University for Women,Columbus,MS,39701,1,8092.0,8092.0,21808.0,13198.0,,,0.4159,0.4087,13000,15000,1.0,1050.0,6655.0,1593.0,0.3779,0.7167,0.0,46128.0
Mississippi Valley State University,Itta Bena,MS,38941-1400,1,7912.0,7912.0,21606.0,11812.0,,,0.5955,0.5393,19203,28413,0.5116,910.0,6651.0,1326.0,0.2214,0.5756,0.0,31919.0
Mississippi College,Clinton,MS,39058,2,21698.0,21698.0,39167.0,,20911.0,,0.2617,0.3477,17759,22500,0.4887,1120.0,7962.0,2423.0,0.6281,0.8027,0.0,47485.0
Hatfield's Mississippi College of Beauty Culture,Laurel,MS,39440,3,,,,,33969.0,16500.0,0.6053,0.3816,6500,PS,,,,51.0,,,0.0,13849.0
Mississippi Gulf Coast Community College,Perkinston,MS,39573,1,3950.0,7250.0,12908.0,7372.0,,,0.4084,0.208,6625,10000,,,5540.0,6231.0,,,0.0,33017.0
Mississippi State University,Mississippi State,MS,39762,1,9815.0,26580.0,26922.0,15501.0,,,0.2864,0.392,16324,22142,0.7632,1220.0,9760.0,18092.0,0.6291,0.8285,0.0,51513.0
Northeast Mississippi Community College,Booneville,MS,38829,1,4770.0,8050.0,14779.0,9307.0,,,0.5777,0.1806,5500,9722,,,5875.0,2640.0,,,0.0,34081.0
Northwest Mississippi Community College,Senatobia,MS,38668-1714,1,3660.0,6060.0,13156.0,7665.0,,,0.3256,0.1266,5500,6500,,,5970.0,5181.0,,,0.0,36396.0
Pearl River Community College,Poplarville,MS,39470,1,3650.0,5650.0,11607.0,4881.0,,,0.4747,0.2431,6250,9750,,,6193.0,4725.0,,,0.0,33019.0
Rust College,Holly Springs,MS,38635,2,13840.0,13840.0,18448.0,,8751.0,,0.6876,0.6346,13777,26159,0.3469,,5197.0,428.0,0.2695,0.0952,0.0,32275.0
Southeastern Baptist College,Laurel,MS,39440-9989,2,5925.0,5925.0,10775.0,,5603.0,,0.7054,0.0,PS,PS,,,,65.0,1.0,0.1905,,26946.0
Southwest Mississippi Community College,Summit,MS,39666-0000,1,3960.0,6660.0,10933.0,3057.0,,,0.5525,0.0,PS,PS,,,6297.0,1497.0,,,,33227.0
University of Southern Mississippi,Hattiesburg,MS,39406-0001,1,9618.0,11618.0,25482.0,14224.0,,,0.4659,0.4999,14250,22500,0.9938,1120.0,8373.0,9899.0,0.5058,0.705,0.0,44140.0
Tougaloo College,Tougaloo,MS,39174,2,11398.0,11398.0,22570.0,,15663.0,,0.618,0.5799,23098,30046,0.5319,,3855.0,681.0,0.3231,0.7109,0.0,34724.0
Vaughn Beauty College,Aberdeen,MS,39730-3238,3,,,,,8752.0,10375.0,0.4535,0.186,PS,PS,,,,60.0,,,,
Wesley Biblical Seminary,Ridgeland,MS,39157-1920,2,8000.0,8000.0,,,,,,,PS,PS,,,5799.0,27.0,,,0.022,
William Carey University,Hattiesburg,MS,39401,2,14685.0,14685.0,30846.0,,17052.0,,0.2458,0.2549,15796,20832,0.5797,1120.0,6124.0,1818.0,0.4083,0.8035,0.0,43087.0
Aquinas Institute of Theology,Saint Louis,MO,63108-3323,2,,,,,,,,,PS,PS,,,4781.0,,,,0.2,
Avila University,Kansas City,MO,64145-1698,2,38672.0,38672.0,32863.0,,16939.0,,0.4908,0.8517,19230,25000,0.5954,942.0,6864.0,1192.0,0.4262,0.6831,0.0,52773.0
Mission University,Springfield,MO,65803-3498,2,16230.0,16230.0,29288.0,,21887.0,,0.4891,0.7117,16000,26168,,,4009.0,342.0,0.3824,0.7049,0.0,38641.0
House of Heavilin Beauty College-Blue Springs,Blue Springs,MO,64014,3,,,,,21832.0,13500.0,0.4348,0.4522,7463,7917,,,,120.0,,,0.0,24840.0
Cox College,Springfield,MO,65802-1917,2,15599.0,15599.0,,,,,0.3491,0.7411,18000,20000,0.7143,,7423.0,634.0,1.0,,0.0,56867.0
Calvary University,Kansas City,MO,64147-1341,2,13692.0,13692.0,20044.0,,12860.0,,0.3584,0.2699,12500,20839,0.7091,1008.0,3957.0,170.0,0.5263,0.6154,0.0,45421.0
Cape Girardeau Career and Technology Center,Cape Girardeau,MO,63703-7511,1,,,,20019.0,,8400.0,0.3777,0.3047,6944,8750,,,,212.0,,,0.0,44369.0
Central Christian College of the Bible,Moberly,MO,65270-1997,2,11200.0,11200.0,22288.0,,13866.0,,0.5316,0.462,10125,17500,,,4867.0,145.0,0.4091,0.8,0.0,34675.0
Central Methodist University-College of Liberal Arts and Sciences,Fayette,MO,65248-1198,2,27140.0,27140.0,43890.0,,25477.0,,0.3698,0.6386,13292,17619,0.879,1090.0,6652.0,1015.0,0.525,0.6473,0.0,48991.0
University of Central Missouri,Warrensburg,MO,64093,1,9739.0,18064.0,22086.0,15336.0,,,0.2565,0.3619,15750,21000,0.6861,1090.0,8767.0,5653.0,0.494,0.704,0.0,49560.0
Grand River Technical School,Chillicothe,MO,64601,1,,,,10908.0,,7000.0,0.3766,0.0,PS,PS,1.0,,,39.0,,,,40665.0
Cleveland University-Kansas City,Overland Park,KS,66210,2,14400.0,14400.0,39040.0,,33243.0,,0.5667,0.9111,9500,12500,0.8,,6314.0,79.0,0.3333,0.5,0.0,52304.0
Columbia College,Columbia,MO,65216,2,24326.0,24326.0,37136.0,,24051.0,,0.4412,0.4259,14750,23879,,,8367.0,5359.0,0.4567,0.674,0.0,45378.0
Conception Seminary College,Conception,MO,64433-0502,2,25208.0,25208.0,41161.0,,33216.0,,0.1154,0.1923,PS,PS,1.0,1250.0,5012.0,32.0,0.6429,1.0,0.0,50430.0
Concordia Seminary,Saint Louis,MO,63105-3196,2,,,,,,,,,PS,PS,,,8964.0,,,,0.0,
Cottey College,Nevada,MO,64772,2,26209.0,26209.0,36726.0,,18154.0,,0.4534,0.5627,11000,19043,0.6631,1190.0,6886.0,266.0,0.6145,0.6129,0.0,35422.0
Covenant Theological Seminary,Saint Louis,MO,63141-8609,2,,,,,,,,,PS,PS,,,6616.0,,,,0.0,
Crowder College,Neosho,MO,64850,1,6180.0,8280.0,11561.0,5161.0,,,0.3463,0.0982,5500,9000,,,5170.0,2622.0,,,0.0,35987.0
Culver-Stockton College,Canton,MO,63435-1299,2,29915.0,29915.0,43028.0,,22080.0,,0.3578,0.6789,15000,26000,0.98,1020.0,6062.0,884.0,0.5017,0.673,0.0,46092.0
Drury University,Springfield,MO,65802-3791,2,35235.0,35235.0,47091.0,,21523.0,,0.272,0.528,13000,20979,0.5887,1212.0,7165.0,1367.0,0.6602,0.7711,0.0,40694.0
East Central College,Union,MO,63084,1,3888.0,6984.0,18191.0,12522.0,,,0.3306,0.081,6590,9500,,,7079.0,1719.0,,,0.0,36916.0
Eden Theological Seminary,Webster Groves,MO,63119-3192,2,,,,,,,,,PS,PS,,,8644.0,,,,0.0,
Pinnacle Career Institute,Kansas City,MO,64153-1151,3,,,,,19024.0,17598.0,0.688,0.6476,8146,11605,,,5448.0,488.0,,,0.0,34213.0
Evangel University,Springfield,MO,65802-2125,2,27192.0,27192.0,38931.0,,18705.0,,0.3612,0.8989,17495,24736,0.693,,5293.0,1205.0,0.648,0.793,0.0,46573.0
Fontbonne University,Saint Louis,MO,63105-3098,2,28976.0,28976.0,42982.0,,18251.0,,0.4795,0.6462,16500,25000,0.9503,,7052.0,632.0,0.5683,0.6409,0.0,48825.0
Four Rivers Career Center,Washington,MO,63090-4235,1,18345.0,18345.0,27525.0,19167.0,,,0.6207,0.9655,8745,10623,,,,24.0,,,0.0,48199.0
Ozarks Technical Community College,Springfield,MO,65802,1,4184.0,6872.0,12540.0,7340.0,,,0.3711,0.2095,6500,10453,,,6327.0,8194.0,0.319,,0.0,36455.0
Hannibal-LaGrange University,Hannibal,MO,63401,2,26880.0,26880.0,39296.0,,21123.0,,0.2935,0.4391,13688,18599,0.5874,1020.0,4056.0,381.0,0.4431,0.7925,0.0,42643.0
Harris-Stowe State University,Saint Louis,MO,63103-2136,1,6442.0,11074.0,19616.0,13459.0,,,0.7288,0.6153,13500,25930,,,5331.0,1086.0,0.2741,0.6856,0.0,31088.0
House of Heavilin Beauty College-Kansas City,Kansas City,MO,64110-2826,3,,,,,21470.0,21000.0,0.8091,0.7,11024,PS,,,,60.0,,,0.0,17269.0
Summit Salon Academy Kansas City,Independence,MO,64055,3,,,,,19679.0,15495.0,0.5892,0.6162,9500,11938,,,,108.0,,,0.0,24811.0
Jefferson College,Hillsboro,MO,63050-2440,1,4500.0,8100.0,12965.0,7734.0,,,0.2951,0.0894,6000,9285,,,7421.0,2514.0,,,0.0,40782.0
Paul Mitchell the School-Missouri Columbia,Columbia,MO,65203,3,,,,,16681.0,15975.0,0.5419,0.5815,7666,9500,,,,149.0,,,0.0,27715.0
Barnes-Jewish College Goldfarb School of Nursing,Saint Louis,MO,63110,2,,,,,,,0.2458,0.6651,15000,16750,,,8165.0,426.0,,,0.0,84393.0
Kansas City Art Institute,Kansas City,MO,64111-1874,2,43550.0,43550.0,57779.0,,29555.0,,0.4173,0.7019,21500,27000,0.6035,,7438.0,782.0,0.6491,0.754,0.0,37032.0
Kenrick Glennon Seminary,Saint Louis,MO,63119-4399,2,,,,,,,,,PS,PS,,,6275.0,,,,,
A T Still University of Health Sciences,Kirksville,MO,63501,2,,,,,,,,,PS,PS,,,10244.0,,,,0.0,
Lex La-Ray Technical Center,Lexington,MO,64067-1525,1,,,,2607.0,,17732.0,0.6,0.5333,13889,PS,0.75,,,22.0,,,0.0,52142.0
Lincoln University,Jefferson City,MO,65101,1,9290.0,16882.0,21265.0,12484.0,,,0.463,0.4665,19000,28875,,,6588.0,1357.0,0.221,0.5046,0.0,39463.0
Lindenwood University,Saint Charles,MO,63301-1695,2,21100.0,21100.0,33442.0,,18516.0,,0.2889,0.5181,20500,26000,0.6586,1120.0,9202.0,4748.0,0.5032,0.7306,0.0,53278.0
State Technical College of Missouri,Linn,MO,65051-9607,1,7830.0,14100.0,17385.0,13958.0,,,0.2987,0.386,8500,10986,,,6913.0,2023.0,,,0.0,55901.0
Logan University,Chesterfield,MO,63017,2,9000.0,9000.0,24276.0,,18094.0,,0.4,0.6452,7767,10250,0.9,998.0,6871.0,258.0,0.0,0.5,0.0,55838.0
Metropolitan Community College-Kansas City,Kansas City,MO,64111-2429,1,3630.0,9600.0,14162.0,8165.0,,,0.304,0.0437,6500,10073,,,8295.0,10412.0,,,0.0,40796.0
Maryville University of Saint Louis,Saint Louis,MO,63141-7299,2,27166.0,27166.0,45093.0,,26047.0,,0.3555,0.5426,10041,22000,0.9369,,9364.0,5988.0,0.7152,0.8273,0.0,62105.0
Missouri College of Cosmetology and Esthetics,Jefferson City,MO,65109,3,,,,,18879.0,14325.0,0.5581,0.5349,6125,7671,,,,88.0,,,0.0,26738.0
Midwest Institute,Earth City,MO,63045,3,,,,,17111.0,30691.0,0.4167,0.5486,9500,9500,0.7778,,4429.0,151.0,,,0.0,30414.0
Midwestern Baptist Theological Seminary,Kansas City,MO,64118-4697,2,9400.0,9400.0,31765.0,,25140.0,,0.3092,0.2626,9995,15675,0.9433,,7199.0,791.0,0.7,0.6452,0.0,50535.0
Mineral Area College,Park Hills,MO,63601-1000,1,5180.0,8090.0,17328.0,11123.0,,,0.308,0.0926,7815,10500,,,5423.0,1530.0,,,0.0,35352.0
Missouri Baptist University,Saint Louis,MO,63141-8698,2,33122.0,33122.0,47370.0,,25807.0,,0.1271,0.2285,17726,22500,0.641,983.0,6865.0,1452.0,0.4819,0.6656,0.0,46660.0
Missouri Southern State University,Joplin,MO,64801-1595,1,8400.0,16800.0,19194.0,11653.0,,,0.3497,0.3453,11650,19174,0.9744,1090.0,6614.0,3101.0,0.3833,0.6964,0.0,42620.0
Missouri Valley College,Marshall,MO,65340,2,23000.0,23000.0,37001.0,,17945.0,,0.2991,0.4111,10250,25950,0.5269,1018.0,5100.0,1274.0,0.2448,0.5305,0.0,43221.0
Missouri Western State University,Saint Joseph,MO,64507,1,9800.0,17500.0,20282.0,12638.0,,,0.2817,0.3033,11920,19968,,,7741.0,2372.0,0.398,0.5928,0.0,42647.0
University of Missouri-Columbia,Columbia,MO,65211,1,14130.0,34338.0,28948.0,19889.0,,,0.201,0.3493,16500,20500,0.7702,1247.0,11373.0,23118.0,0.7618,0.9131,0.0,63403.0
University of Missouri-Kansas City,Kansas City,MO,64110,1,11988.0,28788.0,24645.0,12837.0,,,0.2498,0.2435,14835,18750,0.7499,1230.0,10561.0,6618.0,0.5589,0.7745,0.0,59637.0
Missouri University of Science and Technology,Rolla,MO,65409,1,14278.0,31678.0,25653.0,13773.0,,,0.2075,0.4036,19000,23250,0.7307,1287.0,12520.0,5467.0,0.636,0.8607,0.0,82957.0
University of Missouri-St Louis,Saint Louis,MO,63121-4400,1,13440.0,33432.0,27442.0,12323.0,,,0.1785,0.1988,16500,20000,0.5716,1147.0,10058.0,5108.0,0.5687,0.6828,0.0,53037.0
Moberly Area Community College,Moberly,MO,65270-1304,1,4020.0,8370.0,13379.0,6935.0,,,0.2187,0.0686,8000,10658,,,5790.0,2928.0,,,0.0,37537.0
Nazarene Theological Seminary,Kansas City,MO,64131-1246,2,,,,,,,,,,,,,6238.0,,,,0.0,
Neosho Beauty College,Neosho,MO,64850-1525,3,,,,,8114.0,12850.0,0.5698,0.4186,7917,PS,,,,62.0,,,0.0,18280.0
Truman State University,Kirksville,MO,63501-4221,1,9470.0,17870.0,23420.0,12030.0,,,0.153,0.2753,16679,21000,0.7996,1249.0,7456.0,2666.0,0.6839,0.835,0.0,56280.0
Northwest Missouri State University,Maryville,MO,64468-6001,1,10181.0,16623.0,22906.0,14824.0,,,0.2732,0.4683,14927,21500,0.8591,1090.0,7883.0,4550.0,0.575,0.7426,0.0,47885.0
Ozark Christian College,Joplin,MO,64801,2,15550.0,15550.0,25475.0,,17931.0,,0.3849,0.5576,9784,16772,0.9819,,5195.0,612.0,0.6792,0.7714,0.0,41297.0
College of the Ozarks,Point Lookout,MO,65726-0017,2,21290.0,21290.0,32262.0,,7669.0,,0.4364,0.0,PS,PS,0.1487,1125.0,8283.0,1415.0,0.6131,0.8827,,41592.0
Park University,Parkville,MO,64152-3795,2,16400.0,16400.0,23714.0,,15529.0,,0.3863,0.3131,12500,21685,,,6971.0,5250.0,0.2996,0.5749,0.0,56309.0
Stevens-The Institute of Business & Arts,Saint Louis,MO,63103,3,12968.0,12968.0,27565.0,,20095.0,,0.7614,0.8068,21000,27000,0.7143,,5380.0,95.0,0.8,,0.0,29058.0
Poplar Bluff Technical Career Center,Poplar Bluff,MO,63901-8960,1,,,,22631.0,,7334.0,0.7714,0.5714,4750,PS,,,,14.0,,,0.051,37750.0
Ranken Technical College,Saint Louis,MO,63113-2811,2,17490.0,17490.0,28229.0,,16952.0,,0.4171,0.6134,9813,12000,,,5847.0,1695.0,0.5058,,0.0,55955.0
Research College of Nursing,Kansas City,MO,64132,3,,,,,,,0.1762,0.4846,12500,13930,,,7380.0,249.0,,,0.0,85910.0
Rockhurst University,Kansas City,MO,64110-2561,2,43420.0,43420.0,57712.0,,23165.0,,0.1933,0.3352,12500,18250,0.6905,1218.0,8019.0,1702.0,0.7558,0.8415,0.0,67102.0
Saint Louis University,Saint Louis,MO,63103-2097,2,53244.0,53244.0,69125.0,,27075.0,,0.1537,0.3183,19500,25000,0.8147,1326.0,11370.0,7324.0,0.7975,0.8873,0.0,70783.0
Salem College of Hairstyling,Rolla,MO,65401,3,,,,,6256.0,12400.0,0.5192,0.0,PS,PS,,,,32.0,,,,18275.0
University of Health Sciences and Pharmacy in St. Louis,Saint Louis,MO,63110-1088,2,31920.0,31920.0,53608.0,,33596.0,,0.2879,0.6818,14000,17755,0.7513,1150.0,9923.0,274.0,0.7547,0.6321,0.0,137047.0
Saint Louis Community College,Bridgeton,MO,63044,1,3660.0,6990.0,12053.0,6458.0,,,0.2943,0.0555,3839,6725,,,8206.0,11174.0,0.1769,,0.0,35325.0
Saint Paul School of Theology,Leawood,KS,66224,2,,,,,,,,,PS,PS,,,6077.0,,,,0.0,
Southwest Baptist University,Bolivar,MO,65613-2596,2,28320.0,28320.0,38035.0,,21082.0,,0.3513,0.4706,14000,20957,0.9972,1084.0,5455.0,1339.0,0.5121,0.6642,0.0,43112.0
Missouri State University-West Plains,West Plains,MO,65775-2715,1,5544.0,7630.0,15761.0,9384.0,,,0.2652,0.0882,5750,10000,,,6618.0,860.0,,,0.0,36922.0
St Louis College of Health Careers-St Louis,Saint Louis,MO,63110,3,,,,,26422.0,15835.0,0.7958,0.6021,9500,11750,,,,108.0,,,0.0,32217.0
State Fair Community College,Sedalia,MO,65301-2199,1,4104.0,7248.0,13483.0,7485.0,,,0.3335,0.1149,6500,10500,,,5720.0,2475.0,,,0.0,35562.0
Stephens College,Columbia,MO,65215,2,28200.0,28200.0,42694.0,,23277.0,,0.4171,0.6283,19489,27000,0.9155,1104.0,7351.0,353.0,0.4651,0.7105,0.0,43071.0
Southeast Missouri State University,Cape Girardeau,MO,63701,1,9496.0,9496.0,23337.0,14532.0,,,0.2942,0.345,14750,21500,0.785,1018.0,8375.0,6588.0,0.5568,0.7585,0.0,44030.0
Missouri State University-Springfield,Springfield,MO,65897,1,9024.0,17928.0,24022.0,17502.0,,,0.2134,0.3108,16200,21992,0.9105,1119.0,8852.0,13407.0,0.5733,0.793,0.0,49827.0
Three Rivers College,Poplar Bluff,MO,63901,1,4860.0,6090.0,17482.0,9980.0,,,0.4691,0.1288,7061,10000,,,4935.0,1909.0,,,0.0,32442.0
North Central Missouri College,Trenton,MO,64683,1,4950.0,8250.0,17119.0,10528.0,,,0.3358,0.1891,8000,10500,,,5983.0,1198.0,,,0.0,40837.0
Kansas City University,Kansas City,MO,64106-1453,2,,,,,,,,,PS,PS,,,10518.0,,,,0.0,
Washington University in St Louis,Saint Louis,MO,63130-4899,2,62982.0,62982.0,83476.0,,22117.0,,0.1589,0.1426,15000,17500,0.1196,1530.0,16718.0,7897.0,0.9445,0.959,0.0,86182.0
Webster University,Saint Louis,MO,63119-3194,2,30730.0,30730.0,49218.0,,26196.0,,0.2804,0.4392,18500,23000,0.5799,1145.0,8830.0,2180.0,0.6106,0.7679,0.0,50876.0
Westminster College,Fulton,MO,65251-1299,2,34188.0,34188.0,49646.0,,26111.0,,0.3967,0.6754,19463,27000,0.7758,1083.0,7160.0,592.0,0.5747,0.6335,0.0,52199.0
William Jewell College,Liberty,MO,64068-1896,2,19890.0,19890.0,34291.0,,16602.0,,0.2791,0.7985,19250,24498,0.3429,1114.0,6981.0,868.0,0.6162,0.7654,0.0,59268.0
William Woods University,Fulton,MO,65251-2388,2,28860.0,28860.0,44907.0,,22270.0,,0.3034,0.5019,14425,21983,0.7449,,5535.0,1061.0,0.5699,0.7371,0.001,42401.0
Academy of Cosmetology Inc,Bozeman,MT,59715-3544,3,,,,,15890.0,16815.0,0.3696,0.5652,6948,PS,,,,35.0,,,0.024,
Blackfeet Community College,Browning,MT,59417-0819,2,3610.0,3610.0,12168.0,,6319.0,,0.7982,0.0,PS,PS,,,4872.0,240.0,0.0769,,,22953.0
Butte Academy of Beauty Culture,Butte,MT,59701,3,,,,,9031.0,12950.0,0.3778,0.2222,5500,PS,,,,13.0,,,0.0,
Highlands College of Montana Tech,Butte,MT,59701,1,3980.0,10370.0,16138.0,12184.0,,,0.1557,0.2092,9847,18750,,,9079.0,343.0,,,0.0,54329.0
Crevier's Academy of Cosmetology Arts,Kalispell,MT,59901,3,,,,,11589.0,14800.0,0.211,0.2385,8167,PS,,,,62.0,,,0.0,14047.0
Carroll College,Helena,MT,59625-0002,2,40352.0,40352.0,54141.0,,24842.0,,0.1804,0.4489,21000,25757,0.7264,1170.0,7115.0,1052.0,0.6633,0.8108,0.0,61772.0
Dawson Community College,Glendive,MT,59330,1,4485.0,9135.0,15311.0,10094.0,,,0.2684,0.2056,5500,9450,,,6086.0,226.0,,,0.0,41951.0
Chief Dull Knife College,Lame Deer,MT,59043,1,2260.0,2260.0,12809.0,9594.0,,,0.3077,0.0,PS,PS,,,6545.0,226.0,,,,20073.0
Montana State University Billings,Billings,MT,59101-0298,1,6706.0,21347.0,18473.0,15044.0,,,0.2647,0.2955,10086,18209,,,7021.0,2710.0,0.282,0.557,0.0,44296.0
Flathead Valley Community College,Kalispell,MT,59901,1,4748.0,11363.0,14949.0,8723.0,,,0.1647,0.0859,6719,10500,,,6164.0,1169.0,,,0.0,38520.0
Aaniiih Nakoda College,Harlem,MT,59526,1,3600.0,3600.0,16133.0,11811.0,,,0.5346,0.0,PS,PS,,,4725.0,108.0,0.3235,,,30528.0
Fort Peck Community College,Poplar,MT,59255-0398,1,2250.0,2250.0,11078.0,2449.0,,,0.208,0.0,PS,PS,,,6027.0,426.0,,,,14747.0
Great Falls College Montana State University,Great Falls,MT,59405,1,3904.0,12229.0,14341.0,10632.0,,,0.3003,0.2945,7992,PS,,,6717.0,828.0,,,0.0,38034.0
University of Providence,Great Falls,MT,59405-4996,2,29018.0,29018.0,43054.0,,20907.0,,0.3103,0.457,12500,18750,0.642,985.0,6413.0,527.0,0.4674,0.701,0.0,48296.0
Helena College University of Montana,Helena,MT,59601,1,3975.0,10687.0,17493.0,14455.0,,,0.1856,0.177,9500,14580,,,5910.0,641.0,,,0.0,40738.0
Little Big Horn College,Crow Agency,MT,59022,1,3200.0,3200.0,11402.0,8715.0,,,0.3597,0.0,PS,PS,,,4171.0,339.0,,,,21152.0
Miles Community College,Miles City,MT,59301-4774,1,5648.0,10768.0,15399.0,7070.0,,,0.2367,0.2487,8025,11500,,,6058.0,353.0,,,0.0,42862.0
Montana Technological University,Butte,MT,59701-8997,1,8050.0,24730.0,21620.0,16240.0,,,0.2136,0.4148,9847,18750,0.899,1126.0,8216.0,1428.0,0.5805,0.7622,0.0,54329.0
Montana State University,Bozeman,MT,59717,1,8083.0,31337.0,23779.0,20593.0,,,0.1673,0.3244,13748,22500,0.8683,1154.0,9290.0,14472.0,0.5735,0.7789,0.0,53263.0
The University of Montana,Missoula,MT,59812,1,8152.0,31622.0,23744.0,17118.0,,,0.2751,0.4193,15000,22400,0.956,1190.0,8778.0,7079.0,0.4544,0.7599,0.0,44511.0
Montana State University-Northern,Havre,MT,59501,1,6269.0,19385.0,17363.0,14164.0,,,0.297,0.2795,10560,18500,,,5942.0,787.0,0.4233,0.6932,0.0,49505.0
Rocky Mountain College,Billings,MT,59102-1796,2,33252.0,33252.0,44180.0,,18508.0,,0.3172,0.5633,12000,26000,0.7288,1093.0,6944.0,790.0,0.4675,0.6385,0.0,49036.0
Salish Kootenai College,Pablo,MT,59855,1,4311.0,11583.0,14562.0,9002.0,,,0.5804,0.1946,8450,12923,,,6423.0,568.0,0.3521,0.871,0.0,32725.0
The University of Montana-Western,Dillon,MT,59725-3598,1,6430.0,19038.0,19414.0,16669.0,,,0.3539,0.3216,12000,21000,0.995,,6987.0,1271.0,0.4945,0.7917,0.0,43229.0
Bellevue University,Bellevue,NE,68005-3098,2,8886.0,8886.0,33315.0,,28345.0,,0.2891,0.2415,11000,20000,,,6501.0,10426.0,0.5588,0.5118,0.0,61289.0
Clarkson College,Omaha,NE,68131-2739,2,15168.0,15168.0,23962.0,,15928.0,,0.3043,0.7068,19500,23716,0.6429,,6568.0,611.0,0.75,0.7692,0.0,64876.0
Bryan College of Health Sciences,Lincoln,NE,68506,2,20070.0,20070.0,28837.0,,25884.0,,0.2124,0.5819,22250,24985,0.6291,,8174.0,534.0,0.7547,0.8065,0.0,70845.0
Central Community College,Grand Island,NE,68802-4903,1,3360.0,4800.0,13504.0,6781.0,,,0.1902,0.0888,5500,7992,,,7219.0,3206.0,,,0.0,39429.0
Chadron State College,Chadron,NE,69337-2690,1,8078.0,8078.0,20672.0,13308.0,,,0.3587,0.5295,11343,18875,,,7875.0,1634.0,0.3807,0.6975,0.0,47002.0
College of Hair Design-Downtown,Lincoln,NE,68508-2199,3,,,,,14554.0,19980.0,0.5534,0.6019,8031,12000,,,,72.0,,,0.0,28376.0
Concordia University-Nebraska,Seward,NE,68434-1556,2,39330.0,39330.0,51179.0,,24016.0,,0.1136,0.2661,18750,25750,0.9004,1148.0,6623.0,1270.0,0.6408,0.7761,0.0,52415.0
Creighton University,Omaha,NE,68178,2,47000.0,47000.0,61046.0,,32380.0,,0.0524,0.4455,21500,25000,0.7231,1296.0,10427.0,4231.0,0.8052,0.9218,0.0,73911.0
Doane University,Crete,NE,68333,2,40491.0,40491.0,55510.0,,28071.0,,0.2801,0.7735,19500,25000,0.8953,,7472.0,981.0,0.5585,0.7238,0.0,53316.0
Hastings College,Hastings,NE,68901,2,36130.0,36130.0,49051.0,,21554.0,,0.2894,0.6387,15595,27000,0.6987,,6910.0,957.0,0.5327,0.678,0.0,51303.0
CHI Health School of Radiologic Technology,Omaha,NE,68122,2,,,,,,,0.125,0.5,PS,PS,,,6667.0,25.0,,,0.0,48110.0
Joseph's College Cosmetology,Lincoln,NE,68505,3,,,,,10513.0,18800.0,0.6159,0.596,10000,12000,,,,98.0,,,0.0,23032.0
University of Nebraska at Kearney,Kearney,NE,68849-1212,1,8302.0,14260.0,24452.0,16488.0,,,0.3354,0.3713,13070,19500,0.8579,1089.0,8312.0,4130.0,0.5975,0.766,0.0,50105.0
Nebraska Methodist College of Nursing & Allied Health,Omaha,NE,68114-2852,2,18173.0,18173.0,30659.0,,19474.0,,0.323,0.6559,21784,23417,0.8829,,6617.0,752.0,0.6667,0.7813,0.0,65071.0
Metropolitan Community College Area,Omaha,NE,68111-1610,1,3285.0,4815.0,9684.0,4005.0,,,0.1993,0.0752,4061,8217,,,8708.0,7629.0,,,0.0,38773.0
Mid-Plains Community College,North Platte,NE,69101,1,3600.0,4530.0,12030.0,6602.0,,,0.1771,0.1411,6291,9995,,,7647.0,923.0,,,0.0,40059.0
Midland University,Fremont,NE,68025,2,40270.0,40270.0,52386.0,,24229.0,,0.2806,0.6515,15000,26134,0.6692,1043.0,6891.0,1191.0,0.4321,0.7253,0.0,52163.0
University of Nebraska at Omaha,Omaha,NE,68182-0225,1,8370.0,22358.0,20446.0,12791.0,,,0.331,0.2823,12750,19000,0.869,1120.0,8945.0,11573.0,0.475,0.7575,0.0,53909.0
Nebraska Indian Community College,Macy,NE,68039-0428,1,4080.0,4080.0,29812.0,22070.0,,,0.2954,0.0,PS,PS,,,4424.0,330.0,0.1667,,,31458.0
University of Nebraska Medical Center,Omaha,NE,68198-7815,1,,,,,,,0.2212,0.5068,14000,15000,,,9813.0,861.0,,,0.0,76833.0
Nebraska Wesleyan University,Lincoln,NE,68504-2794,2,41658.0,41658.0,53350.0,,23140.0,,0.296,0.5563,17500,26970,0.8375,1209.0,7128.0,1514.0,0.6889,0.7458,0.0,56405.0
University of Nebraska-Lincoln,Lincoln,NE,68588-0419,1,10108.0,27748.0,25341.0,17424.0,,,0.2217,0.3373,14750,21000,0.7707,1191.0,12271.0,18887.0,0.6585,0.8427,0.0,56887.0
Northeast Community College,Norfolk,NE,68702-0469,1,3840.0,5130.0,13845.0,8812.0,,,0.1659,0.1399,7244,11000,,,5198.0,2464.0,,,0.0,42634.0
Peru State College,Peru,NE,68421-0010,1,8280.0,8280.0,20743.0,11401.0,,,0.3376,0.4038,12000,21875,,,7754.0,1141.0,0.3772,0.6273,0.0,47071.0
Summit Christian College,Gering,NE,69341,2,8278.0,8278.0,26634.0,,18188.0,,0.3636,0.0,PS,PS,0.1429,,3905.0,17.0,0.6667,1.0,,
College of Saint Mary,Omaha,NE,68106,2,23340.0,23340.0,33989.0,,14986.0,,0.3692,0.564,17500,24250,0.4395,1120.0,7637.0,455.0,0.5941,0.6818,0.0,54338.0
Southeast Community College Area,Lincoln,NE,68510-2449,1,3540.0,4260.0,12319.0,8470.0,,,0.211,0.3711,6672,11000,,,6576.0,6235.0,,,0.0,43405.0
Union Adventist University,Lincoln,NE,68506,2,27990.0,27990.0,40586.0,,20884.0,,0.2438,0.5157,18750,27000,0.9989,,6575.0,439.0,0.4586,0.7975,0.0,55045.0
Nebraska College of Technical Agriculture,Curtis,NE,69025-9552,1,5756.0,5756.0,19088.0,13843.0,,,0.3366,0.33,14750,21000,,,8752.0,228.0,,,0.0,56887.0
Wayne State College,Wayne,NE,68787,1,7970.0,7970.0,21310.0,15108.0,,,0.2658,0.3751,12240,19000,,,8090.0,3041.0,0.557,0.7297,0.0,47075.0
Western Nebraska Community College,Scottsbluff,NE,69361-1899,1,3000.0,3360.0,12550.0,4974.0,,,0.2476,0.0787,5500,9000,,,6364.0,948.0,,,0.0,38729.0
York University,York,NE,68467-2699,2,21600.0,21600.0,33136.0,,20129.0,,0.4374,0.7092,14250,21500,0.4763,988.0,6002.0,443.0,0.374,0.6667,0.0,44130.0
Academy of Hair Design-Las Vegas,Las Vegas,NV,89146,3,,,,,20435.0,24125.0,0.5956,0.7077,6211,6333,,,,213.0,,,0.0,24391.0
College of Southern Nevada,Las Vegas,NV,89146-1164,1,4110.0,12209.0,13270.0,6329.0,,,0.2957,0.0957,4500,8000,,,9743.0,27790.0,0.1785,,0.0,38087.0
Las Vegas College,Las Vegas,NV,89113,3,17684.0,17684.0,33134.0,,29115.0,,0.5016,0.6661,7951,8279,,,6930.0,545.0,0.5789,,0.0,31398.0
University of Nevada-Las Vegas,Las Vegas,NV,89154,1,9142.0,26098.0,19440.0,10011.0,,,0.4026,0.2707,12500,19450,0.9626,1091.0,12000.0,24131.0,0.5012,0.7793,0.0,55037.0
University of Nevada-Reno,Reno,NV,89557,1,8994.0,25950.0,24702.0,15402.0,,,0.2409,0.2648,13000,18922,0.8531,,11770.0,15723.0,0.6245,0.8035,0.0,60614.0
Great Basin College,Elko,NV,89801,1,3855.0,13448.0,12010.0,7523.0,,,0.203,0.0497,8973,15750,,,8831.0,1855.0,0.5153,0.5714,0.0,39289.0
Truckee Meadows Community College,Reno,NV,89512-3999,1,3144.0,11243.0,15874.0,7457.0,,,0.149,0.0252,6999,11000,,,9340.0,6752.0,0.2817,,0.0,44573.0
Western Nevada College,Carson City,NV,89703-7399,1,3920.0,12019.0,19595.0,12424.0,,,0.1845,0.0304,9000,10500,,,8785.0,1967.0,0.3663,,0.0,41987.0
Colby-Sawyer College,New London,NH,03257-7835,2,18400.0,18400.0,65807.0,,25857.0,,0.2298,0.6859,19500,27000,0.8998,,7720.0,778.0,0.6162,0.8077,0.0,46474.0
Dartmouth College,Hanover,NH,03755-3529,2,65739.0,65739.0,83802.0,,28619.0,,0.1483,0.1198,15157,17500,0.0623,1533.0,19216.0,4367.0,0.9604,0.9778,0.0,97434.0
Empire Beauty School-Laconia,Laconia,NH,03246,3,,,,,9538.0,21480.0,0.2989,0.3678,7461,7942,,,,82.0,,,0.0,33546.0
Empire Beauty School-Somersworth,Somersworth,NH,03878,3,,,,,10198.0,21480.0,0.2412,0.3869,6333,6333,,,,168.0,,,0.0,
Franklin Pierce University,Rindge,NH,03461-0060,2,44963.0,44963.0,61955.0,,26906.0,,0.2716,0.7319,19500,27000,0.9019,1030.0,7973.0,1055.0,0.461,0.7296,0.0,53353.0
University of New Hampshire-Franklin Pierce School of Law,Concord,NH,03301-4197,1,,,,,,,,,22498,26814,,,12969.0,,,,0.0,66479.0
Keene Beauty Academy,Keene,NH,03431,3,,,,,15087.0,18050.0,0.4776,0.6866,8371,PS,,,,93.0,,,0.0,
Magdalen College,Warner,NH,03278-4012,2,23600.0,23600.0,36856.0,,15922.0,,0.4576,0.6441,11331,PS,0.4444,,3819.0,58.0,0.5333,0.8,,35809.0
New England College,Henniker,NH,03242,2,41578.0,41578.0,60896.0,,30299.0,,0.419,0.7344,15603,26000,0.9574,,6875.0,980.0,0.3109,0.6,0.0,42092.0
Southern New Hampshire University,Manchester,NH,03106-1045,2,16450.0,16450.0,37524.0,,33742.0,,0.469,0.5907,9169,21082,0.9612,,9682.0,156755.0,0.4487,0.5989,0.0,50318.0
New Hampshire Institute for Therapeutic Arts,Nashua,NH,03060,3,,,,,20682.0,12950.0,0.2391,0.5217,PS,PS,,,,24.0,,,0.0,
University of New Hampshire-Main Campus,Durham,NH,03824-3547,1,19112.0,38882.0,34567.0,23261.0,,,0.1773,0.5766,22498,26814,0.8687,1229.0,11876.0,11230.0,0.7645,0.864,0.0,66479.0
Keene State College,Keene,NH,03435-1506,1,14710.0,26186.0,29524.0,19164.0,,,0.2371,0.6836,19500,25749,0.8909,,10143.0,2680.0,0.5844,0.7847,0.0,54368.0
University of New Hampshire at Manchester,Manchester,NH,03101-1113,1,15820.0,35530.0,22605.0,13302.0,,,0.32,0.4686,22498,26814,0.8733,1140.0,10263.0,486.0,0.6508,0.6818,0.0,66479.0
Plymouth State University,Plymouth,NH,03264-1595,1,14558.0,25498.0,29257.0,19685.0,,,0.2563,0.7291,17000,26000,0.9103,,9097.0,3298.0,0.4743,0.713,0.0,57304.0
NHTI-Concord's Community College,Concord,NH,03301-7412,1,7200.0,15450.0,23210.0,20134.0,,,0.2777,0.351,9168,14650,,,7916.0,2186.0,,,0.0,48943.0
White Mountains Community College,Berlin,NH,03570,1,7050.0,15300.0,20388.0,16767.0,,,0.3556,0.3652,8400,11000,,,7031.0,430.0,,,0.0,35037.0
River Valley Community College,Claremont,NH,03743-9707,1,6940.0,15190.0,24442.0,20455.0,,,0.3237,0.3967,10000,16226,,,6718.0,610.0,,,0.0,44700.0
Lakes Region Community College,Laconia,NH,03246,1,6720.0,14970.0,22877.0,19607.0,,,0.2822,0.3178,9500,PS,,,6647.0,493.0,,,0.0,51182.0
Manchester Community College,Manchester,NH,03102-8518,1,7090.0,15340.0,17069.0,13846.0,,,0.253,0.289,9500,15060,,,7551.0,1610.0,,,0.0,49063.0
Nashua Community College,Nashua,NH,03063-1026,1,7140.0,15390.0,18752.0,15026.0,,,0.2514,0.1871,7833,11000,,,7514.0,1039.0,,,0.0,46164.0
Great Bay Community College,Portsmouth,NH,03801-2879,1,7200.0,15450.0,22016.0,18587.0,,,0.2636,0.2657,7466,13828,,,7613.0,1262.0,,,0.0,42397.0
Paul Mitchell the School-Portsmouth,Portsmouth,NH,03801-4084,3,,,,,26009.0,18525.0,0.2427,0.5049,9833,9833,,,,61.0,,,0.0,
Rivier University,Nashua,NH,03060,2,37791.0,37791.0,50999.0,,27692.0,,0.2731,0.7306,21000,26956,0.8176,,8231.0,1312.0,0.5871,0.7621,0.0,52248.0
Saint Anselm College,Manchester,NH,03102-1310,2,46810.0,46810.0,65067.0,,34744.0,,0.1052,0.683,26987,27000,0.7832,1183.0,9520.0,2032.0,0.8315,0.8958,0.0,73371.0
St Joseph School of Nursing,Nashua,NH,03060,2,22978.0,22978.0,,,,,0.1185,0.2815,14125,16550,,,8068.0,89.0,,,0.0,
University of New Hampshire College of Professional Studies Online,Manchester,NH,03101,1,7812.0,9372.0,19236.0,14106.0,,,0.3188,0.4335,22498,26814,,,6783.0,1019.0,0.1429,0.3333,0.0,66479.0
Thomas More College of Liberal Arts,Merrimack,NH,03054,2,29300.0,29300.0,38889.0,,21511.0,,0.5053,0.8737,22475,PS,,,5621.0,95.0,0.6154,0.9167,0.0,53565.0
Eastwick College-Hackensack,Hackensack,NJ,07601,3,16913.0,16913.0,38705.0,,35162.0,,0.7633,0.5765,10617,13264,,,4267.0,874.0,0.44,0.6364,0.0,39762.0
Assumption College for Sisters,Denville,NJ,07834,2,5773.0,5773.0,,,,,0.0,0.0,,,,,,35.0,,,,
Atlantic Cape Community College,Mays Landing,NJ,08330-2699,1,4863.0,7263.0,15261.0,8502.0,,,0.4981,0.0739,7382,9500,,,7355.0,3860.0,,,0.0,34241.0
Fortis Institute-Wayne,Wayne,NJ,07470,3,,,,,22441.0,16264.0,0.7259,0.7086,9100,9500,,,,404.0,,,0.0,36920.0
Bergen Community College,Paramus,NJ,07652-1595,1,4757.0,9005.0,15317.0,9376.0,,,0.3429,0.1737,8250,12000,,,8709.0,10597.0,,,0.0,46624.0
Berkeley College-Woodland Park,Woodland Park,NJ,07424,3,28600.0,28600.0,38702.0,,20549.0,,0.5957,0.7094,15414,23251,,,7221.0,1798.0,0.4476,0.6875,0.0,40251.0
Beth Medrash Govoha,Lakewood,NJ,08701-2754,2,,,,,,,0.7274,0.0,5500,PS,,,8783.0,3532.0,,,0.062,47544.0
Bloomfield College,Bloomfield,NJ,07003,2,30680.0,30680.0,44298.0,,18778.0,,0.6892,0.9002,18500,26746,0.6723,,8995.0,901.0,0.3105,0.5931,,45902.0
Brookdale Community College,Lincroft,NJ,07738-1597,1,5921.0,9806.0,15369.0,8882.0,,,0.2339,0.0731,8341,12000,,,8927.0,7898.0,,,0.0,44379.0
Rowan College at Burlington County,Mount Laurel,NJ,08054-1599,1,4968.0,6936.0,11965.0,6101.0,,,0.2862,0.0822,7000,10500,,,6510.0,6174.0,,,0.0,44745.0
Caldwell University,Caldwell,NJ,07006-6195,2,39450.0,39450.0,53586.0,,21188.0,,0.4592,0.6903,18500,25000,0.654,,8294.0,1437.0,0.587,0.7297,0.0,53843.0
Camden County College,Blackwood,NJ,08012,1,3960.0,4056.0,11538.0,5124.0,,,0.3906,0.081,6750,11851,,,7674.0,6555.0,,,0.0,41212.0
Centenary University,Hackettstown,NJ,07840,2,37732.0,37732.0,51351.0,,19037.0,,0.3772,0.8109,19321,23163,0.9668,,7080.0,934.0,0.5659,0.7487,0.0,53726.0
Adult and Continuing Education-BCTS,Hackensack,NJ,07601-6637,1,,,,14358.0,,14040.0,0.3538,0.3026,3500,3608,,,,54.0,,,0.0,49739.0
Lincoln Technical Institute-Iselin,Iselin,NJ,08830,3,,,,,40179.0,32134.0,0.6157,0.8135,9000,10521,,,,586.0,,,0.0,31914.0
American Institute-Clifton,CLIFTON,NJ,07011,3,,,,,17695.0,19495.0,0.8537,0.8903,9304,11979,,,,735.0,,,0.0,28710.0
County College of Morris,Randolph,NJ,07869-2086,1,6210.0,14310.0,14629.0,9259.0,,,0.2393,0.1379,5750,9000,,,8310.0,5315.0,,,0.0,50243.0
Rowan College of South Jersey-Cumberland Campus,Vineland,NJ,08362-1500,1,4980.0,5820.0,12920.0,6549.0,,,0.3883,0.1686,7664,12000,,,6889.0,2077.0,,,0.0,41751.0
Drew University,Madison,NJ,07940,2,45360.0,45360.0,61378.0,,25644.0,,0.2723,0.5753,21000,25288,0.6944,1247.0,9464.0,1510.0,0.7243,0.8447,0.0,63646.0
Lincoln Technical Institute-South Plainfield,South Plainfield,NJ,07080-2424,3,,,,,28743.0,34442.0,0.5472,0.7379,9524,11730,,,,324.0,,,0.0,46396.0
Essex County College,Newark,NJ,07102,1,5346.0,9318.0,11821.0,4622.0,,,0.5087,0.0,PS,PS,,,7486.0,5643.0,,,,37230.0
Empire Beauty School-Union,Union,NJ,07083,3,,,,,18215.0,16320.0,0.497,0.5758,7667,13000,,,,113.0,,,0.0,23925.0
Fairleigh Dickinson University-Metropolitan Campus,Teaneck,NJ,07666,2,35822.0,35822.0,47791.0,,15266.0,,0.2151,0.221,19500,25000,0.9591,,9501.0,2578.0,0.6171,0.7576,0.0,57273.0
Felician University,Lodi,NJ,07644,2,37830.0,37830.0,50346.0,,41315.0,,0.5155,0.5739,19250,25000,0.9401,1020.0,7843.0,1754.0,0.4968,0.8038,0.0,57602.0
Fairleigh Dickinson University-Florham Campus,Madison,NJ,07940,2,35822.0,35822.0,52840.0,,24415.0,,0.3492,0.5728,19500,25000,0.9527,,9099.0,1958.0,0.723,0.7716,0.0,57273.0
Hohokus School of Trade and Technical Sciences,Paterson,NJ,07513,3,,,,,22064.0,20465.0,0.6507,0.7799,7600,7600,,,,134.0,,,0.0,43917.0
Georgian Court University,Lakewood,NJ,08701-2697,2,37110.0,37110.0,49198.0,,20218.0,,0.3025,0.4439,16984,21816,0.7052,,8268.0,1174.0,0.5509,0.7602,0.0,53096.0
Rowan University,Glassboro,NJ,08028,1,15700.0,25564.0,34116.0,22185.0,,,0.3129,0.4431,16750,20500,0.7782,1216.0,10233.0,14647.0,0.6828,0.8158,0.0,59988.0
Rowan College of South Jersey-Gloucester Campus,Sewell,NJ,08080,1,4980.0,5820.0,14302.0,10818.0,,,0.2834,0.4992,7664,12000,,,6996.0,4424.0,,,0.0,41751.0
Empire Beauty School-Cherry Hill,Cherry Hill,NJ,08002,3,,,,,20034.0,17520.0,0.574,0.6036,6756,10667,,,,125.0,,,0.0,24397.0
Eastwick College-Ramsey,Ramsey,NJ,07446-2551,3,17028.0,17028.0,33887.0,,28162.0,,0.4478,0.7051,13771,16084,,,4467.0,929.0,0.6364,0.75,0.0,51725.0
Holy Name Medical Center-Sister Claire Tynan School of Nursing,Englewood Cliffs,NJ,07632,2,23489.0,23489.0,24635.0,,21187.0,,0.3351,0.6649,14750,20000,0.25,,,181.0,,,0.0,87408.0
Hudson County Community College,Jersey City,NJ,07306,1,5020.0,12280.0,13014.0,5902.0,,,0.5616,0.0274,6000,10500,,,7228.0,6386.0,,,0.0,34333.0
New Jersey City University,Jersey City,NJ,07305,1,13971.0,24888.0,23668.0,11732.0,,,0.5238,0.3236,14250,18500,0.8918,,12217.0,4076.0,0.3874,0.6658,0.0,52745.0
Kean University,Union,NJ,07083,1,13426.0,21076.0,24924.0,12168.0,,,0.4631,0.456,17199,23250,0.7688,1150.0,9729.0,10842.0,0.4338,0.7537,0.0,57237.0
Lincoln Technical Institute-Union,Union,NJ,07083,3,,,,,25407.0,28425.0,0.5385,0.6882,9524,11730,,,,1648.0,,,0.0,46396.0
Rizzieri Aveda School for Beauty and Wellness,Voorhees,NJ,08043-1800,3,,,,,16964.0,18550.0,0.3746,0.5,5500,5500,,,,381.0,,,0.0,29601.0
Mercer County Community College,West Windsor,NJ,08550-3407,1,5082.0,8942.0,12337.0,5342.0,,,0.2993,0.122,7000,10500,,,8508.0,5169.0,,,0.0,43264.0
Middlesex College,Edison,NJ,08837,1,4524.0,7068.0,13721.0,6000.0,,,0.3488,0.0469,5500,9750,,,10237.0,8321.0,,,0.0,46861.0
Monmouth University,West Long Branch,NJ,07764-1898,2,44850.0,44850.0,60113.0,,31650.0,,0.3036,0.6106,23250,27000,0.8954,1204.0,9898.0,3831.0,0.7033,0.8147,0.0,67991.0
Montclair State University,Montclair,NJ,07043-1624,1,14766.0,24126.0,25926.0,14159.0,,,0.4439,0.403,17500,22000,0.8741,1080.0,11512.0,17677.0,0.6426,0.7972,0.0,61415.0
JFK Muhlenberg Harold B. and Dorothy A. Snyder Schools,Plainfield,NJ,07060,2,24916.0,31336.0,39193.0,,33035.0,,0.3591,0.6993,21000,21000,0.9622,,,572.0,,,0.0,73894.0
Eastwick College-Nutley,Nutley,NJ,07110,3,14846.0,14846.0,22900.0,,17537.0,,0.6361,0.7494,9500,11775,,,3799.0,456.0,,,0.0,42827.0
New Brunswick Theological Seminary,New Brunswick,NJ,08901-1107,2,,,,,,,,,PS,PS,,,7322.0,,,,0.012,
Robert Fiance Beauty Schools-West New York,West New York,NJ,07093-4623,3,,,,,,19500.0,0.3912,0.3912,6333,6701,,,,229.0,,,0.0,18123.0
New Jersey Institute of Technology,Newark,NJ,07102,1,19022.0,35934.0,32228.0,16496.0,,,0.3897,0.3285,17500,21000,0.669,1336.0,12818.0,8762.0,0.7311,0.9072,0.0,84276.0
Ocean County College,Toms River,NJ,08754-2001,1,4690.0,6850.0,16424.0,10576.0,,,0.2652,0.0633,8500,11150,,,6924.0,5566.0,,,0.0,45210.0
P B Cosmetology Education Center,Gloucester,NJ,08030,3,,,,,22005.0,19200.0,0.49,0.61,6333,7667,,,,113.0,,,0.0,26800.0
Parisian Beauty School,Hackensack,NJ,07601-5509,3,,,,,21316.0,19960.0,0.6766,0.7136,6333,7667,,,,464.0,,,0.0,27767.0
Passaic County Community College,Paterson,NJ,07505-1179,1,5580.0,9690.0,14717.0,7857.0,,,0.5278,0.0811,5500,7536,,,8877.0,4546.0,,,0.0,36972.0
Pennco Tech-Blackwood,Blackwood,NJ,08012,3,,,,,22036.0,18750.0,0.587,0.5514,5922,8331,,,,996.0,,,0.0,42013.0
Princeton Theological Seminary,Princeton,NJ,08542-0803,2,,,,,,,,,PS,PS,,,12776.0,,,,0.0,
Princeton University,Princeton,NJ,08544-0070,2,59710.0,59710.0,80440.0,,10555.0,,0.1872,0.0296,10000,10320,0.045,1535.0,24017.0,5579.0,0.9709,0.9733,0.0,110066.0
Rabbinical College of America,Morristown,NJ,07960-3600,2,13000.0,13000.0,25000.0,,13452.0,,0.3834,0.0,PS,PS,0.8714,,5623.0,197.0,0.1833,0.8814,,34990.0
Ramapo College of New Jersey,Mahwah,NJ,07430-1680,1,15978.0,26388.0,30176.0,20360.0,,,0.2672,0.3906,15000,21000,0.7322,1190.0,11717.0,4664.0,0.7186,0.8712,0.0,67541.0
Robert Fiance Beauty Schools,Boynton Beach,FL,33435,3,,,,,29356.0,19500.0,0.4599,0.4392,6333,7062,,,,185.0,,,0.0,27359.0
Rider University,Lawrenceville,NJ,08648-3099,2,38900.0,38900.0,53982.0,,25287.0,,0.3336,0.5988,20500,26130,0.794,1219.0,11470.0,3192.0,0.6332,0.8164,0.0,62208.0
Rutgers University-Camden,Camden,NJ,08102,1,17079.0,35841.0,33812.0,18803.0,,,0.4432,0.4863,19000,21500,0.7775,1118.0,13843.0,3819.0,0.6645,0.8187,0.0,74479.0
Rutgers University-New Brunswick,New Brunswick,NJ,08901-1281,1,17239.0,36001.0,35232.0,23519.0,,,0.272,0.3679,19000,21500,0.6535,1383.0,14154.0,36357.0,0.8501,0.9263,0.0,74479.0
Rutgers University-Newark,Newark,NJ,07102,1,16586.0,35348.0,33749.0,19407.0,,,0.557,0.3087,19000,21500,0.7873,,15830.0,7187.0,0.676,0.8425,0.0,74479.0
Capital Health School of Radiologic Technology,Trenton,NJ,08629-1986,2,,,,,,,0.25,0.5,PS,PS,,,,15.0,,,0.0,
Capital Health School of Nursing,Trenton,NJ,08629-1986,2,,,,,,,0.0,0.0,PS,PS,,,,53.0,,,0.0,
Saint Peter's University,Jersey City,NJ,07306-5997,2,41054.0,41054.0,50052.0,,12973.0,,0.5418,0.3322,16091,20500,0.9053,,9098.0,1939.0,0.6313,0.7161,0.0,57815.0
Salem Community College,Carneys Point,NJ,08069-2799,1,6150.0,9900.0,16706.0,9837.0,,,0.3442,0.135,8250,9500,,,6716.0,908.0,,,0.0,38020.0
Seton Hall University,South Orange,NJ,07079-2697,2,51370.0,51370.0,64996.0,,28921.0,,0.3026,0.5116,17886,22750,0.789,1308.0,11051.0,5924.0,0.7147,0.8524,0.0,70196.0
Shore Beauty School,Egg Harbor Township,NJ,08234,3,,,,,21578.0,21225.0,0.6903,0.7452,6333,6333,,,,174.0,,,0.0,21377.0
Saint Elizabeth University,Morristown,NJ,07960,2,35942.0,35942.0,52328.0,,17949.0,,0.5414,0.6282,13000,24934,0.7721,,7623.0,636.0,0.4024,0.8049,0.0,53038.0
Raritan Valley Community College,Branchburg,NJ,08876,1,5520.0,7440.0,13039.0,6613.0,,,0.2664,0.0403,6000,10500,,,8455.0,5272.0,,,0.0,48145.0
Stevens Institute of Technology,Hoboken,NJ,07030-5991,2,60952.0,60952.0,76449.0,,40468.0,,0.2047,0.5496,23250,27000,0.4344,1447.0,16961.0,4084.0,0.8988,0.9445,0.0,108772.0
Stockton University,Galloway,NJ,08205-9441,1,15532.0,23420.0,32159.0,19634.0,,,0.415,0.5117,16380,20500,0.8817,1171.0,10580.0,7770.0,0.7197,0.7716,0.0,57602.0
Talmudical Academy-New Jersey,Adelphia,NJ,07710,2,15800.0,15800.0,21300.0,,6666.0,,0.5616,0.0,PS,PS,0.4167,,2191.0,78.0,0.1,1.0,,40344.0
Aviation Institute of Maintenance-Teterboro,Hasbrouck Heights,NJ,07604,3,16757.0,16757.0,26064.0,,22592.0,,0.6821,0.8587,12827,14279,,,,500.0,,,0.0,73971.0
Thomas Edison State University,Trenton,NJ,08608,1,6638.0,8598.0,,,,,0.2068,0.2339,7813,12500,,,,6685.0,,,0.0,69331.0
The College of New Jersey,Ewing,NJ,08628-7718,1,18685.0,24568.0,37070.0,25458.0,,,0.2013,0.4735,21500,23250,0.6214,1247.0,11750.0,6831.0,0.8523,0.9018,0.0,73323.0
UCNJ Union College of Union County NJ,Cranford,NJ,07016-1528,1,5280.0,9500.0,13752.0,7251.0,,,0.4377,0.0712,8500,15091,,,11294.0,7760.0,,,0.0,41595.0
William Paterson University of New Jersey,Wayne,NJ,07470,1,15150.0,24464.0,26555.0,17764.0,,,0.4447,0.417,15750,22334,0.9252,,12574.0,6526.0,0.4771,0.7266,0.0,57780.0
Olympian Academy of Cosmetology,LAS CRUCES,NM,88001-5330,3,,,,,20874.0,16800.0,0.6867,0.692,6584,9500,,,,538.0,,,0.0,23991.0
Central New Mexico Community College,Albuquerque,NM,87106,1,1934.0,8366.0,10906.0,3454.0,,,0.259,0.0907,4500,6612,,,7058.0,15246.0,,,0.0,36869.0
Navajo Technical University,Crownpoint,NM,87313-0849,1,4250.0,4250.0,11945.0,3307.0,,,0.4902,0.0,PS,PS,,,5846.0,1134.0,0.1971,0.8636,,26364.0
New Mexico State University-Dona Ana,Las Cruces,NM,88011,1,2322.0,6360.0,12541.0,4621.0,,,0.3437,0.0994,10250,17095,,,7289.0,4812.0,,,0.0,39067.0
Clovis Community College,Clovis,NM,88101-8381,1,1472.0,3224.0,10066.0,3318.0,,,0.3139,0.0356,5750,7250,,,6022.0,1221.0,,,0.0,34020.0
Eastern New Mexico University-Main Campus,Portales,NM,88130,1,6863.0,8843.0,18503.0,6199.0,,,0.3201,0.1965,11000,16500,0.5492,965.0,8033.0,3186.0,0.3981,0.6192,0.0,38550.0
Eastern New Mexico University-Roswell Campus,Roswell,NM,88203-6000,1,2256.0,5616.0,12220.0,4171.0,,,0.2656,0.0174,11000,16500,,,5489.0,1312.0,,,0.0,38550.0
Institute of American Indian and Alaska Native Culture and Arts Development,Santa Fe,NM,87508-1300,1,5801.0,5801.0,23873.0,12322.0,,,0.2038,0.0,PS,PS,1.0,,7354.0,307.0,0.2453,0.5833,0.0,24505.0
New Mexico Highlands University,Las Vegas,NM,87701,1,7260.0,12180.0,21046.0,14141.0,,,0.4636,0.1736,9500,11399,,,7603.0,1561.0,0.2559,0.5689,0.0,45937.0
New Mexico Junior College,Hobbs,NM,88240,1,1440.0,2280.0,9150.0,6431.0,,,0.2585,0.0305,5500,11313,,,10626.0,2034.0,,,0.0,34233.0
New Mexico Military Institute,Roswell,NM,88201-5173,1,6990.0,14042.0,18891.0,4686.0,,,0.2571,0.0542,4549,PS,0.5776,,7957.0,342.0,,,0.0,57410.0
University of New Mexico-Gallup Campus,Gallup,NM,87301,1,2575.0,4843.0,11378.0,5467.0,,,0.2803,0.0319,13698,18450,,,7843.0,891.0,,,0.0,44792.0
New Mexico Institute of Mining and Technology,Socorro,NM,87801,1,9058.0,26312.0,22872.0,8265.0,,,0.3087,0.3514,11057,19085,0.5396,1182.0,9806.0,1122.0,0.5636,0.7685,0.0,76489.0
University of New Mexico-Los Alamos Campus,Los Alamos,NM,87544,1,2214.0,5686.0,15550.0,10050.0,,,0.0601,0.0143,13698,18450,,,6279.0,238.0,,,0.0,44792.0
University of New Mexico-Main Campus,Albuquerque,NM,87131,1,8115.0,26450.0,20973.0,17478.0,,,0.3624,0.4287,13698,18450,0.9545,1047.0,11082.0,16686.0,0.5253,0.7292,0.0,44792.0
New Mexico State University-Alamogordo,Alamogordo,NM,88310,1,2616.0,6072.0,13482.0,5789.0,,,0.2636,0.0359,10250,17095,,,7914.0,569.0,,,0.0,39067.0
Southeast New Mexico College,Carlsbad,NM,88220,1,1176.0,4008.0,11794.0,4821.0,,,0.1078,0.0113,,,,,8882.0,426.0,,,0.0,
New Mexico State University-Grants,Grants,NM,87020-2025,1,2136.0,4272.0,15593.0,7729.0,,,0.2667,0.0267,10250,17095,,,7076.0,351.0,,,0.0,39067.0
New Mexico State University-Main Campus,Las Cruces,NM,88003-8001,1,8147.0,25271.0,20930.0,6747.0,,,0.403,0.2288,10250,17095,0.7573,1004.0,9917.0,11561.0,0.5222,0.7483,0.0,39067.0
University of New Mexico-Valencia County Campus,Los Lunas,NM,87031-7633,1,1878.0,5130.0,14710.0,9014.0,,,0.1326,0.0146,13698,18450,,,6890.0,505.0,,,0.0,44792.0
Northern New Mexico College,Espanola,NM,87532,1,6400.0,14328.0,17529.0,5216.0,,,0.3553,0.0329,6500,PS,,,7109.0,859.0,0.3259,0.6053,0.0,38112.0
San Juan College,Farmington,NM,87402-4699,1,1790.0,4985.0,13178.0,4526.0,,,0.3292,0.0491,6253,9750,,,6900.0,4228.0,,,0.0,36513.0
Santa Fe Community College,Santa Fe,NM,87508-4887,1,2145.0,4995.0,15783.0,9215.0,,,0.1448,0.0083,9604,13236,,,7179.0,2234.0,,,0.0,38005.0
University of the Southwest,Hobbs,NM,88240,2,16670.0,16670.0,30369.0,,19969.0,,0.5573,0.6254,14000,21303,,,3678.0,337.0,0.2667,0.5316,0.0,45389.0
Southwestern College,Santa Fe,NM,87507-9196,2,,,,,,,,,PS,PS,,,6610.0,,,,0.0,
Southwestern Indian Polytechnic Institute,Albuquerque,NM,87120-3101,1,1095.0,1095.0,14221.0,8683.0,,,0.342,0.0,PS,PS,,,7029.0,233.0,,,,27660.0
University of New Mexico-Taos Campus,Ranchos de Taos,NM,87557,1,2004.0,5004.0,16135.0,10385.0,,,0.1471,0.0244,13698,18450,,,6946.0,355.0,,,0.0,44792.0
Mesalands Community College,Tucumcari,NM,88401-3352,1,2136.0,3408.0,15589.0,10078.0,,,0.1141,0.017,5295,PS,,,6300.0,357.0,,,0.049,32272.0
Vogue College of Cosmetology-Santa Fe,Santa Fe,NM,87505,3,,,,,23227.0,15500.0,0.5922,0.5049,6333,6333,,,,61.0,,,0.0,
Western New Mexico University,Silver City,NM,88061,1,7868.0,14354.0,21649.0,7912.0,,,0.4186,0.22,12500,23000,,,8168.0,1935.0,0.3489,0.5377,0.0,39095.0
Vaughn College of Aeronautics and Technology,Flushing,NY,11369,2,28850.0,28850.0,47174.0,,39723.0,,0.5251,0.5072,14000,21125,,,9242.0,1104.0,0.3992,0.6769,0.0,64973.0
Adelphi University,Garden City,NY,11530-0701,2,47290.0,47290.0,57444.0,,28348.0,,0.2944,0.5953,20500,25000,0.7751,1224.0,13227.0,5077.0,0.6893,0.8305,0.0,75482.0
SUNY Adirondack,Queensbury,NY,12804,1,6528.0,9192.0,16664.0,10363.0,,,0.4068,0.2761,8494,14345,,,7647.0,1959.0,,,0.0,41267.0
Bryant & Stratton College-Albany,Albany,NY,12205,2,18892.0,18892.0,22650.0,,12452.0,,0.6531,0.6781,9500,21549,,,4998.0,224.0,0.2195,,0.0,32568.0
Albany College of Pharmacy and Health Sciences,Albany,NY,12208-3492,2,40375.0,40375.0,52317.0,,26027.0,,0.2928,0.8801,25000,25500,0.5908,1280.0,10022.0,509.0,0.6882,0.8559,0.0,131426.0
Albany Law School,Albany,NY,12208,2,,,,,,,,,PS,PS,,,11348.0,,,,0.0,
Albany Medical College,Albany,NY,12208-3479,2,,,,,,,,,PS,PS,,,,,,,0.0,
Alfred University,Alfred,NY,14802-1205,2,39530.0,39530.0,54516.0,,22701.0,,0.3898,0.6719,17751,26000,0.4833,1205.0,7126.0,1401.0,0.555,0.7669,0.0,54897.0
Allen School-Brooklyn,Brooklyn,NY,11201,3,,,,,25874.0,17056.0,0.949,0.8556,9500,9500,,,,156.0,,,0.0,34186.0
The Ailey School,New York,NY,10019-4402,2,14235.0,14235.0,38671.0,,31130.0,,0.2,0.2923,13399,PS,0.4918,,,88.0,,,0.0,22782.0
American Academy of Dramatic Arts-New York,New York,NY,10016,2,39475.0,39475.0,61369.0,,54625.0,,0.2249,0.4689,12000,12000,0.8135,,6545.0,225.0,,,0.0,27019.0
American Academy McAllister Institute of Funeral Service,New York,NY,10036,2,20018.0,20018.0,27025.0,,21682.0,,0.3665,0.5995,11000,21150,,,3347.0,282.0,,,0.0,54695.0
American Musical and Dramatic Academy,New York,NY,10023,2,45560.0,45560.0,63779.0,,41019.0,,0.3596,0.6404,12000,15250,0.2471,,6026.0,1502.0,0.7202,0.75,0.0,26975.0
Apex Technical School,Long Island City,NY,11101,3,,,,,16076.0,18400.0,0.5935,0.5356,9500,9500,,,,1300.0,,,0.0,41093.0
Arnot Ogden Medical Center,Elmira,NY,14905-1676,2,,,,,19982.0,21708.0,0.5,0.625,10750,PS,1.0,,8854.0,29.0,,,0.0,70775.0
Associated Beth Rivkah Schools,Brooklyn,NY,11225-0000,2,9700.0,9700.0,27111.0,,18192.0,,0.6558,0.0,PS,PS,1.0,,7661.0,289.0,0.7407,0.6404,,17686.0
Bank Street College of Education,New York,NY,10025,2,,,,,,,,,PS,PS,,,10396.0,,,,0.0,
Bard College,Annandale-On-Hudson,NY,12504-5000,2,63612.0,63612.0,81661.0,,31771.0,,0.2308,0.3441,19000,24254,0.5229,1387.0,12376.0,2280.0,0.7271,0.8468,0.0,46543.0
Barnard College,New York,NY,10027-6598,2,66246.0,66246.0,84023.0,,39253.0,,0.154,0.3745,15750,18000,0.0796,1500.0,15399.0,3219.0,0.9294,0.967,0.0,80516.0
Berk Trade and Business School,Long Island City,NY,11101-8120,3,,,,,15834.0,12225.0,0.6276,0.531,6200,6333,,,,161.0,,,0.0,49748.0
Berkeley College-New York,New York,NY,10017,3,28600.0,28600.0,39029.0,,25133.0,,0.5352,0.5627,19000,30426,,,7896.0,1514.0,0.4025,0.5,0.0,45884.0
Berkowits School of Electrolysis,Forest Hills,NY,11375-6820,3,,,,,,6250.0,0.1377,0.1522,6333,PS,,,,107.0,,,0.0,
Beth Hamedrash Shaarei Yosher Institute,Brooklyn,NY,11204,2,12000.0,12000.0,17800.0,,4596.0,,0.7703,0.0,PS,PS,0.9032,,3801.0,83.0,0.35,0.84,,
Mount Sinai Phillips School of Nursing,New York,NY,10035-6354,2,,,,,,,0.0152,0.617,18750,19750,,,9444.0,273.0,1.0,,0.0,96980.0
Brittany Beauty Academy,Brooklyn,NY,11209,3,,,,,22033.0,9510.0,0.4713,0.373,6333,6333,,,,75.0,,,0.0,17992.0
Boricua College,New York,NY,10032-1560,2,12525.0,12525.0,23338.0,,14187.0,,0.8517,0.1586,6347,6733,,,5061.0,401.0,0.7063,0.8511,0.0,35348.0
Brittany Beauty Academy,Levittown,NY,11756-1345,3,,,,,22594.0,16800.0,0.5176,0.6706,6333,6333,,,,149.0,,,0.0,18753.0
American Beauty School,Bronx,NY,10462,3,,,,,10067.0,11210.0,0.5025,0.3383,3169,3500,,,,140.0,,,0.0,21111.0
Brooklyn Law School,Brooklyn,NY,11201,2,,,,,,,,,PS,PS,,,12957.0,,,,0.0,
SUNY Broome Community College,Binghamton,NY,13901-1001,1,7470.0,12942.0,15541.0,8035.0,,,0.3559,0.3568,7727,12000,,,7353.0,3203.0,,,0.0,39710.0
Bryant & Stratton College-Syracuse North,Liverpool,NY,13090,2,19310.0,19310.0,21955.0,,9972.0,,0.6508,0.7659,9500,21549,,,6161.0,454.0,0.25,0.0,0.0,32568.0
Bryant & Stratton College-Buffalo,Buffalo,NY,14203,2,19126.0,19126.0,23942.0,,14117.0,,0.6579,0.6912,9500,21549,,,5785.0,656.0,0.275,,0.0,32568.0
Bryant & Stratton College-Greece,Rochester,NY,14612,2,19593.0,19593.0,23142.0,,14664.0,,0.6612,0.7796,9500,21549,,,6075.0,320.0,0.3043,,0.0,32568.0
Canisius University,Buffalo,NY,14208-1098,2,32720.0,32720.0,42271.0,,18322.0,,0.2679,0.5341,19000,24250,0.8177,,8621.0,1768.0,0.7065,0.7996,0.001,60681.0
Capri Cosmetology Learning Centers,Nanuet,NY,10954,3,,,,,18206.0,15100.0,0.5035,0.417,5826,5827,,,,328.0,,,0.0,30190.0
St Paul's School of Nursing-Queens,Rego Park,NY,11374,3,17556.0,17556.0,38134.0,,31766.0,,0.4512,0.7143,20000,25730,,,7321.0,945.0,,,0.0,104403.0
Cayuga County Community College,Auburn,NY,13021-3099,1,6462.0,11598.0,13920.0,7278.0,,,0.1716,0.1368,6462,12000,,,8563.0,1146.0,,,0.0,38709.0
Central Yeshiva Tomchei Tmimim Lubavitz,Brooklyn,NY,11213-2798,2,8400.0,8400.0,27589.0,,19406.0,,0.6445,0.0,PS,PS,0.8846,,3577.0,810.0,0.0278,0.8167,,35023.0
Christine Valmy International School for Esthetics Skin Care & Makeup,New York,NY,10036,3,,,,,14636.0,9100.0,0.3353,0.3151,5477,5478,,,,728.0,,,0.0,
Circle in the Square Theatre School,New York,NY,10019-6795,2,24085.0,24085.0,42500.0,,29537.0,,0.2326,0.4186,20000,PS,0.0377,,,50.0,,,0.022,39899.0
Clarkson University,Potsdam,NY,13699,2,57950.0,57950.0,76451.0,,31955.0,,0.2046,0.6537,21714,26000,0.7716,1307.0,10769.0,2449.0,0.7356,0.8471,0.0,89696.0
Clinton Community College,Plattsburgh,NY,12901,1,6831.0,6831.0,15614.0,9385.0,,,0.2213,0.159,8125,13250,,,6544.0,388.0,,,0.0,39246.0
Cochran School of Nursing,Yonkers,NY,10701,2,,,,,,,0.4435,0.7826,17796,19625,,,11557.0,112.0,,,0.0,99503.0
Colgate Rochester Crozer Divinity School,Rochester,NY,14607,2,,,,,,,,,PS,PS,,,5646.0,,,,0.045,
Colgate University,Hamilton,NY,13346-1398,2,67024.0,67024.0,83650.0,,29107.0,,0.1268,0.1217,13000,15000,0.1195,1480.0,12737.0,3122.0,0.9053,0.9285,0.0,85139.0
Metropolitan College of New York,New York,NY,10006-1742,2,20188.0,20188.0,32786.0,,25180.0,,0.608,0.6761,20000,27688,0.7654,,8544.0,430.0,0.2474,0.3846,0.0,46236.0
Columbia University in the City of New York,New York,NY,10027,2,69045.0,69045.0,86042.0,,20148.0,,0.2254,0.1439,18750,21500,0.0423,1547.0,21217.0,8899.0,0.9496,0.9718,0.0,102491.0
Columbia-Greene Community College,Hudson,NY,12534,1,5904.0,11160.0,12441.0,5576.0,,,0.2951,0.0947,9000,12000,,,5981.0,900.0,,,0.0,44441.0
Empire Beauty School-Queens,Astoria,NY,11103,3,,,,,18439.0,13250.0,0.6285,0.585,6756,10667,,,,147.0,,,0.0,24397.0
Continental School of Beauty Culture-Rochester,Rochester,NY,14623,3,,,,,15659.0,9000.0,0.6948,0.7183,6333,6333,,,,213.0,,,0.0,23906.0
The Cooper Union for the Advancement of Science and Art,New York,NY,10003-7120,2,46820.0,46820.0,67088.0,,16478.0,,0.2792,0.208,12375,15000,0.1905,1480.0,13781.0,891.0,0.8032,0.9128,0.0,83847.0
Cornell University,Ithaca,NY,14853,2,66014.0,66014.0,83196.0,,32337.0,,0.1821,0.2407,13000,14000,0.0816,1520.0,17253.0,15935.0,0.9514,0.9782,0.0,104043.0
Weill Medical College of Cornell University,New York,NY,10065,2,,,,,,,,,13000,14000,,,,,,,0.0,104043.0
SUNY Corning Community College,Corning,NY,14830,1,5966.0,9230.0,13917.0,8488.0,,,0.1712,0.1656,8750,12000,,,7795.0,1249.0,,,0.0,38817.0
Pomeroy College of Nursing at Crouse Hospital,East Syracuse,NY,13057-1687,2,19228.0,19228.0,26409.0,,22322.0,,0.3488,0.7163,12000,15250,0.4,,9262.0,179.0,,,0.0,83972.0
Culinary Institute of America,Hyde Park,NY,12538-1499,2,38410.0,38410.0,54106.0,,31864.0,,0.2789,0.5374,12000,15750,0.9176,1089.0,9791.0,2988.0,0.6467,0.7513,0.0,47475.0
CUNY Bernard M Baruch College,New York,NY,10010,1,7464.0,15414.0,13521.0,2978.0,,,0.5533,0.1199,10000,11512,0.5048,1310.0,12556.0,15734.0,0.7211,0.8841,0.0,75971.0
CUNY Borough of Manhattan Community College,New York,NY,10007,1,5170.0,8050.0,12187.0,4907.0,,,0.5674,0.0463,5550,7574,,,11370.0,16850.0,,,0.0,42306.0
CUNY Bronx Community College,Bronx,NY,10453,1,5206.0,8086.0,11987.0,4342.0,,,0.5748,0.0591,6430,8384,,,11800.0,5766.0,,,0.0,41307.0
CUNY Brooklyn College,Brooklyn,NY,11210,1,7452.0,15402.0,13573.0,2943.0,,,0.5639,0.07,9218,11000,0.5366,1310.0,12729.0,10443.0,0.5658,0.7987,0.0,60752.0
College of Staten Island CUNY,Staten Island,NY,10314,1,7490.0,15440.0,14084.0,5115.0,,,0.4925,0.1104,8846,14350,,,12606.0,9387.0,0.3278,0.7624,0.0,53501.0
CUNY City College,New York,NY,10031,1,7340.0,15290.0,13514.0,3486.0,,,0.5958,0.0748,9775,11990,0.5807,1340.0,13179.0,11934.0,0.5466,0.786,0.0,66039.0
CUNY Graduate School and University Center,New York,NY,10016,1,7410.0,15360.0,,,,,0.3788,0.1507,9800,12584,0.3861,,13779.0,3067.0,,,0.0,65991.0
CUNY Hostos Community College,Bronx,NY,10451,1,5208.0,8088.0,12390.0,5001.0,,,0.627,0.061,6000,8442,,,11255.0,4883.0,,,0.0,40485.0
CUNY Hunter College,New York,NY,10065,1,7382.0,15332.0,13310.0,2446.0,,,0.5501,0.0715,8812,11000,0.5405,1350.0,12766.0,16642.0,0.6099,0.7997,0.0,63163.0
CUNY John Jay College of Criminal Justice,New York,NY,10019,1,7470.0,15420.0,13712.0,3046.0,,,0.5919,0.0846,9250,11000,0.5722,1140.0,12094.0,11340.0,0.5549,0.8126,0.0,56195.0
CUNY Kingsborough Community College,Brooklyn,NY,11235,1,5252.0,8132.0,12998.0,5436.0,,,0.2893,0.0338,5500,7100,,,11330.0,7632.0,,,0.0,42621.0
CUNY LaGuardia Community College,Long Island City,NY,11101,1,5218.0,8098.0,13167.0,5699.0,,,0.4036,0.0316,5217,7407,,,12227.0,10556.0,,,0.0,41653.0
CUNY Lehman College,Bronx,NY,10468,1,7410.0,15360.0,13456.0,3482.0,,,0.6053,0.1288,8500,10950,0.5543,1010.0,11841.0,10438.0,0.4929,0.7353,0.0,58013.0
CUNY Medgar Evers College,Brooklyn,NY,11225,1,7352.0,15302.0,14069.0,5881.0,,,0.5679,0.1217,7400,10988,0.8339,980.0,11862.0,3404.0,0.2229,0.522,0.0,46498.0
CUNY New York City College of Technology,Brooklyn,NY,11201,1,7332.0,15282.0,13404.0,4783.0,,,0.5544,0.0553,7000,10533,0.8074,1040.0,11868.0,12950.0,0.1941,0.5997,0.0,49365.0
CUNY Queens College,Queens,NY,11367,1,7538.0,15488.0,13643.0,3830.0,,,0.4772,0.0893,8580,10298,0.6852,1210.0,12029.0,13060.0,0.6016,0.7817,0.0,62763.0
CUNY Queensborough Community College,Bayside,NY,11364-1497,1,5210.0,8090.0,11882.0,4620.0,,,0.4545,0.0428,5500,8600,,,11730.0,8803.0,,,0.0,44214.0
CUNY School of Law,Long Island City,NY,11101,1,,,,,,,,,PS,PS,,,16830.0,,,,0.0,
CUNY York College,Jamaica,NY,11451,1,7358.0,15308.0,13686.0,4734.0,,,0.4343,0.0619,7500,11000,0.5942,1100.0,11717.0,4439.0,0.3027,0.5954,0.0,56945.0
CVPH Medical Center School of Radiologic Technology,Plattsburgh,NY,12901-1438,2,,,,,8609.0,19750.0,0.2222,0.7778,PS,PS,0.4118,,,19.0,,,0.0,
D'Youville  University,Buffalo,NY,14201-1084,2,33560.0,33560.0,42512.0,,19585.0,,0.3582,0.6247,19750,25000,0.8235,1040.0,8529.0,1299.0,0.5668,0.7183,0.001,66942.0
Daemen University,Amherst,NY,14226-3592,2,33724.0,33724.0,44232.0,,18244.0,,0.4167,0.6125,15041,22091,0.7616,,7071.0,1761.0,0.584,0.8017,0.0,61808.0
Yeshiva of Far Rockaway Derech Ayson Rabbinical Seminary,Far Rockaway,NY,11691-5219,2,11150.0,11150.0,23750.0,,9400.0,,0.1731,0.0,PS,PS,0.88,,4716.0,57.0,0.5333,0.8571,,
Dominican University New York,Orangeburg,NY,10962-1210,2,33060.0,33060.0,48001.0,,26187.0,,0.4111,0.691,18250,25000,0.7883,1160.0,8584.0,1083.0,0.5677,0.6682,0.0,61171.0
Dutchess Community College,Poughkeepsie,NY,12601-1595,1,5346.0,10146.0,15709.0,8433.0,,,0.1877,0.1151,5500,10039,,,9535.0,3696.0,,,0.0,43929.0
Belanger School of Nursing,Schenectady,NY,12304,2,11928.0,11928.0,24233.0,,24119.0,,0.227,0.2908,11750,PS,0.8284,,8344.0,132.0,,,0.0,79677.0
Elmira College,Elmira,NY,14901,2,37932.0,37932.0,50783.0,,23735.0,,0.3498,0.7422,20230,27000,0.908,1239.0,4871.0,583.0,0.6404,0.7384,0.0,57550.0
Erie Community College,Buffalo,NY,14203-2698,1,6100.0,11300.0,12475.0,6358.0,,,0.3752,0.2002,5500,9250,,,5623.0,5906.0,,,0.0,41228.0
Fashion Institute of Technology,New York,NY,10001-5992,1,6170.0,16750.0,29732.0,22024.0,,,0.323,0.3144,12000,12000,0.5761,,9473.0,7575.0,0.8333,0.8934,0.0,62696.0
Finger Lakes Community College,Canandaigua,NY,14424-8395,1,6138.0,8250.0,19411.0,14186.0,,,0.2581,0.2467,8250,12975,,,7093.0,2900.0,,,0.0,40054.0
Five Towns College,Dix Hills,NY,11746-5871,3,29950.0,29950.0,40792.0,,20799.0,,0.4456,0.5242,12750,21500,0.7203,,6087.0,533.0,0.4898,0.747,0.0,35887.0
Fordham University,Bronx,NY,10458,2,61992.0,61992.0,77351.0,,42581.0,,0.2086,0.4695,20500,24300,0.5628,1412.0,15544.0,10239.0,0.8027,0.8763,0.0,85569.0
Fulton-Montgomery Community College,Johnstown,NY,12095-3790,1,6054.0,6654.0,14219.0,7803.0,,,0.277,0.1247,8500,12125,,,8973.0,953.0,,,0.0,39535.0
Gemological Institute of America-New York,New York,NY,10036,2,,,,,35223.0,23290.0,0.0504,0.0775,8233,PS,,,,313.0,,,0.01,42588.0
Genesee Community College,Batavia,NY,14020-9704,1,5800.0,6400.0,15432.0,7989.0,,,0.2228,0.2029,6549,11622,,,7097.0,1966.0,,,0.0,39674.0
Hamilton College,Clinton,NY,13323,2,65740.0,65740.0,80380.0,,28314.0,,0.181,0.3069,15015,17000,0.1177,1487.0,12310.0,2045.0,0.9125,0.9561,0.0,78411.0
Hartwick College,Oneonta,NY,13820-4020,2,52849.0,52849.0,66623.0,,29800.0,,0.3503,0.8053,17500,27000,0.687,1170.0,7874.0,1099.0,0.4615,0.7088,0.0,61107.0
Helene Fuld College of Nursing,New York,NY,10035-2737,2,24648.0,24648.0,41733.0,,37732.0,,0.3676,0.796,14292,15250,0.2381,,11669.0,722.0,,1.0,0.0,111027.0
Herkimer County Community College,Herkimer,NY,13350-1598,1,5776.0,5776.0,17648.0,10530.0,,,0.3961,0.2872,6500,11365,,,5938.0,1144.0,,,0.0,39199.0
Hilbert College,Hamburg,NY,14075-1597,2,32150.0,32150.0,40002.0,,22100.0,,0.4376,0.7224,15000,24750,0.9802,1060.0,6373.0,922.0,0.4699,0.6306,0.0,48309.0
Hobart William Smith Colleges,Geneva,NY,14456,2,63268.0,63268.0,80635.0,,31057.0,,0.2412,0.7107,24250,27000,0.5728,1296.0,9638.0,1606.0,0.7271,0.8924,0.0,68831.0
Hofstra University,Hempstead,NY,11549,2,55450.0,55450.0,68298.0,,35129.0,,0.243,0.4694,18518,23621,0.7059,1294.0,14617.0,6155.0,0.671,0.8311,0.0,69039.0
Houghton University,Houghton,NY,14744,2,17290.0,17290.0,29287.0,,21148.0,,0.3379,0.5602,20313,25250,0.927,1297.0,6402.0,867.0,0.6466,0.7697,0.0,46721.0
Hudson Valley Community College,Troy,NY,12180,1,6694.0,11750.0,13654.0,7118.0,,,0.2852,0.1848,5713,10625,,,7416.0,6359.0,,,0.0,45460.0
Hunter Business School,Levittown,NY,11756-1375,3,,,,,25136.0,14825.0,0.6483,0.7257,6333,7937,,,,1042.0,,,0.0,36312.0
Iona University,New Rochelle,NY,10801-1890,2,45880.0,45880.0,57336.0,,27951.0,,0.2615,0.4288,19500,25999,0.9114,1167.0,9467.0,2731.0,0.5744,0.7998,0.0,73595.0
Isabella Graham Hart School of Practical Nursing,Rochester,NY,14622,2,,,,,16121.0,24559.0,0.6487,0.6344,PS,PS,0.9615,,,160.0,,,0.0,48143.0
Island Drafting and Technical Institute,Amityville,NY,11701-2704,3,19200.0,19200.0,30201.0,,21392.0,,0.7015,0.7761,12000,PS,,,5833.0,53.0,,,0.0,62379.0
Ithaca College,Ithaca,NY,14850-7002,2,50510.0,50510.0,66162.0,,32965.0,,0.1901,0.6415,19500,24000,0.6994,1285.0,9593.0,4350.0,0.7411,0.8335,0.0,63548.0
Jamestown Community College,Jamestown,NY,14701,1,6600.0,12040.0,17300.0,9507.0,,,0.2125,0.1259,6037,10990,,,7295.0,1692.0,,,0.0,38242.0
Jamestown Business College,Jamestown,NY,14701-4756,3,12945.0,12945.0,19567.0,,7732.0,,0.6864,0.0767,10873,14800,0.8582,,4548.0,251.0,0.6053,,0.037,34976.0
Jefferson Community College,Watertown,NY,13601-1897,1,6048.0,6048.0,17874.0,11012.0,,,0.3255,0.2325,7685,12000,,,6742.0,1523.0,,,0.001,39991.0
Jewish Theological Seminary of America,New York,NY,10027-4649,2,65545.0,65545.0,80579.0,,29744.0,,0.0537,0.1678,14976,PS,0.4507,1507.0,12553.0,172.0,0.8684,1.0,0.0,92751.0
The Juilliard School,New York,NY,10023-6588,2,56550.0,56550.0,81090.0,,37903.0,,0.1331,0.2116,25000,25500,0.0896,,14709.0,460.0,0.9,0.972,0.0,37827.0
Kehilath Yakov Rabbinical Seminary,Ossining,NY,10562,2,12800.0,12800.0,16625.0,,3074.0,,0.8717,0.0,PS,PS,,,2273.0,206.0,0.4694,0.9804,,36442.0
Keuka College,Keuka Park,NY,14478,2,38000.0,38000.0,53506.0,,25989.0,,0.4355,0.866,21418,27000,0.9388,1090.0,6359.0,920.0,0.4877,0.7143,0.0,58289.0
LIM College,New York,NY,10017-0000,3,31950.0,31950.0,50471.0,,37514.0,,0.3571,0.6272,17500,24000,0.9875,1090.0,6586.0,1133.0,0.5299,0.6784,0.0,58956.0
Le Moyne College,Syracuse,NY,13214-1301,2,38970.0,38970.0,51033.0,,21547.0,,0.2996,0.6212,18435,23000,0.7529,1260.0,8957.0,2434.0,0.7098,0.8417,0.0,62731.0
Long Island University,Brookville,NY,11548-1327,2,41642.0,41642.0,52419.0,,23901.0,,0.1886,0.2545,19500,23577,0.8977,1259.0,12877.0,5478.0,0.5544,0.7737,0.0,59950.0
Long Island Beauty School-Hempstead,Hempstead,NY,11550,3,,,,,29171.0,14100.0,0.4217,0.2652,6333,8254,,,,47.0,,,0.0,17378.0
Long Island Business Institute,Flushing,NY,11354-5577,3,12000.0,12000.0,19228.0,,11166.0,,0.8721,0.0417,10000,PS,0.7324,,4444.0,347.0,,,,23438.0
Machzikei Hadath Rabbinical College,Brooklyn,NY,11204-1805,2,13500.0,13500.0,20375.0,,8328.0,,0.838,0.0,PS,PS,0.95,,6086.0,129.0,0.2791,0.7879,,41527.0
Mandl School-The College of Allied Health,New York,NY,10019-5516,3,21200.0,21200.0,38957.0,,30873.0,,0.8435,0.8549,12000,20000,,,6806.0,465.0,,,0.0,39108.0
Manhattan College,Riverdale,NY,10471-4098,2,50850.0,50850.0,62537.0,,26881.0,,0.3121,0.4984,21500,26000,0.7849,1254.0,11881.0,2928.0,0.6597,0.7748,0.0,86316.0
Manhattan School of Music,New York,NY,10027,2,54600.0,54600.0,74277.0,,47599.0,,0.1319,0.3287,25125,26994,0.3994,,8330.0,535.0,0.7826,0.9272,0.0,26878.0
Manhattanville College,Purchase,NY,10577,2,42950.0,42950.0,55641.0,,25842.0,,0.3349,0.593,20090,25000,0.8466,,8882.0,1250.0,0.5373,0.7261,0.0,58832.0
Maria College of Albany,Albany,NY,12208,2,17680.0,17680.0,23518.0,,16055.0,,0.4074,0.7503,14708,20528,0.6094,1040.0,7807.0,702.0,0.4286,0.0,0.0,55458.0
Marion S Whelan School of Nursing of Geneva General Hospital,Geneva,NY,14456-1651,2,11020.0,11020.0,14085.0,,14085.0,,0.5556,0.8889,14751,18955,1.0,,,10.0,,,0.0,70771.0
Marist College,Poughkeepsie,NY,12601,2,46140.0,46140.0,63898.0,,39660.0,,0.1472,0.6301,21500,25000,0.6471,1285.0,10555.0,5039.0,0.7984,0.8943,0.0,77819.0
Marymount Manhattan College,New York,NY,10021-4597,2,40260.0,40260.0,63837.0,,37037.0,,0.2842,0.6922,19250,25750,0.7888,1226.0,8296.0,1627.0,0.4981,0.6501,0.0,49131.0
St. Peter's Hospital College of Nursing,Albany,NY,12208,2,14756.0,14756.0,,,,,0.3471,0.595,13322,14745,1.0,,8161.0,125.0,,,0.0,62588.0
Memorial Hospital School of Radiation Therapy Technology,New York,NY,10065-6007,2,,,,,,,0.0,0.0667,PS,PS,,,,12.0,,,0.0,
Mercy University,Dobbs Ferry,NY,10522,2,22106.0,22106.0,32391.0,,15770.0,,0.4733,0.4889,15000,19637,0.8547,,9475.0,5539.0,0.481,0.7497,0.0,52055.0
Mesivta Torah Vodaath Rabbinical Seminary,Brooklyn,NY,11218,2,13950.0,13950.0,22157.0,,5360.0,,0.5407,0.0,PS,PS,0.8974,,2805.0,337.0,0.3333,0.8148,,
Mesivta of Eastern Parkway-Yeshiva Zichron Meilech,Brooklyn,NY,11218-5559,2,10100.0,10100.0,18500.0,,8751.0,,0.6596,0.0,PS,PS,0.625,,2977.0,41.0,0.75,0.6667,,
Mesivtha Tifereth Jerusalem of America,New York,NY,10002-6301,2,13560.0,13560.0,17500.0,,10373.0,,0.3462,0.0,PS,PS,0.6087,,2067.0,45.0,0.1667,0.9333,,
Mildred Elley School-Albany Campus,Albany,NY,12206-1513,3,15865.0,15865.0,28648.0,,21348.0,,0.8049,0.8401,12000,19000,,,6044.0,385.0,,,0.0,38830.0
Mirrer Yeshiva Cent Institute,Brooklyn,NY,11223-2010,2,12500.0,12500.0,21343.0,,11641.0,,0.3667,0.0,PS,PS,0.7778,,3686.0,102.0,0.6383,0.7436,,41192.0
Modern Welding School,Schenectady,NY,12304,3,,,,,24257.0,18100.0,0.4719,0.7416,5500,PS,,,,69.0,,,0.0,48703.0
Mohawk Valley Community College,Utica,NY,13501-5394,1,6114.0,8695.0,15981.0,8404.0,,,0.2941,0.1657,7467,11000,,,6862.0,2994.0,,,0.0,39850.0
Molloy College,Rockville Centre,NY,11571-5002,2,37840.0,37840.0,48251.0,,26870.0,,0.2993,0.6142,24250,27000,0.7564,1193.0,11156.0,3185.0,0.7176,0.8114,0.002,77789.0
Monroe College,Bronx,NY,10468,3,17922.0,17922.0,26306.0,,10376.0,,0.5766,0.4846,12672,18818,0.6588,,6018.0,5670.0,0.5748,0.7009,0.0,41236.0
Monroe Community College,Rochester,NY,14623,1,5856.0,10756.0,14196.0,6569.0,,,0.4713,0.2725,6500,9750,,,7147.0,7737.0,,,0.0,40174.0
Mount Saint Mary College,Newburgh,NY,12550,2,41370.0,41370.0,51810.0,,23736.0,,0.297,0.6492,22250,26007,0.8246,1160.0,9483.0,1268.0,0.6566,0.7432,0.0,67705.0
Montefiore School of Nursing,Mount Vernon,NY,10550-2009,2,,,,,,,0.3663,0.6832,20000,20000,,,10915.0,115.0,,,0.0,
University of Mount Saint Vincent,Bronx,NY,10471-1093,2,42740.0,42740.0,50617.0,,19920.0,,0.4325,0.5533,18500,25000,0.8464,1110.0,10128.0,2373.0,0.5714,0.7099,0.0,65756.0
Icahn School of Medicine at Mount Sinai,New York,NY,10029-6574,2,,,,,,,,,PS,PS,,,,,,,0.0,
Nassau Community College,Garden City,NY,11530-6793,1,6330.0,12130.0,13907.0,5736.0,,,0.3567,0.1765,6000,10500,,,10757.0,10817.0,,,0.0,48248.0
Nazareth University,Rochester,NY,14618-3790,2,40880.0,40880.0,56140.0,,30521.0,,0.2592,0.7413,22500,26038,0.795,1256.0,8336.0,1891.0,0.7291,0.8149,0.0,56458.0
Neighborhood Playhouse School of the Theater,New York City,NY,10022-5017,2,18400.0,18400.0,39556.0,,33096.0,,0.125,0.4063,12000,PS,0.7059,,,71.0,,,0.043,29382.0
The New School,New York,NY,10011,2,56386.0,56386.0,82757.0,,55359.0,,0.1532,0.2586,15498,22266,0.6252,,13132.0,6819.0,0.7119,0.8073,0.0,52901.0
Northeast College of Health Sciences,Seneca Falls,NY,13148-0800,2,,,,,,,,,PS,PS,,,6466.0,,,,0.0,
New York Law School,New York,NY,10013-2921,2,,,,,,,,,PS,PS,,,14355.0,,,,0.0,
New York Medical College,Valhalla,NY,10595,2,,,,,,,,,PS,PS,,,8650.0,,,,0.0,
New York School for Medical and Dental Assistants,Long Island City,NY,11101,3,,,,,16117.0,26000.0,0.8884,0.7209,6887,8309,,,3967.0,281.0,,,0.0,38899.0
New York Theological Seminary,New York,NY,10027,2,,,,,,,,,PS,PS,,,6104.0,,,,0.0,
New York University,New York,NY,10012-1091,2,60438.0,60438.0,79121.0,,35035.0,,0.1856,0.2171,18500,20500,0.0941,1527.0,17330.0,29430.0,0.8846,0.955,0.0,82509.0
Niagara County Community College,Sanborn,NY,14132,1,6726.0,11862.0,13545.0,7222.0,,,0.3348,0.2157,7070,11039,,,8394.0,2859.0,,,0.0,42285.0
Niagara University,Niagara University,NY,14109,2,38135.0,38135.0,50174.0,,18740.0,,0.2591,0.5736,20312,25475,0.8534,1155.0,9518.0,2713.0,0.7024,0.807,0.0,56196.0
Empire Beauty School-Peekskill,Peekskill,NY,10566,3,,,,,18627.0,13750.0,0.3836,0.4932,6222,6554,,,,42.0,,,0.0,27916.0
North Country Community College,Saranac Lake,NY,12983-0089,1,6562.0,13734.0,17964.0,11690.0,,,0.2799,0.2188,9500,12000,,,6514.0,762.0,,,0.0,38276.0
New York College of Podiatric Medicine,New York,NY,10035-1940,2,,,,,,,,,PS,PS,,,11605.0,,,,0.0,
New York Institute of Technology,Old Westbury,NY,11568-8000,2,44360.0,44360.0,53625.0,,20709.0,,0.437,0.4561,17000,23334,0.7808,1290.0,13096.0,3320.0,0.5604,0.7878,0.0,70080.0
New York School of Interior Design,New York,NY,10021,2,30330.0,30330.0,46980.0,,41358.0,,0.15,0.2146,12750,PS,0.6034,,,423.0,0.5385,0.6667,0.0,48041.0
Ohr Hameir Theological Seminary,Peekskill,NY,10566,2,10150.0,10150.0,,,,,0.604,0.0,PS,PS,,,4758.0,94.0,0.75,1.0,,
Onondaga Community College,Syracuse,NY,13215-4585,1,6042.0,11332.0,14613.0,7178.0,,,0.257,0.1788,5500,10000,,,7041.0,4349.0,,,0.0,41190.0
Orange County Community College,Middletown,NY,10940,1,6382.0,12046.0,14396.0,7442.0,,,0.2724,0.2056,6500,12000,,,8802.0,3822.0,,,0.0,44117.0
Otsego Area BOCES-Practical Nursing Program,Oneonta,NY,13820-1142,1,,,,8280.0,,13675.0,0.8889,0.6667,9500,PS,,,,0.0,,,0.0,45248.0
Pace University,New York,NY,10038-1598,2,51424.0,51424.0,68092.0,,31046.0,,0.2707,0.4639,17750,23250,0.7714,1232.0,12664.0,7725.0,0.6141,0.7668,0.0,70378.0
Paul Smiths College of Arts and Science,Paul Smiths,NY,12970-0265,2,32049.0,32049.0,50865.0,,24583.0,,0.3668,0.759,17062,22750,0.9073,,5487.0,582.0,0.5333,0.7616,0.0,46145.0
Continental School of Beauty Culture-West Seneca,West Seneca,NY,14224,3,,,,,16000.0,9000.0,0.6376,0.651,6333,6333,,,,67.0,,,0.0,22193.0
Plaza College,Forest Hills,NY,11375,3,15450.0,15450.0,25190.0,,18193.0,,0.8501,0.8005,13348,20751,0.3,,6092.0,829.0,0.6287,,0.0,31519.0
Davis College,Pottersville,NY,12860-2300,2,17500.0,17500.0,22080.0,,14320.0,,0.3562,0.2123,17290,PS,0.3333,,3889.0,88.0,0.3889,1.0,0.0,38450.0
Pratt Institute-Main,Brooklyn,NY,11205,2,59683.0,59683.0,76533.0,,50647.0,,0.1741,0.3418,20500,26000,0.5317,1339.0,12423.0,3766.0,0.7269,0.8939,0.0,54295.0
Rabbinical Academy Mesivta Rabbi Chaim Berlin,Brooklyn,NY,11230,2,10800.0,10800.0,17950.0,,3964.0,,0.2222,0.0,PS,PS,1.0,,7297.0,160.0,0.1923,0.8372,,
Rabbinical College Bobover Yeshiva Bnei Zion,Brooklyn,NY,11219,2,10000.0,10000.0,19382.0,,8943.0,,0.8794,0.0,PS,PS,,,3358.0,436.0,0.9714,0.9762,,20707.0
Rabbinical College Beth Shraga,Monsey,NY,10952-3033,2,16150.0,16150.0,25950.0,,11229.0,,0.2105,0.0,PS,PS,0.9259,,6512.0,48.0,0.4545,0.7692,,
Rabbinical Seminary Mkor Chaim,Lakewood,NJ,08701-5827,2,8450.0,8450.0,15450.0,,6594.0,,0.625,0.0,PS,PS,1.0,,1883.0,81.0,0.25,0.963,,
Rabbinical College of Long Island,Long Beach,NY,11561,2,10290.0,10290.0,18300.0,,6253.0,,0.3041,0.0,PS,PS,1.0,,6138.0,161.0,0.3415,0.8649,,
Rabbinical Seminary of America,Flushing,NY,11367,2,10000.0,10000.0,19700.0,,5900.0,,0.1389,0.0,PS,PS,0.9754,,3200.0,379.0,0.3431,0.8222,,
Rensselaer Polytechnic Institute,Troy,NY,12180-3590,2,61884.0,61884.0,79934.0,,33139.0,,0.1865,0.5005,21995,23750,0.5845,1415.0,13277.0,5909.0,0.8316,0.8871,0.0,102051.0
Roberts Wesleyan University,Rochester,NY,14624,2,37504.0,37504.0,49621.0,,23461.0,,0.3969,0.6746,19000,23750,0.7778,1205.0,6879.0,1065.0,0.6393,0.7734,0.0,55031.0
Rochester Institute of Technology,Rochester,NY,14623-5603,2,57016.0,57016.0,71714.0,,29694.0,,0.2612,0.552,20872,26778,0.714,1378.0,11313.0,13225.0,0.708,0.8824,0.0,76571.0
University of Rochester,Rochester,NY,14627-0011,2,64348.0,64348.0,82600.0,,30248.0,,0.1624,0.403,19000,21000,0.3585,1480.0,13878.0,6488.0,0.8448,0.9253,0.0,79042.0
The Rockefeller University,New York,NY,10065-6399,2,,,,,,,,,,,,,23689.0,,,,,
Rockland Community College,Suffern,NY,10901-3699,1,6398.0,11920.0,14941.0,8508.0,,,0.2606,0.0729,5500,8497,,,8818.0,4180.0,,,0.0,50243.0
Empire Beauty School-Manhattan,New York,NY,10001,3,,,,,19553.0,14250.0,0.5911,0.5877,6222,10667,,,,342.0,,,0.0,24022.0
Russell Sage College,Troy,NY,12180,2,36756.0,36756.0,50986.0,,23027.0,,0.4328,0.9252,18000,22000,0.7619,,6478.0,1075.0,0.6567,0.7479,0.0,58316.0
St Bernard's School of Theology and Ministry,Rochester,NY,14618,2,,,,,,,,,PS,PS,,,6414.0,,,,0.0,
St Bonaventure University,Saint Bonaventure,NY,14778-9800,2,40150.0,40150.0,55265.0,,27151.0,,0.2274,0.9208,19500,26000,0.8153,1181.0,7851.0,1892.0,0.7039,0.8126,0.0,57214.0
St. Francis College,Brooklyn,NY,11201,2,27570.0,27570.0,42269.0,,21614.0,,0.4723,0.2786,12693,23250,,,6681.0,1931.0,0.5229,0.5432,0.0,58099.0
St. Joseph's College of Nursing,Syracuse,NY,13203,2,23206.0,23206.0,30466.0,,29688.0,,0.4034,0.9748,12000,12000,0.4545,,7835.0,283.0,,,0.0,81908.0
St Lawrence University,Canton,NY,13617,2,63870.0,63870.0,79665.0,,30561.0,,0.2098,0.5497,22670,27000,0.5847,1343.0,10224.0,2040.0,0.7965,0.8612,0.0,67258.0
The College of Saint Rose,Albany,NY,12203-1490,2,37452.0,37452.0,52773.0,,23819.0,,0.3862,0.6082,16000,24749,0.734,,6968.0,1238.0,0.5095,0.7238,0.0,56040.0
St. Thomas Aquinas College,Sparkill,NY,10976-1050,2,37720.0,37720.0,51685.0,,21344.0,,0.184,0.2717,17500,23198,0.8223,,9445.0,1009.0,0.626,0.749,0.0,62909.0
Samaritan Hospital School of Nursing,Troy,NY,12065,2,14671.0,14671.0,29132.0,,24655.0,,0.3386,0.7874,14250,15250,,,7604.0,132.0,,,0.0,64383.0
Sarah Lawrence College,Bronxville,NY,10708,2,63678.0,63678.0,79320.0,,21132.0,,0.1265,0.4241,19500,27000,0.5893,1374.0,10336.0,1468.0,0.6997,0.8438,0.0,53603.0
Schenectady County Community College,Schenectady,NY,12305,1,5924.0,8636.0,13169.0,5298.0,,,0.239,0.0867,6887,11049,,,5994.0,1499.0,,,0.0,40902.0
Sh'or Yoshuv Rabbinical College,Lawrence,NY,11559-1714,2,11700.0,11700.0,16500.0,,11600.0,,0.0449,0.0,PS,PS,,,5463.0,147.0,0.0,1.0,,
Siena College,Loudonville,NY,12211-1462,2,44405.0,44405.0,62329.0,,32697.0,,0.2335,0.6692,21471,26561,0.7057,1238.0,9389.0,3447.0,0.7584,0.8434,0.0,76079.0
Skidmore College,Saratoga Springs,NY,12866,2,65030.0,65030.0,81890.0,,34581.0,,0.1371,0.3437,15000,19500,0.2292,1388.0,10697.0,2760.0,0.8167,0.8885,0.0,69363.0
St. Joseph's University-New York,Brooklyn,NY,11205-3688,2,34535.0,34535.0,39254.0,,17622.0,,0.3422,0.5321,17750,22000,0.714,1170.0,9239.0,3343.0,0.6421,0.7912,0.0,63905.0
Saint Vladimirs Orthodox Theological Seminary,Yonkers,NY,10707-1699,2,,,,,,,,,PS,PS,,,8340.0,,,,0.0,
Saint Elizabeth College of Nursing,Utica,NY,13501,2,19300.0,30000.0,28850.0,,19736.0,,0.3972,0.8582,12000,14250,1.0,,9010.0,146.0,,,0.0,72122.0
St. John Fisher University,Rochester,NY,14618-3597,2,39666.0,39666.0,52514.0,,28150.0,,0.2815,0.6786,19500,23250,0.678,1207.0,9601.0,2579.0,0.7444,0.8429,0.0,66944.0
St Paul's School of Nursing-Staten Island,Staten Island,NY,10311,3,17525.0,17525.0,46582.0,,39377.0,,0.4738,0.7616,18500,25729,,,6576.0,661.0,,,0.0,86693.0
St. John's University-New York,Queens,NY,11439,2,50110.0,50110.0,61931.0,,26985.0,,0.2367,0.266,19500,25000,0.7967,1215.0,13140.0,9742.0,0.6846,0.7991,0.0,69571.0
Sullivan County Community College,Loch Sheldrake,NY,12759-5151,1,6288.0,11760.0,16693.0,9263.0,,,0.2671,0.1309,6200,10150,,,6163.0,916.0,,,0.0,38354.0
SUNY College of Technology at Alfred,Alfred,NY,14802,1,8862.0,16367.0,23982.0,14488.0,,,0.448,0.5923,12000,13750,0.8175,1059.0,6397.0,3510.0,0.5269,0.7625,0.0,50445.0
SUNY College of Technology at Canton,Canton,NY,13617-1098,1,8689.0,13519.0,23169.0,15001.0,,,0.4723,0.6095,12500,20000,0.9634,,7626.0,2778.0,0.4406,0.6681,0.0,47860.0
SUNY College of Technology at Delhi,Delhi,NY,13753-1100,1,8710.0,12480.0,26285.0,17387.0,,,0.461,0.5439,12000,15180,0.8841,,6748.0,2597.0,0.4796,0.6758,0.0,51629.0
SUNY College of Agriculture and Technology at Cobleskill,Cobleskill,NY,12043,1,8676.0,18586.0,27108.0,17980.0,,,0.4251,0.5328,11000,16023,0.8325,1060.0,7223.0,1776.0,0.4091,0.7203,0.0,45030.0
Farmingdale State College,Farmingdale,NY,11735-1021,1,8576.0,18486.0,17146.0,9173.0,,,0.3575,0.2307,11000,14718,0.6912,1104.0,9211.0,9117.0,0.5706,0.8087,0.0,69781.0
SUNY Morrisville,Morrisville,NY,13408,1,8769.0,19189.0,26031.0,17393.0,,,0.5463,0.6816,12000,18742,0.9123,,7029.0,1860.0,0.319,0.6218,0.0,43295.0
University at Albany,Albany,NY,12222,1,10408.0,28998.0,28490.0,18486.0,,,0.4212,0.5236,15059,19500,0.6987,,10933.0,12100.0,0.6389,0.8333,0.0,67979.0
Binghamton University,Vestal,NY,13850-6000,1,10363.0,29453.0,29657.0,21364.0,,,0.2747,0.4094,15000,18500,0.3773,1415.0,10739.0,14401.0,0.8365,0.8849,0.0,80596.0
University at Buffalo,Buffalo,NY,14260-1660,1,10782.0,30572.0,29043.0,20470.0,,,0.3226,0.4091,14250,19000,0.693,1298.0,11923.0,20284.0,0.7341,0.8445,0.0,70814.0
Stony Brook University,Stony Brook,NY,11794-0701,1,10560.0,30350.0,29174.0,18430.0,,,0.3837,0.3635,15000,18228,0.4901,1410.0,13838.0,17420.0,0.7785,0.8869,0.0,74502.0
SUNY College of Environmental Science and Forestry,Syracuse,NY,13210,1,9206.0,21036.0,27958.0,18730.0,,,0.2566,0.4238,13000,11000,0.8294,,9564.0,1725.0,0.6994,0.85,0.0,55763.0
SUNY Polytechnic Institute,Utica,NY,13502,1,8578.0,20228.0,23018.0,13882.0,,,0.3673,0.4057,12000,17250,0.7844,1248.0,9405.0,1773.0,0.5918,0.6834,0.0,64355.0
SUNY Brockport,Brockport,NY,14420-2919,1,8678.0,15748.0,25635.0,15844.0,,,0.3873,0.6096,15000,20000,0.7129,1147.0,8290.0,5381.0,0.5664,0.7319,0.0,54496.0
SUNY Buffalo State University,Buffalo,NY,14222,1,8486.0,18906.0,23171.0,14229.0,,,0.5333,0.5293,12500,21028,0.7587,1080.0,8749.0,5358.0,0.3604,0.5471,0.0,52334.0
State University of New York at Cortland,Cortland,NY,13045-0900,1,8815.0,18725.0,26413.0,19951.0,,,0.2685,0.602,17500,21500,0.5071,,7301.0,5896.0,0.6825,0.8082,0.0,60236.0
SUNY at Fredonia,Fredonia,NY,14063-1136,1,8771.0,19191.0,25331.0,15644.0,,,0.3745,0.6606,17500,24250,0.792,1213.0,7939.0,2860.0,0.5348,0.7622,0.0,54247.0
SUNY College at Geneseo,Geneseo,NY,14454-1465,1,8966.0,19206.0,26461.0,18021.0,,,0.2541,0.4911,14836,19500,0.6353,1296.0,8512.0,3855.0,0.7209,0.8383,0.0,67316.0
State University of New York at New Paltz,New Paltz,NY,12561-2443,1,8524.0,18434.0,27034.0,18481.0,,,0.3287,0.4502,15000,18750,0.587,1267.0,8063.0,6022.0,0.6888,0.8668,0.0,58073.0
SUNY Oneonta,Oneonta,NY,13820-4015,1,8812.0,19232.0,27258.0,18833.0,,,0.3334,0.56,15000,19812,0.7015,1181.0,7658.0,4820.0,0.7024,0.7801,0.0,60386.0
State University of New York at Oswego,Oswego,NY,13126,1,8769.0,18679.0,27155.0,17231.0,,,0.387,0.5333,15750,20880,0.8039,1177.0,7834.0,5618.0,0.6037,0.7034,0.0,57566.0
SUNY College at Potsdam,Potsdam,NY,13676-2294,1,8712.0,18622.0,24489.0,14295.0,,,0.4265,0.6427,18166,24250,0.8548,,7022.0,1951.0,0.4788,0.7788,0.0,47866.0
SUNY at Purchase College,Purchase,NY,10577-1400,1,8953.0,18863.0,28541.0,19067.0,,,0.3563,0.4425,15194,21067,0.7283,1277.0,7974.0,3110.0,0.6156,0.7909,0.0,45092.0
SUNY College of Optometry,New York,NY,10036-8003,1,,,,,,,,,PS,PS,,,12044.0,,,,0.0,
SUNY Old Westbury,Old Westbury,NY,11568-0210,1,8379.0,18289.0,19934.0,9900.0,,,0.4738,0.2966,12000,14997,0.8458,,10050.0,3945.0,0.4659,0.7352,0.0,58526.0
SUNY College at Plattsburgh,Plattsburgh,NY,12901-2681,1,8881.0,18791.0,27415.0,16547.0,,,0.3854,0.5719,15000,21196,0.7518,1180.0,7909.0,3789.0,0.5884,0.7121,0.0,56403.0
SUNY Downstate Health Sciences University,Brooklyn,NY,11203-2098,1,,,,,,,0.078,0.4433,12500,12500,,,11735.0,286.0,,,0.0,109601.0
Empire State University,Saratoga Springs,NY,12866-4391,1,7630.0,17540.0,18221.0,11147.0,,,0.35,0.3462,11000,18730,,,8209.0,7046.0,0.2932,0.4595,0.0,54080.0
SUNY Maritime College,Throggs Neck,NY,10465-4198,1,8540.0,18450.0,28880.0,21781.0,,,0.2062,0.4069,15875,23250,0.7851,1199.0,8525.0,1242.0,0.7485,0.797,0.0,95951.0
Upstate Medical University,Syracuse,NY,13210,1,,,,,,,0.2468,0.5506,15000,15000,,,6783.0,117.0,,,0.0,92257.0
Swedish Institute a College of Health Sciences,New York,NY,10001-6700,3,26041.0,26041.0,37403.0,,31180.0,,0.8575,0.642,13834,22146,,,5548.0,1157.0,,,0.0,29699.0
Syracuse University,Syracuse,NY,13244,2,63061.0,63061.0,80396.0,,41026.0,,0.1622,0.3436,23697,26000,0.4169,1351.0,12872.0,15245.0,0.8135,0.9121,0.0,79164.0
Talmudical Seminary Oholei Torah,Brooklyn,NY,11213,2,8000.0,8000.0,19724.0,,8174.0,,0.6006,0.0,PS,PS,0.7808,,6247.0,353.0,0.1395,0.5429,,39230.0
Talmudical Institute of Upstate New York,Rochester,NY,14618-3046,2,6150.0,6150.0,14550.0,,4479.0,,0.6429,0.0,PS,PS,1.0,,,16.0,0.1667,0.4286,,
Teachers College at Columbia University,New York,NY,10027,2,,,,,,,,,PS,PS,,,15315.0,,,,0.0,73294.0
Tompkins Cortland Community College,Dryden,NY,13053-0139,1,6946.0,12831.0,19349.0,12851.0,,,0.1718,0.1376,8250,15750,,,8183.0,1456.0,,,0.0,40707.0
Torah Temimah Talmudical Seminary,Staten Island,NY,10312,2,9600.0,9600.0,32440.0,,20466.0,,0.5821,0.0,PS,PS,0.6471,,5197.0,73.0,0.0952,0.9,0.0,
Touro University,New York,NY,10036,2,21810.0,21810.0,37824.0,,26556.0,,0.3232,0.2652,12500,15547,0.6301,1365.0,9587.0,4004.0,0.6496,0.8595,0.0,53419.0
Trocaire College,Buffalo,NY,14220-2094,2,19820.0,19820.0,29500.0,,21236.0,,0.5,0.7515,16617,20000,0.8301,,7913.0,962.0,0.1919,,0.0,55318.0
Excelsior University,Albany,NY,12203-5159,2,,,,,,,0.2491,0.3363,10870,13769,,,9053.0,12701.0,,,0.0,78493.0
Ulster County Community College,Stone Ridge,NY,12484,1,6376.0,11656.0,12927.0,4586.0,,,0.1587,0.0525,6266,10000,,,6645.0,1265.0,,,0.0,41896.0
Union College,Schenectady,NY,12308-2311,2,66456.0,66456.0,81627.0,,36000.0,,0.1315,0.4466,21085,25337,0.4379,1410.0,12109.0,2070.0,0.8526,0.887,0.0,88604.0
Union Theological Seminary in the City of New York,New York,NY,10027-5792,2,,,,,,,,,PS,PS,,,10885.0,,,,0.0,
United Talmudical Seminary,Brooklyn,NY,11211,2,14133.0,14133.0,21624.0,,6500.0,,0.856,0.0,PS,PS,,,4244.0,2006.0,0.5694,0.8674,,25113.0
United States Merchant Marine Academy,Kings Point,NY,11024-1634,1,945.0,945.0,9547.0,7506.0,,,0.073,0.0655,6500,8833,0.3247,1226.0,11060.0,947.0,0.8061,0.8995,0.0,90610.0
United States Military Academy,West  Point,NY,10996,1,,,,,,,,,,,0.1398,1355.0,12045.0,4439.0,0.8541,0.9557,,
Utica University,Utica,NY,13502-4892,2,24308.0,24308.0,36845.0,,21869.0,,0.2961,0.6628,17538,22500,0.8719,1130.0,8816.0,2477.0,0.5547,0.7327,0.0,63277.0
Vassar College,Poughkeepsie,NY,12604,2,67805.0,67805.0,83573.0,,38182.0,,0.2086,0.4258,17500,18625,0.1773,1513.0,13004.0,2430.0,0.8914,0.944,0.0,71366.0
Villa Maria College,Buffalo,NY,14225-3999,2,28670.0,28670.0,33719.0,,13980.0,,0.6086,0.5849,10511,21250,0.8668,,5160.0,536.0,0.3101,0.6322,0.0,38857.0
School of Visual Arts,New York,NY,10010,3,49140.0,49140.0,75016.0,,58628.0,,0.1472,0.2468,22000,27000,0.9132,1337.0,3938.0,3432.0,0.7493,0.881,0.0,46459.0
Wagner College,Staten Island,NY,10301-4495,2,52000.0,52000.0,63007.0,,27733.0,,0.227,0.5535,21000,25000,0.8346,1234.0,7478.0,1579.0,0.6814,0.8168,0.0,74360.0
Webb Institute,Glen Cove,NY,11542-1398,2,61060.0,61060.0,78140.0,,19077.0,,0.0882,0.2255,PS,PS,0.2,1480.0,11236.0,105.0,0.8077,0.96,0.0,
Wells College,Aurora,NY,13026-0500,2,35166.0,35166.0,51012.0,,22921.0,,0.4678,0.8095,12000,26000,0.6965,,8156.0,355.0,0.4088,0.5034,,51094.0
The College of Westchester,White Plains,NY,10606-1200,3,24705.0,24705.0,30087.0,,11669.0,,0.6667,0.5483,16875,26967,0.9457,,6189.0,760.0,0.3205,0.6098,0.0,42215.0
SUNY Westchester Community College,Valhalla,NY,10595,1,5696.0,12486.0,15172.0,9301.0,,,0.3513,0.0425,5500,PS,,,10759.0,7788.0,,,0.0,46822.0
Westchester School of Beauty Culture,Mount Vernon,NY,10550-2295,3,,,,,16055.0,14092.0,0.5914,0.3011,PS,PS,,,,55.0,,,0.031,32170.0
Word of Life Bible Institute,Pottersville,NY,12860-0129,2,11500.0,11500.0,21300.0,,11981.0,,0.386,0.4004,5500,12000,,,,549.0,,,0.0,36173.0
Yeshiva Karlin Stolin,Brooklyn,NY,11204-1545,2,14000.0,14000.0,17595.0,,2060.0,,0.7869,0.0,PS,PS,,,4945.0,136.0,0.3333,0.875,,
Yeshiva Derech Chaim,Brooklyn,NY,11218-0000,2,12700.0,12700.0,21071.0,,9757.0,,0.3964,0.0,PS,PS,0.7021,,6796.0,119.0,0.1818,0.8889,,
Yeshiva of Nitra Rabbinical College,Chester,NY,10918,2,14000.0,14000.0,22800.0,,5823.0,,0.7788,0.0,PS,PS,,,2529.0,249.0,0.1818,0.96,,41785.0
Yeshivath Shaar Hatorah,Kew Gardens,NY,11418,2,19200.0,19200.0,21870.0,,11613.0,,0.1408,0.0,PS,PS,0.9184,,9167.0,84.0,0.5455,0.9583,,
Yeshiva University,New York,NY,10033-3299,2,49900.0,49900.0,69117.0,,47560.0,,0.1406,0.1762,14000,18250,0.6375,1410.0,13307.0,2942.0,0.8367,0.9283,0.0,71353.0
Yeshivath Viznitz,Monsey,NY,10952,2,9900.0,9900.0,16896.0,,5815.0,,0.8095,0.0,PS,PS,0.9373,,3015.0,921.0,0.6949,0.9745,,
Yeshivath Zichron Moshe,South Fallsburg,NY,12779,2,10880.0,10880.0,22100.0,,9683.0,,0.5031,0.0,PS,PS,0.5217,,5159.0,176.0,0.5,0.9,,
College of the Albemarle,Elizabeth City,NC,27906-2327,1,2249.0,7222.0,13202.0,4751.0,,,0.1876,0.0,PS,PS,,,6326.0,1271.0,,,0.0,33234.0
South Piedmont Community College,Polkton,NC,28135,1,2022.0,6630.0,12511.0,4072.0,,,0.1774,0.0,PS,PS,,,5937.0,1555.0,,,,37308.0
Appalachian State University,Boone,NC,28608,1,7541.0,24537.0,22654.0,16487.0,,,0.257,0.3756,15750,20231,0.8864,1187.0,8995.0,19304.0,0.7311,0.8533,0.0,51836.0
Asheville-Buncombe Technical Community College,Asheville,NC,28801-4897,1,2882.0,9026.0,16063.0,12851.0,,,0.2941,0.0817,10000,15528,,,5798.0,4909.0,,,0.0,36048.0
Barton College,Wilson,NC,27893-7000,2,35600.0,35600.0,48055.0,,23665.0,,0.369,0.6537,15000,25877,0.9587,,6679.0,1020.0,0.5152,0.6522,0.0,47913.0
Beaufort County Community College,Washington,NC,27889,1,2540.0,8684.0,15189.0,5105.0,,,0.3111,0.0,8125,PS,,,5677.0,1560.0,,,0.048,32519.0
Belmont Abbey College,Belmont,NC,28012-1802,2,19500.0,19500.0,32494.0,,23613.0,,0.2542,0.4746,14560,26000,0.9038,1082.0,6584.0,1454.0,0.4637,0.6947,0.0,47937.0
Bennett College,Greensboro,NC,27401-3239,2,19140.0,19140.0,39900.0,,22858.0,,0.75,0.7202,17351,28130,0.3361,890.0,6164.0,191.0,0.2063,0.9,0.0,36654.0
Bladen Community College,Dublin,NC,28332,1,2558.0,8702.0,11271.0,7858.0,,,0.6708,0.0,PS,PS,,,6732.0,880.0,,,0.0,30591.0
Blue Ridge Community College,Flat Rock,NC,28731-4728,1,2660.0,8804.0,13097.0,8829.0,,,0.3281,0.0457,9280,12000,,,6226.0,1788.0,,,0.0,36324.0
Brevard College,Brevard,NC,28712,2,31250.0,31250.0,45413.0,,21376.0,,0.3769,0.7048,11250,25000,0.395,1064.0,5869.0,760.0,0.3902,0.6571,0.0,43545.0
Brunswick Community College,Bolivia,NC,28422-9021,1,2532.0,8676.0,12767.0,8785.0,,,0.3212,0.0,PS,PS,,,5712.0,1124.0,,,,36668.0
Cabarrus College of Health Sciences,Concord,NC,28025-3959,2,16070.0,16070.0,24764.0,,17271.0,,0.2772,0.8714,11499,16000,0.4921,1020.0,8202.0,602.0,0.4545,,0.0,58708.0
Caldwell Community College and Technical Institute,Hudson,NC,28638,1,2537.0,8681.0,15625.0,5517.0,,,0.2914,0.0,6625,PS,,,6445.0,2331.0,,,0.0,34515.0
Campbell University,Buies Creek,NC,27506,2,40410.0,40410.0,58752.0,,23991.0,,0.3332,0.3902,17000,22500,0.9429,,9252.0,2790.0,0.5586,0.7459,0.0,54886.0
Cape Fear Community College,Wilmington,NC,28401-3910,1,2748.0,8892.0,13977.0,5416.0,,,0.1766,0.0321,6334,9500,,,6572.0,9497.0,,,0.0,38654.0
Carteret Community College,Morehead City,NC,28557,1,2310.0,7954.0,21009.0,11889.0,,,0.3771,0.0,4625,PS,,,5869.0,1144.0,,,0.0,33357.0
Catawba College,Salisbury,NC,28144,2,33400.0,33400.0,47866.0,,18210.0,,0.3942,0.5983,13000,25000,0.777,1136.0,7974.0,1127.0,0.5211,0.7349,0.0,48793.0
Catawba Valley Community College,Hickory,NC,28602-0699,1,2367.0,7743.0,18703.0,9415.0,,,0.3253,0.0,5125,4938,,,6138.0,3517.0,,,0.0,36977.0
Central Carolina Community College,Sanford,NC,27330-9840,1,2554.0,8698.0,10451.0,616.0,,,0.2474,0.0,PS,PS,,,6048.0,3255.0,,,,33525.0
Central Piedmont Community College,Charlotte,NC,28204,1,2792.0,8936.0,10951.0,3660.0,,,0.3868,0.0,5500,7925,,,6367.0,13640.0,,,0.0,37865.0
Chowan University,Murfreesboro,NC,27855,2,27110.0,27110.0,37837.0,,16189.0,,0.6075,0.57,15250,29491,0.7237,970.0,7280.0,638.0,0.2852,0.5674,0.0,38412.0
Cleveland Community College,Shelby,NC,28152-6224,1,2602.0,8746.0,5477.0,414.0,,,0.4784,0.0,PS,PS,,,6094.0,1236.0,,,,33755.0
Coastal Carolina Community College,Jacksonville,NC,28546-6816,1,2462.0,8606.0,15130.0,7779.0,,,0.3066,0.0,PS,PS,,,6023.0,2682.0,,,0.0,36444.0
Craven Community College,New Bern,NC,28562-4900,1,2022.0,6630.0,12205.0,4402.0,,,0.3426,0.0,5500,PS,,,6082.0,1877.0,,,0.023,34231.0
Davidson-Davie Community College,Thomasville,NC,27360-7385,1,1978.0,6586.0,14779.0,7258.0,,,0.3025,0.1574,9500,10500,,,6255.0,2454.0,,,0.0,36337.0
Davidson College,Davidson,NC,28035,2,60300.0,60300.0,75865.0,,18127.0,,0.1655,0.1111,16511,18688,0.1448,1448.0,12638.0,1901.0,0.9189,0.9539,0.0,81400.0
Duke University,Durham,NC,27708,2,65805.0,65805.0,82749.0,,34454.0,,0.1274,0.1631,12000,13000,0.0678,1539.0,18621.0,6417.0,0.9583,0.9616,0.0,97800.0
Durham Technical Community College,Durham,NC,27703-5023,1,1986.0,6594.0,10745.0,1183.0,,,0.3073,0.0722,8719,14750,,,6370.0,3195.0,,,0.0,36142.0
East Carolina University,Greenville,NC,27858-4353,1,7361.0,23638.0,23689.0,16514.0,,,0.3134,0.4042,17500,22750,0.9006,1143.0,9305.0,19857.0,0.6214,0.8173,0.0,55146.0
Edgecombe Community College,Tarboro,NC,27886,1,2640.0,8784.0,12607.0,6073.0,,,0.4702,0.1877,9500,15917,,,6015.0,938.0,,,0.0,33267.0
Elizabeth City State University,Elizabeth City,NC,27909,1,3412.0,7412.0,18837.0,7237.0,,,0.5253,0.5332,12656,21463,0.7049,,8349.0,1863.0,0.4809,0.7421,0.0,40026.0
Elon University,Elon,NC,27244-2010,2,44536.0,44536.0,59369.0,,41048.0,,0.0915,0.2449,18500,20500,0.6731,1222.0,10112.0,6402.0,0.8296,0.9043,0.0,74545.0
Fayetteville Technical Community College,Fayetteville,NC,28303-0236,1,2628.0,8772.0,11845.0,3723.0,,,0.3436,0.181,8000,11500,,,7241.0,8814.0,,,0.0,31861.0
Fayetteville State University,Fayetteville,NC,28301-4298,1,3969.0,7969.0,16098.0,7360.0,,,0.5259,0.4589,15766,22987,0.7989,972.0,8899.0,5493.0,0.352,0.7769,0.0,40144.0
Forsyth Technical Community College,Winston-Salem,NC,27103-5197,1,2256.0,6864.0,11617.0,6342.0,,,0.411,0.1809,5888,10000,,,6303.0,6939.0,,,0.0,34139.0
Gardner-Webb University,Boiling Springs,NC,28017-0997,2,33450.0,33450.0,48813.0,,24137.0,,0.2682,0.5491,16453,24222,0.8702,1146.0,6741.0,1836.0,0.6168,0.6948,0.0,48039.0
Gaston College,Dallas,NC,28034,1,3186.0,9330.0,16008.0,5752.0,,,0.2611,0.0,PS,PS,,,6217.0,3359.0,,,,35386.0
Greensboro College,Greensboro,NC,27401-1875,2,20400.0,20400.0,34729.0,,19314.0,,0.4507,0.6685,17986,25607,0.9205,,6115.0,656.0,0.4081,0.6284,0.0,46566.0
Guilford College,Greensboro,NC,27410-4108,2,41140.0,41140.0,55495.0,,21200.0,,0.4358,0.5412,15448,26000,0.8376,1120.0,6999.0,1011.0,0.4766,0.6585,0.0,47590.0
Guilford Technical Community College,Jamestown,NC,27282,1,2319.0,7695.0,18425.0,13926.0,,,0.4136,0.2402,7915,14901,,,7057.0,8179.0,,,0.0,33934.0
Halifax Community College,Weldon,NC,27890,1,2608.0,8752.0,11481.0,4073.0,,,0.3106,0.0,5670,PS,,,6068.0,540.0,,,0.076,31644.0
Haywood Community College,Clyde,NC,28721-9901,1,2612.0,8756.0,13546.0,3834.0,,,0.31,0.0,PS,PS,,,6235.0,793.0,,,0.0,34770.0
Heritage Bible College,Dunn,NC,28334,2,8688.0,8688.0,18027.0,,14219.0,,0.7692,0.9615,PS,PS,,,1875.0,28.0,0.4,0.6667,0.0,30672.0
High Point University,High Point,NC,27268,2,44208.0,44208.0,61582.0,,40721.0,,0.105,0.3604,19000,24575,0.7683,1242.0,8579.0,4970.0,0.7,0.8379,0.0,61389.0
Isothermal Community College,Spindale,NC,28160-0804,1,2030.0,6638.0,13601.0,6723.0,,,0.3433,0.0,PS,PS,,,6470.0,1056.0,,,0.0,33325.0
James Sprunt Community College,Kenansville,NC,28349,1,2592.0,8736.0,12530.0,3852.0,,,0.3833,0.0,5125,PS,,,5618.0,761.0,,,0.166,29307.0
Johnson C Smith University,Charlotte,NC,28216-5398,2,20480.0,20480.0,34228.0,,20011.0,,0.6778,0.7348,20500,30000,0.4287,,7307.0,1047.0,0.3414,0.6255,0.0,42680.0
Johnston Community College,Smithfield,NC,27577-2350,1,2657.0,8801.0,12582.0,3946.0,,,0.2317,0.0,6045,PS,,,7114.0,2998.0,,,0.0,37310.0
Lees-McRae College,Banner Elk,NC,28604,2,31140.0,31140.0,45886.0,,25765.0,,0.3743,0.8655,12000,17375,0.8075,,5630.0,817.0,0.4423,0.6226,0.0,43415.0
Lenoir Community College,Kinston,NC,28504,1,2568.0,8712.0,15604.0,5116.0,,,0.4156,0.0,PS,PS,,,5608.0,1311.0,,,,33866.0
Lenoir-Rhyne University,Hickory,NC,28601,2,30900.0,30900.0,57649.0,,23393.0,,0.3976,0.5572,15750,26000,0.8068,,7762.0,1348.0,0.5105,0.7105,0.0,45543.0
Leons Beauty School Inc,Greensboro,NC,27403-2604,3,,,,,2921.0,8300.0,0.5455,0.0,PS,PS,,,,129.0,,,,26958.0
Livingstone College,Salisbury,NC,28144,2,18296.0,18296.0,28227.0,,15662.0,,0.8393,0.8369,26000,31125,0.7409,,5885.0,798.0,0.2712,0.7757,0.0,32600.0
Louisburg College,Louisburg,NC,27549-2399,2,22974.0,22974.0,36813.0,,26403.0,,0.6437,0.6658,9500,12000,0.3205,,4535.0,413.0,,,0.0,34818.0
Mars Hill University,Mars Hill,NC,28754,2,37270.0,37270.0,48794.0,,20313.0,,0.4225,0.6318,18172,26000,0.7789,,5885.0,995.0,0.4193,0.6116,0.0,44781.0
Martin Community College,Williamston,NC,27892-9988,1,2523.0,8673.0,11800.0,3337.0,,,0.2494,0.0,PS,PS,,,6224.0,302.0,,,,26016.0
Mayland Community College,Spruce Pine,NC,28777,1,2560.0,8704.0,14101.0,5260.0,,,0.2558,0.0,PS,PS,,,6245.0,371.0,,,0.0,34663.0
McDowell Technical Community College,Marion,NC,28752-8728,1,1958.0,6566.0,16949.0,6838.0,,,0.3673,0.0,PS,PS,,,5492.0,614.0,,,0.0,33035.0
Meredith College,Raleigh,NC,27607-5298,2,43936.0,43936.0,55557.0,,20197.0,,0.3276,0.5485,20066,25000,0.7466,1224.0,7707.0,1288.0,0.6497,0.8097,0.0,51539.0
Methodist University,Fayetteville,NC,28311-1420,2,39664.0,39664.0,53585.0,,24978.0,,0.3867,0.5801,12500,27000,0.752,1201.0,7731.0,1425.0,0.4015,0.6471,0.0,48050.0
Miller-Motte College-Wilmington,Wilmington,NC,28405,3,,,,,22772.0,25240.0,0.6488,0.6458,10661,15917,,,4664.0,152.0,0.1876,,0.0,31102.0
Mitchell Community College,Statesville,NC,28677,1,2651.0,8795.0,15679.0,5761.0,,,0.2141,0.0,PS,PS,,,6074.0,1692.0,,,,33298.0
Mitchells Academy,Raleigh,NC,27606,3,,,,,14647.0,15900.0,0.6222,0.6444,4750,4144,,,,33.0,,,0.0,26606.0
Montgomery Community College,Troy,NC,27371,1,2538.0,8682.0,14100.0,7697.0,,,0.2829,0.0,PS,PS,,,5587.0,854.0,,,,32742.0
Montreat College,Montreat,NC,28757-1267,2,33860.0,33860.0,45829.0,,26328.0,,0.4037,0.6744,13875,25813,0.6555,,6316.0,750.0,0.4057,0.6244,0.0,45151.0
University of Mount Olive,Mount Olive,NC,28365-0919,2,25950.0,25950.0,35362.0,,17893.0,,0.4695,0.667,20811,27209,0.7775,1020.0,7456.0,1754.0,0.4746,0.7677,0.0,47139.0
College of Wilmington,Wilmington,NC,28403,3,,,,,14063.0,17641.0,0.5882,0.5252,6228,9423,,,,154.0,,,0.0,19235.0
Nash Community College,Rocky Mount,NC,27804,1,2883.0,8883.0,11198.0,4477.0,,,0.2934,0.0495,7199,11500,,,5686.0,1422.0,,,0.0,34912.0
North Carolina A & T State University,Greensboro,NC,27411,1,6748.0,20408.0,19180.0,10980.0,,,0.5066,0.5726,20909,27000,0.4617,1048.0,9611.0,11925.0,0.5527,0.7951,0.0,44440.0
University of North Carolina Asheville,Asheville,NC,28804-8510,1,7461.0,24809.0,21061.0,12865.0,,,0.3133,0.3902,14138,20500,0.9389,1247.0,8881.0,2790.0,0.5495,0.7336,0.0,44030.0
University of North Carolina at Chapel Hill,Chapel Hill,NC,27599,1,8989.0,39330.0,25181.0,12983.0,,,0.2026,0.183,12989,14000,0.1874,1454.0,14471.0,20556.0,0.9207,0.9715,0.0,72200.0
University of North Carolina at Charlotte,Charlotte,NC,28223-0001,1,7214.0,21876.0,22034.0,14745.0,,,0.3378,0.4112,16500,21500,0.8021,1202.0,11366.0,23567.0,0.6771,0.8513,0.0,57289.0
University of North Carolina at Greensboro,Greensboro,NC,27402-6170,1,7593.0,23339.0,19628.0,10170.0,,,0.471,0.4459,16750,22858,0.8983,1187.0,9441.0,13848.0,0.579,0.7579,0.0,48160.0
North Carolina Central University,Durham,NC,27707,1,6542.0,19578.0,25618.0,15028.0,,,0.5664,0.6338,22000,28250,0.9049,1023.0,9398.0,5400.0,0.4597,0.7537,0.0,42968.0
University of North Carolina School of the Arts,Winston Salem,NC,27127-2738,1,9477.0,27211.0,25553.0,12372.0,,,0.2478,0.4663,19500,23870,0.331,1250.0,8636.0,902.0,0.7919,0.881,0.0,38357.0
North Carolina State University at Raleigh,Raleigh,NC,27695-7001,1,8895.0,31767.0,25613.0,16931.0,,,0.191,0.3399,17320,20121,0.3985,1380.0,12434.0,26389.0,0.8464,0.9342,0.0,68758.0
North Carolina Wesleyan University,Rocky Mount,NC,27804,2,35536.0,35536.0,48263.0,,18165.0,,0.4692,0.6301,19531,25000,0.7795,,6554.0,1169.0,0.4043,0.6545,0.0,45873.0
University of North Carolina Wilmington,Wilmington,NC,28403-5963,1,7317.0,22985.0,25913.0,19472.0,,,0.2381,0.361,15178,19500,0.7401,1262.0,9702.0,14176.0,0.7073,0.8502,0.0,54967.0
Pamlico Community College,Grantsboro,NC,28529,1,1867.0,6475.0,14125.0,7847.0,,,0.3193,0.0,PS,PS,,,4608.0,240.0,,,,30005.0
William Peace University,Raleigh,NC,27604-1194,2,33150.0,33150.0,49103.0,,21728.0,,0.345,0.6227,15145,22250,0.9736,1198.0,6486.0,661.0,0.4433,0.6103,0.0,46643.0
University of North Carolina at Pembroke,Pembroke,NC,28372-1510,1,3571.0,7571.0,16854.0,9918.0,,,0.4763,0.4258,15500,25000,0.9236,,8457.0,5386.0,0.4452,0.7086,0.0,43407.0
Pfeiffer University,Misenheimer,NC,28109-0960,2,33930.0,33930.0,46700.0,,21953.0,,0.5564,0.7745,15500,26163,0.953,,7409.0,654.0,0.426,0.6768,0.0,51562.0
Piedmont Community College,Roxboro,NC,27573,1,2556.0,8700.0,16067.0,5215.0,,,0.2861,0.0,PS,PS,,,5724.0,707.0,,,0.142,33274.0
Pitt Community College,Winterville,NC,28590,1,1972.0,6580.0,15807.0,7150.0,,,0.3754,0.1107,8250,11977,,,6367.0,5175.0,,,0.0,37259.0
Queens University of Charlotte,Charlotte,NC,28274,2,43285.0,43285.0,56944.0,,27786.0,,0.2172,0.445,19500,25000,0.6768,1223.0,8598.0,1362.0,0.6588,0.7584,0.0,57673.0
Randolph Community College,Asheboro,NC,27205,1,2416.0,8176.0,15688.0,7242.0,,,0.3179,0.0,PS,PS,,,6789.0,1446.0,,,,33336.0
Richmond Community College,Hamlet,NC,28345-1189,1,2552.0,8696.0,15715.0,6042.0,,,0.3057,0.0,PS,PS,,,6740.0,1279.0,,,,29951.0
Mid-Atlantic Christian University,Elizabeth City,NC,27909-4054,2,17280.0,17280.0,31429.0,,25876.0,,0.4662,0.5639,9500,27000,0.7621,,4744.0,161.0,0.4259,0.4762,0.0,38342.0
Roanoke-Chowan Community College,Ahoskie,NC,27910-9522,1,2642.0,8786.0,11560.0,8076.0,,,0.3392,0.0,PS,PS,,,6589.0,265.0,,,0.0,29324.0
Robeson Community College,Lumberton,NC,28360,1,2571.0,8715.0,15753.0,5189.0,,,0.4724,0.0,9250,PS,,,6121.0,1454.0,,,0.0,29036.0
Rockingham Community College,Wentworth,NC,27375,1,1966.0,6574.0,10236.0,2380.0,,,0.44,0.0,PS,PS,,,5911.0,1071.0,,,,32480.0
Rowan-Cabarrus Community College,Salisbury,NC,28146,1,2064.0,6672.0,14666.0,4842.0,,,0.2806,0.0,8457,9458,,,6349.0,4073.0,,,0.0,34936.0
Saint Augustine's University,Raleigh,NC,27610-2298,2,16896.0,16896.0,30324.0,,17740.0,,0.5244,0.6304,12750,29669,0.5873,,6240.0,766.0,0.3323,0.5346,0.0,35730.0
Salem College,Winston-Salem,NC,27101,2,32236.0,32236.0,47947.0,,18835.0,,0.4876,0.4959,19500,26649,0.8703,1168.0,6777.0,390.0,0.5625,0.6667,0.0,44640.0
Sampson Community College,Clinton,NC,28328-0318,1,2830.0,9742.0,14337.0,3826.0,,,0.5013,0.0,PS,PS,,,5482.0,941.0,,,,33409.0
Sandhills Community College,Pinehurst,NC,28374,1,2040.0,6598.0,18596.0,8596.0,,,0.3245,0.0,PS,PS,,,6002.0,2375.0,,,0.0,31656.0
Shaw University,Raleigh,NC,27601,2,17176.0,17176.0,29659.0,,14083.0,,0.6515,0.5844,19000,32500,0.3048,,5125.0,839.0,0.2025,0.5596,0.0,34409.0
Paul Mitchell the School-Fayetteville,Fayetteville,NC,28303-5364,3,,,,,14498.0,17575.0,0.657,0.5776,9500,11740,,,,179.0,,,0.0,26696.0
St. Andrews University,Laurinburg,NC,28352,2,30800.0,30800.0,49709.0,,33756.0,,0.4769,0.6897,8750,25250,,,5031.0,806.0,0.2713,0.5116,0.0,45606.0
Southeastern Community College,Whiteville,NC,28472-5422,1,2600.0,8744.0,14567.0,4474.0,,,0.4535,0.0,5500,PS,,,6040.0,821.0,,,0.071,30284.0
Southwestern Community College,Sylva,NC,28779,1,5806.0,19630.0,14429.0,4928.0,,,0.301,0.0647,7000,10500,,,6327.0,1304.0,,,0.0,34145.0
Stanly Community College,Albemarle,NC,28001,1,2672.0,8816.0,12847.0,4215.0,,,0.3131,0.0,PS,PS,,,5459.0,1430.0,,,,36686.0
Southeastern Baptist Theological Seminary,Wake Forest,NC,27587-1889,2,10646.0,10646.0,20909.0,,6608.0,,0.1826,0.0,PS,PS,0.7661,1090.0,7978.0,466.0,0.4643,0.8182,,
Surry Community College,Dobson,NC,27017-8432,1,2545.0,8689.0,14199.0,4707.0,,,0.2517,0.0,PS,PS,,,6401.0,1445.0,,,,36012.0
Alamance Community College,Graham,NC,27253-8000,1,2528.0,8642.0,22570.0,16465.0,,,0.246,0.0,PS,PS,,,6347.0,2393.0,,,,34241.0
Tri-County Community College,Murphy,NC,28906,1,2363.0,8507.0,14581.0,4584.0,,,0.2984,0.0,PS,PS,,,5369.0,435.0,,,,32232.0
Vance-Granville Community College,Henderson,NC,27537,1,1956.0,6564.0,13525.0,4534.0,,,0.3138,0.0,4750,PS,,,5825.0,1613.0,,,0.0,34304.0
Wake Forest University,Winston-Salem,NC,27106,2,64758.0,64758.0,82818.0,,28746.0,,0.0949,0.1458,19500,21500,0.2156,1469.0,12368.0,5471.0,0.9087,0.9467,0.0,78158.0
Wake Technical Community College,Raleigh,NC,27603-5696,1,2336.0,7582.0,16798.0,6935.0,,,0.2731,0.1549,7000,12000,,,6330.0,18605.0,,,0.0,41769.0
Warren Wilson College,Swannanoa,NC,28778-2099,2,40290.0,40290.0,53576.0,,23719.0,,0.3707,0.5643,9500,25000,0.7762,1290.0,6229.0,720.0,0.4315,0.7031,0.0,36260.0
Watts College of Nursing,Durham,NC,27705-2505,2,,,,,,,0.2454,0.7853,PS,PS,,,7219.0,134.0,,,,
Wayne Community College,Goldsboro,NC,27534-8002,1,2524.0,8668.0,11311.0,4152.0,,,0.3748,0.0,5875,PS,,,5967.0,1998.0,,,0.0,34148.0
Western Piedmont Community College,Morganton,NC,28655-4511,1,2650.0,8794.0,15451.0,5357.0,,,0.3305,0.0,3750,PS,,,6119.0,1332.0,,,0.0,34195.0
Wilkes Community College,Wilkesboro,NC,28697,1,2572.0,8716.0,10494.0,-28.0,,,0.2913,0.0,5600,7625,,,6154.0,1881.0,,,0.0,34728.0
Wilson Community College,Wilson,NC,27893,1,2572.0,8716.0,13807.0,6753.0,,,0.2507,0.0585,9004,10500,,,6168.0,807.0,,,0.0,32973.0
Wingate University,Wingate,NC,28174-0159,2,40196.0,40196.0,57780.0,,21371.0,,0.4143,0.5394,12000,25000,0.8499,1083.0,8046.0,2462.0,0.4678,0.6735,0.0,52649.0
Carolina Christian College,Winston Salem,NC,27105,2,9420.0,9420.0,18252.0,,11448.0,,1.0,0.8723,10000,PS,,,2292.0,53.0,0.0,0.1667,0.0,40672.0
Winston Salem Barber School,Winston-Salem,NC,27127,3,,,,,9182.0,14895.0,0.7065,0.3134,PS,PS,,,,36.0,,,,16389.0
Winston-Salem State University,Winston-Salem,NC,27110-0001,1,6735.0,17391.0,22345.0,13393.0,,,0.6149,0.6231,18447,25000,0.6855,946.0,9164.0,4244.0,0.4855,0.7479,0.0,45344.0
Western Carolina University,Cullowhee,NC,28723-9646,1,4532.0,8532.0,19057.0,12579.0,,,0.3285,0.4364,15348,21868,0.8666,1151.0,8722.0,9867.0,0.5908,0.7554,0.0,49458.0
Rasmussen University-North Dakota,Fargo,ND,58103-7196,3,12715.0,12715.0,24675.0,,18227.0,,0.4614,0.7764,13000,20899,,,6523.0,44.0,0.5789,,0.0,39080.0
Bismarck State College,Bismarck,ND,58506-5587,1,5195.0,7279.0,15274.0,10725.0,,,0.1403,0.245,6750,11533,,,7031.0,2629.0,0.4803,0.7072,0.0,54277.0
Dickinson State University,Dickinson,ND,58601-4896,1,9118.0,11218.0,20155.0,15270.0,,,0.2176,0.3933,11960,18442,0.6005,,7359.0,1108.0,0.4339,0.6043,0.0,50720.0
Nueta Hidatsa Sahnish College,New Town,ND,58763,1,3870.0,3870.0,10361.0,3669.0,,,0.3081,0.0,PS,PS,,,5552.0,139.0,0.1707,,,
Josef's School of Hair Skin & Body-Grand Forks,Grand Forks,ND,58201,3,,,,,14324.0,17000.0,0.5139,0.7639,6337,7917,,,,44.0,,,0.0,27987.0
University of Jamestown,Jamestown,ND,58405,2,24820.0,24820.0,36960.0,,20318.0,,0.2607,0.635,15897,27000,0.9351,,7019.0,947.0,0.4402,0.6445,0.0,56621.0
Lake Region State College,Devils Lake,ND,58301-1598,1,5478.0,5478.0,15890.0,10989.0,,,0.1054,0.1489,7475,10293,,,7255.0,599.0,,,0.0,49502.0
Cankdeska Cikana Community College,Fort Totten,ND,58335,1,3950.0,3950.0,13745.0,9197.0,,,0.5475,0.0,PS,PS,,,4805.0,278.0,,,,17008.0
University of Mary,Bismarck,ND,58504,2,21468.0,21468.0,32879.0,,18568.0,,0.178,0.4545,18750,24000,0.7825,,8399.0,2280.0,0.6819,0.8271,0.0,60909.0
Mayville State University,Mayville,ND,58257-1299,1,7935.0,9564.0,21042.0,14454.0,,,0.2442,0.3937,12268,18585,,,6142.0,704.0,0.4032,0.6729,0.0,47828.0
Minot State University,Minot,ND,58707,1,8634.0,8634.0,18141.0,12514.0,,,0.2411,0.3715,11980,19609,0.7221,1084.0,7909.0,2072.0,0.4776,0.7159,0.0,51759.0
University of North Dakota,Grand Forks,ND,58202-8193,1,10951.0,15570.0,24580.0,18998.0,,,0.1648,0.4247,15238,22057,0.7709,,9835.0,9296.0,0.6333,0.8296,0.0,63552.0
North Dakota State College of Science,Wahpeton,ND,58076-0002,1,5928.0,6926.0,16291.0,10802.0,,,0.1666,0.3433,8250,12000,,,7023.0,1733.0,,,0.0,50513.0
Dakota College at Bottineau,Bottineau,ND,58318-1198,1,5347.0,7613.0,17270.0,12515.0,,,0.1222,0.1676,8421,10507,,,5291.0,417.0,,,0.0,40576.0
North Dakota State University-Main Campus,Fargo,ND,58108-6050,1,10857.0,15511.0,23391.0,16334.0,,,0.1872,0.5279,16750,23199,0.9581,1120.0,10337.0,9567.0,0.6372,0.769,0.0,62203.0
Williston State College,Williston,ND,58801,1,4938.0,4938.0,18119.0,7164.0,,,0.2037,0.1528,6500,10099,,,6995.0,686.0,,,0.0,44017.0
Sitting Bull College,Fort Yates,ND,58538-9721,1,4010.0,4010.0,9847.0,3455.0,,,0.6883,0.0,PS,PS,,,6749.0,226.0,0.2388,,,28488.0
Trinity Bible College and Graduate School,Ellendale,ND,58436-7105,2,18762.0,18762.0,29953.0,,20396.0,,0.5,0.7464,16043,22531,0.3622,1120.0,4636.0,138.0,0.3878,0.7241,0.0,35604.0
Turtle Mountain Community College,Belcourt,ND,58316,2,2626.0,2626.0,14760.0,,3474.0,,0.5826,0.0,PS,PS,,,7575.0,613.0,0.5447,1.0,0.0,32079.0
United Tribes Technical College,Bismarck,ND,58504,2,4252.0,4252.0,12498.0,,2010.0,,0.751,0.0,PS,PS,,,5947.0,532.0,0.3377,,0.052,25292.0
Valley City State University,Valley City,ND,58072,1,8514.0,13478.0,20713.0,13613.0,,,0.1729,0.3366,11761,20369,0.6931,1090.0,6680.0,918.0,0.4813,0.6595,0.0,52725.0
ETI Technical College,Niles,OH,44446-4398,3,11060.0,11060.0,20701.0,,13775.0,,0.7303,0.8026,12255,13805,,,5595.0,182.0,,,0.0,34017.0
Air Force Institute of Technology-Graduate School of Engineering & Management,Wright-Patterson AFB,OH,45433-7765,1,,,,,,,,,,,,,,,,,,
Herzing University-Akron,Akron,OH,44306-3931,2,13420.0,13420.0,26588.0,,20320.0,,0.7832,0.8645,11756,21500,0.9403,,6589.0,378.0,0.2121,0.5,0.0,36909.0
University of Akron Main Campus,Akron,OH,44325-2102,1,12799.0,17239.0,24555.0,14981.0,,,0.2886,0.3503,15250,23250,0.7091,1088.0,10013.0,10011.0,0.4818,0.7301,0.0,46600.0
University of Akron Wayne College,Orrville,OH,44667,1,7699.0,14372.0,16603.0,9717.0,,,0.141,0.1297,15250,23250,0.8053,1049.0,7622.0,489.0,,,0.0,46600.0
Allegheny Wesleyan College,Salem,OH,44460-9598,2,6800.0,6800.0,13885.0,,6740.0,,0.4535,0.4535,PS,PS,,,2559.0,54.0,0.4,0.5714,0.0,37453.0
Apollo Career Center,Lima,OH,45806-1497,1,,,,,,725.0,0.098,0.0618,5940,8107,,,,527.0,,,0.0,43101.0
Art Academy of Cincinnati,Cincinnati,OH,45202-1706,2,40250.0,40250.0,48176.0,,38041.0,,0.4803,0.7204,11750,27000,0.3314,,5573.0,254.0,0.4444,0.6235,0.0,34368.0
Ashland County-West Holmes Career Center,Ashland,OH,44805-9377,1,,,,15188.0,,7875.0,0.4286,0.4286,3666,PS,,,,35.0,,,0.01,31791.0
Ashland University,Ashland,OH,44805,2,28910.0,28910.0,40519.0,,21994.0,,0.276,0.4616,20000,25000,0.8057,1119.0,7441.0,2250.0,0.6059,0.7222,0.0,52928.0
Ashtabula County Technical and Career Campus,Jefferson,OH,44047,1,,,,9872.0,,13500.0,0.2575,0.3054,11224,PS,,,,161.0,,,0.0,42163.0
Athenaeum of Ohio,Cincinnati,OH,45230-2091,2,,,,,,,0.0,0.0,,,,,7465.0,29.0,,,,
Auburn Career Center,Concord Twp,OH,44077,1,,,,6969.0,,8375.0,0.122,0.1301,6348,6365,,,,234.0,,,0.0,37032.0
Aultman College of Nursing and Health Sciences,Canton,OH,44710-1797,2,19854.0,19854.0,27792.0,,21873.0,,0.372,0.62,13531,20000,0.4127,1020.0,6986.0,232.0,0.5185,0.6071,0.0,63582.0
Baldwin Wallace University,Berea,OH,44017-2088,2,37938.0,37938.0,54200.0,,27654.0,,0.285,0.7923,24250,27000,0.7685,1176.0,8511.0,2775.0,0.6861,0.8489,0.0,54122.0
Belmont College,St Clairsville,OH,43950,1,4815.0,7525.0,10553.0,5919.0,,,0.3098,0.1853,5322,8747,,,5157.0,484.0,,,0.0,35329.0
Bluffton University,Bluffton,OH,45817-2104,2,36298.0,36298.0,50579.0,,17430.0,,0.3735,0.756,19500,27000,0.6116,1020.0,4096.0,595.0,0.4952,0.6728,0.0,49547.0
Bowling Green State University-Firelands,Huron,OH,44839-9791,1,6206.0,13895.0,21387.0,17791.0,,,0.2618,0.3209,17500,25000,,,7920.0,1134.0,0.1016,0.5616,0.0,47896.0
Bowling Green State University-Main Campus,Bowling Green,OH,43403,1,14081.0,22070.0,29238.0,20918.0,,,0.227,0.4875,17500,25000,0.8061,1118.0,10259.0,12255.0,0.6277,0.799,0.0,47896.0
Bryant & Stratton College-Parma,Parma,OH,44130-3151,2,19542.0,19542.0,23695.0,,14325.0,,0.6827,0.8508,9500,21549,,,5689.0,522.0,0.2069,0.0,0.0,32568.0
Buckeye Hills Career Center,Rio Grande,OH,45674-0157,1,,,,12374.0,,13820.0,0.4444,0.3175,6168,8250,,,,163.0,,,0.0,40264.0
Butler Technology and Career Development Schools,Monroe,OH,45050,1,,,,,,6200.0,0.2408,0.2776,6396,6396,,,,483.0,,,0.0,56645.0
Canton City Schools Adult Career and Technical Education,Canton,OH,44702,1,,,,16057.0,,15375.0,0.5825,0.5049,9500,9500,0.6296,,,87.0,,,0.0,42134.0
Capital University,Columbus,OH,43209-2394,2,41788.0,41788.0,54086.0,,23585.0,,0.3101,0.7219,20927,26889,0.7317,1118.0,8529.0,1709.0,0.6554,0.7355,0.0,54143.0
Case Western Reserve University,Cleveland,OH,44106,2,64671.0,64671.0,81533.0,,38909.0,,0.1708,0.4884,21488,24000,0.2868,1501.0,13370.0,6108.0,0.8695,0.9201,0.0,87989.0
Cedarville University,Cedarville,OH,45314-0601,2,36078.0,36078.0,46994.0,,25022.0,,0.154,0.3733,17500,20937,0.6282,1246.0,8526.0,3815.0,0.7431,0.8505,0.0,55443.0
Central Ohio Technical College,Newark,OH,43055-1767,1,5136.0,7896.0,14344.0,10075.0,,,0.26,0.1914,6644,12072,,,7413.0,1549.0,0.2423,,0.0,39168.0
Central School of Practical Nursing,Independence,OH,44131-0000,2,,,,,20675.0,18300.0,0.5439,0.807,6100,9500,,,,56.0,,,0.0,50672.0
Central State University,Wilberforce,OH,45384-1004,1,7824.0,9824.0,22435.0,16544.0,,,0.4218,0.2878,13740,30739,0.46,,7575.0,3412.0,0.2557,0.5119,0.0,33267.0
Choffin Career  and Technical Center,Youngstown,OH,44503-1600,1,12889.0,12889.0,19673.0,13618.0,,,0.9118,0.6765,5500,5500,,,,73.0,,,0.0,34654.0
The Christ College of Nursing and Health Sciences,Cincinnati,OH,45219-2989,2,16394.0,16394.0,28126.0,,19462.0,,0.343,0.5878,19500,24250,0.5018,972.0,7238.0,762.0,0.6,0.5977,0.0,68303.0
Cincinnati College of Mortuary Science,Cincinnati,OH,45224-1462,2,,,,,,,0.2418,0.6484,15000,15000,,,5828.0,101.0,,,0.0,55695.0
University of Cincinnati-Main Campus,Cincinnati,OH,45221-0063,1,13570.0,30582.0,28783.0,23156.0,,,0.1761,0.3884,12000,21250,0.8767,1281.0,11190.0,29094.0,0.7155,0.8574,0.0,54810.0
Cincinnati State Technical and Community College,Cincinnati,OH,45223-2690,1,5400.0,9801.0,13830.0,7113.0,,,0.3007,0.2483,7966,14715,,,8309.0,5283.0,0.2043,0.625,0.0,40137.0
University of Cincinnati-Clermont College,Batavia,OH,45103,1,6554.0,13786.0,14280.0,9457.0,,,0.1126,0.1413,12000,21250,,,9733.0,2606.0,0.246,,0.0,54810.0
University of Cincinnati-Blue Ash College,Blue Ash,OH,45236-1096,1,6992.0,15790.0,13881.0,9219.0,,,0.2219,0.2383,12000,21250,,,9280.0,4104.0,0.1514,,0.0,54810.0
Ohio Christian University,Circleville,OH,43113-9487,2,23700.0,23700.0,33472.0,,21607.0,,0.3384,0.4461,21250,29579,0.399,910.0,2900.0,816.0,0.3571,0.505,0.0,39813.0
Clark State College,Springfield,OH,45501-0570,1,4200.0,7809.0,13395.0,8615.0,,,0.3608,0.3332,6899,14490,,,6318.0,3134.0,0.2465,0.5,0.0,39584.0
Cleveland Institute of Art,Cleveland,OH,44106-1710,2,47880.0,47880.0,62966.0,,41480.0,,0.3784,0.8099,26500,27000,0.5628,1156.0,7262.0,560.0,0.6753,0.8636,0.0,42509.0
Cleveland Institute of Music,Cleveland,OH,44106-1776,2,42500.0,42500.0,58843.0,,32623.0,,0.1457,0.3668,18500,24968,0.3818,,7246.0,193.0,0.6852,0.9756,0.0,32641.0
Cleveland State University,Cleveland,OH,44115-2214,1,12613.0,17973.0,26310.0,16065.0,,,0.3901,0.469,15333,21797,0.9548,980.0,10200.0,9077.0,0.4891,0.6908,0.0,52131.0
Columbiana County Career and Technical Center,Lisbon,OH,44432,1,,,,11517.0,,11400.0,0.6784,0.799,9245,12109,,,,114.0,,,0.0,33552.0
Columbus College of Art & Design,Columbus,OH,43215,2,39650.0,39650.0,52581.0,,30139.0,,0.3975,0.6862,20500,27000,0.7174,,5742.0,891.0,0.6133,0.7333,0.0,40664.0
Columbus State Community College,Columbus,OH,43215,1,5338.0,10917.0,11788.0,7233.0,,,0.2588,0.1875,5993,8749,,,7430.0,17128.0,,,0.0,39435.0
Cuyahoga Community College District,Cleveland,OH,44115-2878,1,3736.0,8736.0,11098.0,4538.0,,,0.3221,0.105,4724,8150,,,9892.0,12641.0,,,0.0,35654.0
Davis College,Toledo,OH,43604-2638,3,14130.0,14130.0,28901.0,,22263.0,,0.6091,0.6091,11996,21277,,,3857.0,95.0,0.0833,,0.0,31588.0
Dayton Barber College,Miamisburg,OH,45342,3,,,,,14478.0,14220.0,0.7196,0.0,PS,PS,,,,60.0,,,,17789.0
University of Dayton,Dayton,OH,45469,2,47600.0,47600.0,64310.0,,31236.0,,0.1552,0.4232,19500,23250,0.6165,1313.0,9481.0,8099.0,0.8152,0.8875,0.0,75537.0
Defiance College,Defiance,OH,43512,2,38778.0,38778.0,49447.0,,23722.0,,0.4795,0.7766,11000,26813,0.4243,,6720.0,454.0,0.3667,0.6143,0.0,49351.0
Denison University,Granville,OH,43023,2,64000.0,64000.0,76900.0,,38111.0,,0.128,0.5244,21250,26000,0.1693,1395.0,10847.0,2398.0,0.8006,0.8873,0.0,67753.0
Edison State Community College,Piqua,OH,45356-9239,1,4379.0,8106.0,14142.0,8503.0,,,0.1657,0.0576,9278,16250,,,6266.0,1502.0,,,0.0,41360.0
EHOVE Career Center,Milan,OH,44846,1,,,,,,17993.0,0.3542,0.4545,6333,7672,,,,375.0,,,0.0,40117.0
The University of Findlay,Findlay,OH,45840-3653,2,39646.0,39646.0,52096.0,,23731.0,,0.1386,0.3318,19500,25439,0.8633,,7586.0,2240.0,0.6263,0.7196,0.0,56996.0
Franklin University,Columbus,OH,43215-5399,2,9577.0,9577.0,29433.0,,22605.0,,0.3343,0.393,14238,20836,,,10061.0,5111.0,0.3025,0.4737,0.0,51892.0
Gerbers Akron Beauty School,Akron,OH,44313,3,,,,,8754.0,12040.0,0.1189,0.021,3500,PS,,,,59.0,,,0.0,20907.0
Gods Bible School and College,Cincinnati,OH,45202-6838,2,7696.0,7696.0,16574.0,,3138.0,,0.2339,0.0597,5500,PS,0.6403,,1125.0,285.0,0.5,0.8462,0.01,37722.0
Good Samaritan College of Nursing and Health Science,Cincinnati,OH,45220-2489,2,15470.0,15470.0,26345.0,,22626.0,,0.4324,0.6824,16013,20625,0.1693,,7404.0,455.0,0.75,,0.0,66111.0
Great Oaks Career Campuses,Cincinnati,OH,45241,1,,,,10911.0,,6834.0,0.3066,0.3962,5500,5500,,,,138.0,,,0.0,55163.0
Hannah E Mullins School of Practical Nursing,Salem,OH,44460-2906,1,,,,21107.0,,19024.0,0.5532,0.4681,9895,13000,0.5,,,30.0,,,0.0,47920.0
Adult and Community Education-Hudson,Columbus,OH,43211,1,,,,15805.0,,18000.0,0.7222,0.787,14250,14750,1.0,,,37.0,,,0.0,51551.0
Hebrew Union College-Jewish Institute of Religion,New York,NY,10012-1186,2,,,,,,,,,PS,PS,,,5129.0,,,,0.0,
Heidelberg University,Tiffin,OH,44883-2462,2,33628.0,33628.0,46640.0,,21662.0,,0.2851,0.8189,20500,27000,0.6773,,6742.0,884.0,0.4984,0.775,0.0,48466.0
Hiram College,Hiram,OH,44234-0067,2,26265.0,26265.0,38952.0,,20088.0,,0.3194,0.5459,19500,27000,0.9339,,6771.0,731.0,0.5914,0.6545,0.0,54311.0
Hobart Institute of Welding Technology,Troy,OH,45373-2400,2,,,,,20705.0,22600.0,0.2271,0.2797,5500,5500,,,,327.0,,,0.0,60955.0
Hocking College,Nelsonville,OH,45764,1,5300.0,9810.0,17575.0,13362.0,,,0.4649,0.5633,6701,11584,,,5310.0,1648.0,,,0.0,37791.0
Ross Medical Education Center-Cincinnati,Cincinnati,OH,45246-3317,3,,,,,21220.0,16297.0,0.8824,0.7868,9389,9500,,,,91.0,,,0.0,33079.0
International College of Broadcasting,Dayton,OH,45431,3,12430.0,12430.0,24177.0,,18284.0,,0.7429,0.8286,17234,26250,,,4148.0,44.0,,,,30855.0
Eastern Gateway Community College,Steubenville,OH,43952-3598,1,4205.0,6071.0,8388.0,4181.0,,,0.2968,0.0148,3500,4250,,,7474.0,13293.0,,,,34127.0
John Carroll University,University Heights,OH,44118-4538,2,49100.0,49100.0,62943.0,,28617.0,,0.1978,0.5685,21500,26000,0.811,1295.0,10180.0,2228.0,0.7649,0.8534,0.0,62860.0
Hondros College of Nursing,Westerville,OH,43081,3,19902.0,19902.0,34050.0,,29682.0,,0.7009,0.688,12004,15833,0.6853,,6473.0,3091.0,,,0.0,58636.0
Casal Aveda Institute,Niles,OH,44446,3,,,,,16575.0,17775.0,0.5053,0.8457,5206,7917,,,,93.0,,,0.0,22453.0
Kent State University at Ashtabula,Ashtabula,OH,44004,1,7272.0,16744.0,15897.0,10753.0,,,0.3444,0.3882,17500,24500,,,7938.0,1314.0,0.2584,0.2857,0.0,45388.0
Kent State University at East Liverpool,East Liverpool,OH,43920,1,7272.0,16744.0,15070.0,10569.0,,,0.2378,0.3287,17500,24500,,,8138.0,705.0,0.098,0.3333,0.0,45388.0
Kent State University at Stark,North Canton,OH,44720-7599,1,7272.0,16744.0,15418.0,11310.0,,,0.2903,0.362,17500,24500,,,8815.0,2626.0,0.3726,0.5313,0.0,45388.0
Kent State University at Trumbull,Warren,OH,44483,1,7272.0,16744.0,16159.0,10679.0,,,0.3654,0.4012,17500,24500,,,8750.0,1648.0,0.2677,0.5088,0.0,45388.0
Kent State University at Tuscarawas,New Philadelphia,OH,44663-9403,1,7272.0,16744.0,16391.0,11480.0,,,0.3077,0.3769,17500,24500,,,7922.0,1502.0,0.371,0.5962,0.0,45388.0
Kent State University at Salem,Salem,OH,44460,1,7272.0,16744.0,15357.0,11593.0,,,0.3109,0.3756,17500,24500,,,7598.0,1127.0,0.2819,0.6078,0.0,45388.0
Kent State University at Kent,Kent,OH,44242-0001,1,12846.0,22316.0,29345.0,19614.0,,,0.2737,0.499,17500,24500,0.8665,1095.0,10310.0,19134.0,0.6545,0.7879,0.0,45388.0
Kent State University at Geauga,Burton,OH,44021,1,7272.0,16744.0,15225.0,10964.0,,,0.2669,0.2937,17500,24500,,,7460.0,1547.0,0.2593,0.3421,0.0,45388.0
Kenyon College,Gambier,OH,43022,2,69330.0,69330.0,83800.0,,29383.0,,0.1008,0.2382,15000,18527,0.3071,1440.0,9723.0,1753.0,0.8675,0.9134,0.0,71830.0
Kettering College,Kettering,OH,45429-1299,2,15672.0,15672.0,26365.0,,15156.0,,0.2419,0.462,19456,23500,0.8286,1120.0,7826.0,543.0,0.65,0.8052,0.0,67492.0
Lake Erie College,Painesville,OH,44077-3389,2,36032.0,36032.0,48278.0,,21296.0,,0.29,0.5759,13875,26000,0.6412,1114.0,5560.0,678.0,0.4194,0.6592,0.0,50417.0
Lakeland Community College,Kirtland,OH,44094-5198,1,3872.0,9235.0,11495.0,7557.0,,,0.2243,0.1534,7780,14751,,,7798.0,3143.0,,,0.0,39612.0
Collins Career Technical Center,Chesapeake,OH,45619-0000,1,,,,7995.0,,10496.0,0.6818,0.7045,9711,13887,,,,427.0,,,0.0,47329.0
James A. Rhodes State College,Lima,OH,45804,1,4657.0,9217.0,13569.0,8851.0,,,0.1486,0.1486,7759,12000,,,5895.0,1545.0,0.3291,,0.0,41855.0
Ohio Business College-Sheffield,Sheffield Village,OH,44035-0701,3,9385.0,9385.0,26223.0,,21181.0,,0.8456,0.8529,10000,12416,,,4422.0,165.0,,,0.0,30389.0
Ohio Business College-Sandusky,Sandusky,OH,44870-5871,3,9385.0,9385.0,34459.0,,28674.0,,0.8372,0.814,10000,12416,,,6930.0,24.0,,,0.0,30389.0
Lorain County Community College,Elyria,OH,44035-1691,1,4135.0,8730.0,9915.0,4598.0,,,0.2691,0.0771,8917,13680,,,7957.0,5394.0,0.3272,,0.0,38837.0
Lourdes University,Sylvania,OH,43560-2898,2,28930.0,28930.0,42796.0,,21596.0,,0.2728,0.5984,19000,27000,0.741,,6001.0,668.0,0.381,0.6369,0.0,48150.0
Malone University,Canton,OH,44709-3308,2,36120.0,36120.0,48017.0,,22881.0,,0.3052,0.623,20515,26289,0.7558,1089.0,6890.0,777.0,0.5134,0.7177,0.001,48909.0
Marietta College,Marietta,OH,45750,2,38974.0,38974.0,52360.0,,18372.0,,0.2714,0.6114,12000,27000,0.7862,1103.0,7695.0,1035.0,0.5809,0.7344,0.0,57180.0
Marion Technical College,Marion,OH,43302-5694,1,6475.0,11065.0,11796.0,6027.0,,,0.1984,0.0838,5500,8300,,,6262.0,1351.0,0.2233,,0.0,41495.0
Medina County Career Center,Medina,OH,44256,1,,,,14961.0,,8431.0,0.3871,0.0,PS,PS,,,,52.0,,,,41273.0
Mercy College of Ohio,Toledo,OH,43604-1132,2,18950.0,18950.0,26491.0,,15709.0,,0.3643,0.6893,15084,20834,0.4276,961.0,7168.0,982.0,0.4464,0.8571,0.0,65409.0
Methodist Theological School in Ohio,Delaware,OH,43015-3211,2,,,,,,,,,PS,PS,,,7856.0,,,,0.0,
Miami University-Hamilton,Hamilton,OH,45011,1,7278.0,18847.0,16692.0,13346.0,,,0.3025,0.3492,16000,23000,,,8166.0,2025.0,0.2159,0.5289,0.0,55076.0
Miami University-Middletown,Middletown,OH,45042,1,7278.0,18847.0,16559.0,13824.0,,,0.2325,0.2766,16000,23000,,,7637.0,871.0,0.2454,0.6235,0.0,55076.0
Miami University-Oxford,Oxford,OH,45056,1,17809.0,40025.0,37218.0,27662.0,,,0.1129,0.3269,16000,23000,0.8209,1313.0,10780.0,16361.0,0.8184,0.8952,0.0,55076.0
Moler Hollywood Beauty Academy,Cincinnati,OH,45213,3,,,,,9962.0,16850.0,0.9067,0.84,6333,6333,,,,76.0,,,0.0,17832.0
Miami Valley Career Technology Center,Englewood,OH,45315,1,,,,,,610.0,0.375,0.4079,9111,9569,,,,84.0,,,0.0,43502.0
Mount Carmel College of Nursing,Columbus,OH,43222-1504,2,13890.0,13890.0,19807.0,,12939.0,,0.3041,0.6258,21000,22082,0.5739,1020.0,8440.0,573.0,0.7089,0.8333,0.0,75103.0
University of Mount Union,Alliance,OH,44601-3929,2,35400.0,35400.0,46890.0,,22539.0,,0.2871,0.8001,20500,27000,0.801,1227.0,7662.0,1785.0,0.6487,0.7091,0.0,53217.0
Mount Vernon Nazarene University,Mount Vernon,OH,43050-9500,2,35524.0,35524.0,48975.0,,21812.0,,0.2893,0.5657,19565,25000,0.843,1119.0,6451.0,1346.0,0.6364,0.7986,0.0,49555.0
Mount St. Joseph University,Cincinnati,OH,45233-1670,2,36650.0,36650.0,43932.0,,16135.0,,0.2734,0.5447,18837,26827,0.5652,1068.0,8023.0,1100.0,0.5471,0.7601,0.0,51509.0
Zane State College,Zanesville,OH,43701-2626,1,5856.0,11466.0,12790.0,7423.0,,,0.1837,0.1228,3995,6834,,,6001.0,717.0,0.5297,,0.0,35006.0
Muskingum University,New Concord,OH,43762-1837,2,31440.0,31440.0,44615.0,,20204.0,,0.4111,0.8309,16750,25369,0.8166,1016.0,7538.0,1407.0,0.5273,0.6893,0.0,48440.0
National Beauty College,Canton,OH,44709-1837,3,,,,,,,0.4959,0.5331,5310,6333,,,,149.0,,,0.0,21091.0
North Central State College,Mansfield,OH,44906-0698,1,4624.0,9102.0,9278.0,4304.0,,,0.2394,0.1525,4500,8252,,,5455.0,1187.0,0.3418,0.9167,0.0,38158.0
Northern Institute of Cosmetology,Lorain,OH,44052-1803,3,,,,,4464.0,12700.0,0.2609,0.0,PS,PS,,,,41.0,,,,21904.0
Northwest State Community College,Archbold,OH,43502-9542,1,4578.0,8930.0,17668.0,13696.0,,,0.1122,0.0638,5500,9750,,,7295.0,1037.0,,,0.0,40004.0
Toledo Public Schools Adult and Continuing Education,Toledo,OH,43620,1,,,,12685.0,,13250.0,0.7632,0.6842,7317,8848,,,,33.0,,,0.0,51691.0
Notre Dame College,Cleveland,OH,44121-4293,2,32606.0,32606.0,46641.0,,20477.0,,0.389,0.6065,15750,27000,0.8035,,4837.0,1049.0,0.3663,0.693,,49737.0
Northeast Ohio Medical University,Rootstown,OH,44272-0095,1,,,,,,,,,PS,PS,,,11268.0,,,,0.0,
University of Northwestern Ohio,Lima,OH,45805,2,12930.0,12930.0,24568.0,,20609.0,,0.3207,0.6056,12000,17084,,,5565.0,2572.0,0.5415,0.616,0.0,50968.0
Oberlin College,Oberlin,OH,44074,2,64646.0,64646.0,84230.0,,39184.0,,0.0884,0.3292,19500,26000,0.3298,1440.0,11261.0,2950.0,0.7948,0.8878,0.0,58343.0
Ohio Technical College,Cleveland,OH,44103,3,,,,,27952.0,25676.0,0.4787,0.6717,9500,12000,,,4273.0,331.0,,,0.0,48450.0
Ohio Dominican University,Columbus,OH,43219,2,34370.0,34370.0,45660.0,,19476.0,,0.3901,0.6135,16557,26000,0.8525,1150.0,7734.0,785.0,0.479,0.5981,0.0,51748.0
Ohio Northern University,Ada,OH,45810-1599,2,37800.0,37800.0,52484.0,,25727.0,,0.1896,0.5535,24250,27000,0.7335,1290.0,9091.0,2386.0,0.7418,0.8754,0.0,80928.0
Ohio State University Agricultural Technical Institute,Wooster,OH,44691-4000,1,9310.0,34816.0,22942.0,17769.0,,,0.2578,0.4417,14500,19976,,,9642.0,431.0,,,0.0,60409.0
Ohio State University-Lima Campus,Lima,OH,45804,1,9212.0,34718.0,18404.0,12458.0,,,0.3117,0.3557,14500,19976,,,10237.0,656.0,0.181,0.4335,0.0,60409.0
Ohio State University-Mansfield Campus,Mansfield,OH,44906,1,9212.0,34718.0,22206.0,16512.0,,,0.3132,0.3809,14500,19976,,,9805.0,726.0,0.1406,0.3129,0.0,60409.0
Ohio State University-Marion Campus,Marion,OH,43302-5695,1,9212.0,34718.0,18369.0,11800.0,,,0.2578,0.3089,14500,19976,,,10489.0,842.0,0.2566,0.4901,0.0,60409.0
Ohio State University-Newark Campus,Newark,OH,43055,1,9212.0,34718.0,20875.0,14814.0,,,0.3411,0.3588,14500,19976,,,11156.0,2302.0,0.3088,0.2636,0.0,60409.0
Ohio State Beauty Academy,Lima,OH,45807,3,,,,,6962.0,12380.0,0.5333,0.6417,5500,8498,,,,96.0,,,0.0,25434.0
Ohio State College of Barber Styling,Columbus,OH,43213,3,,,,,14383.0,18000.0,0.4583,0.4323,8750,10061,,,,323.0,,,0.0,18341.0
The Spa School,Columbus,OH,43214,3,,,,,18676.0,17415.0,0.3649,0.5118,7814,7916,,,,117.0,,,0.0,26989.0
Ohio State School of Cosmetology-Canal Winchester,CANAL WINCHESTER,OH,43110,3,,,,,17117.0,22900.0,0.5366,0.6951,9700,9833,,,,50.0,,,0.0,23131.0
Ohio State University-Main Campus,Columbus,OH,43201,1,12859.0,38365.0,29320.0,18292.0,,,0.1945,0.3042,14500,19976,0.5082,1407.0,13854.0,44617.0,0.8773,0.9412,0.0,60409.0
Ohio University-Eastern Campus,Saint Clairsville,OH,43950,1,6178.0,9170.0,10263.0,4503.0,,,0.0919,0.0849,15332,21056,,,8094.0,305.0,0.2,0.6548,0.0,52581.0
Ohio University-Chillicothe Campus,Chillicothe,OH,45601-0629,1,6178.0,9170.0,10876.0,6483.0,,,0.1618,0.1805,15332,21056,,,7918.0,777.0,0.1213,0.6404,0.0,52581.0
Ohio University-Southern Campus,Ironton,OH,45638,1,6178.0,9170.0,10397.0,5328.0,,,0.1226,0.1171,15332,21056,,,8060.0,461.0,0.1929,0.6262,0.0,52581.0
Ohio University-Lancaster Campus,Lancaster,OH,43130-1037,1,6178.0,9170.0,10267.0,6133.0,,,0.0948,0.1143,15332,21056,,,8492.0,657.0,0.1371,0.6376,0.0,52581.0
Ohio University-Main Campus,Athens,OH,45701-2979,1,13746.0,24114.0,28529.0,20413.0,,,0.2037,0.467,15332,21056,0.8476,1212.0,9575.0,18456.0,0.6644,0.8247,0.0,52581.0
Ohio University-Zanesville Campus,Zanesville,OH,43701,1,6178.0,9170.0,10960.0,5971.0,,,0.1045,0.13,15332,21056,,,8544.0,526.0,0.177,0.6905,0.0,52581.0
East Ohio College,East Liverpool,OH,43920-9585,3,14370.0,14370.0,22939.0,,17180.0,,0.7584,0.7852,10583,12000,,,5722.0,149.0,,,0.0,29342.0
Trinity Health System School of Nursing,Steubenville,OH,43952-3512,2,9101.0,9157.0,15377.0,,8454.0,,0.3721,0.7674,11625,13625,1.0,,,25.0,,,0.0,71660.0
Ohio Wesleyan University,Delaware,OH,43015-2370,2,52357.0,52357.0,66399.0,,21619.0,,0.2461,0.6191,21500,27000,0.5067,1311.0,8784.0,1450.0,0.6174,0.8426,0.0,55624.0
Otterbein University,Westerville,OH,43081,2,34899.0,34899.0,47865.0,,22140.0,,0.2908,0.8302,20500,26000,0.833,1220.0,8339.0,2055.0,0.6895,0.8242,0.0,53313.0
Owens Community College,Perrysburg,OH,43551,1,5750.0,10262.0,14019.0,10202.0,,,0.2241,0.2516,8731,16667,,,6905.0,4184.0,,,0.0,37275.0
Paramount Beauty Academy,Portsmouth,OH,45662-4527,3,,,,,17877.0,18955.0,0.5821,0.7164,7917,9833,,,,53.0,,,0.026,21361.0
Cuyahoga Valley Career Center,Brecksville,OH,44141-1296,1,,,,20438.0,,14500.0,0.2917,0.3819,12534,12964,,,,90.0,,,0.0,47914.0
Payne Theological Seminary,Wilberforce,OH,45384,2,,,,,,,,,PS,PS,,,4978.0,,,,0.0,
Pontifical College Josephinum,Columbus,OH,43235-1499,2,27829.0,27829.0,,,,,0.0882,0.1471,PS,PS,0.8333,,5351.0,45.0,0.2727,1.0,0.0,
Professional Skills Institute,Maumee,OH,43537,3,14920.0,14920.0,25499.0,,20237.0,,0.7302,0.8193,12667,17813,0.7143,,5733.0,402.0,0.6739,0.5,0.0,47765.0
Firelands Regional Medical Center School of Nursing,Sandusky,OH,44870,2,,,,,,,0.3824,0.6029,10000,11750,,,,71.0,,,0.0,68723.0
Rabbinical College Telshe,Wickliffe,OH,44092,2,17900.0,17900.0,21900.0,,8603.0,,0.3636,0.0,PS,PS,0.8056,,4219.0,57.0,0.5333,0.8846,,
Raphael's School of Beauty Culture Inc-Niles,Niles,OH,44446,3,,,,,19489.0,22210.0,0.5935,0.5654,6251,7538,,,,145.0,,,0.0,21307.0
Fortis College-Centerville,Centerville,OH,45459-2712,3,14023.0,14023.0,31120.0,,24335.0,,0.7067,0.76,12949,13000,,,5900.0,460.0,,,0.0,34726.0
University of Rio Grande,Rio Grande,OH,45674,2,20560.0,20560.0,33032.0,,29541.0,,0.3585,0.4087,11750,17750,,,6436.0,795.0,0.3216,0.6404,0.0,41478.0
The Modern College of Design,Kettering,OH,45440,3,30548.0,30548.0,45336.0,,34709.0,,0.4719,0.8371,12000,12000,0.9183,,6114.0,189.0,0.6195,,0.0,42187.0
Shawnee State University,Portsmouth,OH,45662,1,9622.0,16157.0,22190.0,15389.0,,,0.351,0.3918,12885,23000,,,7336.0,2300.0,0.4298,0.7108,0.0,39596.0
Sinclair Community College,Dayton,OH,45402-1460,1,3435.0,8316.0,10381.0,5741.0,,,0.2661,0.2136,5500,12000,,,8315.0,12585.0,0.3186,1.0,0.0,37558.0
Stark State College,North Canton,OH,44720,1,4670.0,7766.0,11165.0,6693.0,,,0.2706,0.1924,6886,13786,,,7223.0,5803.0,,,0.0,34661.0
Stautzenberger College-Maumee,Maumee,OH,43537-4007,3,16699.0,16699.0,25129.0,,19881.0,,0.7543,0.8859,13127,14302,,,5528.0,520.0,,,0.0,34104.0
Franciscan University of Steubenville,Steubenville,OH,43952-1763,2,32630.0,32630.0,42955.0,,23987.0,,0.2101,0.4804,18590,23384,0.7223,1218.0,8754.0,2775.0,0.7709,0.8787,0.0,50030.0
Southern State Community College,Hillsboro,OH,45133-9406,1,5687.0,10368.0,15715.0,10918.0,,,0.208,0.1366,7433,11457,,,6309.0,751.0,,,0.0,35463.0
Terra State Community College,Fremont,OH,43420-9670,1,5660.0,10316.0,16522.0,11691.0,,,0.2488,0.1577,8557,17500,,,7004.0,1120.0,,,0.0,36612.0
Tiffin Academy of Hair Design,Tiffin,OH,44883,3,,,,,10382.0,18100.0,0.8125,0.8125,6412,PS,,,,46.0,,,0.017,25036.0
Tiffin University,Tiffin,OH,44883,2,32400.0,32400.0,45150.0,,23758.0,,0.3553,0.5472,15795,27000,0.7977,989.0,7010.0,1938.0,0.4295,0.6028,0.0,35942.0
University of Toledo,Toledo,OH,43606-3390,1,12377.0,21737.0,26190.0,17460.0,,,0.257,0.3766,14750,22250,0.9483,1209.0,10138.0,10244.0,0.5563,0.7588,0.0,50632.0
Tri-State Bible College,South Point,OH,45680,2,9100.0,9100.0,,,,,0.5238,0.0476,PS,PS,,,,14.0,,,0.035,31675.0
Tri-County Adult Career Center,Nelsonville,OH,45764,1,,,,,,1889.0,0.1412,0.0,PS,PS,,,,24.0,,,,26129.0
Tri-Rivers Career Center,Marion,OH,43302-8914,1,,,,,,15759.0,0.227,0.2649,9500,10665,,,,162.0,,,0.0,48707.0
United Theological Seminary,Dayton,OH,45426-2308,2,,,,,,,,,PS,PS,,,7573.0,,,,0.0,
Upper Valley Career Center,Piqua,OH,45356,1,,,,16505.0,,17010.0,0.5752,0.6283,6333,8793,,,,113.0,,,0.008,52170.0
Ursuline College,Pepper Pike,OH,44124,2,37860.0,37860.0,49537.0,,18027.0,,0.3904,0.8624,21938,26250,0.8401,1140.0,6158.0,630.0,0.5325,0.729,0.0,56878.0
The North Coast College,Lakewood,OH,44107,3,22500.0,22500.0,,,,,,,24225,42785,,,,0.0,,,,30029.0
Walsh University,North Canton,OH,44720-3396,2,34595.0,34595.0,45817.0,,20004.0,,0.233,0.5289,20000,27000,0.7818,1210.0,5701.0,1294.0,0.6169,0.7294,0.0,59764.0
Washington State Community College,Marietta,OH,45750,1,4128.0,4152.0,13539.0,8913.0,,,0.2716,0.2252,6750,11000,,,6651.0,1002.0,0.3211,,0.0,37988.0
Wilberforce University,Wilberforce,OH,45384-1001,2,14776.0,14776.0,23450.0,,7349.0,,0.7436,0.625,12000,26468,0.5273,980.0,6193.0,602.0,0.1597,0.6959,0.0,38298.0
Wilmington College,Wilmington,OH,45177,2,30962.0,30962.0,41751.0,,22872.0,,0.3734,0.7369,14782,24208,0.846,1042.0,6305.0,924.0,0.5508,0.6845,0.0,48491.0
Winebrenner Theological Seminary,Findlay,OH,45840,2,,,,,,,,,PS,PS,,,4726.0,,,,0.0,
Wittenberg University,Springfield,OH,45504,2,44602.0,44602.0,56353.0,,19470.0,,0.2941,0.5914,23252,27000,0.9104,1153.0,7972.0,1269.0,0.5382,0.7358,0.0,54947.0
The College of Wooster,Wooster,OH,44691,2,59550.0,59550.0,73075.0,,25766.0,,0.1952,0.4459,21115,26500,0.5432,1370.0,8618.0,1876.0,0.7356,0.8131,0.0,59629.0
Wright State University-Main Campus,Dayton,OH,45435-0001,1,11188.0,20606.0,23255.0,15216.0,,,0.3276,0.4226,15854,22750,0.9515,1086.0,9761.0,6330.0,0.4586,0.6264,0.0,49500.0
Wright State University-Lake Campus,Celina,OH,45822-2952,1,7504.0,16922.0,17116.0,12603.0,,,0.1584,0.2202,15854,22750,,,10005.0,984.0,0.4247,0.6482,0.0,49500.0
Xavier University,Cincinnati,OH,45207-1092,2,48125.0,48125.0,62293.0,,32342.0,,0.1449,0.4932,18750,23250,0.8773,1224.0,9077.0,4723.0,0.705,0.8276,0.0,64873.0
Youngstown State University,Youngstown,OH,44555-0001,1,10791.0,11151.0,20028.0,11877.0,,,0.3319,0.4145,15750,24000,0.8032,1055.0,8348.0,7340.0,0.5291,0.7689,0.0,41544.0
Bacone College,Muskogee,OK,74403-1597,2,15060.0,15060.0,30407.0,,12197.0,,0.5296,0.2889,12832,26187,,,6462.0,106.0,0.0239,0.3077,,40006.0
Oklahoma Wesleyan University,Bartlesville,OK,74006-6299,2,31466.0,31466.0,43617.0,,26827.0,,0.3934,0.6565,16679,24813,0.7703,,5930.0,663.0,0.2843,0.4899,0.0,59841.0
Southern Nazarene University,Bethany,OK,73008,2,29600.0,29600.0,41972.0,,17838.0,,0.4544,0.5975,17337,21900,,,6393.0,1459.0,0.4879,0.9167,0.0,54951.0
Pontotoc Technology Center,Ada,OK,74820,1,,,,3131.0,,3321.0,0.1344,0.0,PS,PS,,,,68.0,,,,40955.0
Cameron University,Lawton,OK,73505-6377,1,6900.0,16320.0,18742.0,10705.0,,,0.4124,0.2917,11000,21500,,,7280.0,2534.0,0.2154,0.6631,0.0,40118.0
Carl Albert State College,Poteau,OK,74953-5208,1,4230.0,8707.0,14477.0,6855.0,,,0.4853,0.1418,6496,9362,,,4604.0,1215.0,,,0.0,34117.0
Central Oklahoma College,Oklahoma City,OK,73134,3,,,,,,12520.0,0.6995,0.8254,6254,7883,,,4617.0,467.0,,,0.0,21213.0
University of Central Oklahoma,Edmond,OK,73034,1,8522.0,19409.0,25913.0,18990.0,,,0.3546,0.348,13000,21000,0.8176,1050.0,8018.0,10132.0,0.375,0.655,0.0,48351.0
Connors State College,Warner,OK,74469,1,3704.0,7562.0,18630.0,11716.0,,,0.4739,0.248,8500,11500,,,5458.0,1672.0,,,0.0,38469.0
East Central University,Ada,OK,74820-6999,1,8032.0,17542.0,17559.0,9287.0,,,0.3982,0.5454,11250,17671,0.6555,1019.0,6383.0,2157.0,0.3274,0.5677,0.0,44962.0
Eastern Oklahoma State College,Wilburton,OK,74578-4999,1,4767.0,8384.0,18166.0,11020.0,,,0.4176,0.1648,8750,11900,,,5307.0,950.0,,,0.0,38658.0
Redlands Community College,El Reno,OK,73036-5304,1,5385.0,7951.0,15366.0,5596.0,,,0.2179,0.0928,5500,6750,,,5535.0,857.0,,,0.0,37224.0
Formations Institute,Enid,OK,73703-4538,3,,,,,17316.0,17400.0,0.5965,0.6842,5500,PS,,,,48.0,,,0.0,22058.0
Eves College of Hairstyling,Lawton,OK,73501,3,,,,,15155.0,18850.0,0.7293,0.594,6333,7147,,,,83.0,,,0.0,15956.0
Randall University,Moore,OK,73160,2,17322.0,17322.0,28287.0,,16474.0,,0.3941,0.4052,13250,22626,0.4481,1020.0,3983.0,262.0,0.2055,0.5714,0.0,42051.0
Langston University,Langston,OK,73050,1,6728.0,14255.0,21012.0,11359.0,,,0.6843,0.6212,11664,26000,,,6242.0,1743.0,0.175,0.5936,0.0,33261.0
Murray State College,Tishomingo,OK,73460,1,6630.0,10830.0,22189.0,15071.0,,,0.2866,0.4259,8886,13387,,,4825.0,1517.0,,,0.0,36545.0
Spartan College of Aeronautics and Technology,Tulsa,OK,74115,3,18828.0,18828.0,37463.0,,31544.0,,0.1268,0.1643,14726,16750,,,5821.0,744.0,0.6047,0.7778,0.0,49944.0
Northeastern State University,Tahlequah,OK,74464-2399,1,7513.0,16633.0,19274.0,11800.0,,,0.4243,0.3804,12000,17367,0.9921,1050.0,8110.0,4636.0,0.372,0.6283,0.0,45379.0
Northern Oklahoma College,Tonkawa,OK,74653,1,5061.0,11826.0,14956.0,8201.0,,,0.2993,0.2012,7375,11000,,,6401.0,1865.0,,,0.0,37566.0
Northeastern Oklahoma A&M College,Miami,OK,74354,1,4943.0,11093.0,18065.0,11121.0,,,0.5172,0.3547,7277,11000,,,5669.0,1583.0,,,0.0,38337.0
Northwestern Oklahoma State University,Alva,OK,73717-2799,1,5970.0,11664.0,20993.0,11366.0,,,0.4068,0.3953,11000,17355,0.6643,1015.0,7101.0,1468.0,0.3542,0.6547,0.0,44358.0
Oklahoma State University Center for Health Sciences,Tulsa,OK,74107-1898,1,,,,,,,,,PS,PS,,,,,,,0.0,
Oklahoma Christian University,Edmond,OK,73013,2,25900.0,25900.0,38029.0,,21423.0,,0.3015,0.439,18500,26000,0.9707,1117.0,7118.0,1897.0,0.5517,0.773,0.0,49203.0
University of Oklahoma-Health Sciences Center,Oklahoma City,OK,73117-1221,1,,,,,,,0.0,0.5178,15500,20654,,,9423.0,1143.0,,,0.0,63126.0
Oklahoma Panhandle State University,Goodwell,OK,73939-0430,1,7922.0,8673.0,14356.0,7557.0,,,0.4356,0.6522,7500,12500,,,4982.0,997.0,0.2613,0.4713,0.0,44933.0
Oklahoma State University-Main Campus,Stillwater,OK,74078-1015,1,10234.0,25754.0,25915.0,16378.0,,,0.2604,0.3797,15500,20500,0.7093,1145.0,10695.0,20814.0,0.6589,0.8387,0.0,57413.0
Oklahoma State University-Oklahoma City,Oklahoma City,OK,73107-6195,1,3779.0,9564.0,12096.0,5877.0,,,0.3009,0.2106,8989,14250,,,6669.0,3424.0,0.1321,,0.0,41307.0
Oklahoma Baptist University,Shawnee,OK,74804,2,34050.0,34050.0,46950.0,,23880.0,,0.3068,0.4406,15363,24801,0.5568,1173.0,7084.0,1292.0,0.4973,0.6858,0.0,48434.0
Oklahoma City Community College,Oklahoma City,OK,73159-9987,1,4059.0,9810.0,11439.0,5135.0,,,0.2783,0.1188,5668,10388,,,7198.0,9578.0,,,0.0,38146.0
Oklahoma City University,Oklahoma City,OK,73106-1402,2,33586.0,33586.0,46144.0,,21556.0,,0.2256,0.4783,15250,20835,0.7039,1150.0,7602.0,1433.0,0.6419,0.83,0.0,54655.0
University of Oklahoma-Norman Campus,Norman,OK,73019-3072,1,9595.0,26665.0,28833.0,17413.0,,,0.2376,0.3276,15500,20654,0.7654,1239.0,10741.0,21496.0,0.753,0.8888,0.0,63126.0
Oklahoma State University Institute of Technology,Okmulgee,OK,74447-3901,1,5774.0,11384.0,16778.0,11588.0,,,0.4005,0.4688,9000,11334,,,5241.0,2131.0,0.4215,,0.0,45634.0
Oral Roberts University,Tulsa,OK,74171,2,34100.0,34100.0,47367.0,,23600.0,,0.3353,0.4619,20250,27000,0.986,1183.0,7658.0,3322.0,0.539,0.8143,0.0,46885.0
Rogers State University,Claremore,OK,74017-3252,1,7392.0,15176.0,21023.0,13953.0,,,0.3782,0.3575,11250,20500,,,6283.0,2552.0,0.2541,0.6445,0.0,43166.0
Rose State College,Midwest City,OK,73110-2799,1,5032.0,11409.0,17151.0,10903.0,,,0.2885,0.1411,5500,10453,,,5543.0,4546.0,,,0.0,37555.0
Jenks Beauty College,Jenks,OK,74037,3,,,,,11344.0,6650.0,0.5287,0.3746,5500,5852,,,,167.0,,,0.0,21406.0
University of Science and Arts of Oklahoma,Chickasha,OK,73018-5322,1,9000.0,20190.0,21258.0,8543.0,,,0.4703,0.3758,10736,21750,0.5577,1143.0,6289.0,896.0,0.3626,0.7103,0.0,41913.0
Seminole State College,Seminole,OK,74868-1901,1,5460.0,11790.0,22868.0,15328.0,,,0.3604,0.1277,8033,11000,,,5334.0,1076.0,,,0.0,35390.0
Southern School of Beauty Inc,Durant,OK,74701-5008,3,,,,,2350.0,12100.0,0.8,0.8,PS,PS,,,,22.0,,,0.025,9656.0
Southeastern Oklahoma State University,Durant,OK,74701-3347,1,7200.0,16410.0,17393.0,6352.0,,,0.401,0.3443,10623,17000,0.8034,1084.0,7275.0,3031.0,0.3333,0.707,0.0,45079.0
Southwestern Christian University,Bethany,OK,73008,2,21316.0,21316.0,32625.0,,19692.0,,0.4109,0.4431,13000,20715,,,5677.0,351.0,0.1271,0.5,0.0,40391.0
Southwestern Oklahoma State University,Weatherford,OK,73096-3001,1,8295.0,8325.0,22973.0,14542.0,,,0.3846,0.6535,11750,15954,1.0,1050.0,7886.0,3469.0,0.3471,0.6968,0.0,45744.0
Tulsa Community College,Tulsa,OK,74119,1,3768.0,9720.0,12522.0,5999.0,,,0.3572,0.1644,7933,12223,,,8568.0,11397.0,,,0.0,39746.0
Tulsa Welding School-Tulsa,Tulsa,OK,74104,3,,,,,33120.0,21500.0,0.6761,0.7279,6886,9500,,,5982.0,934.0,,,0.0,41067.0
University of Tulsa,Tulsa,OK,74104-3189,2,48602.0,48602.0,63093.0,,23678.0,,0.2614,0.3661,12500,21500,0.5799,1325.0,11232.0,2447.0,0.7331,0.8513,0.0,61408.0
Western Oklahoma State College,Altus,OK,73521-1397,1,5446.0,9618.0,16367.0,7461.0,,,0.3318,0.0987,5500,9500,,,6109.0,774.0,,,0.0,38248.0
Formations Institute of Cosmetology & Barbering,Woodward,OK,73801,3,,,,,18536.0,17250.0,0.6567,0.6567,9626,PS,,,,31.0,,,0.0,17260.0
High Plains Technology Center,Woodward,OK,73801,1,,,,7057.0,,6000.0,0.072,0.0,PS,PS,,,,123.0,,,,33734.0
Blue Mountain Community College,Pendleton,OR,97801,1,6941.0,9551.0,18425.0,12133.0,,,0.3716,0.0888,8961,12000,,,8125.0,977.0,,,0.0,38375.0
Central Oregon Community College,Bend,OR,97703,1,4941.0,13185.0,17222.0,10765.0,,,0.2416,0.187,8000,12000,,,8847.0,3577.0,,,0.0,38940.0
Chemeketa Community College,Salem,OR,97305,1,6210.0,13905.0,15427.0,8457.0,,,0.3393,0.1764,7408,12822,,,8985.0,6457.0,0.2215,,0.0,40968.0
Clackamas Community College,Oregon City,OR,97045-8980,1,6210.0,14040.0,10725.0,8236.0,,,0.243,0.412,6973,11992,,,9793.0,4575.0,,,0.0,42886.0
Clatsop Community College,Astoria,OR,97103,1,4575.0,8607.0,20922.0,13433.0,,,0.3782,0.0854,9500,11602,,,8932.0,506.0,,,0.0,39477.0
College of Hair Design Careers,Salem,OR,97301-1952,3,,,,,11330.0,15747.0,0.4215,0.3471,8481,10750,,,,66.0,,,0.0,23915.0
Concorde Career College-Portland,Portland,OR,97232-4203,3,,,,,22887.0,17734.0,0.5531,0.6838,9500,9500,0.9552,,6963.0,186.0,,,0.0,42362.0
Sumner College,Portland,OR,97220,3,,,,,28309.0,33328.0,0.392,0.8315,16129,16500,0.8667,,4167.0,514.0,0.7895,,0.0,46639.0
East West College of the Healing Arts,Portland,OR,97201-0000,3,,,,,,,0.3811,0.6755,11302,12667,,,,232.0,,,0.0,28483.0
Eastern Oregon University,La Grande,OR,97850,1,10671.0,24621.0,24602.0,15987.0,,,0.3598,0.3876,13500,20500,0.9876,,8157.0,2201.0,0.3662,0.6694,0.0,50112.0
New Hope Christian College-Eugene,Eugene,OR,97405,2,17620.0,17620.0,27333.0,,20468.0,,0.775,0.75,18500,PS,0.6563,,,45.0,0.25,0.6364,0.0,31115.0
George Fox University,Newberg,OR,97132,2,40940.0,40940.0,55456.0,,29981.0,,0.2675,0.5824,19500,24250,0.9641,1170.0,8345.0,2505.0,0.6868,0.7744,0.0,59761.0
Phagans Grants Pass College of Beauty,Grants Pass,OR,97526,3,,,,,12369.0,10200.0,0.6389,0.6528,7584,PS,,,,43.0,,,0.0,23595.0
Lane Community College,Eugene,OR,97405-0640,1,5879.0,12485.0,17149.0,7427.0,,,0.2944,0.2976,6450,14761,,,9391.0,5861.0,,,0.0,38075.0
Lewis & Clark College,Portland,OR,97219-7899,2,62350.0,62350.0,76690.0,,36084.0,,0.1928,0.6788,13644,19500,0.7453,1321.0,10807.0,2167.0,0.7124,0.8154,0.0,62205.0
Linfield University,McMinnville,OR,97128-6894,2,49530.0,49530.0,63825.0,,27341.0,,0.2831,0.807,20500,25000,0.8793,,7449.0,1642.0,0.6515,0.7889,0.0,78638.0
Linn-Benton Community College,Albany,OR,97321,1,6288.0,13992.0,17864.0,11070.0,,,0.2786,0.4003,6500,11961,,,9042.0,4807.0,,,0.0,41363.0
Northwest College-Beaverton,Beaverton,OR,97005,3,,,,,20162.0,17300.0,0.5238,0.5905,6333,7564,,,,53.0,,,0.0,24421.0
Phagans Medford Beauty School,Medford,OR,97504,3,,,,,13798.0,10200.0,0.7377,0.6557,8142,PS,,,,32.0,,,0.013,20718.0
Northwest College-Clackamas,Happy Valley,OR,97086,3,,,,,23519.0,17300.0,0.5946,0.5811,6333,7564,,,,31.0,,,0.0,24421.0
Mount Angel Seminary,Saint Benedict,OR,97373,2,29694.0,29694.0,,,,,0.2121,0.2121,PS,PS,1.0,,8353.0,28.0,0.3333,,0.0,57436.0
Mt Hood Community College,Gresham,OR,97030,1,5175.0,9675.0,14032.0,6443.0,,,0.2136,0.1344,7339,13667,,,10097.0,3540.0,0.2605,,0.0,41125.0
Multnomah University,Portland,OR,97220,2,30310.0,30310.0,41851.0,,23866.0,,0.4735,0.8201,14394,20250,0.4984,,5468.0,329.0,0.5082,0.3444,,47939.0
National University of Natural Medicine,Portland,OR,97201-4848,2,,,,,,,0.75,0.5833,15000,PS,,,6848.0,28.0,,,0.0,
Bushnell University,Eugene,OR,97401-3745,2,34740.0,34740.0,45535.0,,23520.0,,0.3438,0.5914,15633,23500,0.6636,1120.0,5733.0,533.0,0.6176,0.7143,0.0,53623.0
Oregon Health & Science University,Portland,OR,97239-3098,1,,,,,,,0.2806,0.6144,16625,16625,,,12737.0,788.0,,,0.0,101028.0
Oregon Institute of Technology,Klamath Falls,OR,97601-8801,1,12687.0,35592.0,26675.0,16391.0,,,0.1922,0.2566,15625,22500,0.9167,1165.0,8314.0,2913.0,0.5908,0.7286,0.0,72273.0
Oregon State University,Corvallis,OR,97331,1,13494.0,35664.0,29926.0,19568.0,,,0.2236,0.3339,15000,21221,0.7885,,11396.0,29557.0,0.7063,0.8747,0.0,64010.0
University of Oregon,Eugene,OR,97403,1,15669.0,43302.0,32636.0,21782.0,,,0.2198,0.3086,15000,20139,0.8511,1257.0,12039.0,19758.0,0.7148,0.8495,0.0,61324.0
Pacific Northwest College of Art,Portland,OR,97209-3404,2,47126.0,47126.0,67040.0,,40846.0,,0.4415,0.5346,10500,25000,0.6854,,8071.0,412.0,0.4568,0.6292,,34883.0
Pacific University,Forest Grove,OR,97116,2,54466.0,54466.0,69330.0,,35350.0,,0.2672,0.8084,17036,23223,0.9176,1123.0,8863.0,1556.0,0.6478,0.7628,0.0,60583.0
Phagans Beauty College,Corvallis,OR,97333,3,,,,,8551.0,17800.0,0.4286,0.3889,8170,8974,,,,59.0,,,0.0,33102.0
Phagans Central Oregon Beauty College,Bend,OR,97701,3,,,,,10542.0,13400.0,0.5275,0.5989,6785,7435,,,,101.0,,,0.0,20551.0
Phagans School of Beauty,Salem,OR,97301,3,,,,,9747.0,17800.0,0.6543,0.642,8170,8656,,,,38.0,,,0.0,23393.0
Phagans School of Hair Design,Happy Valley,OR,97086,3,,,,,9780.0,19000.0,0.5427,0.4848,7652,8297,,,,203.0,,,0.0,22912.0
Summit Salon Academy-Portland,Tigard,OR,97223,3,,,,,12163.0,20450.0,0.6154,0.5983,7652,10512,,,,77.0,,,0.0,24106.0
Portland Community College,Portland,OR,97219-7132,1,5040.0,10080.0,17271.0,9920.0,,,0.3056,0.208,7287,12999,,,8581.0,18365.0,,,0.0,44592.0
Portland State University,Portland,OR,97201,1,11238.0,30138.0,22449.0,12932.0,,,0.3956,0.3279,15457,20500,0.9091,,11322.0,13619.0,0.5313,0.7472,0.0,57906.0
University of Portland,Portland,OR,97203-5798,2,54900.0,54900.0,69183.0,,36371.0,,0.1858,0.3998,18500,21370,0.9539,1277.0,10142.0,3104.0,0.8042,0.83,0.0,82804.0
Reed College,Portland,OR,97202-8199,2,67020.0,67020.0,83310.0,,39951.0,,0.1228,0.3841,15750,21500,0.2716,1420.0,12386.0,1407.0,0.7592,0.8579,0.0,62927.0
Rogue Community College,Grants Pass,OR,97527-9291,1,5184.0,6192.0,15685.0,8493.0,,,0.4321,0.0906,10247,17042,,,9069.0,3395.0,,,0.0,36845.0
Southern Oregon University,Ashland,OR,97520,1,12093.0,30723.0,25950.0,16470.0,,,0.2434,0.2707,15000,20332,0.8266,,9114.0,2911.0,0.4418,0.6757,0.0,49175.0
Southwestern Oregon Community College,Coos Bay,OR,97420-2193,1,6840.0,6840.0,16303.0,8815.0,,,0.3612,0.1919,8303,12000,,,7332.0,1199.0,,,0.0,38349.0
Treasure Valley Community College,Ontario,OR,97914,1,6210.0,6660.0,13643.0,5441.0,,,0.4447,0.2506,9200,12000,,,6059.0,928.0,,,0.0,36738.0
Umpqua Community College,Roseburg,OR,97470-0226,1,5909.0,5909.0,17613.0,10168.0,,,0.317,0.1647,5095,9000,,,8167.0,1974.0,,,0.0,36676.0
Warner Pacific University,Portland,OR,97215,2,21010.0,21010.0,32975.0,,18818.0,,0.464,0.6126,20250,25000,0.5855,,7337.0,344.0,0.8209,0.7742,0.0,55204.0
Corban University,Salem,OR,97317-9392,2,37208.0,37208.0,50556.0,,25525.0,,0.281,0.43,17951,22625,0.8974,,6681.0,636.0,0.6103,0.8151,0.0,48917.0
Western Seminary,Portland,OR,97215-3367,2,,,,,,,,,PS,PS,,,6719.0,,,,0.0,
Willamette University,Salem,OR,97301,2,48268.0,48268.0,62112.0,,23663.0,,0.218,0.4111,18913,21500,0.7911,1339.0,10914.0,1525.0,0.7273,0.8642,0.0,56911.0
Western Oregon University,Monmouth,OR,97361-1394,1,11025.0,30735.0,23975.0,18290.0,,,0.4,0.7364,15000,20609,0.9869,1057.0,7313.0,3211.0,0.4483,0.7635,0.0,51815.0
University of Western States,Portland,OR,97213,2,,,,,,,0.0,0.0,PS,PS,,,7525.0,0.0,,,0.0,27382.0
Bryn Athyn College of the New Church,Bryn Athyn,PA,19009-0717,2,27804.0,27804.0,39685.0,,19600.0,,0.4632,0.6507,13500,22250,0.742,1174.0,7657.0,273.0,0.4632,0.6579,0.0,40457.0
Academy of Vocal Arts,Philadelphia,PA,19103-6685,2,,,,,,,,,,,,,,,,,,
Albright College,Reading,PA,19612-5234,2,28794.0,28794.0,44381.0,,21664.0,,0.5039,0.7833,23250,27000,0.8615,,6670.0,1296.0,0.4215,0.6309,0.0,58700.0
All-State Career School,Essington,PA,19029,3,,,,,19820.0,12092.0,0.6713,0.6143,6333,6333,,,5174.0,831.0,,,0.0,38495.0
Community College of Allegheny County,Pittsburgh,PA,15233-1895,1,4842.0,12583.0,13905.0,8166.0,,,0.2925,0.1208,7132,12680,,,6643.0,9305.0,,,0.0,39449.0
Allegheny College,Meadville,PA,16335-3902,2,54960.0,54960.0,70614.0,,21900.0,,0.2515,0.7123,25017,27000,0.5853,1292.0,8452.0,1209.0,0.6653,0.8438,0.0,62069.0
The  Beauty Institute,Whitehall,PA,18052,3,,,,,15131.0,18050.0,0.8108,0.8378,7968,10763,,,,61.0,,,0.0,23580.0
DeSales University,Center Valley,PA,18034-9568,2,44800.0,44800.0,59409.0,,30465.0,,0.2288,0.6387,20000,25788,0.7858,1199.0,8817.0,2113.0,0.7102,0.8059,0.0,61295.0
Altoona Beauty School Inc,Altoona,PA,16602-6039,3,,,,,28134.0,16625.0,0.1296,0.5802,4750,4750,,,,80.0,,,0.0,24246.0
Alvernia University,Reading,PA,19607-1799,2,42810.0,42810.0,54650.0,,28329.0,,0.337,0.8186,20500,27000,0.6232,1160.0,7924.0,2042.0,0.5849,0.7264,0.0,55055.0
The Beauty Institute-Ambler,Ambler,PA,19002,3,,,,,17231.0,18050.0,0.8247,0.9278,8028,9583,,,,152.0,,,0.0,24785.0
American College of Financial Services,King of Prussia,PA,19406,2,,,,,,,0.0,0.0,,,,,11362.0,3963.0,,,,
Automotive Training Center-Exton,Exton,PA,19341-1310,3,,,,,11732.0,43800.0,0.5448,0.4659,12661,15665,,,,364.0,,,0.0,51112.0
Clarks Summit University,Clarks Summit,PA,18411-1250,2,32400.0,32400.0,41062.0,,21873.0,,0.4851,0.3856,14500,18034,0.901,,3626.0,331.0,0.5417,0.629,0.0,38818.0
Community College of Beaver County,Monaca,PA,15061-2588,1,7290.0,19890.0,11329.0,6980.0,,,0.2531,0.2385,9500,14923,,,5910.0,1092.0,,,0.0,45090.0
Arcadia University,Glenside,PA,19038-3295,2,48290.0,48290.0,61240.0,,25866.0,,0.2765,0.6551,21852,27000,0.7919,1210.0,8734.0,1799.0,0.6401,0.8054,0.0,58336.0
Missio Theological Seminary,Philadelphia,PA,19123,2,,,,,,,,,,,,,,,,,0.011,
Bryn Mawr College,Bryn Mawr,PA,19010,2,62560.0,62560.0,79380.0,,40690.0,,0.1434,0.4776,21441,25000,0.3106,1404.0,11943.0,1346.0,0.8559,0.8965,0.0,75217.0
Bucknell University,Lewisburg,PA,17837,2,64772.0,64772.0,79956.0,,40429.0,,0.111,0.3413,23250,27000,0.3201,1389.0,12727.0,3818.0,0.8623,0.9584,0.0,93807.0
Bucks County Community College,Newtown,PA,18940-4106,1,5021.0,13421.0,12901.0,7561.0,,,0.2209,0.0966,8250,12000,,,7437.0,5199.0,,,0.0,47324.0
Bucks County School of Beauty Culture Inc,Feasterville,PA,19053-7368,3,,,,,20792.0,16999.0,0.2878,0.4245,7709,PS,,,,112.0,,,0.0,27341.0
Butler Beauty Academy,Butler,PA,16001,3,,,,,10413.0,15100.0,0.2195,0.2439,7481,7500,,,,14.0,,,0.0,23003.0
Butler County Community College,Butler,PA,16002,1,5610.0,11700.0,11152.0,6075.0,,,0.3477,0.1694,5500,10020,,,7483.0,1882.0,,,0.0,38891.0
Cabrini University,Radnor,PA,19087-3698,2,35815.0,35815.0,49764.0,,24051.0,,0.3702,0.6796,19500,26000,0.6919,1145.0,7414.0,645.0,0.5052,0.4574,,59038.0
Carlow University,Pittsburgh,PA,15213-3165,2,34502.0,34502.0,46864.0,,20822.0,,0.4122,0.684,21513,25500,0.871,,7616.0,1336.0,0.5519,0.7772,0.0,51051.0
Carnegie Mellon University,Pittsburgh,PA,15213-3890,2,63829.0,63829.0,80514.0,,31671.0,,0.1521,0.355,20250,21750,0.114,1545.0,13724.0,7187.0,0.9252,0.9701,0.0,114862.0
Cedar Crest College,Allentown,PA,18104-6196,2,44934.0,44934.0,56240.0,,22909.0,,0.3861,0.7114,23044,27000,0.9913,1070.0,7128.0,857.0,0.5822,0.7669,0.0,59460.0
Central Penn College,Summerdale,PA,17093-0309,3,19404.0,19404.0,28251.0,,19279.0,,0.4266,0.6365,13035,23194,0.2593,,5355.0,721.0,0.3889,0.6429,0.0,45370.0
Chatham University,Pittsburgh,PA,15232,2,43810.0,43810.0,56981.0,,25717.0,,0.2108,0.6364,18326,23250,0.7011,1205.0,7898.0,1252.0,0.662,0.7869,0.0,52410.0
Chestnut Hill College,Philadelphia,PA,19118-2693,2,39410.0,39410.0,57980.0,,29944.0,,0.4732,0.7381,20782,26389,0.7913,,5846.0,931.0,0.561,0.6667,0.0,52015.0
Cheyney University of Pennsylvania,Cheyney,PA,19319-0200,1,10904.0,18870.0,24881.0,9837.0,,,0.4103,0.3343,13000,21785,,,10172.0,721.0,0.1616,0.6823,0.0,37837.0
Citizens School of Nursing,Tarentum,PA,15084,2,,,,,26072.0,36496.0,0.3448,0.7586,12000,15250,1.0,,,115.0,,,0.0,69939.0
DLP Conemaugh Memorial Medical Center,Johnstown,PA,15905-4398,3,,,,,21861.0,32489.0,0.2346,0.3128,12000,12000,0.4333,1040.0,,108.0,,,0.0,65740.0
Curtis Institute of Music,Philadelphia,PA,19103,2,6000.0,6000.0,,,,,0.0097,0.0,PS,PS,0.0695,,8534.0,106.0,0.9474,0.9697,0.0,
Delaware County Community College,Media,PA,19063-1094,1,6660.0,14940.0,12957.0,7395.0,,,0.398,0.4947,8176,13250,,,10123.0,7065.0,,,0.0,45391.0
Delaware Valley University,Doylestown,PA,18901-2697,2,43300.0,43300.0,58661.0,,27243.0,,0.2921,0.7389,17500,25000,0.9249,1180.0,9062.0,1644.0,0.522,0.6606,0.0,55838.0
Dickinson College,Carlisle,PA,17013-2896,2,63475.0,63475.0,80329.0,,32191.0,,0.1365,0.4009,17294,19000,0.4308,,9906.0,2157.0,0.8342,0.8872,0.0,70204.0
Douglas Education Center,Monessen,PA,15062,3,18950.0,18950.0,32224.0,,26922.0,,0.4798,0.7222,12000,12000,,,4518.0,200.0,,,0.0,30814.0
Drexel University,Philadelphia,PA,19104,2,60663.0,60663.0,75167.0,,38428.0,,0.2516,0.4909,20204,25325,0.7753,1337.0,12169.0,13509.0,0.7712,0.8957,0.0,84648.0
Duquesne University,Pittsburgh,PA,15282,2,47146.0,47146.0,63042.0,,34978.0,,0.1814,0.5747,23500,26244,0.7885,1257.0,9931.0,5216.0,0.7555,0.8647,0.0,74742.0
East Stroudsburg University of Pennsylvania,East Stroudsburg,PA,18301-2999,1,11036.0,19002.0,24369.0,15089.0,,,0.3987,0.577,16750,24218,0.9288,1078.0,10540.0,4611.0,0.4383,0.7098,0.0,56148.0
Eastern University,Saint Davids,PA,19087-3696,2,37420.0,37420.0,53293.0,,25885.0,,0.3566,0.5617,18000,25000,0.9362,,5500.0,1978.0,0.5596,0.7059,0.0,51655.0
Elizabethtown College,Elizabethtown,PA,17022-2298,2,36842.0,36842.0,49318.0,,26198.0,,0.1917,0.6661,26000,27000,0.7677,1190.0,9015.0,1815.0,0.7707,0.8416,0.0,62399.0
Empire Beauty School-Lebanon,Lebanon,PA,17042,3,,,,,18220.0,17500.0,0.4727,0.5273,6633,10667,,,,33.0,,,0.001,22377.0
Empire Beauty School-York,York,PA,17402,3,,,,,18035.0,17500.0,0.5,0.6301,7851,10667,,,,95.0,,,0.0,23921.0
Empire Beauty School-Lancaster,Lancaster,PA,17603,3,,,,,16660.0,17000.0,0.4959,0.5854,8028,13000,,,,87.0,,,0.0,25073.0
Empire Beauty School-Shamokin Dam,Shamokin Dam,PA,17876,3,,,,,17699.0,17500.0,0.4537,0.537,8028,13000,,,,75.0,,,0.0,25073.0
Empire Beauty School-Pottsville,Pottsville,PA,17901,3,,,,,17399.0,17500.0,0.549,0.6275,6333,10231,,,,56.0,,,0.0,23589.0
Empire Beauty  School-Lehigh Valley,Whitehall,PA,18052,3,,,,,18671.0,17000.0,0.5802,0.6667,8028,13000,,,,133.0,,,0.0,25073.0
Empire Beauty School-Gwinnett,Lawrenceville,GA,30044-3045,3,,,,,15507.0,19260.0,0.5926,0.5,6333,10231,,,,75.0,,,0.0,23589.0
Empire Beauty School-Wyoming Valley,Moosic,PA,18507,3,,,,,17467.0,17500.0,0.512,0.5263,7851,10667,,,,137.0,,,0.0,23921.0
Empire Beauty School-Harrisburg,Harrisburg,PA,17109,3,,,,,17299.0,17000.0,0.5302,0.5991,6633,10667,,,,150.0,,,0.001,22377.0
Empire Beauty School-Reading,Reading,PA,19605,3,,,,,18390.0,17500.0,0.5699,0.6774,7851,10667,,,,76.0,,,0.0,23921.0
Erie Institute of Technology Inc,Erie,PA,16565,3,15768.0,15768.0,25406.0,,19173.0,,0.5071,0.6786,8835,10738,,,4386.0,183.0,,,0.0,41951.0
Franklin and Marshall College,Lancaster,PA,17604-3003,2,68380.0,68380.0,83184.0,,39061.0,,0.1668,0.4422,19000,19000,0.3183,1394.0,11449.0,1904.0,0.8602,0.8501,0.0,76124.0
Gannon University,Erie,PA,16541-0001,2,37951.0,37951.0,51236.0,,23206.0,,0.22,0.5332,23031,27000,0.767,,8466.0,2467.0,0.6954,0.7604,0.0,58845.0
Geneva College,Beaver Falls,PA,15010-3599,2,33610.0,33610.0,43064.0,,21043.0,,0.3179,0.8531,18907,25198,,,7304.0,1000.0,0.6146,0.8102,0.0,50004.0
Gettysburg College,Gettysburg,PA,17325,2,64230.0,64230.0,80400.0,,30086.0,,0.2099,0.5061,23250,26999,0.4751,1350.0,9972.0,2209.0,0.8273,0.8991,0.0,71517.0
Empire Beauty School-NE Philadelphia,Philadelphia,PA,19154,3,,,,,17950.0,17000.0,0.4615,0.5,7050,13583,,,,119.0,,,0.0,24407.0
Gratz College,Melrose Park,PA,19027,2,,,,,,,0.0079,0.0079,PS,PS,,,5526.0,158.0,,,0.0,
Grove City College,Grove City,PA,16127-2104,2,20890.0,20890.0,,,,,0.0,0.0,,,0.734,1261.0,,2221.0,0.7972,0.8785,,
Gwynedd Mercy University,Gwynedd Valley,PA,19437-0901,2,38310.0,38310.0,53359.0,,27141.0,,0.2996,0.6317,23256,25000,0.9361,1110.0,7578.0,1141.0,0.5849,0.7832,0.0,67145.0
Harcum College,Bryn Mawr,PA,19010-3476,2,29900.0,29900.0,42113.0,,24791.0,,0.5341,0.656,12000,18440,,,5651.0,904.0,,,0.0,46827.0
Harrisburg Area Community College,Harrisburg,PA,17110-2999,1,7373.0,11400.0,16636.0,12117.0,,,0.3288,0.3278,9500,17500,,,7343.0,9802.0,,,0.0,42007.0
Haverford College,Haverford,PA,19041-1392,2,68300.0,68300.0,84605.0,,25210.0,,0.1407,0.0823,12000,13621,0.1291,1498.0,11142.0,1421.0,0.894,0.9365,0.0,79966.0
Commonwealth Technical Institute,Johnstown,PA,15905,2,7714.0,7714.0,20826.0,,12882.0,,0.4681,0.0,PS,PS,,,6873.0,132.0,,,,21632.0
Holy Family University,Philadelphia,PA,19114-2009,2,33968.0,33968.0,38965.0,,12251.0,,0.3971,0.7376,21175,25125,0.7422,1030.0,7979.0,2298.0,0.6039,0.8308,0.0,62235.0
Immaculata University,Immaculata,PA,19345,2,28550.0,28550.0,45416.0,,29464.0,,0.2139,0.5374,19560,27000,0.7845,1163.0,4902.0,1265.0,0.6447,0.795,0.0,75701.0
Indiana University of Pennsylvania-Main Campus,Indiana,PA,15705-1098,1,11380.0,16297.0,26405.0,17216.0,,,0.3576,0.6549,19995,26798,0.912,1052.0,11251.0,6893.0,0.5239,0.7103,0.0,51019.0
UPMC Jameson School of Nursing,New Castle,PA,16105,2,15498.0,15498.0,28667.0,,22014.0,,0.3275,0.6257,9500,12000,0.7414,,,332.0,,,0.0,70472.0
Great Lakes Institute of Technology,Erie,PA,16509-2482,3,,,,,18299.0,22500.0,0.6813,0.7778,9014,11250,,,4918.0,303.0,,,0.0,28704.0
Johnson College,Scranton,PA,18508-1495,2,20733.0,20733.0,24902.0,,19826.0,,0.4573,0.7901,12000,12000,0.965,1020.0,5624.0,549.0,,,0.0,55194.0
Juniata College,Huntingdon,PA,16652-2196,2,56402.0,56402.0,69241.0,,27663.0,,0.2621,0.6675,23858,27000,0.7165,1185.0,8913.0,1175.0,0.6891,0.7703,0.0,56918.0
Keystone College,La Plume,PA,18440-0200,2,17850.0,17850.0,31742.0,,21461.0,,0.4481,0.884,16250,26000,0.796,1030.0,5591.0,870.0,0.4116,0.6136,0.0,44976.0
King's College,Wilkes-Barre,PA,18711-0801,2,42600.0,42600.0,56991.0,,23281.0,,0.2729,0.6756,22847,27000,0.932,1150.0,8854.0,1519.0,0.601,0.7713,0.0,59498.0
Butler Beauty Academy-Kittanning Beauty Academy,Kittanning,PA,16201,3,,,,,8909.0,15100.0,0.1429,0.119,7481,7500,,,,39.0,,,0.0,23003.0
Kutztown University of Pennsylvania,Kutztown,PA,19530-0730,1,11230.0,16434.0,28876.0,21205.0,,,0.3063,0.6251,20000,26000,0.9483,1170.0,10647.0,6348.0,0.5411,0.748,0.0,53775.0
La Roche University,Pittsburgh,PA,15237-5898,2,33120.0,33120.0,45623.0,,21972.0,,0.1386,0.2547,19470,25000,0.7761,1140.0,7270.0,786.0,0.5766,0.728,0.0,52341.0
La Salle University,Philadelphia,PA,19141-1199,2,35570.0,35570.0,45046.0,,21409.0,,0.3264,0.4515,17500,25000,0.8619,,9325.0,1966.0,0.579,0.6937,0.0,67416.0
Lackawanna College,Scranton,PA,18509-3206,2,17950.0,17950.0,28849.0,,24449.0,,0.5814,0.7334,11500,18075,,,4253.0,1837.0,0.3773,1.0,0.0,41000.0
Lafayette College,Easton,PA,18042-1768,2,62574.0,62574.0,78854.0,,32496.0,,0.103,0.2114,14000,16000,0.3147,1419.0,12573.0,2746.0,0.8805,0.9207,0.0,91410.0
Lancaster Bible College,Lancaster,PA,17601-5036,2,29990.0,29990.0,40813.0,,22870.0,,0.3047,0.5272,15000,20500,0.9519,1161.0,6017.0,1511.0,0.7143,0.7485,0.0,44096.0
Lancaster Theological Seminary,Lancaster,PA,17603-2897,2,,,,,,,,,PS,PS,,,8339.0,,,,0.0,
Lancaster School of Cosmetology & Therapeutic Bodywork,Lancaster,PA,17602,3,,,,,12358.0,13600.0,0.2553,0.5886,3167,3167,,,,393.0,,,0.0,29738.0
Lansdale School of Business,North Wales,PA,19454-4114,3,11850.0,11850.0,28997.0,,24539.0,,0.6222,0.7333,9833,13492,,,4705.0,87.0,,,0.0,37442.0
Lansdale School of Cosmetology Inc,Lansdale,PA,19446-2003,3,,,,,16884.0,17812.0,0.0435,0.2029,PS,PS,,,,40.0,,,0.0,25019.0
Lebanon Valley College,Annville,PA,17003-1400,2,50320.0,50320.0,63990.0,,28132.0,,0.2193,0.7023,21000,27000,0.7453,1190.0,8256.0,1670.0,0.7251,0.8251,0.0,62621.0
Lehigh Carbon Community College,Schnecksville,PA,18078-2598,1,5215.0,13205.0,15075.0,9568.0,,,0.3306,0.222,6000,11000,,,7018.0,4465.0,,,0.0,42436.0
Miller-Motte College-Berks Technical Institute,Wyomissing,PA,19610-1168,3,,,,,,5000.0,0.5345,0.5737,10661,15917,,,4220.0,433.0,,,0.0,31102.0
Lehigh University,Bethlehem,PA,18015,2,62180.0,62180.0,77515.0,,33549.0,,0.178,0.3752,19500,21960,0.2926,1432.0,15047.0,5803.0,0.8921,0.9271,0.0,105584.0
Lincoln Technical Institute-Allentown,Allentown,PA,18104-9889,3,,,,,36307.0,32043.0,0.6402,0.7751,9500,11250,,,6330.0,529.0,,,0.0,38683.0
Lincoln Technical Institute-Philadelphia,Philadelphia,PA,19136,3,,,,,28399.0,31430.0,0.7267,0.8256,9500,11250,,,5923.0,374.0,,,0.0,38683.0
Lincoln University,Lincoln University,PA,19352-0999,1,12512.0,19384.0,27358.0,12912.0,,,0.663,0.8347,22862,28250,0.7837,984.0,9522.0,1712.0,0.5212,0.7053,0.0,43167.0
UPMC St. Margaret School of Nursing,Pittsburgh,PA,15238-3250,2,16190.0,16190.0,25446.0,,19096.0,,0.3125,0.4464,12000,15667,0.8571,,,91.0,,,0.0,67327.0
United Lutheran Seminary,Gettysburg,PA,17325-1795,2,,,,,,,,,PS,PS,,,8918.0,,,,0.008,
Luzerne County Community College,Nanticoke,PA,18634,1,6450.0,15810.0,14995.0,10228.0,,,0.3543,0.2851,5500,11000,,,6711.0,3241.0,,,0.0,40437.0
Lycoming College,Williamsport,PA,17701-5192,2,47675.0,47675.0,61526.0,,19258.0,,0.4013,0.7274,23500,27000,0.6788,1169.0,7448.0,1049.0,0.5957,0.8237,0.0,56210.0
Manor College,Jenkintown,PA,19046-3399,2,19964.0,19964.0,27178.0,,16521.0,,0.4871,0.6398,11250,19000,0.9576,820.0,5653.0,462.0,0.2442,0.3333,0.0,46825.0
Marywood University,Scranton,PA,18509-1598,2,39570.0,39570.0,52673.0,,22222.0,,0.2919,0.7824,23235,26186,0.8371,1153.0,7688.0,1821.0,0.7252,0.8488,0.001,55817.0
Vet Tech Institute,Pittsburgh,PA,15222-3400,3,16920.0,16920.0,23551.0,,17585.0,,0.5442,0.8419,12292,13623,0.7282,,5302.0,199.0,,,0.0,34583.0
Roxborough Memorial Hospital School of Nursing,Philadelphia,PA,19128,3,,,,,,,0.477,0.9138,15306,20000,,,,144.0,,,0.0,79323.0
Mercyhurst University,Erie,PA,16546,2,44510.0,44510.0,57948.0,,27263.0,,0.2989,0.6738,19500,25305,0.8323,,7244.0,2217.0,0.5873,0.776,0.0,47452.0
Messiah University,Mechanicsburg,PA,17055,2,40640.0,40640.0,53939.0,,27686.0,,0.2,0.5828,21911,25621,0.7848,1214.0,8993.0,2318.0,0.785,0.8535,0.0,54064.0
ASPIRA City College,Philadelphia,PA,19140-2302,2,12147.0,12147.0,25145.0,,15727.0,,0.7273,0.4545,PS,PS,1.0,,4363.0,12.0,,,0.0,34857.0
Millersville University of Pennsylvania,Millersville,PA,17551-0302,1,12262.0,16232.0,27086.0,20231.0,,,0.2669,0.5249,17220,23507,0.8941,1120.0,10859.0,5610.0,0.544,0.7804,0.0,55246.0
Misericordia University,Dallas,PA,18612-1098,2,38370.0,38370.0,51023.0,,24829.0,,0.1903,0.737,24854,26973,0.8489,,8336.0,1632.0,0.692,0.7956,0.0,64313.0
Montgomery County Community College,Blue Bell,PA,19422-0796,1,6270.0,16230.0,14571.0,9930.0,,,0.288,0.4634,7250,12349,,,7520.0,7181.0,,,0.0,46108.0
Moore College of Art and Design,Philadelphia,PA,19103-1179,2,50279.0,50279.0,68583.0,,43369.0,,0.4085,0.8423,20500,26000,0.6051,1303.0,7939.0,390.0,0.6344,0.8142,0.0,37839.0
Moravian University,Bethlehem,PA,18018-6650,2,52000.0,52000.0,64260.0,,29843.0,,0.2679,0.739,22000,26793,0.54,1154.0,8029.0,1970.0,0.7107,0.8113,0.0,61860.0
Mount Aloysius College,Cresson,PA,16630-1999,2,26156.0,26156.0,38533.0,,20748.0,,0.1599,0.3213,16980,24287,0.9041,1034.0,7299.0,1123.0,0.5556,0.7099,0.0,46165.0
Muhlenberg College,Allentown,PA,18104,2,60240.0,60240.0,73782.0,,30314.0,,0.2098,0.5542,22000,25455,0.6401,1327.0,9077.0,1777.0,0.8025,0.8905,0.0,69107.0
Neumann University,Aston,PA,19014-1298,2,37300.0,37300.0,56670.0,,28714.0,,0.4233,0.7039,19630,27000,0.764,,7455.0,1574.0,0.4611,0.6939,0.0,57817.0
New Castle School of Trades,New Castle,PA,16101,3,,,,,6981.0,23310.0,0.6205,0.5427,8315,9567,,,3581.0,623.0,,,0.0,44814.0
Northampton County Area Community College,Bethlehem,PA,18020-7599,1,5310.0,14730.0,16211.0,10666.0,,,0.3843,0.2638,9500,15495,,,7764.0,7512.0,,,0.0,41566.0
Heritage Valley Health System School of Nursing,McKees Rocks,PA,15136,2,22100.0,22100.0,,,,,0.0256,0.0769,8250,PS,0.4128,,,52.0,,,0.0,79831.0
Orleans Technical College,Philadelphia,PA,19114-1014,2,,,,,17627.0,18745.0,0.4887,0.5955,7521,7521,0.5039,,,245.0,,,0.0,38668.0
Salus University,Elkins Park,PA,19027-6262,2,,,,,,,,,PS,PS,,,9039.0,,,,0.0,
Pennsylvania Institute of Technology,Media,PA,19063-4098,2,14445.0,14445.0,22163.0,,16685.0,,0.7834,0.9186,6334,16500,,,6889.0,661.0,0.3258,,0.0,35703.0
Pennsylvania State University-Penn State Erie-Behrend College,Erie,PA,16563-0001,1,15944.0,26668.0,32038.0,22951.0,,,0.2666,0.5671,19500,25000,0.9571,1213.0,9865.0,3172.0,0.457,0.823,0.0,63435.0
Pennsylvania State University-Penn State Great Valley,Malvern,PA,19355-1488,1,,,,,,,,,19500,25000,,,12982.0,,,,0.0,63435.0
Pennsylvania State University-Penn State New Kensington,New Kensington,PA,15068-1765,1,14380.0,23872.0,27036.0,19522.0,,,0.3152,0.5435,19500,25000,0.9331,1133.0,8676.0,423.0,0.2443,0.7672,0.0,63435.0
Pennsylvania State University-Penn State Shenango,Sharon,PA,16146-1537,1,14002.0,23310.0,26545.0,14259.0,,,0.4057,0.4448,19500,25000,0.9091,1170.0,8010.0,261.0,0.2295,0.52,0.0,63435.0
Pennsylvania State University-Penn State Wilkes-Barre,Dallas,PA,18627-0217,1,14258.0,23750.0,24604.0,15775.0,,,0.3829,0.5592,19500,25000,0.9453,1145.0,8483.0,338.0,0.1667,0.7934,0.0,63435.0
Pennsylvania State University-Penn State Scranton,Dunmore,PA,18512-1602,1,15180.0,25118.0,27126.0,18934.0,,,0.4331,0.5783,19500,25000,0.9487,1190.0,9215.0,821.0,0.3189,0.7545,0.0,63435.0
Pennsylvania State University-Penn State Lehigh Valley,Center Valley,PA,18034-8447,1,15180.0,25118.0,26918.0,19324.0,,,0.3311,0.4718,19500,25000,0.9421,1212.0,8065.0,902.0,0.1736,0.8161,0.0,63435.0
Pennsylvania State University-Penn State Altoona,Altoona,PA,16601-3777,1,15944.0,26668.0,31725.0,24704.0,,,0.2584,0.5537,19500,25000,0.9731,1163.0,8804.0,2412.0,0.1784,0.7706,0.0,63435.0
Pennsylvania State University-Penn State Beaver,Monaca,PA,15061-2764,1,14380.0,23872.0,27587.0,18657.0,,,0.3352,0.5785,19500,25000,0.922,1191.0,9300.0,491.0,0.212,0.756,0.0,63435.0
Pennsylvania State University-Penn State Berks,Reading,PA,19610-1016,1,15944.0,26668.0,31853.0,24581.0,,,0.2873,0.5374,19500,25000,0.9713,1219.0,9584.0,1887.0,0.2441,0.7748,0.0,63435.0
Pennsylvania State University-Penn State Harrisburg,Middletown,PA,17057-4846,1,15944.0,26668.0,32029.0,23478.0,,,0.2609,0.4329,19500,25000,0.9639,1218.0,10578.0,4154.0,0.2926,0.8153,0.0,63435.0
Pennsylvania State University-Penn State Brandywine,Media,PA,19063-5522,1,15180.0,25118.0,30201.0,22518.0,,,0.3478,0.5192,19500,25000,0.9533,1211.0,9205.0,1218.0,0.2133,0.7237,0.0,63435.0
Pennsylvania State University-Penn State DuBois,DuBois,PA,15801-2549,1,14380.0,23872.0,28775.0,18192.0,,,0.2541,0.5328,19500,25000,0.9252,1130.0,8567.0,316.0,0.2901,0.7887,0.0,63435.0
Pennsylvania State University-Penn State Fayette- Eberly,Lemont Furnace,PA,15456-1025,1,14380.0,23872.0,26727.0,19450.0,,,0.3538,0.6014,19500,25000,0.9166,1160.0,8500.0,415.0,0.3352,0.7368,0.0,63435.0
Pennsylvania State University-Penn State Hazleton,Hazleton,PA,18202-8025,1,15180.0,25118.0,29977.0,20062.0,,,0.4778,0.6469,19500,25000,0.9104,1200.0,9648.0,508.0,0.1791,0.7239,0.0,63435.0
Pennsylvania State University-Main Campus,University Park,PA,16802-1503,1,20234.0,40188.0,39160.0,32598.0,,,0.1327,0.3986,19500,25000,0.5422,1316.0,12420.0,41862.0,0.8568,0.9195,0.0,63435.0
Pennsylvania State University-Penn State Greater Allegheny,McKeesport,PA,15132-7644,1,14380.0,23872.0,26295.0,14721.0,,,0.4353,0.6391,19500,25000,0.9466,1125.0,9300.0,360.0,0.2743,0.6937,0.0,63435.0
Pennsylvania State University-Penn State Mont Alto,Mont Alto,PA,17237-9700,1,14380.0,23872.0,28851.0,19993.0,,,0.2612,0.5239,19500,25000,0.903,1170.0,9033.0,547.0,0.2512,0.75,0.0,63435.0
Pennsylvania State University-Penn State Abington,Abington,PA,19001-3918,1,15240.0,25388.0,27516.0,17818.0,,,0.3835,0.4841,19500,25000,0.9203,1179.0,8869.0,3074.0,0.2222,0.7708,0.0,63435.0
Pennsylvania State University-Penn State Schuylkill,Schuylkill Haven,PA,17972-2202,1,15180.0,25118.0,29057.0,21228.0,,,0.3756,0.6742,19500,25000,0.9105,1060.0,8411.0,617.0,0.2069,0.8194,0.0,63435.0
Pennsylvania State University-Penn State York,York,PA,17403-3326,1,15180.0,25118.0,26812.0,18922.0,,,0.2785,0.4895,19500,25000,0.922,1170.0,9565.0,668.0,0.1143,0.7742,0.0,63435.0
Peirce College,Philadelphia,PA,19103-5443,2,15060.0,15060.0,18260.0,,12905.0,,0.5236,0.6155,21875,31250,,,8198.0,789.0,0.0526,0.0,0.0,50660.0
Penn Commercial Business/Technical School,Washington,PA,15301-6822,3,13654.0,13654.0,22653.0,,17147.0,,0.4486,0.4486,8904,11638,0.7333,,4550.0,223.0,,,0.0,31736.0
Pennco Tech-Bristol,Bristol,PA,19007,3,,,,,20710.0,18750.0,0.555,0.4438,6333,7917,,,5022.0,603.0,,,0.0,43493.0
Pennsylvania Academy of the Fine Arts,Philadelphia,PA,19102-1510,2,44600.0,44600.0,64035.0,,45022.0,,0.3246,0.4737,19500,22309,0.875,,5875.0,99.0,0.6757,0.8333,0.0,29881.0
Pennsylvania Gunsmith School,Pittsburgh,PA,15202-2637,3,,,,,30056.0,34320.0,0.3778,0.3667,12000,PS,,,,68.0,,,0.0,40747.0
Cortiva Institute,King of Prussia,PA,19406,3,,,,,32388.0,13044.0,0.2688,0.3262,8093,8677,,,,137.0,,,0.0,32094.0
Pennsylvania College of Art and Design,Lancaster,PA,17608-0059,2,31370.0,31370.0,41394.0,,29266.0,,0.4612,0.7755,23980,27000,0.4594,,4581.0,312.0,0.6377,0.8254,0.0,33301.0
University of Pennsylvania,Philadelphia,PA,19104-6303,2,66104.0,66104.0,85738.0,,31229.0,,0.1572,0.1005,14000,15715,0.0587,1545.0,21073.0,10768.0,0.9681,0.981,0.0,111371.0
University of the Arts,Philadelphia,PA,19102-4901,2,54290.0,54290.0,70834.0,,44154.0,,0.3342,0.8658,23250,27000,0.782,,7188.0,1064.0,0.6919,0.8066,,38252.0
Cairn University-Langhorne,Langhorne,PA,19047-2990,2,32625.0,32625.0,45473.0,,29577.0,,0.3024,0.7927,17063,26926,0.8356,1154.0,6263.0,782.0,0.6516,0.8374,0.0,44172.0
Philadelphia College of Osteopathic Medicine,Philadelphia,PA,19131,2,,,,,,,,,PS,PS,,,,,,,0.0,138767.0
Community College of Philadelphia,Philadelphia,PA,19130-3991,1,4632.0,12440.0,19070.0,13306.0,,,0.5325,0.2954,5500,10750,,,7798.0,11312.0,,,0.0,40852.0
University of Pittsburgh-Bradford,Bradford,PA,16701,1,14620.0,26494.0,29488.0,16630.0,,,0.46,0.6853,20500,24250,0.9081,1168.0,8556.0,980.0,0.4344,0.6125,0.0,66125.0
University of Pittsburgh-Greensburg,Greensburg,PA,15601-5860,1,14630.0,26504.0,28514.0,17034.0,,,0.3788,0.6099,20500,24250,0.9792,1172.0,7565.0,1322.0,0.3963,0.6773,0.0,66125.0
University of Pittsburgh-Johnstown,Johnstown,PA,15904,1,14646.0,26520.0,28501.0,18952.0,,,0.2912,0.6079,20500,24250,0.959,1158.0,7839.0,1934.0,0.5345,0.7603,0.0,66125.0
University of Pittsburgh-Pittsburgh Campus,Pittsburgh,PA,15260,1,21524.0,39890.0,36707.0,30074.0,,,0.1378,0.3717,20500,24250,0.497,1371.0,11288.0,20189.0,0.8434,0.924,0.0,66125.0
University of Pittsburgh-Titusville,Titusville,PA,16354,1,11918.0,22210.0,24265.0,13017.0,,,0.5217,0.7826,20500,24250,0.4464,,7945.0,28.0,,,0.0,66125.0
Pittsburgh Institute of Aeronautics,West Mifflin,PA,15122,2,17725.0,17725.0,35447.0,,31389.0,,0.3771,0.6044,12000,12230,,,4672.0,591.0,,,0.0,66642.0
Pittsburgh Institute of Mortuary Science Inc,Pittsburgh,PA,15206-3706,2,,,,,,26075.0,0.2518,0.5228,15009,19295,0.4898,,4119.0,369.0,,,0.0,53524.0
Pittsburgh Technical College,Oakdale,PA,15071,2,18980.0,18980.0,33969.0,,25754.0,,0.4531,0.7195,13166,17416,,,5739.0,822.0,0.5309,0.9231,,40770.0
Pittsburgh Theological Seminary,Pittsburgh,PA,15206-2596,2,,,,,,,,,PS,PS,,,11119.0,,,,0.036,
Point Park University,Pittsburgh,PA,15222-1984,2,38160.0,38160.0,50133.0,,24791.0,,0.3707,0.7477,20957,27000,0.9788,1142.0,9278.0,2320.0,0.5956,0.7081,0.0,45856.0
Joseph F McCloskey School of Nursing,Pottsville,PA,17901,2,,,,,,,0.4219,0.9063,14000,14400,,,,55.0,,,0.0,86138.0
The Salon Professional Academy-Altoona,Altoona,PA,16601-2419,3,,,,,20533.0,16150.0,0.3571,0.619,6333,6333,,,,66.0,,,0.0,20809.0
Reading Area Community College,Reading,PA,19603,1,6270.0,12030.0,14368.0,8039.0,,,0.4269,0.1769,8250,8750,,,6484.0,3338.0,,,0.0,39082.0
Reading Hospital School of Health Sciences,Reading,PA,19611,2,11915.0,11915.0,22775.0,,18616.0,,0.3822,0.6216,17250,20885,0.2041,,,270.0,,,0.0,74572.0
Reconstructionist Rabbinical College,Wyncote,PA,19095-1898,2,,,,,,,,,,,,,7333.0,,,,0.045,
Walnut Hill College,Philadelphia,PA,19104,3,23550.0,23550.0,35489.0,,33578.0,,0.3315,0.875,12000,18765,0.95,,5543.0,127.0,0.6,0.3636,0.0,36689.0
Robert Morris University,Moon Township,PA,15108-1189,2,34940.0,34940.0,51075.0,,25747.0,,0.2209,0.463,23250,26950,0.9057,,13134.0,2866.0,0.6555,0.8376,0.0,62105.0
Rosedale Technical College,Pittsburgh,PA,15205-9791,2,16700.0,16700.0,28485.0,,15372.0,,0.5588,0.8657,12000,12000,0.7698,,5216.0,405.0,,,0.0,47880.0
Rosemont College,Rosemont,PA,19010-1699,2,22171.0,22171.0,36860.0,,20356.0,,0.3857,0.6928,27000,27000,0.7452,,6037.0,466.0,0.4348,0.6667,0.004,48555.0
Saint Francis University,Loretto,PA,15940,2,41720.0,41720.0,57515.0,,19173.0,,0.1784,0.4027,27000,27000,0.7689,1151.0,7602.0,1525.0,0.7275,0.8838,0.0,62101.0
Saint Joseph's University,Philadelphia,PA,19131-1395,2,51340.0,51340.0,65513.0,,35487.0,,0.1815,0.5405,21500,25500,0.8639,1256.0,11172.0,4742.0,0.7983,0.8795,0.0,86881.0
Saint Vincent College,Latrobe,PA,15650-2690,2,41100.0,41100.0,55082.0,,23331.0,,0.2686,0.7403,23250,27000,0.591,1120.0,8047.0,1264.0,0.7215,0.8509,0.0,59982.0
Saint Vincent Seminary,Latrobe,PA,15650-2690,2,,,,,,,,,23250,27000,,,6889.0,,,,0.0,59982.0
Schuylkill Technology Center,Frackville,PA,17931,1,,,,5605.0,,17768.0,0.3898,0.8983,9873,15275,,,,74.0,,,0.0,49148.0
University of Scranton,Scranton,PA,18510-4699,2,52309.0,52309.0,67795.0,,30528.0,,0.2229,0.6493,25500,27000,0.8435,1237.0,11098.0,3589.0,0.808,0.8734,0.0,74652.0
Seton Hill University,Greensburg,PA,15601,2,41414.0,41414.0,54634.0,,22558.0,,0.295,0.7148,23000,27000,0.7579,1186.0,8126.0,1581.0,0.7099,0.8021,0.0,51748.0
UPMC Shadyside School of Nursing,Pittsburgh,PA,15232,2,16190.0,16190.0,26534.0,,23601.0,,0.2749,0.5877,12000,19666,0.6515,,,594.0,,,0.0,68801.0
Sharon Regional School of Nursing,Sharon,PA,16146,3,,,,,,,0.4063,0.7813,5500,10990,,,,37.0,,,,74189.0
Laurel Technical Institute,Hermitage,PA,16148,3,11470.0,11470.0,15122.0,,9139.0,,0.6271,0.7119,9080,10706,0.9328,,5764.0,160.0,,,0.0,28311.0
Shippensburg University of Pennsylvania,Shippensburg,PA,17257-2299,1,13544.0,15798.0,29480.0,23553.0,,,0.296,0.5987,16192,25000,0.8555,1090.0,11443.0,4179.0,0.5161,0.7614,0.0,56351.0
Slippery Rock University of Pennsylvania,Slippery Rock,PA,16057-1383,1,10507.0,14615.0,24781.0,19524.0,,,0.2809,0.609,19500,25000,0.7462,1086.0,10392.0,6728.0,0.6591,0.8149,0.0,53032.0
Saint Charles Borromeo Seminary-Overbrook,Wynnewood,PA,19096,2,25023.0,25023.0,44853.0,,38775.0,,0.125,0.1875,13000,PS,1.0,,4847.0,41.0,0.4444,1.0,0.0,55225.0
South Hills Beauty Academy,Pittsburgh,PA,15216,3,,,,,5948.0,5775.0,0.0952,0.2807,3431,3431,,,,282.0,,,0.0,23453.0
South Hills School of Business & Technology,State College,PA,16801-4516,3,19208.0,19208.0,32080.0,,25192.0,,0.4816,0.7426,12000,16000,0.992,,4760.0,241.0,,,0.0,35539.0
St Lukes Hospital School of Nursing,Bethlehem,PA,18015,2,,,,,,,0.4184,0.6855,9834,14000,,,,340.0,,,0.0,80244.0
The Beauty Institute,Stroudsburg,PA,18360-1720,3,,,,,19554.0,18050.0,0.675,0.675,8802,10830,,,,51.0,,,0.0,30577.0
Susquehanna University,Selinsgrove,PA,17870-1025,2,57400.0,57400.0,72563.0,,26539.0,,0.2388,0.6817,27000,27000,0.7871,1211.0,8845.0,2120.0,0.7409,0.7318,0.0,61723.0
Swarthmore College,Swarthmore,PA,19081,2,62412.0,62412.0,80014.0,,18686.0,,0.2001,0.0977,13000,17500,0.0694,1527.0,14517.0,1627.0,0.9413,0.9723,0.0,80257.0
Thaddeus Stevens College of Technology,Lancaster,PA,17602-3198,1,9050.0,9050.0,17066.0,9964.0,,,0.4053,0.6396,6625,9990,0.5294,1120.0,9744.0,1449.0,,,0.0,54681.0
Talmudical Yeshiva of Philadelphia,Philadelphia,PA,19131,2,10869.0,10869.0,21600.0,,10120.0,,0.2764,0.0,PS,PS,0.7551,,5106.0,120.0,0.8158,0.9063,,
Temple University,Philadelphia,PA,19122-6096,1,22082.0,37462.0,39799.0,29219.0,,,0.3007,0.5527,19750,24395,0.8292,,12483.0,21249.0,0.7468,0.8338,0.0,63727.0
Theological Seminary of the Reformed Episcopal Church,Blue Bell,PA,19422-1257,2,,,,,,,,,,,,,3468.0,,,,0.0,
Thiel College,Greenville,PA,16125-2181,2,36864.0,36864.0,51346.0,,22746.0,,0.3905,0.7848,18250,27000,0.706,,7117.0,773.0,0.4355,0.7149,0.0,49714.0
Thomas Jefferson University,Philadelphia,PA,19107,2,45683.0,45683.0,62110.0,,28163.0,,0.3386,0.8496,12500,14744,0.8614,1259.0,10265.0,3708.0,0.6819,0.8199,0.0,77449.0
Triangle Tech Inc-Pittsburgh,Pittsburgh,PA,15214-3897,3,18538.0,18538.0,27803.0,,20789.0,,0.6,0.6952,12000,18084,,,3916.0,90.0,,,0.0,51953.0
Triangle Tech Inc-Greensburg,Greensburg,PA,15601-3304,3,18513.0,18513.0,27387.0,,23919.0,,0.4059,0.6634,12000,12000,,,3730.0,100.0,,,0.0,53788.0
Triangle Tech Inc-Dubois,Falls Creek,PA,15840-3333,3,18575.0,18575.0,27266.0,,20698.0,,0.5616,0.6986,12000,12000,,,4272.0,79.0,,,0.0,45538.0
Trinity Episcopal School for Ministry,Ambridge,PA,15003-2397,2,,,,,,,,,,,,,7987.0,,,,0.0,
Ursinus College,Collegeville,PA,19426-1000,2,59196.0,59196.0,75378.0,,30485.0,,0.1984,0.7308,26000,27000,0.8737,1304.0,9296.0,1477.0,0.7662,0.8399,0.0,73721.0
University of Valley Forge,Phoenixville,PA,19460-2373,2,24510.0,24510.0,43134.0,,27499.0,,0.5079,0.7382,20166,27000,0.7816,,6189.0,471.0,0.5612,0.696,0.0,39016.0
Valley Forge Military College,Wayne,PA,19087-3695,2,32176.0,32176.0,51175.0,,20857.0,,0.3049,0.122,9500,9500,,,4990.0,83.0,,,0.0,50798.0
Venus Beauty Academy,Sharon Hill,PA,19079,3,,,,,18536.0,18750.0,0.4361,0.5188,5500,7388,,,,71.0,,,0.007,22727.0
Villanova University,Villanova,PA,19085-1699,2,64701.0,64701.0,80866.0,,44876.0,,0.1155,0.3656,25000,25874,0.2512,1466.0,13462.0,7005.0,0.9241,0.9501,0.0,100423.0
Washington Health System School of Nursing,Washington,PA,15301,2,,,,,,,0.3611,0.6667,12000,14750,,,,39.0,,,0.0,63504.0
Washington & Jefferson College,Washington,PA,15301,2,28185.0,28185.0,65117.0,,25544.0,,0.2942,0.7702,26000,27000,0.8154,,8335.0,1154.0,0.7139,0.819,0.0,67918.0
Waynesburg University,Waynesburg,PA,15370-1257,2,29460.0,29460.0,42526.0,,25157.0,,0.31,0.7249,21500,27000,0.9169,1114.0,7092.0,1081.0,0.605,0.723,0.0,58537.0
Welder Training and Testing Institute,Allentown,PA,18109-3253,3,,,,,24740.0,13500.0,0.314,0.4419,5500,PS,,,,51.0,,,0.026,55598.0
West Chester University of Pennsylvania,West Chester,PA,19383,1,10687.0,22511.0,27559.0,22673.0,,,0.245,0.5368,18750,23500,0.792,1184.0,10737.0,14067.0,0.698,0.8442,0.0,61258.0
Western Pennsylvania Hospital School of Nursing,Pittsburgh,PA,15224,2,12886.0,12886.0,25326.0,,19666.0,,0.3774,0.9151,12000,13838,0.9643,,,145.0,,,0.0,56487.0
Westminster College,New Wilmington,PA,16172,2,39470.0,39470.0,51808.0,,20800.0,,0.2474,0.6602,22825,26060,0.8551,,7484.0,1051.0,0.6586,0.8328,0.0,53861.0
Westminster Theological Seminary,Glenside,PA,19038,2,,,,,,,,,PS,PS,,,9013.0,,,,0.0,
Westmoreland County Community College,Youngwood,PA,15697-1895,1,5880.0,14424.0,10592.0,6356.0,,,0.2779,0.2855,8977,PS,,,7260.0,2628.0,,,0.0,37439.0
Widener University,Chester,PA,19013-5792,2,53638.0,53638.0,68305.0,,30470.0,,0.2485,0.7346,24567,27000,0.8402,1170.0,8665.0,2765.0,0.6351,0.7824,0.0,70920.0
Wilkes University,Wilkes-Barre,PA,18766,2,42286.0,42286.0,56956.0,,27700.0,,0.2975,0.702,20500,26000,0.9146,1134.0,9425.0,1893.0,0.6034,0.7349,0.0,63454.0
Williamson College of the Trades,Media,PA,19063-5299,2,30858.0,30858.0,37921.0,,1421.0,,0.5863,0.0,PS,PS,0.2992,,7586.0,313.0,,,,
Wilson College,Chambersburg,PA,17201-1285,2,27000.0,27000.0,38932.0,,21241.0,,0.266,0.8509,19500,26328,0.8998,1020.0,7076.0,745.0,0.5183,0.7721,0.0,43326.0
Yeshivath Beth Moshe,Scranton,PA,18505-2196,2,10400.0,10400.0,18100.0,,6349.0,,0.3714,0.0,PS,PS,1.0,,6644.0,39.0,0.75,1.0,0.0,
York College of Pennsylvania,York,PA,17403-3651,2,24606.0,24606.0,35806.0,,19685.0,,0.2522,0.597,19500,26000,0.942,1135.0,9470.0,3187.0,0.5974,0.7728,0.0,61012.0
YTI Career Institute-York,York,PA,17402,3,,,,,17758.0,30688.0,0.6494,0.7804,9500,13426,,,4559.0,497.0,,,0.0,40672.0
Brown University,Providence,RI,02912,2,68230.0,68230.0,84986.0,,26572.0,,0.1327,0.0922,10000,11428,0.0523,1546.0,17335.0,7273.0,0.9595,0.9866,0.0,93487.0
Bryant University,Smithfield,RI,02917-1291,2,51169.0,51169.0,67926.0,,40846.0,,0.1076,0.5061,23250,26849,0.6565,1263.0,14517.0,3236.0,0.8061,0.8692,0.0,90008.0
Johnson & Wales University-Providence,Providence,RI,02903-3703,2,40408.0,40408.0,58330.0,,32478.0,,0.3018,0.7352,16334,26000,0.837,1107.0,10490.0,3913.0,0.5488,0.7634,0.0,43418.0
New England Institute of Technology,East Greenwich,RI,02818-1205,2,35625.0,35625.0,48445.0,,36906.0,,0.4448,0.7488,12000,16668,0.7273,,7310.0,1712.0,0.5747,0.2381,0.0,48684.0
New England Tractor Trailer Training School of Rhode Island,Pawtucket,RI,02860,3,,,,,15411.0,12345.0,0.7709,0.9435,6333,6333,,,,487.0,,,0.0,53085.0
Providence College,Providence,RI,02918-0001,2,60848.0,60848.0,76667.0,,45538.0,,0.1324,0.5511,27000,27000,0.4872,1342.0,11738.0,4170.0,0.8785,0.9116,0.0,87054.0
Rhode Island College,Providence,RI,02908,1,10986.0,26519.0,18490.0,10988.0,,,0.4147,0.4825,13833,20500,0.8109,1010.0,11527.0,4630.0,0.4618,0.7366,0.0,56318.0
Community College of Rhode Island,Warwick,RI,02886-1807,1,5326.0,14210.0,11358.0,5240.0,,,0.4298,0.0946,5567,10920,,,7547.0,11455.0,,,0.0,42659.0
University of Rhode Island,Kingston,RI,02881,1,16408.0,35804.0,32584.0,19899.0,,,0.2115,0.4947,17750,22250,0.7707,1176.0,10693.0,13822.0,0.7103,0.8414,0.0,69743.0
Rhode Island School of Design,Providence,RI,02903-2784,2,59760.0,59760.0,78857.0,,46253.0,,0.1404,0.2856,23250,27000,0.1381,1480.0,11043.0,2090.0,0.8847,0.9292,0.0,68140.0
Roger Williams University,Bristol,RI,02809-2921,2,42666.0,42666.0,60180.0,,38123.0,,0.1633,0.5866,19500,26940,0.8778,1228.0,13085.0,3957.0,0.6661,0.7871,0.0,70266.0
Salve Regina University,Newport,RI,02840-4192,2,47930.0,47930.0,67612.0,,35682.0,,0.1548,0.71,27000,27000,0.6991,1236.0,9068.0,2102.0,0.7492,0.853,0.0,72975.0
Empire Beauty School-Warwick,Providence,RI,02903,3,,,,,19633.0,17250.0,0.5118,0.5394,6333,10231,,,,132.0,,,0.0,23589.0
Northpoint Bible College,Haverhill,MA,01835,2,14160.0,14160.0,34411.0,,27662.0,,0.6319,0.5055,16657,25000,,,4879.0,89.0,0.5085,0.1852,0.0,42210.0
Aiken Technical College,Graniteville,SC,29829,1,5044.0,6916.0,12798.0,5350.0,,,0.454,0.1136,7110,12250,,,6442.0,1911.0,,,0.0,39225.0
Allen University,Columbia,SC,29204,2,14304.0,14304.0,24804.0,,11081.0,,0.7977,0.8109,12000,34290,0.3212,,5295.0,635.0,0.1323,0.9,0.0,30497.0
Anderson University,Anderson,SC,29621-4035,2,33580.0,33580.0,47724.0,,28183.0,,0.2166,0.4306,22000,26700,0.5281,1190.0,7485.0,3080.0,0.7099,0.8229,0.0,42101.0
Charleston Southern University,Charleston,SC,29406-9121,2,31030.0,31030.0,43989.0,,21955.0,,0.3456,0.5257,18250,26471,0.7609,1056.0,6003.0,2716.0,0.4858,0.6194,0.0,45898.0
Technical College of the Lowcountry,Beaufort,SC,29901-1288,1,5500.0,11044.0,15086.0,5903.0,,,0.337,0.0556,6431,10000,,,6431.0,1697.0,,,0.0,35090.0
Benedict College,Columbia,SC,29204-1086,2,18000.0,18000.0,29921.0,,17781.0,,0.6348,0.6709,16000,32500,0.673,910.0,7165.0,1573.0,0.2115,0.6509,0.0,31902.0
Bob Jones University,Greenville,SC,29614-0001,2,23400.0,23400.0,34770.0,,17529.0,,0.2923,0.239,12453,16585,,,6503.0,2209.0,0.6961,0.8133,0.0,44354.0
Southern Wesleyan University,Central,SC,29630-1020,2,27870.0,27870.0,38739.0,,19968.0,,0.2902,0.4576,19500,26000,1.0,1106.0,4834.0,771.0,0.5202,0.6557,0.0,47756.0
Charleston Cosmetology Institute,Charleston,SC,29420,3,,,,,15686.0,19500.0,0.3556,0.4,4307,5655,,,,89.0,,,0.0,25812.0
College of Charleston,Charleston,SC,29424-0001,1,12978.0,36858.0,30731.0,19518.0,,,0.1947,0.3807,17500,23250,0.72,1238.0,10065.0,10366.0,0.6498,0.823,0.0,56416.0
Charzanne Beauty College,Greenwood,SC,29649,3,,,,,14042.0,16500.0,0.7,0.7,8000,PS,,,,32.0,,,0.012,21229.0
Northeastern Technical College,Cheraw,SC,29520,1,5664.0,6024.0,15290.0,7833.0,,,0.3295,0.0,PS,PS,,,5544.0,849.0,,,,32141.0
Citadel Military College of South Carolina,Charleston,SC,29409,1,12570.0,37370.0,31943.0,21002.0,,,0.1918,0.3692,18000,21096,0.9809,1184.0,9825.0,2624.0,0.7282,0.8817,0.0,72085.0
Claflin University,Orangeburg,SC,29115-4498,2,17046.0,17046.0,33538.0,,21232.0,,0.7261,0.7141,22049,29000,0.7255,,7650.0,1727.0,0.4913,0.7865,0.0,40304.0
Clemson University,Clemson,SC,29634,1,15554.0,39498.0,34494.0,22112.0,,,0.1453,0.33,19000,21500,0.3805,1341.0,11744.0,22778.0,0.879,0.9283,0.0,71513.0
Clinton College,Rock Hill,SC,29730,2,10516.0,10516.0,23222.0,,14501.0,,0.7614,0.8376,12000,PS,,,5695.0,94.0,0.1111,0.3636,0.0,30180.0
Coker University,Hartsville,SC,29550,2,31854.0,31854.0,44355.0,,18045.0,,0.2949,0.4735,15000,26000,0.9723,,6535.0,807.0,0.3462,0.6277,0.0,40117.0
Columbia International University,Columbia,SC,29203-1513,2,27900.0,27900.0,40183.0,,21660.0,,0.2827,0.3586,10500,20000,0.9758,,6098.0,690.0,0.6552,0.6582,0.0,38951.0
Columbia College,Columbia,SC,29203,2,21450.0,21450.0,37840.0,,23650.0,,0.5313,0.7003,14750,22750,0.9579,,6671.0,1245.0,0.5346,0.5294,0.0,41338.0
Converse University,Spartanburg,SC,29302-0006,2,23096.0,23096.0,35669.0,,19712.0,,0.4066,0.6531,22500,27000,0.64,1124.0,6381.0,845.0,0.471,0.6844,0.0,40867.0
Denmark Technical College,Denmark,SC,29042,1,6301.0,11927.0,25892.0,20601.0,,,0.3959,0.1172,6750,PS,,,5877.0,539.0,,,0.0,25351.0
Erskine College,Due West,SC,29639,2,36710.0,36710.0,54484.0,,22018.0,,0.4014,0.7155,9500,27000,0.6056,,5399.0,821.0,0.4859,0.6269,0.0,53459.0
Florence-Darlington Technical College,Florence,SC,29501-0548,1,4636.0,6772.0,10497.0,598.0,,,0.451,0.1194,6750,12250,,,6302.0,2890.0,,,0.0,32748.0
Francis Marion University,Florence,SC,29506,1,11160.0,21544.0,22944.0,13451.0,,,0.3884,0.4322,15617,27000,0.8223,1039.0,8407.0,2640.0,0.4273,0.6923,0.0,43888.0
Furman University,Greenville,SC,29613-6162,2,58312.0,58312.0,73760.0,,29997.0,,0.1121,0.2781,19500,23250,0.5257,1364.0,10403.0,2322.0,0.8149,0.9057,0.0,68635.0
Greenville Technical College,Greenville,SC,29606,1,5639.0,10657.0,13925.0,6246.0,,,0.3253,0.0823,8604,15392,,,6144.0,8171.0,0.1759,,0.0,39473.0
Horry-Georgetown Technical College,Conway,SC,29526,1,4468.0,8836.0,12391.0,3719.0,,,0.3907,0.2437,8250,14250,,,6794.0,5962.0,,,0.0,35507.0
Kenneth Shuler School of Cosmetology-North Augusta,North Augusta,SC,29841,3,,,,,17947.0,18300.0,0.743,0.5935,5825,8661,,,,125.0,,,0.0,25542.0
Kenneth Shuler School of Cosmetology and Nails-Columbia,Columbia,SC,29210,3,,,,,16640.0,18300.0,0.8294,0.6019,5775,5858,,,,124.0,,,0.0,25088.0
Lander University,Greenwood,SC,29649-2099,1,11700.0,21300.0,26069.0,14501.0,,,0.3974,0.5314,12503,25000,0.6792,1057.0,7140.0,3384.0,0.4876,0.6862,0.0,42396.0
Limestone University,Gaffney,SC,29340-3799,2,27500.0,27500.0,40944.0,,20415.0,,0.4345,0.6991,18750,27639,0.9828,,6294.0,1528.0,0.2757,0.6361,0.0,44999.0
Medical University of South Carolina,Charleston,SC,29425,1,,,,,,,0.1167,0.6233,13021,15000,,,11192.0,281.0,,,0.0,88420.0
Midlands Technical College,West Columbia,SC,29170-2176,1,4788.0,13812.0,12709.0,5462.0,,,0.3883,0.1407,6750,12000,,,6795.0,7731.0,,,0.0,38701.0
Morris College,Sumter,SC,29150-3599,2,16224.0,16224.0,29585.0,,20375.0,,0.8177,0.8047,14750,31400,,,4245.0,421.0,0.2043,0.4661,0.0,30614.0
Newberry College,Newberry,SC,29108,2,30050.0,30050.0,44240.0,,20351.0,,0.4892,0.7542,15750,26805,0.748,1008.0,6566.0,1462.0,0.4438,0.6995,0.0,48040.0
North Greenville University,Tigerville,SC,29688-1892,2,24650.0,24650.0,40599.0,,20612.0,,0.3197,0.5188,15000,23082,0.6278,1176.0,6257.0,1719.0,0.5491,0.692,0.0,43035.0
Orangeburg Calhoun Technical College,Orangeburg,SC,29118-8299,1,4970.0,7970.0,14964.0,6119.0,,,0.4344,0.0736,7000,10562,,,6318.0,1564.0,,,0.0,35761.0
Piedmont Technical College,Greenwood,SC,29646,1,4775.0,6923.0,20438.0,10862.0,,,0.4832,0.2739,9500,15000,,,5987.0,3988.0,,,0.0,35768.0
Presbyterian College,Clinton,SC,29325,2,43300.0,43300.0,57271.0,,20899.0,,0.2785,0.4838,13000,26000,0.7234,1214.0,7976.0,862.0,0.619,0.7398,0.0,60194.0
University of South Carolina Aiken,Aiken,SC,29801,1,10760.0,21218.0,20922.0,11611.0,,,0.3692,0.455,13000,24275,0.7972,1063.0,7960.0,2805.0,0.4011,0.6442,0.0,45603.0
University of South Carolina Beaufort,Bluffton,SC,29909,1,10730.0,21776.0,23796.0,15309.0,,,0.4028,0.4959,13750,24000,0.6918,,8243.0,1958.0,0.3859,0.6119,0.0,48088.0
University of South Carolina-Columbia,Columbia,SC,29208,1,12688.0,34934.0,32840.0,24532.0,,,0.1899,0.4172,18500,21500,0.6149,1297.0,12094.0,28113.0,0.7775,0.9074,0.0,62177.0
University of South Carolina-Lancaster,Lancaster,SC,29720-0889,1,7558.0,18238.0,18467.0,9735.0,,,0.1422,0.1428,5500,9616,0.7585,,7578.0,649.0,,,0.0,39426.0
University of South Carolina-Salkehatchie,Allendale,SC,29810-0617,1,7558.0,18238.0,20402.0,12395.0,,,0.204,0.1879,6500,11000,0.7629,,6806.0,290.0,,,0.0,31360.0
University of South Carolina-Sumter,Sumter,SC,29150-2498,1,7558.0,18238.0,18335.0,9283.0,,,0.1614,0.0969,5500,9250,0.7626,,7387.0,631.0,,,0.0,42437.0
University of South Carolina-Union,Union,SC,29379-0729,1,7558.0,18238.0,19480.0,11125.0,,,0.112,0.1038,5500,11000,0.6989,,7215.0,267.0,,,0.0,33699.0
Coastal Carolina University,Conway,SC,29526,1,11640.0,29628.0,26050.0,13742.0,,,0.2676,0.5738,16979,23750,0.8019,1128.0,8782.0,9909.0,0.5084,0.7572,0.0,47258.0
South Carolina State University,Orangeburg,SC,29117-0001,1,11060.0,21750.0,29957.0,18268.0,,,0.6849,0.6584,20900,31000,0.8173,,7917.0,2757.0,0.2941,0.5875,0.0,38262.0
University of South Carolina-Upstate,Spartanburg,SC,29303-4999,1,11583.0,22545.0,24565.0,13725.0,,,0.4546,0.5311,15000,22310,0.6961,1082.0,8140.0,4008.0,0.4242,0.6934,0.0,48587.0
Sherman College of Chiropractic,Spartanburg,SC,29316,2,,,,,,,,,,,,,7629.0,,,,0.0,
Spartanburg Methodist College,Spartanburg,SC,29301-5899,2,19350.0,19350.0,32965.0,,16295.0,,0.6007,0.5591,7500,12000,0.814,,5965.0,1029.0,0.3833,,0.0,42895.0
Spartanburg Community College,Spartanburg,SC,29303,1,5046.0,10110.0,15031.0,6531.0,,,0.3838,0.05,5143,6500,,,6541.0,5063.0,,,0.0,37097.0
Central Carolina Technical College,Sumter,SC,29150-2499,1,5715.0,9016.0,13295.0,5027.0,,,0.4384,0.0788,6821,9977,,,5651.0,2388.0,,,0.0,32603.0
Tri-County Technical College,Pendleton,SC,29670,1,4448.0,11096.0,16879.0,5807.0,,,0.4036,0.0979,5500,9000,,,6058.0,4960.0,,,0.0,40101.0
Trident Technical College,Charleston,SC,29423-8067,1,4564.0,8606.0,11453.0,-3220.0,,,0.2725,0.1416,6500,13029,,,6593.0,11091.0,,,0.0,38253.0
Voorhees University,Denmark,SC,29042,2,12630.0,12630.0,25793.0,,15411.0,,0.7749,0.487,15245,26700,,,5022.0,460.0,0.3779,0.625,0.0,35339.0
Williamsburg Technical College,Kingstree,SC,29556-4197,1,4488.0,8592.0,14074.0,6055.0,,,0.3967,0.0,PS,PS,,,5285.0,376.0,,,,29935.0
Winthrop University,Rock Hill,SC,29733,1,15956.0,30286.0,30275.0,16353.0,,,0.3863,0.5536,19000,26975,0.7506,1132.0,8735.0,3424.0,0.6122,0.7284,0.0,47185.0
Wofford College,Spartanburg,SC,29303-3663,2,54100.0,54100.0,69601.0,,28984.0,,0.1509,0.4114,20500,25732,0.5859,1297.0,8992.0,1873.0,0.8075,0.8974,0.0,68964.0
York Technical College,Rock Hill,SC,29730,1,5512.0,10824.0,15399.0,4657.0,,,0.3243,0.1037,5136,7000,,,6285.0,3813.0,,,0.0,37257.0
Augustana University,Sioux Falls,SD,57197-0001,2,39190.0,39190.0,53169.0,,24723.0,,0.16,0.5177,21250,25000,0.5925,1187.0,7514.0,1818.0,0.7563,0.8351,0.0,59217.0
The Salon Professional Academy,Rapid City,SD,57701,3,,,,,15357.0,15885.0,0.5,0.71,7315,8500,,,,65.0,,,0.0,23641.0
Black Hills State University,Spearfish,SD,57799-9500,1,9000.0,12100.0,21343.0,17001.0,,,0.1849,0.2962,15000,26000,0.9443,1050.0,8111.0,1935.0,0.3858,0.7224,0.0,46674.0
Dakota State University,Madison,SD,57042-1799,1,9633.0,12735.0,24447.0,19725.0,,,0.1596,0.3631,14250,23500,0.9787,1129.0,9722.0,1969.0,0.493,0.7528,0.0,50970.0
Dakota Wesleyan University,Mitchell,SD,57301-4398,2,32890.0,32890.0,42473.0,,19300.0,,0.2628,0.7759,19500,27000,0.7277,,6766.0,661.0,0.4643,0.6938,0.0,53728.0
Paul Mitchell the School-Rapid City,Rapid City,SD,57701,3,,,,,21014.0,15750.0,0.6364,0.7091,7083,7917,,,,79.0,,,0.0,29547.0
Lake Area Technical College,Watertown,SD,57201-0730,1,6718.0,6718.0,18239.0,14826.0,,,0.2605,0.5929,9888,12000,,,7462.0,1710.0,,,0.0,45473.0
Avera McKennan Hospital School of Radiologic Technology,Sioux Falls,SD,57117-5045,2,,,,,,,,,PS,PS,,,,0.0,,,,
Mitchell Technical College,Mitchell,SD,57301,1,7524.0,7524.0,16241.0,13650.0,,,0.2976,0.473,8403,12000,,,7510.0,953.0,,,0.0,50743.0
Mount Marty University,Yankton,SD,57078-3724,2,33100.0,33100.0,45209.0,,23295.0,,0.1935,0.4009,14750,26396,0.4814,1120.0,7439.0,702.0,0.6055,0.6959,0.004,48179.0
National American University-Rapid City,Rapid City,SD,57701-2823,3,16065.0,16065.0,29232.0,,22086.0,,0.5705,0.437,20120,29020,,,,832.0,0.6,0.6667,0.0,37325.0
Kairos University,Sioux Falls,SD,57105,2,,,,,,,0.0,0.0,PS,PS,0.7429,,6201.0,36.0,,,0.0,
Northern State University,Aberdeen,SD,57401-7198,1,8845.0,11947.0,22223.0,17094.0,,,0.1196,0.2329,15750,22320,0.9279,1090.0,8385.0,1239.0,0.5224,0.751,0.0,47618.0
Oglala Lakota College,Kyle,SD,57752-0490,1,2684.0,2684.0,9841.0,2065.0,,,0.469,0.0,PS,PS,,,6848.0,1156.0,0.1146,0.5357,,22517.0
Avera Sacred Heart Hospital,Yankton,SD,57078-3899,2,,,,,,,,,,,,,,0.0,,,,
South Dakota School of Mines and Technology,Rapid City,SD,57701-3995,1,10400.0,14800.0,24865.0,20380.0,,,0.1595,0.4327,17306,27000,0.8525,1245.0,10878.0,2042.0,0.5817,0.8413,0.0,72257.0
South Dakota State University,Brookings,SD,57007-1898,1,9299.0,12809.0,22761.0,18219.0,,,0.161,0.4578,16246,23250,0.9871,1121.0,9855.0,8798.0,0.5964,0.8291,0.0,55070.0
Sinte Gleska University,Mission,SD,57555-0105,1,4714.0,4714.0,15533.0,7075.0,,,0.5245,0.0,PS,PS,,,4699.0,579.0,0.0,1.0,,20948.0
University of Sioux Falls,Sioux Falls,SD,57105-1699,2,20740.0,20740.0,32728.0,,20874.0,,0.2898,0.6694,16141,23249,0.8208,,7050.0,1258.0,0.6051,0.7517,0.0,54521.0
Sanford Medical Center,Sioux Falls,SD,57117-5039,2,,,,,,,0.0,0.037,PS,PS,,,,27.0,,,,
Sisseton Wahpeton College,Sisseton,SD,57262,1,4330.0,4330.0,9887.0,3050.0,,,0.5812,0.0,PS,PS,,,5427.0,209.0,0.1296,,,31546.0
Southeast Technical College,Sioux Falls,SD,57107-1301,1,7650.0,7650.0,20880.0,17165.0,,,0.3229,0.5561,9500,12000,,,7154.0,2164.0,,,0.0,46709.0
Stewart School,Sioux Falls,SD,57104,3,,,,,16329.0,13700.0,0.2947,0.4928,6168,6864,,,,148.0,,,0.0,31843.0
University of South Dakota,Vermillion,SD,57069-2390,1,9432.0,12942.0,23544.0,19155.0,,,0.1799,0.4176,17500,23592,0.9895,1122.0,9163.0,5239.0,0.6143,0.7998,0.0,51926.0
Western Dakota Technical College,Rapid City,SD,57703-4018,1,8008.0,8008.0,20885.0,14631.0,,,0.2786,0.3504,9500,15000,,,6714.0,733.0,,,0.0,40240.0
American Baptist College,Nashville,TN,37207-9980,2,12474.0,12474.0,27241.0,,19294.0,,0.6792,0.6604,19000,PS,,,5167.0,48.0,0.3333,0.8,0.0,41216.0
Arnolds Beauty School,Milan,TN,38358,3,,,,,10343.0,16750.0,0.5895,0.1684,7667,PS,,,,63.0,,,0.014,27828.0
Tennessee College of Applied Technology-Athens,Athens,TN,37371-0848,1,,,,3720.0,,4419.0,0.3232,0.0,PS,PS,,,,365.0,,,,40540.0
Austin Peay State University,Clarksville,TN,37044,1,8675.0,14219.0,26790.0,14846.0,,,0.456,0.3569,13202,20547,0.9595,1050.0,8879.0,7365.0,0.445,0.6685,0.0,44301.0
Baptist Health Sciences University,Memphis,TN,38104,2,13846.0,13846.0,21438.0,,13401.0,,0.4698,0.7272,16170,29500,0.6776,1050.0,7254.0,673.0,0.5375,0.5278,0.0,72529.0
Belmont University,Nashville,TN,37212-3757,2,41320.0,41320.0,60480.0,,32096.0,,0.1852,0.348,17500,20500,0.9636,1277.0,10135.0,7306.0,0.717,0.8372,0.0,55930.0
Bethel University,McKenzie,TN,38201,2,18168.0,18168.0,32270.0,,21803.0,,0.3114,0.3855,16750,27249,0.9717,1035.0,3055.0,1671.0,0.349,0.5912,0.0,47482.0
Bryan College-Dayton,Dayton,TN,37321,2,18900.0,18900.0,29541.0,,16494.0,,0.224,0.3185,13000,23000,,,6382.0,815.0,0.5593,0.6452,0.0,54434.0
Carson-Newman University,Jefferson City,TN,37760,2,34700.0,34700.0,46345.0,,18661.0,,0.3917,0.524,14519,21500,0.6827,1111.0,6147.0,1374.0,0.4645,0.7358,0.0,48382.0
Chattanooga State Community College,Chattanooga,TN,37406-1097,1,4550.0,17750.0,13214.0,5702.0,,,0.3496,0.1454,7249,10419,,,6421.0,4689.0,,,0.0,37598.0
Christian Brothers University,Memphis,TN,38104,2,37300.0,37300.0,45919.0,,10896.0,,0.3057,0.3121,17589,27000,0.8842,1069.0,7858.0,953.0,0.5599,0.7257,0.0,57478.0
Pentecostal Theological Seminary,Cleveland,TN,37311-3330,2,,,,,,,0.0,0.0,PS,PS,,,6916.0,0.0,,,0.0,
Austin's Beauty College Inc,Clarksville,TN,37040-1121,3,,,,,16069.0,14900.0,0.7738,0.7381,7917,7917,,,,98.0,,,0.0,
Cleveland State Community College,Cleveland,TN,37312,1,4530.0,17730.0,14003.0,6183.0,,,0.2896,0.0865,5481,7954,,,6904.0,1967.0,,,0.0,36671.0
Columbia State Community College,Columbia,TN,38401,1,4904.0,18104.0,12668.0,4576.0,,,0.2999,0.0538,5500,8500,,,6126.0,3679.0,,,0.0,40256.0
Concorde Career College-Memphis,Memphis,TN,38137-0132,3,,,,,21470.0,17622.0,0.7389,0.7771,9500,9500,0.7337,,5624.0,420.0,,,0.0,31599.0
Cumberland University,Lebanon,TN,37087,2,27840.0,27840.0,41657.0,,18292.0,,0.3254,0.2514,11250,17952,0.67,,5932.0,2053.0,0.4698,0.6217,0.0,57687.0
Lipscomb University,Nashville,TN,37204-3951,2,38824.0,38824.0,53549.0,,25610.0,,0.2118,0.3344,15350,19500,0.6664,1248.0,8823.0,3021.0,0.687,0.8592,0.0,55541.0
Tennessee College of Applied Technology-Dickson,Dickson,TN,37055,1,,,,8332.0,,4419.0,0.4009,0.0,PS,PS,,,,622.0,,,0.0,36829.0
Dyersburg State Community College,Dyersburg,TN,38024-2411,1,4540.0,17740.0,13028.0,4322.0,,,0.3718,0.0903,4475,6900,,,7135.0,1923.0,,,0.0,36132.0
East Tennessee State University,Johnson City,TN,37614,1,9950.0,13790.0,25947.0,15794.0,,,0.3519,0.3581,14400,19442,0.8706,1114.0,8453.0,9807.0,0.4988,0.7394,0.0,44859.0
Chattanooga College Medical Dental and & Technical Careers,Chattanooga,TN,37415,3,10690.0,10690.0,34726.0,,28726.0,,0.9,0.9591,5457,7891,,,4144.0,311.0,,,0.0,25954.0
Tennessee College of Applied Technology-Elizabethton,Elizabethton,TN,37643,1,,,,8419.0,,3936.0,0.4938,0.0,PS,PS,,,,497.0,,,,35069.0
The Hair Academy LLC,Fayetteville,TN,37334-0135,3,,,,,16234.0,17250.0,0.6122,0.602,6740,7917,,,,79.0,,,0.029,22193.0
Fisk University,Nashville,TN,37208-4501,2,24298.0,24298.0,37653.0,,26135.0,,0.4827,0.5292,14250,27000,0.5791,1236.0,5850.0,950.0,0.4351,0.7282,0.0,45454.0
Welch College,Gallatin,TN,37066-8460,2,20796.0,20796.0,35131.0,,19983.0,,0.2725,0.3101,11375,19500,,,4477.0,261.0,0.6143,0.65,0.0,42198.0
Freed-Hardeman University,Henderson,TN,38340-2399,2,25000.0,25000.0,36972.0,,20082.0,,0.2249,0.3978,16750,21500,0.9062,1109.0,7328.0,1244.0,0.6837,0.8061,0.002,47485.0
Tennessee College of Applied Technology-Harriman,Harriman,TN,37748-5849,1,,,,10129.0,,4419.0,0.207,0.0,PS,PS,,,,265.0,,,,31591.0
Tennessee College of Applied Technology-Hartsville,Hartsville,TN,37074-2028,1,,,,4963.0,,4419.0,0.1893,0.0,PS,PS,,,,221.0,,,,40469.0
Tennessee College of Applied Technology-Hohenwald,Hohenwald,TN,38462-2201,1,,,,10091.0,,5344.0,0.2486,0.0,PS,PS,,,,322.0,,,,36106.0
Tennessee College of Applied Technology-Jacksboro,Jacksboro,TN,37757,1,,,,5661.0,,4419.0,0.472,0.0,PS,PS,,,,216.0,,,,36449.0
Jackson State Community College,Jackson,TN,38301-3797,1,4516.0,17716.0,15304.0,7343.0,,,0.4062,0.0,PS,PS,,,6916.0,2211.0,,,,35224.0
John A Gupton College,Nashville,TN,37203-2954,2,12040.0,12040.0,29705.0,,19772.0,,0.3622,0.398,5999,PS,0.8387,1050.0,6141.0,160.0,,,0.0,46902.0
Johnson University,Knoxville,TN,37998,2,20318.0,20318.0,30424.0,,20303.0,,0.3827,0.565,13500,21500,0.5377,1072.0,6164.0,703.0,0.6216,0.7419,0.0,40596.0
Paul Mitchell the School-Murfreesboro,Murfreesboro,TN,37129,3,,,,,20915.0,17400.0,0.4362,0.5077,7917,7917,,,,231.0,,,0.0,30461.0
King University,Bristol,TN,37620-2699,2,34800.0,34800.0,47469.0,,23508.0,,0.4188,0.6446,18000,22750,0.5439,,5262.0,975.0,0.4643,0.5986,0.0,59831.0
South College,Knoxville,TN,37909-0000,3,17935.0,17935.0,30181.0,,17182.0,,0.4976,0.617,9500,18668,,,8574.0,6323.0,0.367,0.6154,0.0,36642.0
Lane College,Jackson,TN,38301-4598,2,11790.0,11790.0,23608.0,,14494.0,,0.7941,0.602,16750,30500,,,5538.0,822.0,0.1703,0.4505,0.0,31670.0
Le Moyne-Owen College,Memphis,TN,38126-6595,2,12076.0,12076.0,19270.0,,8992.0,,0.7126,0.624,17000,28070,0.9717,,5752.0,571.0,0.247,0.6,0.0,35594.0
Lee University,Cleveland,TN,37311,2,22690.0,22690.0,34299.0,,20399.0,,0.2673,0.4483,19500,25750,0.7219,1144.0,7600.0,2712.0,0.6067,0.8104,0.0,43222.0
Lincoln Memorial University,Harrogate,TN,37752-8231,2,26150.0,26150.0,39096.0,,17999.0,,0.3635,0.5436,15337,20000,0.5927,1093.0,7112.0,1487.0,0.5392,0.6934,0.0,49956.0
Tennessee College of Applied Technology-Livingston,Livingston,TN,38570,1,,,,11899.0,,4419.0,0.18,0.0,PS,PS,,,,333.0,,,,33497.0
The University of Tennessee Southern,Pulaski,TN,38478-2799,1,10506.0,10506.0,25827.0,15133.0,,,0.3304,0.3337,11175,21500,0.8271,1088.0,6672.0,827.0,0.3566,0.6425,0.0,38924.0
Maryville College,Maryville,TN,37804-5907,2,38514.0,38514.0,53162.0,,20986.0,,0.3536,0.8073,15000,25375,0.6568,1181.0,6608.0,1028.0,0.4718,0.6871,0.0,49279.0
Tennessee College of Applied Technology-McKenzie,McKenzie,TN,38201,1,,,,2256.0,,4308.0,0.5025,0.0,PS,PS,,,,114.0,,,,36720.0
Genesis Career College-Cookeville,Cookeville,TN,38501-1907,3,,,,,13597.0,9570.0,0.8291,0.8611,5500,6343,,,,329.0,,,0.0,22652.0
Meharry Medical College,Nashville,TN,37208,2,,,,,,,,,PS,PS,,,,,,,0.0,
Tennessee College of Applied Technology-Memphis,Memphis,TN,38105-3604,1,,,,7429.0,,6269.0,0.4389,0.0,PS,PS,,,,1078.0,,,,31192.0
University of Memphis,Memphis,TN,38152,1,10344.0,14784.0,25164.0,13253.0,,,0.3996,0.3877,15809,23300,0.9338,1051.0,9436.0,13645.0,0.4942,0.7121,0.0,48458.0
Memphis Theological Seminary,Memphis,TN,38104,2,,,,,,,,,PS,PS,,,6083.0,,,,0.0,
Middle Tennessee State University,Murfreesboro,TN,37132,1,9506.0,29042.0,22754.0,12599.0,,,0.3137,0.3107,14093,20000,0.68,1119.0,9415.0,16115.0,0.54,0.7765,0.0,48541.0
Middle Tennessee School of Anesthesia Inc,Madison,TN,37115,2,,,,,,,,,,,,,16150.0,,,,0.0,
Tennessee College of Applied Technology-Morristown,Morristown,TN,37813-2094,1,,,,9798.0,,4419.0,0.4035,0.0,PS,PS,,,,613.0,,,,38837.0
Motlow State Community College,Tullahoma,TN,37388,1,4536.0,17736.0,18272.0,10421.0,,,0.2877,0.0,3000,PS,,,7204.0,4055.0,,,0.009,40397.0
Tennessee College of Applied Technology-Murfreesboro,Murfreesboro,TN,37129-3311,1,,,,6969.0,,6924.0,0.4617,0.0,PS,PS,,,,601.0,,,,40869.0
Lincoln College of Technology-Nashville,Nashville,TN,37206,3,,,,,27603.0,36020.0,0.5385,0.6263,9524,11730,,,6943.0,1062.0,,,0.0,46396.0
Nashville State Community College,Nashville,TN,37209-4515,1,4498.0,17698.0,13214.0,6283.0,,,0.3293,0.0564,6500,9595,,,6764.0,4931.0,,,0.0,38519.0
Tennessee College of Applied Technology Northwest,Newbern,TN,38059,1,,,,10375.0,,4419.0,0.324,0.0,PS,PS,,,,681.0,,,,38514.0
Tennessee College of Applied Technology-Henry/Carroll,Paris,TN,38242,1,,,,6503.0,,4008.0,0.5308,0.0,PS,PS,,,,203.0,,,,29074.0
Tennessee College of Applied Technology-Pulaski,Pulaski,TN,38478-0614,1,,,,9666.0,,4308.0,0.2518,0.0,PS,PS,,,,264.0,,,,40368.0
Rhodes College,Memphis,TN,38112-1690,2,54892.0,54892.0,68055.0,,25060.0,,0.1508,0.2786,19349,21761,0.4968,1385.0,9287.0,1931.0,0.8164,0.9121,0.0,66651.0
Roane State Community College,Harriman,TN,37748,1,4762.0,18622.0,11021.0,6017.0,,,0.2626,0.0317,6426,8454,,,7014.0,3203.0,,,0.0,39407.0
Tennessee College of Applied Technology-Crump,Crump,TN,38327,1,,,,-37.0,,5428.0,0.146,0.0,PS,PS,,,,353.0,,,,30796.0
Southwest Tennessee Community College,Memphis,TN,38134,1,4550.0,17750.0,12649.0,4588.0,,,0.4226,0.0,PS,PS,,,6698.0,5207.0,,,,34071.0
Tennessee College of Applied Technology-Shelbyville,Shelbyville,TN,37160-3629,1,,,,5443.0,,6865.0,0.4163,0.0,PS,PS,,,,366.0,,,,38700.0
The University of the South,Sewanee,TN,37383-1000,2,53698.0,53698.0,68704.0,,27498.0,,0.1488,0.3013,17750,22855,0.509,1336.0,9783.0,1598.0,0.8237,0.8846,0.0,64911.0
Tennessee College of Applied Technology-Oneida-Huntsville,Huntsville,TN,37756-4149,1,,,,11087.0,,4070.0,0.3096,0.0,PS,PS,,,,181.0,,,,31949.0
Tennessee College of Applied Technology-Crossville,Crossville,TN,38555,1,,,,10643.0,,4419.0,0.419,0.0,PS,PS,,,,346.0,,,,35551.0
Tennessee College of Applied Technology-McMinnville,McMinnville,TN,37110,1,,,,5048.0,,5492.0,0.2967,0.0,PS,PS,,,,289.0,,,,40322.0
Tennessee College of Applied Technology-Jackson,Jackson,TN,38301,1,,,,9528.0,,4008.0,0.1547,0.0,PS,PS,,,,543.0,,,,38383.0
Tennessee College of Applied Technology-Knoxville,Knoxville,TN,37919,1,,,,7858.0,,5341.0,0.3003,0.0,PS,PS,,,,730.0,,,,37235.0
Pellissippi State Community College,Knoxville,TN,37933-0990,1,4576.0,17776.0,13280.0,5252.0,,,0.2507,0.0359,5500,8725,,,7604.0,6391.0,,,0.0,38440.0
Southern Adventist University,Collegedale,TN,37315-0370,2,25590.0,25590.0,37875.0,,24334.0,,0.3092,0.4372,18000,24500,0.6661,1116.0,6415.0,2673.0,0.5143,0.8205,0.0,53723.0
Southern College of Optometry,Memphis,TN,38104-2211,2,,,,,,,,,PS,PS,,,10797.0,,,,0.0,
Tennessee Wesleyan University,Athens,TN,37303,2,29264.0,29264.0,36828.0,,14879.0,,0.3843,0.5813,14000,20000,0.5941,1051.0,5588.0,832.0,0.4363,0.6378,0.0,45989.0
The University of Tennessee-Chattanooga,Chattanooga,TN,37403-2598,1,10144.0,18208.0,23563.0,12817.0,,,0.3247,0.384,12000,19500,0.7702,1117.0,9500.0,9878.0,0.5309,0.7447,0.0,51151.0
The University of Tennessee-Knoxville,Knoxville,TN,37996,1,13484.0,31974.0,32658.0,18109.0,,,0.2068,0.3009,16000,20500,0.4599,1304.0,12629.0,28763.0,0.735,0.9108,0.0,60249.0
The University of Tennessee-Martin,Martin,TN,38238,1,10208.0,16248.0,21628.0,10299.0,,,0.3429,0.3338,12981,21024,0.8732,1090.0,8142.0,4600.0,0.5483,0.7339,0.0,44213.0
Tennessee School of Beauty of Knoxville Inc,Knoxville,TN,37921,3,,,,,11492.0,15995.0,0.2598,0.2776,5500,6803,,,,337.0,,,0.0,19913.0
Tennessee State University,Nashville,TN,37209-1561,1,8568.0,22284.0,23828.0,10026.0,,,0.518,0.3924,17500,27000,0.9263,1017.0,8484.0,6498.0,0.3303,0.6022,0.0,42730.0
Tennessee Technological University,Cookeville,TN,38505-0001,1,10084.0,20116.0,25338.0,14207.0,,,0.3103,0.3691,11000,15650,0.8316,1148.0,9087.0,8495.0,0.5423,0.7748,0.0,48501.0
Trevecca Nazarene University,Nashville,TN,37210,2,29790.0,29790.0,38726.0,,14459.0,,0.3049,0.4094,14750,18744,0.7002,1090.0,6971.0,1697.0,0.5481,0.7507,0.0,49378.0
Northeast State Community College,Blountville,TN,37617-0246,1,4542.0,17742.0,14129.0,5959.0,,,0.3758,0.0,3500,PS,,,6733.0,4214.0,,,0.0,34553.0
Tusculum University,Greeneville,TN,37743,2,28500.0,28500.0,43172.0,,22874.0,,0.4518,0.5327,14250,23250,0.6042,,4949.0,903.0,0.3054,0.5804,0.0,44367.0
Union University,Jackson,TN,38305-3697,2,38450.0,38450.0,55790.0,,26815.0,,0.2521,0.4705,16666,20714,0.4718,1243.0,7911.0,1637.0,0.7092,0.8685,0.0,53990.0
Vanderbilt University,Nashville,TN,37240,2,63946.0,63946.0,84412.0,,19040.0,,0.1851,0.105,12913,14000,0.0628,1550.0,15433.0,7143.0,0.9269,0.9641,0.0,91565.0
Volunteer State Community College,Gallatin,TN,37066-3188,1,4524.0,17724.0,16077.0,10477.0,,,0.3054,0.0617,4727,7550,,,7548.0,5139.0,,,0.0,41150.0
Walters State Community College,Morristown,TN,37813-6899,1,4519.0,17719.0,12827.0,4153.0,,,0.2801,0.0,3277,PS,,,6910.0,3781.0,,,0.0,37085.0
William R Moore College of Technology,Memphis,TN,38104-7240,2,9678.0,9678.0,21697.0,,15323.0,,0.3601,0.0,PS,PS,,,3922.0,459.0,,,,32194.0
Abilene Christian University,Abilene,TX,79699,2,42380.0,42380.0,56121.0,,27401.0,,0.2202,0.4223,14750,24250,0.6388,1189.0,8590.0,3129.0,0.6021,0.7953,0.0,55736.0
Alvin Community College,Alvin,TX,77511-4898,1,1834.0,4330.0,11329.0,4233.0,,,0.2312,0.0384,3500,4519,,,6762.0,3451.0,,,0.0,45762.0
Amarillo College,Amarillo,TX,79109,1,2136.0,4704.0,11411.0,6040.0,,,0.4395,0.1395,9500,15000,,,7496.0,7347.0,,,0.0,41302.0
Amberton University,Garland,TX,75041-5595,2,,,,,,,0.2276,0.1463,PS,PS,,,6924.0,110.0,,,0.0,
Angelina College,Lufkin,TX,75902-1768,1,3150.0,6150.0,15213.0,8900.0,,,0.3938,0.0,PS,PS,,,6327.0,2355.0,,,,37301.0
Angelo State University,San Angelo,TX,76909,1,8319.0,18399.0,21625.0,12915.0,,,0.2707,0.2525,12394,20000,0.7923,1049.0,7914.0,5515.0,0.4073,0.716,0.0,50116.0
Arlington Baptist University,Arlington,TX,76012-3425,2,19290.0,19290.0,32374.0,,28599.0,,0.5509,0.8565,9500,27000,,,4038.0,268.0,0.0455,0.4356,0.0,44644.0
Arlington Career Institute,Grand Prairie,TX,75050-2636,3,,,,,24339.0,12500.0,0.573,0.3586,8015,8347,,,,439.0,,,0.0,36674.0
Austin College,Sherman,TX,75090-4400,2,46500.0,46500.0,59654.0,,23451.0,,0.3042,0.5176,17500,24500,0.4666,1272.0,8520.0,1125.0,0.6949,0.8,0.0,61296.0
Austin Community College District,Austin,TX,78752-7000,1,2550.0,10590.0,11156.0,6306.0,,,0.2309,0.3519,6126,10499,,,8735.0,25969.0,0.18,,0.0,43177.0
Austin Presbyterian Theological Seminary,Austin,TX,78705-5711,2,,,,,,,,,PS,PS,,,10077.0,,,,0.0,
Baldwin Beauty School-South Austin,Austin,TX,78704-4785,3,,,,,16878.0,13900.0,0.5309,0.4074,5500,6980,,,,46.0,,,0.0,24801.0
Baptist Health System School of Health Professions,San Antonio,TX,78229,3,14675.0,14675.0,,,,,0.5182,0.7752,14342,18592,0.0,,7483.0,524.0,,,0.0,74220.0
Baptist Missionary Association Theological Seminary,Jacksonville,TX,75766-5407,2,10050.0,10050.0,,,,,0.339,0.0339,PS,PS,0.2308,,4012.0,49.0,,,0.038,
Baylor College of Medicine,Houston,TX,77030-3498,2,,,,,,,,,PS,PS,,,14040.0,,,,0.0,
Baylor University,Waco,TX,76798,2,54844.0,54844.0,70130.0,,41942.0,,0.1298,0.3377,19500,23000,0.5099,1313.0,11631.0,15007.0,0.8016,0.9062,0.0,65793.0
Coastal Bend College,Beeville,TX,78102,1,2933.0,5243.0,11044.0,3886.0,,,0.2769,0.0677,7445,PS,,,6073.0,1793.0,,,0.0,35086.0
Blinn College District,Brenham,TX,77833-4098,1,4580.0,11030.0,19233.0,17225.0,,,0.1987,0.1929,5500,11500,,,7023.0,16156.0,,,0.0,46318.0
Remington College-Dallas Campus,Dallas,TX,75243,2,23785.0,23785.0,34438.0,,27829.0,,0.9204,0.8917,9500,13271,,,4914.0,208.0,0.3762,0.5,0.0,31349.0
Vet Tech Institute of Houston,Houston,TX,77027,3,16024.0,16024.0,19784.0,,16179.0,,0.5371,0.7371,12000,12000,0.8269,,6089.0,190.0,,,0.0,35765.0
Brazosport College,Lake Jackson,TX,77566,1,2388.0,4711.0,8423.0,3022.0,,,0.1763,0.0134,4250,PS,,,7600.0,2827.0,0.3867,1.0,0.0,45910.0
Central Texas College,Killeen,TX,76549-4199,1,3150.0,7500.0,11792.0,6408.0,,,0.3112,0.1187,5250,6750,,,6186.0,5985.0,,,0.0,40995.0
Charles and Sues School of Hair Design,Bryan,TX,77802,3,,,,,21791.0,18000.0,0.4078,0.5728,7770,9500,,,,58.0,,,0.0,27724.0
Cisco College,Cisco,TX,76437,1,4110.0,5760.0,16346.0,9099.0,,,0.2419,0.0799,6500,9500,,,4850.0,2913.0,,,0.0,39092.0
Clarendon College,Clarendon,TX,79226,1,3720.0,5400.0,15253.0,8373.0,,,0.2093,0.124,5500,11000,,,4953.0,1380.0,,,0.0,38696.0
Concordia University Texas,Austin,TX,78726,2,36690.0,36690.0,52098.0,,22240.0,,0.3978,0.6629,15134,21852,0.9106,988.0,5931.0,1388.0,0.4051,0.6319,0.0,60883.0
BK Cosmo College of Cosmetology,Kerrville,TX,78028-4312,3,,,,,17919.0,12900.0,0.7206,0.7059,9500,PS,,,,39.0,,,0.032,20270.0
North Central Texas College,Gainesville,TX,76240-4699,1,2520.0,7200.0,10212.0,6714.0,,,0.2001,0.1971,6020,11250,,,6625.0,5703.0,,,0.0,45809.0
Texas A & M University-Corpus Christi,Corpus Christi,TX,78412-5503,1,9748.0,21033.0,24562.0,15137.0,,,0.3965,0.434,15273,23000,0.8947,1086.0,9184.0,7804.0,0.3374,0.585,0.0,51865.0
Paul Mitchell the School-Dallas,Carrollton,TX,75006,3,,,,,28455.0,22270.0,0.3653,0.4498,7457,8505,,,,322.0,,,0.0,28693.0
Dallas Baptist University,Dallas,TX,75211-9299,2,38140.0,38140.0,49343.0,,30092.0,,0.239,0.3665,16000,21591,0.9108,1109.0,8403.0,2526.0,0.6041,0.6377,0.0,56807.0
Dallas Christian College,Dallas,TX,75234-7299,2,20260.0,20260.0,32916.0,,22456.0,,0.5219,0.6494,15000,24912,0.8403,1022.0,5636.0,272.0,0.2391,0.3867,0.0,43503.0
Dallas Institute of Funeral Service,Dallas,TX,75227-4314,2,13496.0,13496.0,21593.0,,19845.0,,0.4674,0.448,7664,12820,,,4820.0,483.0,,,0.0,45866.0
Dallas Theological Seminary,Dallas,TX,75204,2,,,,,,,,,PS,PS,,,8900.0,,,,0.0,
University of Dallas,Irving,TX,75062-4736,2,50880.0,50880.0,64752.0,,25470.0,,0.2636,0.4694,18478,23117,0.542,1284.0,8757.0,1403.0,0.6802,0.8065,0.0,58285.0
Del Mar College,Corpus Christi,TX,78404-3897,1,3440.0,6050.0,12022.0,4250.0,,,0.3323,0.0533,3500,5500,,,7578.0,9038.0,0.128,,0.0,38656.0
East Texas Baptist University,Marshall,TX,75670-1498,2,30050.0,30050.0,41833.0,,23790.0,,0.3141,0.5307,15030,23250,0.601,,7289.0,1364.0,0.4797,0.6915,0.0,52788.0
Texas A&M University-Texarkana,Texarkana,TX,75503,1,7930.0,20947.0,22143.0,12637.0,,,0.5126,0.4966,12500,18953,0.8019,1006.0,8906.0,1748.0,0.312,0.6,0.0,45515.0
Texas A & M University-Commerce,Commerce,TX,75428,1,10026.0,22626.0,23663.0,11268.0,,,0.405,0.3825,14250,20500,0.9259,1067.0,8845.0,8249.0,0.4593,0.6306,0.0,50296.0
Dallas College,Dallas,TX,75215-3604,1,2370.0,6000.0,9641.0,4146.0,,,0.2291,0.0588,5500,9500,,,8503.0,41815.0,0.3553,0.8947,0.0,41714.0
El Paso Community College,El Paso,TX,79925-6507,1,3274.0,5314.0,12741.0,4154.0,,,0.3646,0.0163,5231,6566,,,6567.0,22893.0,,,0.0,35212.0
Western Technical College,El Paso,TX,79924,3,,,,,29771.0,62046.0,0.4672,0.2287,13406,17277,,,4918.0,619.0,0.6786,0.8846,0.0,36156.0
Western Technical College,El Paso,TX,79927,3,,,,,,4160.0,0.1606,0.2647,13406,17277,,,4277.0,1148.0,0.7131,0.8333,0.0,36156.0
Episcopal Theological Seminary of the Southwest,Austin,TX,78705,2,,,,,,,,,,,,,8415.0,,,,0.0,
Exposito School of Hair Design,Amarillo,TX,79109-3208,3,,,,,15547.0,13020.0,0.6889,0.7333,4750,PS,,,,25.0,,,0.0,20397.0
Fort Worth Beauty School,Benbrook,TX,76116,3,,,,,18377.0,15800.0,0.4945,0.5714,4750,4767,,,,41.0,,,0.0,22139.0
Frank Phillips College,Borger,TX,79008-5118,1,3712.0,4882.0,14727.0,10803.0,,,0.2356,0.0435,5500,9500,,,4942.0,749.0,,,0.0,37179.0
Galveston College,Galveston,TX,77550-7496,1,2546.0,5726.0,14555.0,8127.0,,,0.4181,0.114,7250,10311,,,7015.0,1524.0,0.3235,,0.0,37233.0
Graham's Barber College,DALLAS,TX,75215-1701,3,,,,,17490.0,10000.0,0.5417,0.5417,,,,,,8.0,,,,
Grayson College,Denison,TX,75020-8299,1,2910.0,5850.0,12290.0,4984.0,,,0.3136,0.0975,7500,12250,,,7249.0,2890.0,0.2007,0.6667,0.0,40873.0
Hallmark University,San Antonio,TX,78251,2,,,,,11130.0,41240.0,0.4963,0.5746,18989,25438,0.9823,,5464.0,781.0,0.6827,0.6765,0.0,40183.0
Hardin-Simmons University,Abilene,TX,79698-0001,2,31686.0,31686.0,45059.0,,21031.0,,0.3838,0.8278,13359,24711,0.9653,1064.0,7803.0,1275.0,0.4956,0.6533,0.0,54771.0
Trinity Valley Community College,Athens,TX,75751,1,2640.0,5970.0,13707.0,3801.0,,,0.3013,0.1334,6707,10426,,,6602.0,4793.0,0.2395,,0.0,38567.0
Hill College,Hillsboro,TX,76645,1,3570.0,4720.0,13230.0,6615.0,,,0.2963,0.2109,8088,10000,,,6598.0,2269.0,,,0.0,39572.0
Houston Christian University,Houston,TX,77074-3298,2,38100.0,38100.0,47605.0,,19710.0,,0.5395,0.5625,11000,22642,0.8515,1092.0,7911.0,2777.0,0.498,0.6915,0.0,55933.0
University of Houston-Clear Lake,Houston,TX,77058-1002,1,7746.0,21330.0,23788.0,11056.0,,,0.438,0.2884,13548,17831,0.753,1105.0,9935.0,6082.0,0.5085,0.7526,0.0,59004.0
Houston Community College,Houston,TX,77002,1,2040.0,5460.0,12065.0,6738.0,,,0.3654,0.1605,8752,13921,,,8557.0,37970.0,0.1697,,0.0,39254.0
University of Houston-Downtown,Houston,TX,77002-1014,1,7708.0,17788.0,23017.0,14623.0,,,0.5162,0.305,13750,18750,0.9064,1041.0,9327.0,12812.0,0.3376,0.6741,0.0,53551.0
University of Houston-Victoria,Victoria,TX,77901,1,7499.0,17291.0,21179.0,8624.0,,,0.4396,0.3847,13565,18973,0.7671,1085.0,9315.0,2630.0,0.2652,0.6127,0.0,54467.0
University of Houston,Houston,TX,77204-2018,1,9711.0,22191.0,25056.0,13853.0,,,0.4089,0.319,14000,18194,0.6953,1229.0,13207.0,37175.0,0.6492,0.8644,0.0,62377.0
Howard College,Big Spring,TX,79720,1,2766.0,6076.0,14227.0,7681.0,,,0.1932,0.0947,6250,9500,,,5683.0,1588.0,,,0.0,38382.0
Howard Payne University,Brownwood,TX,76801-2794,2,33322.0,33322.0,44579.0,,25255.0,,0.4217,0.6611,11892,26793,0.6769,1019.0,6440.0,716.0,0.3112,0.5477,0.0,48376.0
Huston-Tillotson University,Austin,TX,78702-2795,2,14703.0,14703.0,25336.0,,19847.0,,0.6236,0.7275,15999,30750,,,5666.0,982.0,0.3607,0.5054,0.0,42937.0
University of the Incarnate Word,San Antonio,TX,78209,2,35660.0,35660.0,45850.0,,20498.0,,0.4293,0.7481,21231,27000,0.9336,1042.0,8958.0,4545.0,0.5184,0.7238,0.0,56733.0
Jacksonville College-Main Campus,Jacksonville,TX,75766-4759,2,8220.0,8220.0,18510.0,,11674.0,,0.2357,0.0,3500,PS,,,4237.0,197.0,,,0.017,38885.0
Jarvis Christian University,Hawkins,TX,75765-1470,2,11720.0,11720.0,25054.0,,10409.0,,0.5226,0.4842,12000,27000,,,6908.0,730.0,0.1508,0.4878,0.0,32992.0
KD Conservatory College of Film and Dramatic Arts,Dallas,TX,75207,3,18080.0,18080.0,28717.0,,24148.0,,0.598,0.5196,12000,12750,0.6203,,,87.0,,,0.0,30187.0
Kilgore College,Kilgore,TX,75662-3299,1,2160.0,5256.0,14924.0,6629.0,,,0.3719,0.1569,9500,14967,,,5617.0,3133.0,,,0.0,37975.0
Lamar University,Beaumont,TX,77705,1,8690.0,18482.0,21626.0,11429.0,,,0.438,0.4115,12500,21250,0.8573,1040.0,8923.0,7945.0,0.3718,0.6099,0.0,49652.0
Lamar State College-Orange,Orange,TX,77630,1,2832.0,13824.0,7609.0,1691.0,,,0.2427,0.1178,8125,10959,,,6129.0,1426.0,,,0.0,36587.0
Lamar State College-Port Arthur,Port Arthur,TX,77640,1,1770.0,8070.0,11281.0,4887.0,,,0.2869,0.1369,7125,13250,,,5244.0,1455.0,,,0.0,37120.0
Laredo College,Laredo,TX,78040-4395,1,3300.0,5748.0,11323.0,5309.0,,,0.3847,0.0,2334,PS,,,7452.0,5086.0,0.3054,,0.1,33934.0
Texas A & M International University,Laredo,TX,78041-1900,1,7846.0,19382.0,14767.0,3061.0,,,0.6333,0.2798,11000,15000,0.4596,1008.0,8971.0,6502.0,0.4892,0.7364,0.0,48386.0
Lee College,Baytown,TX,77520,1,2166.0,4302.0,12050.0,7519.0,,,0.3157,0.0588,5813,7500,,,7514.0,5118.0,,,0.0,42178.0
LeTourneau University,Longview,TX,75602,2,35500.0,35500.0,48206.0,,25314.0,,0.134,0.243,19000,26000,0.4068,1262.0,6436.0,1510.0,0.6111,0.8054,0.0,57103.0
Lincoln College of Technology-Grand Prairie,Grand Prairie,TX,75052,3,,,,,30391.0,37813.0,0.5938,0.6478,9524,11730,,,5009.0,1330.0,,,0.0,46396.0
Lubbock Christian University,Lubbock,TX,79407-2099,2,27298.0,27298.0,40493.0,,25910.0,,0.3306,0.7504,15750,20948,0.7319,1086.0,7219.0,1210.0,0.4871,0.7391,0.0,53787.0
College of the Mainland,Texas City,TX,77591-2499,1,1773.0,3873.0,8014.0,1975.0,,,0.2764,0.0335,5156,5960,,,6969.0,3342.0,0.2825,,0.0,39639.0
University of Mary Hardin-Baylor,Belton,TX,76513-2599,2,33150.0,33150.0,45235.0,,28690.0,,0.3685,0.6276,15750,26000,0.9512,1098.0,8445.0,2959.0,0.534,0.6788,0.0,56132.0
McLennan Community College,Waco,TX,76708,1,3660.0,5910.0,13382.0,6185.0,,,0.3904,0.2159,6136,10500,,,8599.0,4997.0,,,0.0,39163.0
McMurry University,Abilene,TX,79697,2,31372.0,31372.0,43087.0,,19988.0,,0.4492,0.6044,19000,27000,0.5765,1072.0,7581.0,1108.0,0.3862,0.646,0.0,48779.0
Covenant School of Nursing and Allied Health,Lubbock,TX,79407,2,,,,,,,0.4187,0.5969,10399,12969,,,,333.0,,,0.0,78724.0
Midland College,Midland,TX,79705,1,3030.0,6030.0,12519.0,5720.0,,,0.1919,0.0254,6300,10670,,,7448.0,5020.0,0.1713,,0.0,43958.0
Midwestern State University,Wichita Falls,TX,76308-2099,1,10310.0,12260.0,22411.0,11882.0,,,0.4004,0.4209,13051,21030,0.8738,,8145.0,4043.0,0.4128,0.63,0.0,55747.0
William Edge Institute,New Braunfels,TX,78130-8216,3,,,,,10612.0,15600.0,0.274,0.0,PS,PS,,,,40.0,,,,23040.0
Wade College,Dallas,TX,75207,3,17692.0,17692.0,28347.0,,21998.0,,0.6815,0.7771,14608,22938,,,5909.0,205.0,0.4545,1.0,0.0,36657.0
Southern Careers Institute-Austin,Austin,TX,78744,3,,,,,23458.0,18450.0,0.6536,0.6058,7389,8708,,,3885.0,1079.0,,,0.0,27035.0
Tint School of Makeup & Cosmetology,Irving,TX,75061-4235,3,,,,,18085.0,15750.0,0.5584,0.5381,4750,6333,,,,108.0,,,0.0,26381.0
Navarro College,Corsicana,TX,75110,1,3008.0,6578.0,17659.0,14579.0,,,0.3177,0.1945,7926,11000,,,6682.0,3959.0,0.2395,,0.0,38716.0
Lone Star College System,The Woodlands,TX,77381-4399,1,3090.0,8700.0,14637.0,9322.0,,,0.2308,0.0786,5500,8600,,,7821.0,47486.0,0.185,,0.0,42466.0
University of North Texas,Denton,TX,76203-1277,1,11164.0,21244.0,25470.0,14352.0,,,0.3608,0.391,14000,19250,0.7246,1109.0,11054.0,33680.0,0.5957,0.7696,0.0,57010.0
Northeast Texas Community College,Mount Pleasant,TX,75455,1,2794.0,5434.0,14594.0,8590.0,,,0.4936,0.1383,9500,10946,,,6587.0,1964.0,,,0.0,37870.0
Oblate School of Theology,San Antonio,TX,78216-6693,2,,,,,,,,,,,,,5569.0,,,,0.0,
Ocean Corporation,Houston,TX,77099,3,,,,,30210.0,24000.0,0.4701,0.6287,9500,9500,,,,195.0,,,0.0,53474.0
Odessa College,Odessa,TX,79764,1,2640.0,4806.0,12315.0,9296.0,,,0.2553,0.0288,6000,7750,,,7087.0,4176.0,0.2794,0.6053,0.0,42026.0
Ogle School Hair Skin Nails-Arlington,Arlington,TX,76013,3,,,,,22325.0,16500.0,0.691,0.6655,7916,7917,,,,319.0,,,0.0,31055.0
Ogle School Hair Skin Nails-Ft Worth,Fort Worth,TX,76132-3638,3,,,,,19659.0,16500.0,0.671,0.6541,7369,7917,,,,447.0,,,0.0,26885.0
Our Lady of the Lake University,San Antonio,TX,78207-4689,2,31728.0,31728.0,42137.0,,17760.0,,0.5749,0.646,17084,24999,,,7094.0,1110.0,0.4243,0.5833,0.0,48675.0
The University of Texas Rio Grande Valley,Edinburg,TX,78539-2999,1,9859.0,19939.0,18343.0,6500.0,,,0.6376,0.2558,9593,12950,0.8482,1020.0,8791.0,27026.0,0.4927,0.7891,0.0,49620.0
Texas Southmost College,Brownsville,TX,78520,1,3148.0,4948.0,11487.0,5458.0,,,0.3138,0.0671,6125,9000,,,6251.0,3453.0,,,0.0,41900.0
Panola College,Carthage,TX,75633-2397,1,2280.0,5064.0,12950.0,7429.0,,,0.3198,0.0809,6000,10500,,,6453.0,1378.0,,,0.0,36072.0
Paris Junior College,Paris,TX,75460,1,2580.0,5580.0,12951.0,6662.0,,,0.2259,0.0253,4300,5342,,,6966.0,2265.0,,,0.0,36515.0
Paul Quinn College,Dallas,TX,75241,2,13498.0,13498.0,24912.0,,20244.0,,0.6976,0.5571,11090,PS,0.3381,,6785.0,600.0,0.381,0.5567,0.0,29288.0
Prairie View A & M University,Prairie View,TX,77446,1,11299.0,26874.0,25958.0,14041.0,,,0.6244,0.5808,17500,27000,0.753,949.0,8893.0,8527.0,0.4322,0.7405,0.0,45411.0
Ranger College,Ranger,TX,76470,1,4725.0,8775.0,14685.0,6565.0,,,0.1766,0.0776,5792,9500,,,4198.0,935.0,,,0.0,35552.0
Aviation Institute of Maintenance-Houston,Houston,TX,77061,3,16757.0,16757.0,28108.0,,23284.0,,0.664,0.756,21413,31875,,,,281.0,,,0.0,58327.0
Rice University,Houston,TX,77005-1827,2,58128.0,58128.0,74110.0,,12640.0,,0.1607,0.0625,9716,11000,0.0788,1553.0,18047.0,4562.0,0.9569,0.9758,0.0,89718.0
Saint Edward's University,Austin,TX,78704-6489,2,51384.0,51384.0,64975.0,,23636.0,,0.3947,0.4814,20000,24803,0.8369,1135.0,9434.0,2729.0,0.6418,0.7797,0.0,58826.0
St Philip's College,San Antonio,TX,78203-2098,1,3412.0,14422.0,11406.0,4873.0,,,0.2137,0.0318,7250,9500,,,7187.0,10772.0,,,0.0,38224.0
University of St Thomas,Houston,TX,77006-4696,2,33660.0,33660.0,44151.0,,18762.0,,0.3792,0.3625,12548,19928,0.9334,1204.0,8135.0,2826.0,0.6862,0.7335,0.0,59224.0
Sam Houston State University,Huntsville,TX,77340,1,9228.0,19020.0,24517.0,16025.0,,,0.3985,0.4631,16500,21983,0.8539,1055.0,8309.0,18138.0,0.5507,0.7544,0.0,54211.0
San Antonio College,San Antonio,TX,78212-3941,1,3412.0,14422.0,11576.0,5290.0,,,0.3369,0.0513,6500,10500,,,7888.0,16067.0,0.2206,,0.0,39711.0
San Jacinto Community College,Pasadena,TX,77505,1,1992.0,5352.0,14990.0,7540.0,,,0.303,0.0232,5750,9500,,,8138.0,23071.0,0.3439,,0.0,43062.0
Schreiner University,Kerrville,TX,78028-5697,2,37396.0,37396.0,46294.0,,20410.0,,0.4381,0.6576,13500,23250,0.8797,,7575.0,1028.0,0.437,0.7197,0.0,52228.0
Seguin Beauty School-Seguin,Seguin,TX,78155,3,,,,,17870.0,15500.0,0.4507,0.6197,8427,9995,,,,26.0,,,0.0,21891.0
St. Mary's University,San Antonio,TX,78228,2,36242.0,36242.0,46368.0,,21352.0,,0.4203,0.5217,19500,25563,0.8895,989.0,10468.0,1911.0,0.5879,0.6749,0.0,56955.0
South Plains College,Levelland,TX,79336,1,2581.0,4837.0,12880.0,7062.0,,,0.4002,0.1653,6724,10500,,,6558.0,6124.0,,,0.0,41276.0
South Texas Barber College Inc,Corpus Christi,TX,78415,3,,,,,6965.0,8300.0,0.8214,0.0,PS,PS,,,,23.0,,,,25734.0
South Texas College of Law Houston,Houston,TX,77002-7006,2,,,,,,,,,PS,PS,,,15473.0,,,,0.0,
South Texas Vocational Technical Institute-Weslaco,Weslaco,TX,78599,3,,,,,19268.0,20663.0,0.8413,0.8593,10661,15917,,,,263.0,,,0.0,31102.0
Miller-Motte College-STVT-McAllen,McAllen,TX,78503,3,,,,,21607.0,18040.0,0.7439,0.7682,10661,15917,,,,496.0,,,0.0,31102.0
Southern Methodist University,Dallas,TX,75275-0221,2,64460.0,64460.0,82532.0,,41778.0,,0.1186,0.2174,15311,19500,0.6122,1424.0,14324.0,7106.0,0.8325,0.8961,0.0,78354.0
Southwest School of Business and Technical Careers-San Antonio,San Antonio,TX,78221-0138,3,,,,,22508.0,14500.0,0.9535,0.9535,7226,7273,,,,22.0,,,0.0,24251.0
Southwest Texas Junior College,Uvalde,TX,78801-6297,1,2646.0,6294.0,13579.0,7634.0,,,0.3563,0.0315,5750,6200,,,5715.0,3170.0,,,0.0,35563.0
Southwestern Assemblies of God University,Waxahachie,TX,75165,2,18610.0,18610.0,32765.0,,19655.0,,0.495,0.6372,14750,24725,0.8423,1014.0,6304.0,1366.0,0.3553,0.8125,0.0,46238.0
Southwestern University,Georgetown,TX,78626,2,51058.0,51058.0,63645.0,,27468.0,,0.2313,0.4302,19500,25000,0.3907,1269.0,8855.0,1454.0,0.6934,0.8303,0.0,56878.0
Stephen F Austin State University,Nacogdoches,TX,75961,1,10600.0,20680.0,24231.0,15152.0,,,0.3679,0.4294,17750,23409,0.8825,1074.0,8500.0,8746.0,0.5175,0.7129,0.0,49634.0
Texas State University,San Marcos,TX,78666,1,11450.0,23210.0,26348.0,16438.0,,,0.3615,0.4259,14993,21000,0.8948,1093.0,8917.0,34547.0,0.5617,0.7751,0.0,56906.0
Southwestern Adventist University,Keene,TX,76059,2,24588.0,24588.0,35804.0,,20581.0,,0.3885,0.5602,21500,26998,0.5552,1031.0,6382.0,574.0,0.4109,0.704,0.0,52946.0
Southwestern Christian College,Terrell,TX,75160-4812,2,12121.0,12121.0,21900.0,,16870.0,,0.9057,0.0283,PS,PS,,,2969.0,128.0,0.4918,,0.045,32672.0
Sul Ross State University,Alpine,TX,79832,1,7592.0,17384.0,23759.0,10991.0,,,0.5161,0.38,11000,15900,0.9562,984.0,7540.0,1378.0,0.2744,0.5833,0.0,41871.0
Tarleton State University,Stephenville,TX,76401-0000,1,7878.0,17958.0,22981.0,20261.0,,,0.3711,0.4548,13989,19606,0.942,1068.0,8176.0,12263.0,0.5123,0.7381,0.0,53040.0
Tarrant County College District,Fort Worth,TX,76102,1,1728.0,8235.0,11720.0,6073.0,,,0.2749,0.0772,5500,9104,,,8238.0,40214.0,,,0.0,42727.0
Temple College,Temple,TX,76504-7435,1,3000.0,6696.0,11400.0,6934.0,,,0.4047,0.2357,7991,12813,,,6277.0,3168.0,,,0.0,38678.0
University of Texas Southwestern Medical Center,Dallas,TX,75390-9096,1,,,,,,,,,PS,PS,,,9874.0,,,,0.0,76860.0
The University of Texas Health Science Center at San Antonio,San Antonio,TX,78229-3900,1,,,,,,,0.3516,0.5465,15000,15000,,,11134.0,864.0,,,0.0,82206.0
The University of Texas Medical Branch at Galveston,Galveston,TX,77555-0129,1,,,,,,,0.2051,0.4513,12678,13396,,,10914.0,559.0,,,0.0,92961.0
Texarkana College,Texarkana,TX,75599,1,2476.0,5332.0,13580.0,7236.0,,,0.2826,0.0874,9487,10500,,,5857.0,1609.0,,,0.0,34647.0
Texas A & M University-Kingsville,Kingsville,TX,78363,1,9892.0,26106.0,22262.0,10204.0,,,0.5455,0.4648,15873,22934,0.9229,1030.0,8594.0,4622.0,0.4559,0.6698,0.0,51450.0
Texas A & M University-College Station,College Station,TX,77843-1246,1,13099.0,40328.0,32085.0,20924.0,,,0.1923,0.2634,15000,17804,0.6325,1272.0,14313.0,59099.0,0.8378,0.9425,0.0,72097.0
The University of Texas at Arlington,Arlington,TX,76013,1,11728.0,29660.0,25265.0,15235.0,,,0.3958,0.3281,11791,17527,0.8129,1116.0,11093.0,30834.0,0.5652,0.7288,0.0,63199.0
The University of Texas at Austin,Austin,TX,78705,1,11678.0,42778.0,29842.0,19678.0,,,0.2511,0.2706,18909,20500,0.2912,1380.0,15510.0,42100.0,0.8764,0.9612,0.0,75121.0
The University of Texas at Dallas,Richardson,TX,75080-3021,1,14564.0,40064.0,28210.0,17435.0,,,0.2973,0.3528,13750,18000,0.6546,1300.0,14868.0,21317.0,0.7083,0.8813,0.0,68227.0
The University of Texas at El Paso,El Paso,TX,79968-0691,1,9744.0,25512.0,19327.0,10726.0,,,0.606,0.2946,12573,18000,0.999,982.0,9775.0,20547.0,0.4595,0.7735,0.0,50923.0
The University of Texas at Tyler,Tyler,TX,75799-6699,1,9920.0,25198.0,23669.0,13931.0,,,0.3796,0.3266,12500,17137,0.9154,1113.0,19802.0,7009.0,0.4677,0.7303,0.0,57053.0
Texas Chiropractic College Foundation Inc,Pasadena,TX,77505-1699,2,,,,,,,,,PS,PS,,,7698.0,,,,0.0,
Texas Christian University,Fort Worth,TX,76129,2,57220.0,57220.0,72778.0,,33531.0,,0.1347,0.2505,19000,21500,0.426,1303.0,13511.0,10919.0,0.8561,0.9428,0.0,68424.0
Texas College,Tyler,TX,75702,2,10008.0,10008.0,20832.0,,10650.0,,0.8536,0.6293,19500,31000,,,5055.0,644.0,0.1069,0.597,0.0,33752.0
University of North Texas Health Science Center,Fort Worth,TX,76107-2699,1,,,,,,,,,PS,PS,,,11872.0,17.0,,,0.0,93615.0
Texas Lutheran University,Seguin,TX,78155-5999,2,34920.0,34920.0,47548.0,,22587.0,,0.3763,0.6593,14315,25000,0.9479,1124.0,7713.0,1260.0,0.5518,0.6715,0.0,53863.0
The University of Texas Permian Basin,Odessa,TX,79762-0001,1,10904.0,23212.0,21727.0,9144.0,,,0.356,0.2983,12285,17750,0.8446,1031.0,8924.0,4122.0,0.4298,0.6136,0.0,56073.0
The University of Texas at San Antonio,San Antonio,TX,78249-1644,1,8991.0,21965.0,21474.0,11234.0,,,0.4225,0.4257,15000,20500,0.8846,1102.0,10373.0,29675.0,0.5119,0.794,0.0,57131.0
Texas Southern University,Houston,TX,77004,1,9173.0,21773.0,24899.0,19734.0,,,0.713,0.6527,16250,29000,0.9335,913.0,8051.0,6619.0,0.1989,0.5699,0.0,38924.0
Texas Tech University,Lubbock,TX,79409-5005,1,11852.0,24451.0,27472.0,20071.0,,,0.2575,0.4348,15250,21500,0.7089,1182.0,11545.0,32446.0,0.6747,0.8487,0.0,62454.0
Texas Wesleyan University,Fort Worth,TX,76105-1536,2,37934.0,37934.0,50619.0,,19398.0,,0.4114,0.4279,13992,23125,0.6239,1051.0,8334.0,1671.0,0.3235,0.6312,0.0,54053.0
Texas Woman's University,Denton,TX,76204,1,8648.0,18720.0,20399.0,10948.0,,,0.4045,0.3909,14000,19218,0.9499,,9260.0,8804.0,0.4421,0.7362,0.0,56544.0
Trinity University,San Antonio,TX,78212-7200,2,51352.0,51352.0,65774.0,,23650.0,,0.164,0.2918,19500,22954,0.2816,1407.0,12044.0,2518.0,0.8193,0.9237,0.0,71668.0
The University of Texas Health Science Center at Houston,Houston,TX,77030,1,,,,,,,0.426,0.713,12500,13063,,,11760.0,460.0,,,0.0,88757.0
Texas Tech University Health Sciences Center,Lubbock,TX,79430,1,,,,,,,0.143,0.5152,11250,12268,,,9437.0,1374.0,,,0.0,92348.0
Tyler Junior College,Tyler,TX,75701,1,3112.0,5752.0,15881.0,9924.0,,,0.3562,0.2001,6500,11995,,,6045.0,9065.0,0.2669,0.6095,0.0,38140.0
Universal Technical Institute of Texas Inc.,Houston,TX,77073,3,,,,,20819.0,49900.0,0.5586,0.5965,11574,14267,,,6048.0,1823.0,,,0.0,51222.0
UCAS University of Cosmetology Arts & Sciences-McAllen,McAllen,TX,78504,3,,,,,11720.0,13441.0,0.9386,0.8991,6083,6447,,,,92.0,,,0.0,19880.0
Vernon College,Vernon,TX,76384-4092,1,4080.0,6480.0,13676.0,6571.0,,,0.3824,0.2935,7000,11000,,,5702.0,1656.0,,,0.0,40464.0
Victoria Beauty & Barber College,Victoria,TX,77901-6233,3,,,,,16042.0,15000.0,0.6276,0.6069,6222,9500,,,,64.0,,,0.0,18831.0
Victoria College,Victoria,TX,77901,1,2853.0,5256.0,11112.0,4550.0,,,0.3342,0.0734,7256,10500,,,6909.0,2385.0,,,0.0,42382.0
Vogue College of Cosmetology-McAllen,McAllen,TX,78501-1945,3,,,,,26326.0,13795.0,0.7402,0.7252,6333,7917,,,,336.0,,,0.0,
Wayland Baptist University,Plainview,TX,79072,2,23186.0,23186.0,34762.0,,20540.0,,0.3952,0.4338,15467,23106,0.5405,,6090.0,2090.0,0.1919,0.4754,0.0,51838.0
Weatherford College,Weatherford,TX,76086-5699,1,4560.0,9630.0,15148.0,8664.0,,,0.1943,0.1447,6500,9948,,,7490.0,3961.0,0.2283,,0.0,42397.0
West Texas A & M University,Canyon,TX,79016-0001,1,9101.0,10996.0,23383.0,20841.0,,,0.3933,0.382,12620,19500,0.9735,1072.0,8505.0,6771.0,0.4731,0.6715,0.0,50741.0
Western Texas College,Snyder,TX,79549,1,3240.0,5850.0,12444.0,4094.0,,,0.0783,0.0158,5500,7515,,,5810.0,486.0,,,0.0,42508.0
Wharton County Junior College,Wharton,TX,77488,1,2916.0,5568.0,10406.0,5021.0,,,0.2652,0.1747,5500,7703,,,6235.0,4832.0,,,0.0,44960.0
Wiley University,Marshall,TX,75670,2,12500.0,12500.0,20322.0,,10095.0,,0.7708,0.6218,16833,24989,,,5672.0,636.0,0.2,0.3167,0.0,33159.0
Bridgerland Technical College,Logan,UT,84321,1,,,,2785.0,,3134.0,0.1004,0.0,PS,PS,,,,1441.0,,,,38347.0
Brigham Young University,Provo,UT,84602,2,6496.0,6496.0,20879.0,,14487.0,,0.3229,0.1163,8310,11069,0.6919,1376.0,13861.0,32221.0,0.8221,0.8905,0.0,75790.0
Brigham Young University-Hawaii,Laie,HI,96762-1294,2,6438.0,6438.0,22970.0,,13884.0,,0.2969,0.2095,5500,9413,0.3787,1104.0,10464.0,2812.0,0.5439,0.6701,0.0,52064.0
Cameo College of Essential Beauty,Murray,UT,84107,3,,,,,,3300.0,0.3248,0.2594,5481,5500,,,,277.0,,,0.0,32364.0
Collectiv Academy,Sandy,UT,84094,3,,,,,19996.0,15900.0,0.5221,0.6103,9000,10540,,,,81.0,,,0.0,29334.0
Davis Technical College,Kaysville,UT,84037-2699,1,,,,10885.0,,2280.0,0.0929,0.0,PS,PS,,,,2617.0,,,,41734.0
Utah Tech University,Saint George,UT,84770-3876,1,6074.0,17644.0,19660.0,15265.0,,,0.223,0.1661,7191,15000,,,8313.0,8320.0,0.3421,0.6301,0.0,44570.0
Evans Hairstyling College-Cedar City,Cedar City,UT,84720,3,,,,,13453.0,14000.0,0.3333,0.1889,PS,PS,,,,64.0,,,0.0,
Evans Hairstyling College-St George,Saint George,UT,84770,3,,,,,8513.0,14000.0,0.2759,0.0,PS,PS,,,,57.0,,,,16916.0
Paul Mitchell the School-Salt Lake City,Holladay,UT,84117,3,,,,,13704.0,21250.0,0.4218,0.4104,7666,9500,,,,289.0,,,0.0,26893.0
Eagle Gate College-Murray,Murray,UT,84123-6965,3,16491.0,16491.0,33925.0,,28945.0,,0.4828,0.6935,20000,43021,,,7030.0,252.0,0.5278,0.6667,0.0,37518.0
Ensign College,Salt Lake City,UT,84101-3500,2,3888.0,3888.0,13892.0,,10003.0,,0.1134,0.0306,3500,PS,,,8623.0,5969.0,0.3109,0.6139,0.0,50630.0
Ogden-Weber Technical College,Ogden,UT,84404-4089,1,,,,1614.0,,2850.0,0.1053,0.0,PS,PS,,,,2053.0,,,0.0,35032.0
Snow College,Ephraim,UT,84627,1,4564.0,14130.0,12190.0,6071.0,,,0.2088,0.1244,4500,7000,,,7889.0,3552.0,0.4665,0.4,0.0,41022.0
Southern Utah University,Cedar City,UT,84720,1,6770.0,20586.0,19512.0,11432.0,,,0.2421,0.1726,7751,12500,0.8047,,8636.0,9533.0,0.5899,0.7352,0.0,50296.0
Uintah Basin Technical College,Roosevelt,UT,84066,1,,,,,,2760.0,0.0101,0.0,PS,PS,,,,324.0,,,,28178.0
Utah State University,Logan,UT,84322-1400,1,9228.0,24802.0,21050.0,12869.0,,,0.2569,0.1925,9500,14340,0.9362,1189.0,10824.0,20342.0,0.5732,0.7415,0.0,54022.0
Utah Valley University,Orem,UT,84058-5999,1,6270.0,17830.0,15172.0,8463.0,,,0.2337,0.0895,8899,14750,,,9862.0,27481.0,0.4074,0.6967,0.0,55486.0
Salt Lake Community College,Salt Lake City,UT,84123,1,4257.0,13701.0,12884.0,7661.0,,,0.162,0.0621,4408,8003,,,7775.0,17247.0,,,0.0,47867.0
University of Utah,Salt Lake City,UT,84112-9008,1,9315.0,29837.0,21799.0,13172.0,,,0.201,0.215,14000,19000,0.8717,1231.0,12443.0,26041.0,0.6391,0.8538,0.0,67170.0
Weber State University,Ogden,UT,84408-1001,1,6391.0,17084.0,16172.0,10722.0,,,0.1642,0.1068,9666,15113,,,9832.0,15619.0,0.4298,0.666,0.0,56287.0
Westminster University,Salt Lake City,UT,84105,2,41416.0,41416.0,56801.0,,26536.0,,0.2508,0.6608,18500,22250,0.6883,1249.0,8537.0,882.0,0.6936,0.7594,0.0,66215.0
Bennington College,Bennington,VT,05201-6003,2,64644.0,64644.0,82968.0,,31918.0,,0.2124,0.4942,19250,26000,0.4804,1358.0,11162.0,759.0,0.6667,0.8505,0.0,38289.0
Champlain College,Burlington,VT,05401,2,45550.0,45550.0,63000.0,,35000.0,,0.2314,0.5134,19500,26814,0.6672,1262.0,10111.0,2870.0,0.6301,0.7666,0.0,58386.0
Community College of Vermont,Montpelier,VT,05602,1,3560.0,13640.0,16717.0,10599.0,,,0.2818,0.0454,5702,10491,,,,3093.0,,,0.0,36234.0
Goddard College,Plainfield,VT,05667-9432,2,19568.0,19568.0,36263.0,,30152.0,,0.5268,0.6875,16750,18750,0.1951,,5167.0,113.0,0.75,1.0,0.0,25552.0
Middlebury College,Middlebury,VT,05753,2,65280.0,65280.0,82260.0,,25934.0,,0.1673,0.2279,11522,13857,0.1037,1500.0,13491.0,2785.0,0.9259,0.9358,0.0,76310.0
Norwich University,Northfield,VT,05663-1035,2,49600.0,49600.0,65098.0,,25600.0,,0.2445,0.459,17501,25000,0.7361,1190.0,8088.0,2490.0,0.6103,0.694,0.0,65575.0
O'Briens Aveda Institute,Williston,VT,05495,3,,,,,25367.0,16000.0,0.3286,0.1429,6333,6333,,,,85.0,,,0.0,
Saint Michael's College,Colchester,VT,05439,2,50040.0,50040.0,67174.0,,30033.0,,0.177,0.5831,21500,26922,0.9185,1241.0,8928.0,1157.0,0.6887,0.8411,0.0,61317.0
SIT Graduate Institute,Brattleboro,VT,05302-0676,2,,,,,,,,,PS,PS,,,7063.0,0.0,,,0.0,
Sterling College,Craftsbury Common,VT,05827-0072,2,40760.0,40760.0,52300.0,,30785.0,,0.3465,0.3564,13625,PS,0.9231,,5446.0,66.0,0.4286,0.3,0.009,30573.0
Vermont Law and Graduate School,South Royalton,VT,05068-0096,2,,,,,,,,,PS,PS,,,8969.0,,,,0.0,
Vermont State University,Randolph,VT,05061,1,11400.0,21408.0,30074.0,20865.0,,,0.3148,0.5528,11000,15000,0.8323,,7768.0,3567.0,0.4894,0.6681,0.0,50331.0
University of Vermont,Burlington,VT,05405-0160,1,18890.0,43890.0,35116.0,20860.0,,,0.1283,0.384,17500,20951,0.6002,1357.0,10439.0,11614.0,0.7856,0.8816,0.0,62472.0
Paul Mitchell the School-Roanoke,Roanoke,VA,24015,3,,,,,17280.0,19033.0,0.589,0.6626,9500,9833,,,,73.0,,,0.0,19217.0
Advanced Technology Institute,Virginia Beach,VA,23462,3,14568.0,14568.0,25540.0,,18497.0,,0.3551,0.2941,12000,14873,0.6096,,5319.0,377.0,,,0.0,46342.0
Averett University,Danville,VA,24541,2,38550.0,38550.0,51456.0,,23262.0,,0.3904,0.6754,16750,25000,0.478,1054.0,6509.0,1162.0,0.4357,0.5863,0.0,51516.0
Blue Ridge Community College,Weyers Cave,VA,24486-0080,1,5502.0,11505.0,15437.0,8755.0,,,0.3346,0.0511,6500,10409,,,7582.0,2677.0,,,0.0,42644.0
Bluefield University,Bluefield,VA,24605,2,29696.0,29696.0,41806.0,,22198.0,,0.4567,0.6199,13000,21855,0.6272,,5877.0,683.0,0.2714,0.4932,0.0,48896.0
Bridgewater College,Bridgewater,VA,22812-1599,2,41350.0,41350.0,56195.0,,20173.0,,0.2939,0.6477,17500,26000,0.9081,1225.0,7292.0,1388.0,0.4944,0.7749,0.0,53453.0
William & Mary,Williamsburg,VA,23187-8795,1,25040.0,49412.0,41118.0,22529.0,,,0.1208,0.2335,15500,18500,0.3272,1458.0,13070.0,6949.0,0.9101,0.9463,0.0,73490.0
Regent University,Virginia Beach,VA,23464,2,20686.0,20686.0,30550.0,,18749.0,,0.48,0.574,11000,24534,0.4118,1169.0,8365.0,4282.0,0.5409,0.6627,0.0,44498.0
Central School of Practical Nursing,Norfolk,VA,23502,1,,,,7152.0,,7475.0,0.2973,0.0,PS,PS,,,,24.0,,,,59399.0
Central Virginia Community College,Lynchburg,VA,24502-2498,1,4998.0,11001.0,11638.0,5525.0,,,0.3312,0.0301,5500,8625,,,7897.0,2144.0,,,0.0,36627.0
Christopher Newport University,Newport News,VA,23606-3072,1,16351.0,30988.0,32242.0,22197.0,,,0.1457,0.3648,19500,25000,0.8796,1207.0,10608.0,4402.0,0.7508,0.8277,0.0,60509.0
Bryant & Stratton College-Virginia Beach,Virginia Beach,VA,23462,2,18457.0,18457.0,22769.0,,12134.0,,0.6187,0.7605,9500,21549,,,6093.0,1327.0,0.281,0.4,0.0,32568.0
Mountain Gateway Community College,Clifton Forge,VA,24422-1000,1,4878.0,10881.0,13076.0,6307.0,,,0.2442,0.0772,6500,9182,,,6548.0,457.0,,,0.0,34293.0
Danville Community College,Danville,VA,24541-4004,1,4848.0,10851.0,14060.0,7158.0,,,0.3659,0.04,6100,9000,,,7461.0,1371.0,,,0.0,31664.0
Eastern Virginia Medical School,Norfolk,VA,23507,1,,,,,,,,,PS,PS,,,11166.0,,,,0.0,
Centura College-Virginia Beach,Virginia Beach,VA,23452-7431,3,16637.0,16637.0,32123.0,,27538.0,,0.7064,0.6514,10054,14750,,,4729.0,8.0,,,0.0,25930.0
Emory & Henry University,Emory,VA,24327-0947,2,35280.0,35280.0,52311.0,,20591.0,,0.4085,0.659,18460,26332,0.963,1171.0,7571.0,1107.0,0.5375,0.6916,0.0,47385.0
Eastern Mennonite University,Harrisonburg,VA,22802-2462,2,41860.0,41860.0,54378.0,,23615.0,,0.2691,0.5538,16750,24813,0.9975,,6352.0,800.0,0.4709,0.7612,0.0,54869.0
Eastern Shore Community College,Melfa,VA,23410,1,4938.0,10941.0,11859.0,4975.0,,,0.3663,0.0,PS,PS,,,7674.0,433.0,,,,32418.0
Ferrum College,Ferrum,VA,24088-9000,2,38320.0,38320.0,54506.0,,22085.0,,0.4651,0.7481,14250,27000,1.0,990.0,5755.0,745.0,0.2886,0.586,0.0,44296.0
George Mason University,Fairfax,VA,22030-4444,1,13815.0,39397.0,26972.0,18287.0,,,0.2951,0.3425,15750,19500,0.8883,1247.0,13809.0,27083.0,0.6932,0.8735,0.0,76343.0
Germanna Community College,Locust Grove,VA,22508-2102,1,5066.0,11069.0,12278.0,6239.0,,,0.2512,0.041,5500,8400,,,8204.0,5469.0,,,0.0,39644.0
Hampden-Sydney College,Hampden-Sydney,VA,23943-0128,2,52388.0,52388.0,67129.0,,24668.0,,0.22,0.48,19500,26000,0.5013,1168.0,8837.0,876.0,0.6527,0.8495,0.0,67640.0
Hampton University,Hampton,VA,23668-0099,2,29162.0,29162.0,45968.0,,32145.0,,0.3806,0.5636,19500,25442,0.4827,1062.0,7970.0,3254.0,0.5567,0.8478,0.0,59159.0
Hollins University,Roanoke,VA,24020,2,42260.0,42260.0,57481.0,,22263.0,,0.3314,0.589,22925,27000,0.7086,1256.0,7218.0,673.0,0.6968,0.7429,0.0,40075.0
J Sargeant Reynolds Community College,Richmond,VA,23228-2327,1,5136.0,11139.0,11919.0,4553.0,,,0.3004,0.0445,8000,10500,,,7804.0,5284.0,,,0.0,39529.0
James Madison University,Harrisonburg,VA,22807,1,13576.0,30790.0,30213.0,21816.0,,,0.1683,0.3042,17272,20093,0.7625,1247.0,10428.0,20497.0,0.8089,0.9014,0.0,69954.0
Brightpoint Community College,Chester,VA,23831-5316,1,4938.0,10941.0,11686.0,5583.0,,,0.2138,0.0355,5500,9500,,,8006.0,5548.0,,,0.0,41223.0
Liberty University,Lynchburg,VA,24515,2,21222.0,21222.0,41707.0,,29552.0,,0.3908,0.4902,15943,24500,0.9932,,8042.0,50059.0,0.6348,0.7879,0.0,44813.0
Longwood University,Farmville,VA,23909,1,15200.0,27410.0,32870.0,20814.0,,,0.26,0.4943,19000,25000,0.848,1117.0,8727.0,2957.0,0.616,0.7775,0.0,52347.0
Laurel Ridge Community College,Middletown,VA,22645,1,4928.0,10931.0,11552.0,5586.0,,,0.1788,0.0281,5982,9750,,,7758.0,3167.0,,,0.0,41000.0
University of Lynchburg,Lynchburg,VA,24501-3113,2,35540.0,35540.0,48300.0,,20187.0,,0.2731,0.5802,22500,27000,0.8219,1100.0,8232.0,1599.0,0.6162,0.7585,0.0,56380.0
Centra College,Lynchburg,VA,24501,2,12263.0,12263.0,31771.0,,24868.0,,0.4367,0.738,12000,15250,1.0,,7662.0,212.0,1.0,1.0,0.0,60122.0
Mary Baldwin University,Staunton,VA,24401,2,33157.0,33157.0,44435.0,,17833.0,,0.4833,0.6644,12250,26586,,,7996.0,1188.0,0.5566,0.6124,0.0,44427.0
University of Mary Washington,Fredericksburg,VA,22401-5300,1,14559.0,31479.0,29234.0,21108.0,,,0.2024,0.3075,16250,20500,0.8626,1241.0,9548.0,3504.0,0.6738,0.8197,0.0,60613.0
Marymount University,Arlington,VA,22207-4299,2,39050.0,39050.0,55748.0,,25153.0,,0.2211,0.3503,20000,25000,0.8052,,8517.0,1795.0,0.5789,0.76,0.0,67516.0
Sovah School of Health Professions,Danville,VA,24541,3,,,,,,,0.3043,0.4348,PS,PS,,,5458.0,20.0,,,0.0,69924.0
Mountain Empire Community College,Big Stone Gap,VA,24219,1,4863.0,10866.0,14516.0,7226.0,,,0.4149,0.0,PS,PS,,,7207.0,1240.0,,,,32622.0
American National University,Salem,VA,24153,3,10735.0,10735.0,24065.0,,20215.0,,0.7147,0.8095,7567,12814,,,3855.0,643.0,0.2632,0.7143,0.0,26370.0
New River Community College,Dublin,VA,24084-3660,1,4835.0,10837.0,13477.0,6031.0,,,0.2085,0.0322,5998,9000,,,8475.0,1917.0,,,0.0,40025.0
Sentara College of Health Sciences,Chesapeake,VA,23320,2,,,,,,,0.3449,0.5331,15694,19450,,,8848.0,239.0,,,0.0,77821.0
Tidewater Tech-Trades,Norfolk,VA,23502,3,16337.0,16337.0,29882.0,,24671.0,,0.6872,0.5837,9500,9500,,,,514.0,,,0.0,31657.0
Norfolk State University,Norfolk,VA,23504-8000,1,9910.0,21412.0,26093.0,12973.0,,,0.6219,0.5827,17277,29000,0.8746,980.0,9520.0,5495.0,0.3267,0.7197,0.0,44666.0
Northern Virginia Community College,Annandale,VA,22003-3796,1,5703.0,11786.0,15821.0,8554.0,,,0.1986,0.071,7000,11000,,,9529.0,31737.0,,,0.0,53557.0
Old Dominion University,Norfolk,VA,23529,1,12262.0,32662.0,27180.0,14170.0,,,0.3694,0.4217,16300,24000,0.9052,1190.0,10154.0,17521.0,0.4435,0.7592,0.0,54914.0
Patrick & Henry Community College,Martinsville,VA,24112,1,4858.0,10861.0,11242.0,3430.0,,,0.4584,0.0,PS,PS,,,7579.0,1411.0,,,,33323.0
Paul D Camp Community College,Franklin,VA,23851,1,4868.0,10871.0,11678.0,5666.0,,,0.2727,0.0598,5500,6880,,,6802.0,605.0,,,0.0,36031.0
Southside College of Health Sciences,Colonial Heights,VA,23834,2,,,,,,,0.3107,0.5631,12088,13758,,,7409.0,91.0,,,0.0,71380.0
Piedmont Virginia Community College,Charlottesville,VA,22902-7589,1,4928.0,10931.0,12435.0,6347.0,,,0.2539,0.0356,5500,8750,,,7833.0,3032.0,,,0.0,40752.0
Radford University,Radford,VA,24142,1,12286.0,25185.0,26681.0,16640.0,,,0.3537,0.5514,17500,24000,0.9064,1061.0,9459.0,5609.0,0.4962,0.7267,0.0,53739.0
Sylvain Melloul International Hair Academy,Lynchburg,VA,24502,3,,,,,21156.0,20396.0,0.6083,0.6406,8855,9500,,,,153.0,,,0.0,17106.0
Randolph-Macon College,Ashland,VA,23005-5505,2,48002.0,48002.0,61174.0,,27759.0,,0.202,0.5819,22500,27000,0.834,1148.0,8736.0,1489.0,0.746,0.8092,0.0,58448.0
Randolph College,Lynchburg,VA,24503-1555,2,29010.0,29010.0,43838.0,,18436.0,,0.4059,0.5628,17455,26950,0.9494,1109.0,8278.0,520.0,0.5149,0.6803,0.0,53409.0
Rappahannock Community College,Glenns,VA,23149-2616,1,4958.0,10961.0,12149.0,5310.0,,,0.2489,0.0,PS,PS,,,7769.0,1318.0,,,,36121.0
Fortis College-Norfolk,Norfolk,VA,23502-4101,3,14083.0,14083.0,35941.0,,29556.0,,0.6619,0.6187,9396,9500,,,6549.0,431.0,,,0.0,32754.0
Richard Bland College,South Prince George,VA,23805-7100,1,8850.0,14910.0,19405.0,8920.0,,,0.1437,0.1329,5750,11000,0.7189,,7694.0,799.0,,,0.0,41452.0
Bon Secours Memorial College of Nursing,Richmond,VA,23227-1149,2,,,,,,,0.2058,0.4075,23933,26500,,,8465.0,527.0,,,0.0,77014.0
University of Richmond,University of Richmond,VA,23173,2,62600.0,62600.0,77290.0,,33417.0,,0.1755,0.3335,19000,21000,0.2331,1474.0,13886.0,3002.0,0.8784,0.9318,0.0,76178.0
Riverside College of Health Careers,Newport News,VA,23601,2,14875.0,14875.0,29743.0,,25596.0,,0.4792,0.7348,14250,14787,0.1667,,8249.0,325.0,0.625,,0.0,66072.0
Roanoke College,Salem,VA,24153-3794,2,36774.0,36774.0,54059.0,,27786.0,,0.2432,0.8094,22313,27000,0.8007,1193.0,7553.0,1801.0,0.6589,0.7789,0.0,58047.0
Bon Secours St Mary's Hospital School of Medical Imaging,Richmond,VA,23227,2,,,,,,,0.2222,0.3333,PS,PS,,,5669.0,31.0,,,0.0,65432.0
Shenandoah University,Winchester,VA,22601-5195,2,36028.0,36028.0,50500.0,,30055.0,,0.1865,0.5847,19500,25000,0.7784,,8377.0,2127.0,0.7055,0.8168,0.0,58433.0
Southeastern Free Will Baptist Bible College,Wendell,NC,27591-9072,2,11250.0,11250.0,20643.0,,13467.0,,0.3649,0.2432,5000,PS,,,5697.0,74.0,0.5455,0.9333,,
Southern Virginia University,Buena Vista,VA,24416,2,20040.0,20040.0,33066.0,,24014.0,,0.4329,0.5563,14250,24224,0.9964,1099.0,6519.0,967.0,0.3829,0.8246,0.0,50002.0
Southside Virginia Community College,Alberta,VA,23821,1,4848.0,10851.0,13401.0,6194.0,,,0.3419,0.0,PS,PS,,,7510.0,1835.0,,,,32371.0
Southwest Virginia Community College,Cedar Bluff,VA,24609,1,4901.0,10904.0,15885.0,8838.0,,,0.4508,0.0,PS,PS,,,6985.0,1600.0,,,,34221.0
Staunton School of Cosmetology,Staunton,VA,24401-4323,3,,,,,12369.0,17450.0,0.5313,0.7188,9500,PS,,,,25.0,,,0.026,22660.0
Strayer University-Virginia,Arlington,VA,22201,3,13920.0,13920.0,,,,,0.5469,0.1074,14000,40621,,,8533.0,2010.0,0.1333,0.5,0.0,40092.0
Sweet Briar College,Sweet Briar,VA,24595-9998,2,25110.0,25110.0,41832.0,,23383.0,,0.3129,0.5055,21000,27000,0.7174,1227.0,7149.0,463.0,0.481,0.7662,0.0,51943.0
Virginia Peninsula Community College,Hampton,VA,23666,1,4944.0,10947.0,12945.0,6468.0,,,0.2876,0.0655,7130,9500,,,8723.0,3901.0,,,0.0,37996.0
Tidewater Community College,Norfolk,VA,23510,1,5714.0,11717.0,15291.0,7991.0,,,0.2905,0.0911,5810,10000,,,7881.0,11797.0,,,0.0,38349.0
Union Presbyterian Seminary,Richmond,VA,23227,2,,,,,,,,,PS,PS,,,8513.0,,,,0.0,
University of Virginia's College at Wise,Wise,VA,24293-4400,1,11656.0,32540.0,24315.0,11180.0,,,0.3298,0.2148,10695,16750,0.9392,1104.0,9140.0,1214.0,0.4981,0.732,0.0,45325.0
Virginia Highlands Community College,Abingdon,VA,24212-0828,1,4863.0,10866.0,11985.0,5112.0,,,0.4197,0.0,PS,PS,,,7562.0,1335.0,,,,32681.0
Virginia Polytechnic Institute and State University,Blacksburg,VA,24061-0131,1,15478.0,36694.0,32040.0,23790.0,,,0.1501,0.3426,19000,21500,0.5703,1337.0,13512.0,30435.0,0.8628,0.9179,0.0,81698.0
Virginia Western Community College,Roanoke,VA,24015,1,5256.0,11259.0,11892.0,5618.0,,,0.2974,0.049,7200,11000,,,8005.0,3777.0,,,0.0,38787.0
Virginia Commonwealth University,Richmond,VA,23284-2512,1,16458.0,39042.0,34346.0,19452.0,,,0.2971,0.4173,17021,21500,0.9306,1168.0,11878.0,20797.0,0.6538,0.8563,0.0,58128.0
University of Virginia-Main Campus,Charlottesville,VA,22903-2628,1,20986.0,58014.0,38132.0,22881.0,,,0.1371,0.2041,15153,17500,0.1686,1488.0,16881.0,17315.0,0.953,0.9734,0.0,86863.0
Virginia Military Institute,Lexington,VA,24450-0304,1,20484.0,51186.0,33738.0,18849.0,,,0.1647,0.5992,19000,22996,0.8173,1183.0,8676.0,1560.0,0.818,0.8444,0.0,77369.0
Asher Institute of Hampton,Hampton,VA,23666,3,,,,,19593.0,17134.0,0.368,0.2814,7250,PS,,,,118.0,,,,18710.0
Virginia University of Lynchburg,Lynchburg,VA,24501,2,9248.0,9248.0,25548.0,,18184.0,,0.7853,0.7423,9859,24250,,,3733.0,170.0,0.2609,0.75,0.0,28396.0
Virginia State University,Petersburg,VA,23806,1,9755.0,22006.0,24173.0,14553.0,,,0.71,0.7567,17500,26500,0.891,917.0,9216.0,4787.0,0.4072,0.7118,0.0,45543.0
Virginia Union University,Richmond,VA,23220,2,14880.0,14880.0,34960.0,,19580.0,,0.5064,0.456,22500,29000,0.9773,860.0,5649.0,1153.0,0.4133,0.6182,0.0,38275.0
Virginia Wesleyan University,Virginia Beach,VA,23455,2,36960.0,36960.0,51192.0,,20583.0,,0.2617,0.476,14000,27000,0.7129,1281.0,8431.0,1243.0,0.4905,0.6679,0.0,50074.0
Washington and Lee University,Lexington,VA,24450-2116,2,64525.0,64525.0,82990.0,,23911.0,,0.1109,0.1505,16617,19500,0.1736,1504.0,13879.0,1884.0,0.949,0.9538,0.0,94810.0
Wytheville Community College,Wytheville,VA,24382-3308,1,4863.0,10866.0,11952.0,4037.0,,,0.3247,0.0331,6000,7500,,,7566.0,1229.0,,,0.0,34303.0
Bellevue College,Bellevue,WA,98007-6484,1,4305.0,10183.0,19798.0,11289.0,,,0.0977,0.0319,8282,12375,,,10919.0,6901.0,0.335,,0.0,56310.0
Bellingham Technical College,Bellingham,WA,98225-1599,1,4226.0,5555.0,14885.0,4971.0,,,0.3113,0.0864,9500,17459,,,9750.0,1523.0,0.4545,,0.0,49748.0
Big Bend Community College,Moses Lake,WA,98837-3299,1,4909.0,5443.0,19691.0,10875.0,,,0.2944,0.0674,6832,9166,,,9470.0,1281.0,0.3667,,0.0,43814.0
Central Washington University,Ellensburg,WA,98926,1,9192.0,26771.0,25148.0,14715.0,,,0.3114,0.3568,13000,19500,0.9022,,9704.0,8081.0,0.4985,0.6897,0.0,61580.0
Centralia College,Centralia,WA,98531-4099,1,5109.0,5643.0,17550.0,7600.0,,,0.209,0.0,PS,PS,,,8759.0,1476.0,0.4582,,,43140.0
City University of Seattle,Seattle,WA,98121,2,14589.0,14589.0,35049.0,,35049.0,,0.1284,0.1437,14091,25000,,,7809.0,1091.0,0.1667,0.0,0.0,69460.0
Paul Mitchell the School-Richland,Richland,WA,99352,3,,,,,27097.0,19844.0,0.6291,0.6455,8028,9917,,,,288.0,,,0.0,27407.0
Clark College,Vancouver,WA,98663-3598,1,4632.0,10380.0,17485.0,9826.0,,,0.2211,0.1952,6666,10881,,,10634.0,4699.0,0.3574,,0.0,42356.0
Clover Park Technical College,Lakewood,WA,98499-4004,1,6634.0,6634.0,13974.0,3912.0,,,0.1797,0.0506,9063,12112,,,8056.0,2417.0,0.4066,,0.0,41787.0
Columbia Basin College,Pasco,WA,99301,1,6194.0,8239.0,17357.0,8302.0,,,0.2406,0.0349,7506,14829,,,8726.0,4226.0,0.2765,,0.0,46680.0
Cornish College of the Arts,Seattle,WA,98121,2,39913.0,39913.0,55150.0,,39060.0,,0.3002,0.7291,20610,27000,0.7046,,5466.0,480.0,0.5198,0.6855,0.0,33696.0
Divers Institute of Technology,Seattle,WA,98103,3,,,,,40497.0,27500.0,0.3731,0.3974,9355,9500,,,,279.0,,,0.0,62489.0
Eastern Washington University,Cheney,WA,99004-2496,1,8353.0,25892.0,22772.0,13091.0,,,0.3451,0.6753,14053,19500,0.9177,,9945.0,6517.0,0.4721,0.6707,0.0,57897.0
Edmonds College,Lynnwood,WA,98036,1,4669.0,10553.0,20380.0,13461.0,,,0.1457,0.0285,7442,11855,,,9697.0,3354.0,0.3315,,0.0,48144.0
Everett Community College,Everett,WA,98201,1,4301.0,10180.0,19569.0,10627.0,,,0.1574,0.0332,6148,10417,,,8994.0,4378.0,0.3826,,0.0,45434.0
The Evergreen State College,Olympia,WA,98505-0001,1,8999.0,30980.0,25934.0,22585.0,,,0.4108,0.406,15000,20500,0.9723,1161.0,9136.0,2042.0,0.4356,0.682,0.0,45320.0
Pierce College District,Lakewood,WA,98498-1999,1,4686.0,5211.0,17048.0,10123.0,,,0.2019,0.1058,8532,12000,,,8961.0,4487.0,0.3122,,0.0,47532.0
Glen Dow Academy of Hair Design,Spokane,WA,99201,3,,,,,10122.0,15451.0,0.3659,0.3841,7917,9000,,,,90.0,,,,22925.0
Gonzaga University,Spokane,WA,99258-0001,2,53500.0,53500.0,69290.0,,36371.0,,0.1326,0.36,20500,24454,0.7596,1316.0,10610.0,5098.0,0.8687,0.9391,0.0,78892.0
Grays Harbor College,Aberdeen,WA,98520-7599,1,4751.0,10629.0,13677.0,3149.0,,,0.2814,0.0502,7665,11075,,,8612.0,1058.0,0.3156,,0.0,40865.0
Green River College,Auburn,WA,98092-3622,1,4580.0,5105.0,20074.0,12447.0,,,0.1943,0.0873,7125,11891,,,9773.0,4573.0,0.4121,,0.0,50712.0
Toni & Guy Hairdressing Academy-Shoreline,Shoreline,WA,98133,3,,,,,18668.0,12758.0,0.3452,0.4524,7989,9090,,,,127.0,,,0.0,29827.0
Heritage University,Toppenish,WA,98948,2,19920.0,19920.0,29632.0,,11893.0,,0.6269,0.3166,11925,14573,,,8007.0,782.0,0.3981,0.5794,0.0,49416.0
Highline College,Des Moines,WA,98198-9800,1,4623.0,5156.0,19642.0,10878.0,,,0.1712,0.0177,6113,9500,,,10187.0,3487.0,0.3862,,0.0,47869.0
International Air and Hospitality Academy,Vancouver,WA,98661,3,,,,,26404.0,8925.0,0.6407,0.7319,6333,6333,,,,132.0,,,0.0,52574.0
Bastyr University,Kenmore,WA,98028-4966,2,,,,,,,0.3784,0.5135,12500,13817,,,7020.0,58.0,,,0.0,49364.0
Bates Technical College,Tacoma,WA,98405,1,5569.0,11518.0,15805.0,4176.0,,,0.089,0.0194,5563,PS,,,7943.0,1613.0,,,0.0,50051.0
Lake Washington Institute of Technology,Kirkland,WA,98034-8506,1,5156.0,11017.0,15351.0,5886.0,,,0.1197,0.0451,10356,15047,,,9325.0,2179.0,0.3985,,0.0,50669.0
Lower Columbia College,Longview,WA,98632,1,4346.0,5633.0,16748.0,8222.0,,,0.3113,0.1807,6487,10506,,,9483.0,1743.0,0.25,,0.0,40691.0
BJ's Beauty & Barber College,Tacoma,WA,98409,3,,,,,,9660.0,0.1742,0.053,6333,6333,,,,26.0,,,0.0,23216.0
North Seattle College,Seattle,WA,98103-3599,1,5058.0,5547.0,16377.0,8351.0,,,0.1365,0.022,7000,15458,,,10108.0,2792.0,0.3243,,0.0,47728.0
Northwest University,Kirkland,WA,98083-0579,2,36035.0,36035.0,48442.0,,25161.0,,0.2306,0.7333,15000,20891,0.8805,1204.0,7786.0,642.0,0.6349,0.7308,0.0,54914.0
Olympic College,Bremerton,WA,98337-1699,1,4197.0,9740.0,15380.0,7755.0,,,0.1645,0.0434,8000,12000,,,9454.0,3263.0,0.3403,,0.0,43169.0
Perry Technical Institute,Yakima,WA,98903-1296,2,,,,,23292.0,49596.0,0.4931,0.7385,13364,14139,,,6658.0,973.0,,,0.0,57764.0
Pacific Lutheran University,Tacoma,WA,98447-0003,2,50964.0,50964.0,62921.0,,21370.0,,0.3277,0.4398,17074,22578,0.8053,1152.0,8856.0,2350.0,0.7099,0.7943,0.0,66990.0
Peninsula College,Port Angeles,WA,98362,1,4586.0,5111.0,13974.0,4529.0,,,0.3076,0.0745,9000,15786,,,7510.0,1139.0,0.4063,,0.0,37078.0
University of Puget Sound,Tacoma,WA,98416,2,59900.0,59900.0,75509.0,,38920.0,,0.1671,0.4287,19250,25000,0.7628,1332.0,11473.0,1631.0,0.6791,0.8045,0.0,69594.0
Renton Technical College,Renton,WA,98056-4123,1,6723.0,7257.0,15067.0,5051.0,,,0.18,0.0391,6993,7920,,,9727.0,1539.0,0.55,,0.0,49782.0
Saint Martin's University,Lacey,WA,98503-7500,2,44210.0,44210.0,56353.0,,22618.0,,0.3978,0.5927,15625,22500,0.7593,1057.0,7572.0,1254.0,0.5709,0.7329,0.0,62092.0
South Seattle College,Seattle,WA,98106-1499,1,4865.0,5354.0,15497.0,6802.0,,,0.0981,0.0086,5478,PS,,,8059.0,1495.0,0.2625,,0.0,44486.0
Seattle Central College,Seattle,WA,98122,1,4865.0,5354.0,15104.0,6329.0,,,0.2147,0.0391,8943,12000,,,10512.0,3879.0,0.3141,,0.0,43307.0
Seattle Pacific University,Seattle,WA,98119-1997,2,38814.0,38814.0,53986.0,,24820.0,,0.3318,0.5148,16946,24000,0.9109,1191.0,9324.0,2073.0,0.6215,0.7462,0.0,64506.0
Seattle University,Seattle,WA,98122-4340,2,54285.0,54285.0,68633.0,,34802.0,,0.2161,0.461,16658,19883,0.7605,1266.0,10543.0,4117.0,0.7331,0.846,0.0,75272.0
Shoreline Community College,Shoreline,WA,98133-5696,1,4388.0,7430.0,18499.0,10116.0,,,0.1256,0.0439,7123,12021,,,7974.0,3109.0,,,0.0,52009.0
Skagit Valley College,Mount Vernon,WA,98273,1,5620.0,7561.0,14326.0,6116.0,,,0.2819,0.0583,8798,13805,,,9481.0,2581.0,0.336,,0.0,43505.0
South Puget Sound Community College,Olympia,WA,98512-6292,1,5103.0,5637.0,17864.0,9090.0,,,0.2291,0.0678,6334,11000,,,8242.0,2692.0,,,0.0,45039.0
Spokane Community College,Spokane,WA,99217-5399,1,4057.0,5494.0,14083.0,6206.0,,,0.2775,0.1992,8625,13501,,,9377.0,4114.0,0.3726,,0.0,41984.0
Spokane Falls Community College,Spokane,WA,99224-5288,1,4058.0,5494.0,14536.0,7402.0,,,0.2909,0.191,7645,12000,,,9242.0,2881.0,0.3039,,0.0,38955.0
Stylemaster College of Hair Design,Longview,WA,98632-3027,3,,,,,8222.0,16500.0,0.6267,0.5333,7460,8953,,,,64.0,,,0.0,20580.0
Tacoma Community College,Tacoma,WA,98466-6100,1,4920.0,11030.0,16197.0,9321.0,,,0.2432,0.133,7718,13000,,,9446.0,4248.0,0.3277,,0.0,47168.0
Walla Walla Community College,Walla Walla,WA,99362-9267,1,6513.0,7967.0,17580.0,8343.0,,,0.2896,0.1304,9500,14000,,,8887.0,2372.0,0.4746,,0.0,43526.0
Walla Walla University,College Place,WA,99324-1198,2,33027.0,33027.0,44075.0,,23992.0,,0.2515,0.4854,19306,26842,,,5879.0,1214.0,0.6416,0.8446,0.0,61885.0
Washington State University,Pullman,WA,99164-5910,1,12997.0,29073.0,27176.0,14401.0,,,0.2559,0.3083,14853,19500,0.8536,,10999.0,21583.0,0.6164,0.7957,0.0,68905.0
University of Washington-Seattle Campus,Seattle,WA,98195-4550,1,12643.0,41997.0,30282.0,13485.0,,,0.1546,0.1579,12375,14615,0.4253,,14660.0,31588.0,0.837,0.949,0.0,78466.0
Wenatchee Valley College,Wenatchee,WA,98801-1799,1,5118.0,5652.0,20346.0,10733.0,,,0.2705,0.0423,7046,10332,,,10324.0,1762.0,0.3955,,0.0,41127.0
Western Washington University,Bellingham,WA,98225-9008,1,9286.0,27853.0,28305.0,18680.0,,,0.2076,0.2816,13500,18500,0.9131,1235.0,11372.0,13574.0,0.6555,0.7973,0.0,62569.0
Whatcom Community College,Bellingham,WA,98226,1,5146.0,11096.0,18173.0,9608.0,,,0.1859,0.0482,8000,10643,,,10165.0,2280.0,0.3643,,0.0,44092.0
Whitman College,Walla Walla,WA,99362,2,61492.0,61492.0,75042.0,,35506.0,,0.1467,0.3637,12000,18437,0.4999,1365.0,10562.0,1523.0,0.8098,0.8869,0.0,67589.0
Whitworth University,Spokane,WA,99251,2,50920.0,50920.0,65711.0,,25884.0,,0.2799,0.5364,18000,25000,0.8677,1212.0,7998.0,1927.0,0.6839,0.8035,0.0,58561.0
Yakima Valley College,Yakima,WA,98907-2520,1,5163.0,5697.0,19374.0,10402.0,,,0.3794,0.0784,8834,13966,,,8826.0,2539.0,0.3377,,0.0,43499.0
Appalachian Beauty School,Belfry,KY,41514,3,,,,,13366.0,10915.0,0.8197,0.0,PS,PS,,,,43.0,,,,
Appalachian Bible College,Mount Hope,WV,25880-9557,2,18230.0,18230.0,29451.0,,17401.0,,0.4091,0.2091,6767,11000,0.9857,1068.0,3349.0,168.0,0.7561,0.85,0.0,37467.0
B M Spurr School of Practical Nursing,Glen Dale,WV,26038,2,,,,,9956.0,5620.0,0.4815,0.0,PS,PS,,,,16.0,,,,
Ben Franklin Career Center,Dunbar,WV,25064,1,,,,2161.0,,4950.0,0.5412,0.0,PS,PS,,,,99.0,,,,37962.0
Bethany College,Bethany,WV,26032,2,34816.0,34816.0,49137.0,,15306.0,,0.4097,0.6839,23750,27000,0.6049,,6307.0,642.0,0.4625,0.6307,0.0,44512.0
Bluefield State University,Bluefield,WV,24701-2198,1,10240.0,17560.0,20747.0,12529.0,,,0.4075,0.5347,12038,18250,0.8722,998.0,7396.0,1231.0,0.3456,0.5533,0.0,38217.0
Cabell County Career Technology Center,Huntington,WV,25705-2827,1,,,,869.0,,4980.0,0.5161,0.0,PS,PS,,,,26.0,,,,33975.0
Charleston School of Beauty Culture,Charleston,WV,25304,3,,,,,11801.0,9000.0,0.7222,0.4667,5500,6128,,,,54.0,,,0.0,17827.0
University of Charleston,Charleston,WV,25304,2,32842.0,32842.0,44031.0,,22012.0,,0.2863,0.3374,12666,19500,0.6453,,7016.0,2083.0,0.4633,0.6907,0.0,55774.0
Clarksburg Beauty Academy and School of Massage Therapy,Clarksburg,WV,26301,3,,,,,10663.0,18000.0,0.75,0.3942,6498,6415,,,,58.0,,,0.0,16306.0
Concord University,Athens,WV,24712,1,9700.0,20600.0,18969.0,9983.0,,,0.4682,0.456,11250,18900,0.8965,980.0,7461.0,1394.0,0.4225,0.4904,0.0,42703.0
Davis & Elkins College,Elkins,WV,26241-3996,2,31270.0,31270.0,44322.0,,19428.0,,0.4031,0.6538,17057,27000,0.5823,985.0,5589.0,681.0,0.366,0.581,0.0,43411.0
Fairmont State University,Fairmont,WV,26554-2470,1,8454.0,18372.0,18091.0,9055.0,,,0.3304,0.4131,12500,21000,0.9924,993.0,7049.0,2690.0,0.4832,0.6421,0.0,46857.0
Glenville State University,Glenville,WV,26351-1292,1,9412.0,11140.0,22974.0,16358.0,,,0.4204,0.3507,11123,25000,,,6539.0,1177.0,0.3549,0.6293,0.0,39315.0
Huntington Junior College,Huntington,WV,25701,2,10050.0,10050.0,16788.0,,10729.0,,0.8707,0.6803,17321,21604,,,3341.0,209.0,,,0.0,21783.0
James Rumsey Technical Institute,Martinsburg,WV,25403-0259,1,,,,12242.0,,6055.0,0.3,0.0,PS,PS,,,,137.0,,,,45133.0
Ralph R Willis Career and Technical Center,Stollings,WV,25646,1,,,,863.0,,5400.0,0.8529,0.0,PS,PS,,,,28.0,,,,51465.0
Marshall University,Huntington,WV,25755,1,8942.0,20294.0,21299.0,8327.0,,,0.3784,0.4534,16750,23250,0.9646,1051.0,8317.0,7149.0,0.4869,0.787,0.0,46354.0
Mercer County Technical Education Center,Princeton,WV,24740,1,,,,3658.0,,5877.0,0.4683,0.0,PS,PS,,,,102.0,,,,33511.0
Monongalia County Technical Education Center,Morgantown,WV,26501-6841,1,,,,3110.0,,4915.0,0.3871,0.0,PS,PS,0.5,,,48.0,,,,40499.0
Morgantown Beauty College Inc,Morgantown,WV,26505-5430,3,,,,,11040.0,20502.0,0.5433,0.5197,6052,6365,,,,74.0,,,0.0,22230.0
West Virginia University at Parkersburg,Parkersburg,WV,26104,1,4420.0,9124.0,10643.0,3613.0,,,0.2972,0.1989,8250,12570,,,6127.0,1692.0,0.3061,,0.0,35171.0
Potomac State College of West Virginia University,Keyser,WV,26726,1,5040.0,12624.0,15593.0,7403.0,,,0.3943,0.3265,15500,22500,,,7151.0,952.0,0.2598,0.6016,0.0,55939.0
Academy of Careers and Technology,Beckley,WV,25801,1,,,,3350.0,,12500.0,0.3915,0.0,PS,PS,,,,147.0,,,,32756.0
Salem University,Salem,WV,26426,3,10750.0,13750.0,21792.0,,14469.0,,0.5144,0.668,7405,24694,,,3417.0,695.0,0.273,0.5197,0.0,34642.0
Shepherd University,Shepherdstown,WV,25443,1,8642.0,19082.0,19863.0,12391.0,,,0.2694,0.4111,14297,21600,0.9565,1022.0,7679.0,2375.0,0.4949,0.7206,0.0,49358.0
Southern West Virginia Community and Technical College,Logan,WV,25601,1,4944.0,7560.0,15702.0,8064.0,,,0.5198,0.1877,5750,9190,,,5522.0,1146.0,,,0.0,32153.0
Fred W Eberle Technical Center,Buckhannon,WV,26201,1,,,,2268.0,,10000.0,0.963,0.0,PS,PS,,,,119.0,,,,43364.0
West Virginia School of Osteopathic Medicine,Lewisburg,WV,24901,1,,,,,,,,,PS,PS,,,,,,,0.0,
West Virginia State University,Institute,WV,25112-1000,1,9049.0,14623.0,19906.0,10191.0,,,0.1758,0.1571,15250,23338,0.9637,979.0,7092.0,1328.0,0.3351,0.6324,0.0,40492.0
West Virginia University Hospital Departments of Rad Tech and Nutrition,Morgantown,WV,26506-8062,2,,,,,,,0.1091,0.2,12000,PS,,,,60.0,,,0.0,69666.0
West Liberty University,West Liberty,WV,26074,1,8732.0,17116.0,23526.0,16295.0,,,0.3194,0.4878,16000,23250,0.7212,1041.0,6843.0,1578.0,0.6062,0.691,0.0,43296.0
West Virginia University Institute of Technology,Beckley,WV,25801,1,8064.0,20120.0,18343.0,9957.0,,,0.2429,0.2554,15500,22500,0.61,1044.0,8189.0,1009.0,0.3612,0.6094,0.0,55939.0
West Virginia Wesleyan College,Buckhannon,WV,26201-2994,2,33494.0,33494.0,47374.0,,18148.0,,0.3735,0.7559,15750,27000,0.9505,1045.0,6109.0,909.0,0.4945,0.6836,0.0,51593.0
West Virginia Junior College-Charleston,Cross Lanes,WV,25313-1304,3,14544.0,14544.0,22745.0,,11856.0,,0.7333,0.64,7195,8270,,,4865.0,317.0,,,0.0,27472.0
West Virginia Junior College-Morgantown,Morgantown,WV,26505,3,14313.0,14313.0,24486.0,,15987.0,,0.6788,0.8279,8178,9881,,,5425.0,584.0,0.5904,,0.0,31912.0
International Beauty School 4,Martinsburg,WV,25401,3,,,,,14581.0,25000.0,0.8516,0.9375,6326,6333,,,,86.0,,,0.0,18906.0
West Virginia Northern Community College,Wheeling,WV,26003-3699,1,4544.0,12728.0,11196.0,3215.0,,,0.4247,0.099,6000,10245,,,5927.0,785.0,,,0.0,30162.0
West Virginia University,Morgantown,WV,26506,1,9648.0,27360.0,23678.0,12997.0,,,0.2041,0.4408,15500,22500,0.8626,1129.0,11524.0,17705.0,0.612,0.8145,0.0,55939.0
Wheeling University,Wheeling,WV,26003,2,29475.0,29475.0,41265.0,,19040.0,,0.2524,0.5596,15375,25125,0.7518,,4198.0,567.0,0.3204,0.6552,0.0,57949.0
Wood County Technical Center-Practical Nursing,Parkersburg,WV,26101,1,,,,,,4255.0,0.8,0.0,PS,PS,0.8333,,,28.0,,,,40547.0
VICI Beauty School,Greenfield,WI,53228,3,,,,,12721.0,19138.0,0.4837,0.5598,6333,6333,,,,104.0,,,0.0,32393.0
Alverno College,Milwaukee,WI,53234-3922,2,32794.0,32794.0,44163.0,,16722.0,,0.4911,0.5914,22000,27000,0.931,,6253.0,724.0,0.5051,0.7863,0.0,53145.0
Madison Area Technical College,Madison,WI,53704-2599,1,4780.0,7027.0,17215.0,12392.0,,,0.1906,0.1603,8728,14060,,,11078.0,9273.0,0.2626,,0.0,45413.0
Bellin College,Green Bay,WI,54311,2,28211.0,28211.0,32000.0,,27313.0,,0.1332,0.3925,15000,18000,1.0,,7875.0,338.0,0.7429,0.9111,0.0,76222.0
Beloit College,Beloit,WI,53511-5595,2,58554.0,58554.0,68653.0,,21924.0,,0.2946,0.5384,22773,25738,0.5736,1318.0,7473.0,898.0,0.6718,0.8621,0.0,53260.0
Blackhawk Technical College,Janesville,WI,53547-5009,1,4170.0,5927.0,15114.0,10712.0,,,0.3647,0.2739,5250,9550,,,7776.0,2457.0,,,0.0,41620.0
Carroll University,Waukesha,WI,53186,2,37230.0,37230.0,49935.0,,24362.0,,0.2165,0.6135,22000,27000,0.5841,1209.0,8526.0,2525.0,0.696,0.7889,0.0,58009.0
Carthage College,Kenosha,WI,53140-1994,2,36500.0,36500.0,47980.0,,24813.0,,0.2577,0.8333,19500,26000,0.8415,1113.0,8523.0,2628.0,0.6051,0.8164,0.0,56950.0
Concordia University-Wisconsin,Mequon,WI,53097-2402,2,34250.0,34250.0,51718.0,,26067.0,,0.2247,0.4629,19500,25750,0.6753,1250.0,7655.0,2310.0,0.6431,0.7845,0.0,56075.0
Edgewood College,Madison,WI,53711-1997,2,34850.0,34850.0,48450.0,,25634.0,,0.2344,0.5738,19000,24424,0.9452,,6990.0,1104.0,0.6738,0.749,0.0,59728.0
Fox Valley Technical College,Appleton,WI,54912-2277,1,4916.0,7109.0,15647.0,10910.0,,,0.1183,0.1065,5834,10402,,,9754.0,6004.0,,,0.0,45684.0
Gateway Technical College,Kenosha,WI,53144-1690,1,4853.0,7046.0,14604.0,8667.0,,,0.2224,0.1441,8000,12165,,,10072.0,4657.0,,,0.0,40264.0
The Professional Hair Design Academy,Eau Claire,WI,54701-7633,3,,,,,20720.0,11900.0,0.4019,0.3551,6650,PS,,,,75.0,,,0.013,29587.0
Lakeland University,Plymouth,WI,53073,2,32286.0,32286.0,45751.0,,22092.0,,0.2898,0.5501,19500,25000,0.9109,,7642.0,1230.0,0.5575,0.6652,0.0,55961.0
Lakeshore Technical College,Cleveland,WI,53015-1414,1,4649.0,6842.0,14163.0,8579.0,,,0.1829,0.1275,5250,7000,,,8586.0,1838.0,,,0.0,47113.0
Lawrence University,Appleton,WI,54911,2,55461.0,55461.0,67824.0,,24563.0,,0.2076,0.5989,19500,26000,0.6303,1349.0,8762.0,1394.0,0.7642,0.8709,0.0,55789.0
Maranatha Baptist University,Watertown,WI,53094,2,20280.0,20280.0,33496.0,,24659.0,,0.3397,0.2758,12375,14143,0.7087,1141.0,3822.0,566.0,0.6569,0.7568,0.0,45593.0
Marian University,Fond Du Lac,WI,54935-4699,2,33000.0,33000.0,40733.0,,23341.0,,0.3174,0.7828,17340,25000,0.6685,,8098.0,1050.0,0.4119,0.6233,0.0,53501.0
Marquette University,Milwaukee,WI,53233,2,48700.0,48700.0,63233.0,,29237.0,,0.1876,0.403,20500,23940,0.8744,1306.0,10830.0,7238.0,0.8006,0.9135,0.0,78257.0
Medical College of Wisconsin,Milwaukee,WI,53226-0509,2,,,,,,,,,PS,PS,,,,,,,0.0,
Mid-State Technical College,Wisconsin Rapids,WI,54494,1,4886.0,7016.0,15448.0,10724.0,,,0.2364,0.1749,5112,8000,,,8582.0,2031.0,,,0.0,42253.0
Milwaukee Area Technical College,Milwaukee,WI,53233-1443,1,5017.0,7210.0,17209.0,9589.0,,,0.4135,0.2786,9248,14955,,,11378.0,11362.0,,,0.0,41113.0
Milwaukee Institute of Art & Design,Milwaukee,WI,53202-6003,2,42268.0,42268.0,52646.0,,27514.0,,0.3638,0.7712,15750,27000,0.628,1155.0,6561.0,883.0,0.6327,0.8371,0.0,41174.0
Milwaukee School of Engineering,Milwaukee,WI,53202-3109,2,48421.0,48421.0,60439.0,,24021.0,,0.2268,0.6105,24500,27000,0.6039,,10016.0,2607.0,0.7154,0.8318,0.0,89070.0
Moraine Park Technical College,Fond du Lac,WI,54936-1940,1,4713.0,6917.0,14095.0,9935.0,,,0.1965,0.3201,5500,8225,,,8700.0,2230.0,,,0.0,44371.0
Mount Mary University,Milwaukee,WI,53222-4597,2,34390.0,34390.0,47328.0,,18295.0,,0.5768,0.8156,19000,25288,0.9335,1050.0,6605.0,703.0,0.5887,0.6581,0.0,48745.0
Nashotah House,Nashotah,WI,53058-9793,2,,,,,,,,,PS,PS,,,5347.0,,,,0.0,
Nicolet Area Technical College,Rhinelander,WI,54501-0518,1,4724.0,6917.0,14084.0,9290.0,,,0.2513,0.1442,3500,7837,,,6423.0,706.0,,,0.0,38643.0
Northcentral Technical College,Wausau,WI,54401-1899,1,3861.0,5615.0,15897.0,11555.0,,,0.1667,0.1417,5250,7500,,,8850.0,3479.0,,,0.0,44925.0
Northeast Wisconsin Technical College,Green Bay,WI,54307-9042,1,4904.0,7097.0,15603.0,10506.0,,,0.1657,0.1104,8887,11719,,,7352.0,5853.0,,,0.0,44553.0
Northland College,Ashland,WI,54806-3999,2,42491.0,42491.0,54375.0,,20780.0,,0.3185,0.6602,15500,25450,0.7181,1153.0,6757.0,457.0,0.4332,0.7131,0.0,44560.0
Ripon College,Ripon,WI,54971-0248,2,50700.0,50700.0,61495.0,,21176.0,,0.3329,0.7389,19500,27000,0.8392,1143.0,7904.0,720.0,0.5991,0.7551,0.004,54902.0
Sacred Heart Seminary and School of Theology,Franklin,WI,53132,2,,,,,,,,,,,,,7080.0,,,,,
Saint Norbert College,De Pere,WI,54115-2099,2,44432.0,44432.0,56194.0,,25674.0,,0.1358,0.4519,21500,26731,0.9215,1233.0,9064.0,1749.0,0.7357,0.8214,0.0,58363.0
State College of Beauty Culture Inc,Wausau,WI,54403,3,,,,,10994.0,14900.0,0.3375,0.25,5500,5606,,,,44.0,,,0.0,28037.0
Southwest Wisconsin Technical College,Fennimore,WI,53809-9778,1,4796.0,6989.0,15282.0,10277.0,,,0.1975,0.175,5500,7500,,,8439.0,1277.0,,,0.0,43470.0
Viterbo University,La Crosse,WI,54601-8804,2,32350.0,32350.0,44123.0,,22633.0,,0.2249,0.5785,19500,25000,0.7327,1184.0,6855.0,1392.0,0.6516,0.6979,0.0,55660.0
Chippewa Valley Technical College,Eau Claire,WI,54701-6162,1,4724.0,6917.0,16283.0,12025.0,,,0.1736,0.1755,8000,11432,,,8333.0,4127.0,,,0.0,46297.0
Waukesha County Technical College,Pewaukee,WI,53072-4601,1,4720.0,6996.0,14281.0,9400.0,,,0.1084,0.0892,9500,12000,,,9592.0,4497.0,,,0.0,46894.0
Western Technical College,La Crosse,WI,54601,1,4716.0,6909.0,15548.0,12069.0,,,0.3151,0.3386,6917,11500,,,8368.0,3434.0,,,0.0,45303.0
University of Wisconsin-Whitewater,Whitewater,WI,53190-1790,1,8250.0,17916.0,18661.0,14785.0,,,0.2503,0.4712,16241,23188,0.8276,1090.0,8817.0,9180.0,0.643,0.7754,0.0,55356.0
Northwood Technical College,Rice Lake,WI,54868,1,4524.0,6583.0,14116.0,8892.0,,,0.3004,0.2612,5500,8250,,,8605.0,2026.0,,,0.0,43406.0
Wisconsin School of Professional Psychology,Milwaukee,WI,53225-4960,2,,,,,,,,,PS,PS,,,,,,,0.0,
University of Wisconsin-Eau Claire,Eau Claire,WI,54701,1,9277.0,18516.0,21014.0,16948.0,,,0.1867,0.4321,13000,20909,0.7608,1190.0,8974.0,8995.0,0.6756,0.8189,0.0,58561.0
University of Wisconsin-Green Bay,Green Bay,WI,54311-7001,1,8342.0,16929.0,18161.0,12878.0,,,0.2257,0.3102,11250,18500,0.8784,1090.0,7851.0,6230.0,0.5309,0.7042,0.0,52528.0
University of Wisconsin-La Crosse,La Crosse,WI,54601-9959,1,9651.0,18691.0,18115.0,15374.0,,,0.1423,0.4398,18000,22500,0.7325,1190.0,8149.0,9194.0,0.7119,0.8573,0.0,60378.0
Wisconsin Lutheran College,Milwaukee,WI,53226-4699,2,35080.0,35080.0,47026.0,,21315.0,,0.2542,0.7069,19500,26000,0.7905,1214.0,7193.0,1009.0,0.6266,0.7994,0.0,54664.0
University of Wisconsin-Oshkosh,Oshkosh,WI,54901,1,8212.0,16125.0,19063.0,14761.0,,,0.158,0.2719,12500,21500,0.8668,1090.0,8686.0,7613.0,0.5789,0.7226,0.0,55548.0
University of Wisconsin-Parkside,Kenosha,WI,53144,1,7855.0,16497.0,16768.0,10044.0,,,0.3421,0.3752,14000,20492,0.7262,1090.0,8236.0,2951.0,0.3982,0.7126,0.0,51129.0
Herzing University-Madison,Madison,WI,53718,2,13420.0,13420.0,26687.0,,20319.0,,0.6683,0.706,11756,21500,0.9415,,6776.0,2105.0,0.2759,0.4828,0.0,36909.0
University of Wisconsin-Stout,Menomonie,WI,54751,1,10142.0,18706.0,21618.0,17365.0,,,0.2274,0.4891,16000,23000,0.8474,1150.0,8131.0,5900.0,0.5253,0.741,0.0,58084.0
University of Wisconsin-Superior,Superior,WI,54880-4500,1,8487.0,16400.0,18415.0,13405.0,,,0.296,0.4596,14055,22500,0.9364,1050.0,7090.0,1899.0,0.4412,0.7074,0.0,49606.0
University of Wisconsin-Madison,Madison,WI,53706-1380,1,11205.0,40603.0,27770.0,16928.0,,,0.1532,0.217,18058,20484,0.4335,1402.0,15075.0,35665.0,0.8933,0.9453,0.0,73792.0
University of Wisconsin-Milwaukee,Milwaukee,WI,53211,1,10020.0,22020.0,22174.0,16177.0,,,0.3019,0.4378,15250,23000,0.8844,1090.0,9711.0,16762.0,0.5119,0.7206,0.0,54990.0
University of Wisconsin-Platteville,Platteville,WI,53818-3099,1,8315.0,17274.0,20049.0,14754.0,,,0.2104,0.4385,15000,21977,0.8726,1190.0,7789.0,5928.0,0.6154,0.8006,0.0,61760.0
University of Wisconsin-River Falls,River Falls,WI,54022-5001,1,8606.0,16887.0,19576.0,14714.0,,,0.2048,0.4491,14865,20500,0.8162,1120.0,8576.0,4152.0,0.6088,0.7282,0.0,54458.0
University of Wisconsin-Stevens Point,Stevens Point,WI,54481-3897,1,8834.0,17854.0,18804.0,13726.0,,,0.2777,0.4983,14674,21503,0.9014,1120.0,7815.0,7104.0,0.5596,0.7544,0.0,52021.0
Casper College,Casper,WY,82601-4699,1,4410.0,10710.0,13593.0,8759.0,,,0.2335,0.1412,6500,9534,,,7148.0,2239.0,,,0.0,40935.0
Central Wyoming College,Riverton,WY,82501,1,4680.0,10980.0,17894.0,13622.0,,,0.1768,0.0837,5500,8361,,,6846.0,981.0,0.4043,0.9,0.0,34402.0
Eastern Wyoming College,Torrington,WY,82240-1699,1,4290.0,10590.0,14943.0,4989.0,,,0.1337,0.0774,4500,7000,,,6177.0,489.0,,,0.0,37121.0
Laramie County Community College,Cheyenne,WY,82007-3299,1,4613.0,10913.0,12722.0,7143.0,,,0.2361,0.1804,7015,11000,,,8045.0,2563.0,0.3131,,0.0,44783.0
Northwest College,Powell,WY,82435-1898,1,4935.0,11235.0,15710.0,7394.0,,,0.1848,0.0991,6500,10000,,,7379.0,826.0,0.4375,,0.0,36950.0
Northern Wyoming Community College District,Sheridan,WY,82801,1,4830.0,11130.0,15914.0,8890.0,,,0.1746,0.1182,5500,8622,,,6623.0,1607.0,,,0.0,40477.0
Western Wyoming Community College,Rock Springs,WY,82901,1,4250.0,10550.0,15333.0,8420.0,,,0.1752,0.1343,4500,9000,,,7089.0,1289.0,0.3333,0.5,0.0,40939.0
Cheeks Beauty Academy,Cheyenne,WY,82001-4413,3,,,,,11035.0,17300.0,0.72,0.68,6333,7000,,,,38.0,,,0.0,25459.0
WyoTech,Laramie,WY,82070-9519,3,,,,,42574.0,31750.0,0.427,0.7089,6800,6800,,,5588.0,1204.0,,,0.0,50167.0
University of Wyoming,Laramie,WY,82071,1,6938.0,22718.0,22371.0,11779.0,,,0.2218,0.2828,12000,18000,0.9741,,10701.0,8047.0,0.5985,0.7749,0.0,56880.0
American Samoa Community College,Pago Pago,AS,96799-2609,1,5460.0,5760.0,10560.0,4812.0,,,0.6717,0.0,PS,PS,,,5100.0,884.0,0.4774,,,30087.0
Guam Community College,Mangilao,GU,96913,1,3414.0,4614.0,10615.0,4620.0,,,0.5229,0.0,PS,PS,,,7140.0,1263.0,0.224,,,27820.0
University of Guam,Mangilao,GU,96923,1,6110.0,11414.0,15155.0,9424.0,,,0.311,0.1203,12500,16786,,,10096.0,2573.0,0.4211,0.7563,0.0,35946.0
Northern Marianas College,Saipan,MP,96950-1250,1,4038.0,5520.0,9939.0,2795.0,,,0.7371,0.0,PS,PS,,,5000.0,1236.0,0.4216,0.5926,,27836.0
Institute of Beauty Careers,Arecibo,PR,00613,3,,,,,5162.0,10640.0,0.8045,0.0,PS,PS,,,,132.0,,,,17713.0
American Educational College,Bayamon,PR,00961,3,8306.0,8306.0,10472.0,,6906.0,,0.9855,0.0,PS,PS,,,,231.0,,,,17172.0
Antilles School of Technical Careers,San Juan,PR,00909,3,,,,,4817.0,12480.0,0.739,0.0,PS,PS,,,,348.0,,,,21766.0
Universidad Adventista de las Antillas,Mayaguez,PR,00680-0000,2,8050.0,8050.0,14855.0,,8471.0,,0.804,0.245,11725,15750,1.0,,3119.0,769.0,0.4603,0.7614,0.0,28465.0
Atlantic University,Guaynabo,PR,00970,2,8280.0,8280.0,12363.0,,6305.0,,0.8351,0.071,4500,5457,,,2721.0,1517.0,0.3574,0.7305,0.0,25272.0
Universidad Central de Bayamon,Bayamón,PR,00960-1725,2,5986.0,5986.0,11164.0,,4285.0,,0.8331,0.1538,7250,9393,0.8636,,2838.0,594.0,0.3789,0.7971,0.0,25021.0
Columbia Central University-Caguas,Caguas,PR,00726,3,7314.0,7314.0,12377.0,,4181.0,,0.8082,0.1722,5001,6148,,,2483.0,2494.0,0.5386,0.4583,0.0,23134.0
Albizu University-San Juan,San Juan,PR,00902-3711,2,7797.0,7797.0,19676.0,,10933.0,,0.6913,0.266,5000,5500,1.0,,4198.0,758.0,0.69,0.7919,0.0,41544.0
Caribbean University-Bayamon,Bayamon,PR,00960-0493,2,5966.0,5966.0,9748.0,,6392.0,,0.7546,0.1127,7000,10500,,,2398.0,623.0,0.367,0.6528,0.0,22842.0
Caribbean University-Carolina,Carolina,PR,00985,2,5966.0,5966.0,10784.0,,7635.0,,0.7176,0.1527,7000,10500,,,2100.0,113.0,0.44,0.5714,0.0,22842.0
Pontifical Catholic University of Puerto Rico-Arecibo,Arecibo,PR,00614-4045,2,6238.0,6238.0,16058.0,,9421.0,,0.7597,0.3344,11337,15500,0.8538,,4240.0,273.0,0.3919,0.8235,0.0,24908.0
Pontifical Catholic University of Puerto Rico-Ponce,Ponce,PR,00717-9997,2,6340.0,6340.0,17106.0,,10082.0,,0.8137,0.3163,11337,15500,0.9033,1285.0,4506.0,3827.0,0.4794,0.7893,0.0,24908.0
CEM College-San Juan,San Juan,PR,00926-1931,3,12900.0,12900.0,18668.0,,14817.0,,0.8952,0.1429,3700,5000,,,,178.0,0.2584,0.5,0.0,21033.0
Universidad Teologica del Caribe,Trujillo Alto,PR,00978-0901,2,6660.0,6660.0,14285.0,,11987.0,,0.5836,0.4413,5750,PS,,,1026.0,192.0,0.2105,1.0,0.0,23536.0
Colegio Universitario de San Juan,San Juan,PR,00918,1,2340.0,2340.0,6362.0,200.0,,,0.7768,0.0,PS,PS,0.8088,,3145.0,542.0,0.3013,0.7647,,26510.0
Universidad Ana G. Mendez-Cupey Campus,San Juan,PR,00926-2602,2,6920.0,6920.0,14154.0,,7559.0,,0.6885,0.3596,10006,14250,,,4172.0,4579.0,0.3111,0.7037,0.0,24490.0
Puerto Rico Conservatory of Music,San Juan,PR,00907-3373,1,3370.0,3370.0,7920.0,5244.0,,,0.6598,0.1306,8750,8875,0.8101,,3701.0,295.0,0.5714,1.0,0.0,19474.0
Center for Advanced Studies On Puerto Rico and the Caribbean,San Juan,PR,00901,2,,,,,,,,,PS,PS,,,,,,,0.0,
EDP University of Puerto Rico Inc-San Sebastian,San Sebastian,PR,00685,2,7050.0,14125.0,13701.0,,4496.0,,0.6342,0.4383,10500,14000,0.9615,,2727.0,968.0,0.3727,0.7273,0.0,22844.0
Emma's Beauty Academy-Mayaguez,Mayaguez,PR,00680-4222,3,,,,,3772.0,11154.0,0.8601,0.0,PS,PS,,,,237.0,,,,14827.0
Escuela de Artes Plasticas y Diseno de Puerto Rico,San Juan,PR,00902-1112,1,4902.0,8502.0,8277.0,5231.0,,,0.7689,0.0,PS,PS,1.0,985.0,2842.0,497.0,0.4493,0.76,,21790.0
Instituto Tecnologico de Puerto Rico-Recinto de Manati,Manati,PR,00674-1091,1,1600.0,1600.0,5684.0,2407.0,,,0.906,0.0,PS,PS,1.0,,3415.0,297.0,,,,26293.0
Huertas College,Caguas,PR,00725,3,8520.0,8520.0,14265.0,,9104.0,,0.7908,0.2066,6625,7500,,,2765.0,460.0,0.5811,0.5,0.0,22927.0
Humacao Community College,Humacao,PR,00791,2,6560.0,6560.0,9849.0,,2879.0,,0.9673,0.0,PS,PS,,,2735.0,207.0,0.5493,0.0,,20064.0
ICPR Junior College-Arecibo,Arecibo,PR,00614-0067,3,8060.0,8060.0,13056.0,,4863.0,,0.9663,0.0,PS,PS,,,2497.0,348.0,,,,18694.0
ICPR Junior College-Mayaguez,Mayaguez,PR,00681-1108,3,8060.0,8060.0,13419.0,,5426.0,,0.9424,0.0029,PS,PS,,,2699.0,429.0,,,,18694.0
Instituto Tecnologico de Puerto Rico-Recinto de Guayama,Guayama,PR,00784-0000,1,1618.0,1618.0,9568.0,3510.0,,,0.9256,0.0,PS,PS,0.8471,,6361.0,262.0,,,,26293.0
Instituto Tecnologico de Puerto Rico-Recinto de San Juan,San Juan,PR,00924,1,3707.0,3707.0,4274.0,1067.0,,,0.7212,0.0,PS,PS,0.76,,3294.0,190.0,,,,26293.0
Inter American University of Puerto Rico-San German,San German,PR,00683,2,5580.0,5580.0,15442.0,,9034.0,,0.8245,0.119,7000,8500,0.5067,,5800.0,2641.0,0.4272,0.7872,0.0,25416.0
Inter American University of Puerto Rico-Aguadilla,Aguadilla,PR,00603,2,5542.0,5542.0,14449.0,,7607.0,,0.8396,0.1166,5500,6250,0.4674,,5030.0,3002.0,0.3871,0.7457,0.0,24776.0
Inter American University of Puerto Rico-Arecibo,Arecibo,PR,00614,2,5580.0,5580.0,14628.0,,8036.0,,0.8139,0.1354,6750,9000,0.3778,,5516.0,2275.0,0.3537,0.75,0.0,24539.0
Inter American University of Puerto Rico-Barranquitas,Barranquitas,PR,00794,2,5542.0,5542.0,14358.0,,7382.0,,0.889,0.111,3500,5200,0.6583,,5016.0,919.0,0.3837,0.7748,0.0,23204.0
Inter American University of Puerto Rico-Metro,San Juan,PR,00919,2,5580.0,5580.0,15252.0,,8964.0,,0.6592,0.1815,8666,10975,0.6644,,5891.0,2692.0,0.316,0.7296,0.0,30821.0
Inter American University of Puerto Rico-Ponce,Mercedita,PR,00715-1602,2,5580.0,5580.0,14845.0,,8245.0,,0.8194,0.1803,4850,6375,0.7029,,5563.0,2602.0,0.4311,0.7643,0.0,26721.0
Inter American University of Puerto Rico-Fajardo,Fajardo,PR,00738-7003,2,5580.0,5580.0,14991.0,,8787.0,,0.8348,0.1338,5500,5750,0.3556,,5182.0,1149.0,0.3285,0.6914,0.0,23132.0
Inter American University of Puerto Rico-Guayama,Guayama,PR,00784,2,5580.0,5580.0,15791.0,,8932.0,,0.752,0.2648,6775,9500,0.485,,4726.0,1661.0,0.3936,0.8063,0.0,25827.0
Inter American University of Puerto Rico-Bayamon,Bayamon,PR,00957-6257,2,5580.0,5580.0,14935.0,,8783.0,,0.8089,0.1439,5500,8250,0.3642,,5500.0,3453.0,0.3301,0.7149,0.0,29936.0
Inter American University of Puerto Rico-School of Law,San Juan,PR,00936-8351,2,,,,,,,,,PS,PS,,,9640.0,,,,0.0,
Liceo de Arte y Tecnologia,San Juan,PR,00917,3,8325.0,8325.0,23374.0,,17134.0,,0.8582,0.1064,3599,4293,,,,495.0,,,0.0,26733.0
Modern Hairstyling Institute-Bayamon,Bayamon,PR,00961,3,,,,,5532.0,9800.0,0.9612,0.0,PS,PS,0.9286,,,197.0,,,,17105.0
Modern Hairstyling Institute-Arecibo,Arecibo,PR,00612,3,,,,,5424.0,9800.0,0.9,0.0,PS,PS,0.7826,,,64.0,,,,15266.0
NUC University,Bayamon,PR,00960,3,8054.0,9884.0,13778.0,,5732.0,,0.7146,0.3517,9500,9500,,,2537.0,25881.0,0.5618,0.5575,0.0,24785.0
Ponce Health Sciences University,Ponce,PR,00716-2347,3,,,,,,,,,15500,PS,,,5807.0,,,,0.0,
University of Puerto Rico-Aguadilla,Aguadilla,PR,00604-1309,1,5954.0,5954.0,14727.0,8142.0,,,0.8196,0.0625,5500,5500,0.8174,921.0,5976.0,1847.0,0.4766,0.9788,0.0,27997.0
University of Puerto Rico-Arecibo,Arecibo,PR,00614-4010,1,5324.0,5324.0,18320.0,11759.0,,,0.8571,0.0449,4500,4500,0.6226,,8055.0,2788.0,0.5068,0.7875,0.0,30512.0
University of Puerto Rico-Bayamon,Bayamon,PR,00959,1,6284.0,6284.0,12527.0,9657.0,,,0.7793,0.0443,5500,5500,0.9245,,5674.0,2967.0,0.3141,0.7846,0.0,34409.0
University of Puerto Rico-Carolina,Carolina,PR,00984-4800,1,7986.0,7986.0,21072.0,14072.0,,,0.7419,0.0352,4500,5500,0.5273,904.0,7457.0,2367.0,0.4023,0.7576,0.0,30626.0
University of Puerto Rico at Cayey,Cayey,PR,00737-2230,1,5354.0,5354.0,15746.0,9148.0,,,0.7568,0.0393,5000,5000,0.9584,978.0,5705.0,2201.0,0.4861,0.7884,0.0,30958.0
University of Puerto Rico-Humacao,Humacao,PR,00792,1,5364.0,5364.0,19404.0,13487.0,,,0.7935,0.0319,5500,5500,0.5849,,5794.0,2555.0,0.5293,0.748,0.0,29521.0
University of Puerto Rico-Utuado,Utuado,PR,00641,1,5354.0,5354.0,18868.0,12386.0,,,0.815,0.0925,3500,3500,0.6411,,8231.0,310.0,0.2457,0.6,0.0,23906.0
University of Puerto Rico-Mayaguez,Mayaguez,PR,00681,1,5274.0,5274.0,19190.0,12684.0,,,0.6456,0.0875,8000,8250,0.5217,,8597.0,9564.0,0.4696,0.8421,0.0,48992.0
University of Puerto Rico-Medical Sciences,San Juan,PR,00936-5067,1,,,,,,,0.6629,0.2083,5500,PS,,,7145.0,224.0,,,0.0,45953.0
University of Puerto Rico at Ponce,Ponce,PR,00716-9996,1,5354.0,5354.0,14399.0,7455.0,,,0.8113,0.0675,5500,5500,0.5614,,5768.0,2276.0,0.5058,0.8029,0.0,31394.0
University of Puerto Rico-Rio Piedras,San Juan,PR,00931-0000,1,5324.0,5324.0,13337.0,6507.0,,,0.6475,0.0555,5500,5500,0.532,,6119.0,8748.0,0.5248,0.7986,0.0,35723.0
Universidad Ana G. Mendez-Carolina Campus,Carolina,PR,00985-0985,2,6920.0,6920.0,13837.0,,7569.0,,0.699,0.301,10000,14500,,,3971.0,4383.0,0.3641,0.6991,0.0,24328.0
Universidad del Sagrado Corazon,Santurce,PR,00907,2,6360.0,6360.0,19550.0,,13024.0,,0.7081,0.2192,11250,16250,0.5341,,4089.0,4042.0,0.436,0.7909,0.0,31754.0
Seminario Evangelico de Puerto Rico,San Juan,PR,00925,2,,,,,,,,,PS,PS,,,4439.0,,,,0.028,
Universidad Central Del Caribe,Bayamon,PR,00960-6032,2,6442.0,6602.0,14697.0,,8011.0,,0.7321,0.1964,7050,PS,0.6154,,4037.0,90.0,0.5909,0.8462,0.0,31468.0
Universidad Politecnica de Puerto Rico,Hato Rey,PR,00919,2,9810.0,9810.0,21894.0,,16338.0,,0.6232,0.3405,12830,22564,,,4952.0,3791.0,0.2356,0.7736,0.0,47540.0
Pontifical Catholic University of Puerto Rico-Mayaguez,Mayaguez,PR,00680-1713,2,6238.0,6238.0,15334.0,,8264.0,,0.8346,0.2671,11337,15500,0.973,,4018.0,597.0,0.4211,0.7667,0.0,24908.0
Universidad Ana G. Mendez-Gurabo Campus,Gurabo,PR,00778-3030,2,6920.0,6920.0,14081.0,,7668.0,,0.8266,0.2693,9000,13448,,,4369.0,7666.0,0.3021,0.7513,0.0,26223.0
College of Micronesia-FSM,Pohnpei,FM,96941,1,5050.0,5050.0,10519.0,7012.0,,,0.6348,0.0,PS,PS,0.8091,,3167.0,1740.0,0.2947,0.6596,,24651.0
Palau Community College,Koror,PW,96940,1,3730.0,3970.0,9408.0,2810.0,,,0.7203,0.0,PS,PS,,,2146.0,386.0,,,,29898.0
University of the Virgin Islands,Charlotte Amalie,VI,00802-9990,1,5612.0,15521.0,16582.0,7563.0,,,0.4623,0.1691,9500,16800,0.9744,915.0,7040.0,1431.0,0.2857,0.7644,0.0,38681.0
Stanford University,Stanford,CA,94305,2,62484.0,62484.0,82162.0,,12136.0,,0.1923,0.0629,9851,12000,0.0391,1553.0,24226.0,7841.0,0.9282,0.9781,0.0,124080.0
Purdue University-Main Campus,West Lafayette,IN,47907-2040,1,9992.0,28794.0,22567.0,13945.0,,,0.1298,0.2321,15000,19500,0.503,1342.0,14107.0,39637.0,0.831,0.9203,0.0,72424.0
Blue Hills Regional Technical School,Canton,MA,02021,1,,,,16405.0,,15800.0,0.5217,0.6957,9301,9500,1.0,,,38.0,,,0.0,
Parker University,Dallas,TX,75229-5668,2,17457.0,17457.0,35819.0,,25491.0,,0.4795,0.6699,9500,12288,,,6768.0,494.0,0.7179,0.25,0.001,42091.0
EDP University of Puerto Rico Inc-San Juan,San Juan,PR,00918,2,7050.0,14125.0,12983.0,,4989.0,,0.5775,0.4664,10500,14000,0.7714,,2686.0,1258.0,0.2362,0.8636,0.0,22844.0
ICPR Junior College,Hato Rey,PR,00919-0304,3,8060.0,8060.0,13170.0,,5196.0,,0.912,0.0021,PS,PS,,,1790.0,480.0,,,,18694.0
City College-Hollywood,Hollywood,FL,33024-4045,3,18615.0,18615.0,,,,,1.0,1.0,15285,25250,1.0,,5764.0,275.0,0.8333,,0.0,34938.0
Meridian College,Sarasota,FL,34240,3,,,,,32089.0,38100.0,0.5779,0.5628,13000,13000,,,3813.0,144.0,,,0.0,33735.0
Georgia State University-Perimeter College,Atlanta,GA,30303-3083,1,2960.0,9312.0,16117.0,10102.0,,,0.4317,0.229,11750,20903,0.9959,963.0,5960.0,12871.0,,,0.0,47384.0
Georgia Piedmont Technical College,Clarkston,GA,30021-2397,1,3188.0,5588.0,15977.0,7210.0,,,0.421,0.0,9500,12666,,,5125.0,2069.0,,,0.0,34619.0
ETI School of Skilled Trades,Willowbrook,IL,60527,3,,,,,27351.0,14685.0,0.7507,0.5512,9428,9500,,,,363.0,,,0.0,52800.0
Traxlers School of Hair,Jackson,MS,39212,3,,,,,11006.0,16500.0,0.7353,0.2647,PS,PS,,,,110.0,,,,16249.0
Warren County Community College,Washington,NJ,07882-4343,1,5310.0,5910.0,10510.0,3550.0,,,0.1099,0.0115,6499,9300,,,7445.0,867.0,,,0.0,43359.0
St. John's College,Santa Fe,NM,87505-4599,2,38946.0,38946.0,53018.0,,24351.0,,0.2418,0.4258,13500,PS,0.4946,1367.0,9334.0,369.0,0.6,0.7841,0.0,44985.0
Bais Medrash Elyon,Monsey,NY,10952,2,8600.0,8600.0,,,,,0.1111,0.0,PS,PS,0.8,,2823.0,41.0,,0.6667,,
Antioch University-Los Angeles,Culver City,CA,90230-7615,2,,,,,,,0.3514,0.4865,17103,23501,,,6438.0,61.0,,,0.0,51541.0
Antioch University-Santa Barbara,Santa Barbara,CA,93101,2,,,,,,,0.4167,0.3833,17103,23501,,,6895.0,52.0,,,0.0,51541.0
Antioch University-New England,Keene,NH,03431,2,,,,,,,,,17103,23501,,,5750.0,,,,0.0,51541.0
Antioch University-Seattle,Seattle,WA,98121-1814,2,,,,,,,0.325,0.5,17103,23501,,,6031.0,81.0,,,0.0,51541.0
Antioch University,Yellow Springs,OH,45387,2,,,,,,,0.4286,0.6095,17103,23501,,,6577.0,107.0,,,0.0,51541.0
Mid-America Christian University,Oklahoma City,OK,73170-9797,2,19896.0,19896.0,30612.0,,17123.0,,0.3974,0.4772,15444,26394,,,5653.0,1532.0,0.3333,0.7045,0.0,46116.0
Miller-Motte College-Tulsa,Tulsa,OK,74145,3,,,,,23107.0,28390.0,0.8232,0.8553,10661,15917,,,4134.0,283.0,,,0.0,31102.0
Ponca City Beauty College,Ponca City,OK,74601,3,,,,,7691.0,14280.0,0.6034,0.5517,3311,PS,,,,48.0,,,0.0,15872.0
Francis Tuttle Technology Center,Oklahoma City,OK,73142-2789,1,,,,4999.0,,1320.0,0.087,0.0,PS,PS,,,,825.0,,,0.0,32996.0
Central Technology Center,Drumright,OK,74030,1,,,,,,4300.0,0.0709,0.0,PS,PS,,,,564.0,,,,36351.0
Carrington College-Portland,Portland,OR,97232-1309,3,,,,,29350.0,19146.0,0.6028,0.6846,8615,9295,,,,295.0,,,0.0,36625.0
Career Technology Center of Lackawanna County,Scranton,PA,18508,1,,,,16058.0,,16950.0,0.7079,0.8315,11861,17200,1.0,,,76.0,,,0.0,45555.0
Palo Alto College,San Antonio,TX,78224-2499,1,3412.0,14422.0,10911.0,4374.0,,,0.2527,0.0211,6779,13393,,,7658.0,7723.0,,,0.0,37448.0
UCAS University of Cosmetology Arts & Sciences-San Antonio 410,San Antonio,TX,78201,3,,,,,20353.0,13441.0,0.4615,0.3407,6169,6333,,,,47.0,,,0.0,24450.0
Central Texas Beauty College-Round Rock,Round Rock,TX,78664-4604,3,,,,,9606.0,8650.0,0.6449,0.0,PS,PS,,,,93.0,,,,23338.0
HJ International Graduate School for Peace and Public Leadership,New York,NY,10036,2,,,,,,,,,PS,PS,,,5839.0,,,,0.032,
Athens Technical College,Athens,GA,30601,1,3172.0,5572.0,13425.0,5876.0,,,0.3462,0.0,PS,PS,,,5647.0,3153.0,,,,35951.0
GateWay Community College-Central City,Phoenix,AZ,85034-4101,1,,,,4239.0,,4515.0,0.236,0.0712,4500,6750,,,,477.0,,,0.0,46147.0
Carrington College-San Leandro Campus,San Leandro,CA,94578-3711,3,,,,,32368.0,21799.0,0.5882,0.6241,10460,11537,,,5911.0,400.0,,,0.0,39633.0
Headmasters School of Hair Design,Lewiston,ID,83501,3,,,,,13037.0,13110.0,0.5429,0.7429,10556,10556,,,,48.0,,,0.014,17707.0
The Salon Professional Academy-Nampa,Nampa,ID,83686-5104,3,,,,,18215.0,18920.0,0.4054,0.5135,6333,6333,,,,102.0,,,0.0,18095.0
Beckfield College-Florence,Florence,KY,41042,3,13295.0,13295.0,32665.0,,27539.0,,0.5666,0.6769,13722,23500,,,6774.0,612.0,0.303,,0.0,37114.0
Dorsey College-Wayne,Wayne,MI,48184,3,32160.0,32160.0,31514.0,,24752.0,,0.7696,0.8018,9500,13000,,,,203.0,,,0.0,29392.0
Ecumenical Theological Seminary,Detroit,MI,48201-3035,2,,,,,,,0.0,0.0,PS,PS,,,4000.0,11.0,,,0.0,
Ross Medical Education Center-Saginaw,Saginaw,MI,48603-5227,3,,,,,20796.0,16297.0,0.8534,0.8793,7504,9500,,,,73.0,,,0.0,30060.0
Sussex County Community College,Newton,NJ,07860,1,5544.0,9024.0,14375.0,7054.0,,,0.3452,0.1494,6000,11000,,,7785.0,2055.0,,,0.0,44664.0
Landmark College,Putney,VT,05346,2,64290.0,64290.0,81895.0,,50879.0,,0.1436,0.2291,8875,17500,0.4365,,7020.0,480.0,0.2651,,0.0,29813.0
Yeshiva Gedolah of Greater Detroit,Oak Park,MI,48237,2,8600.0,8600.0,16400.0,,4913.0,,0.3824,0.0,PS,PS,0.9259,,4628.0,71.0,0.4615,0.8095,,
Collin County Community College District,McKinney,TX,75069,1,1864.0,5614.0,14409.0,8986.0,,,0.1622,0.0739,4500,7500,,,8210.0,25857.0,0.2181,,0.0,48701.0
Owensboro Community and Technical College,Owensboro,KY,42303,1,4656.0,6192.0,12483.0,4627.0,,,0.2965,0.0982,5500,7933,,,5392.0,2579.0,,,0.0,35798.0
Allure Beauty College,Whitesburg,KY,41858,3,,,,,9944.0,11100.0,1.0,0.0,PS,PS,,,,25.0,,,,
Cloyd's Beauty School 3 Inc,Monroe,LA,71201,3,,,,,4693.0,10560.0,0.5496,0.0,PS,PS,,,,94.0,,,,15105.0
Moore Norman Technology Center,Norman,OK,73069-8308,1,,,,,,2850.0,0.0542,0.0,PS,PS,,,,363.0,,,,34000.0
Fayette County Career & Technical Institute Practical Nursing Program,Uniontown,PA,15401,1,,,,23414.0,,12415.0,0.8427,0.6292,12440,PS,,,,69.0,,,0.0,49229.0
Franklin County Career and Technology Center,Chambersburg,PA,17202,1,,,,19823.0,,16800.0,0.3014,0.4384,14614,14760,0.9231,,,51.0,,,0.0,54747.0
Paul Mitchell the School-Knoxville,Knoxville,TN,37919,3,,,,,21558.0,14900.0,0.5433,0.5769,9833,13833,,,,113.0,,,0.0,26260.0
Ogle School Hair Skin Nails-Hurst,Hurst,TX,76053-4650,3,,,,,20041.0,16500.0,0.6753,0.7299,7917,7917,,,,265.0,,,0.0,31488.0
Tennessee College of Applied Technology Nashville,Nashville,TN,37209-4515,1,,,,9480.0,,4972.0,0.3966,0.0,PS,PS,,,,730.0,,,,38955.0
ECPI University,Virginia Beach,VA,23462,3,18484.0,18484.0,27999.0,,20473.0,,0.4857,0.518,13915,20000,0.829,,6685.0,11270.0,0.447,0.5296,0.0,42837.0
Ms Roberts Academy of Beauty Culture,Hillside,IL,60162-1121,3,,,,,9152.0,18900.0,0.5426,0.4574,PS,PS,,,,57.0,,,0.0,24535.0
Paul Mitchell the School-Houston,Houston,TX,77043,3,,,,,20616.0,18600.0,0.6501,0.5908,9500,11336,,,,314.0,,,0.0,27384.0
Fortis Institute-Forty Fort,Forty Fort,PA,18704-2936,3,13955.0,13955.0,25358.0,,19532.0,,0.6988,0.5964,8063,9500,,,4141.0,159.0,,,0.0,30224.0
Laurel Business Institute,Uniontown,PA,15401,3,11470.0,11470.0,15304.0,,10086.0,,0.4884,0.6667,9500,12000,0.8561,,6158.0,390.0,,,0.0,30819.0
Aviation Institute of Maintenance-Philadelphia,Philadelphia,PA,19114-1018,3,16757.0,16757.0,27501.0,,21244.0,,0.7257,0.816,21875,32397,,,,339.0,,,0.0,42785.0
Dorsey College-Roseville,Roseville,MI,48066,3,32160.0,32160.0,30912.0,,23871.0,,0.618,0.6154,9500,13000,,,4900.0,443.0,,,0.0,29392.0
Moler-Pickens Beauty Academy,Fairfield,OH,45014,3,,,,,14596.0,16850.0,0.6577,0.6577,4889,PS,,,,89.0,,,0.0,22137.0
Red River Technology Center,Duncan,OK,73533,1,,,,11969.0,,2385.0,0.0911,0.0,PS,PS,,,,518.0,,,,31415.0
Southern Union State Community College,Wadley,AL,36276,1,4980.0,8790.0,15417.0,8652.0,,,0.3484,0.2305,6250,11000,,,7336.0,3888.0,,,0.0,36597.0
South University-Columbia,Columbia,SC,29203,3,18238.0,18238.0,31298.0,,22886.0,,0.5762,0.5952,13000,26123,,,6559.0,445.0,0.0,0.1,0.0,34421.0
Clinton Technical School,Clinton,MO,64735,1,,,,13160.0,,12621.0,0.6842,0.5789,10307,PS,,,,17.0,,,,53451.0
Greene County Career and Technology Center,Waynesburg,PA,15370-8281,1,,,,18315.0,,21100.0,0.7333,0.9333,13025,PS,0.85,,,19.0,,,0.021,34231.0
Lac Courte Oreilles Ojibwe University,Hayward,WI,54843,1,6030.0,6030.0,16228.0,11536.0,,,0.7396,0.0,PS,PS,,,6993.0,205.0,0.1333,0.5,,24302.0
Diesel Driving Academy-Shreveport,Shreveport,LA,71109-5209,3,,,,,15123.0,11650.0,0.5354,0.577,6333,6333,,,,222.0,,,0.0,38740.0
Pima Medical Institute-Mesa,Mesa,AZ,85202,3,,,,,20904.0,48250.0,0.4603,0.5866,9500,9500,,,6254.0,721.0,,,0.0,38673.0
Platt College-Los Angeles,Alhambra,CA,91803,3,14804.0,14804.0,33216.0,,28014.0,,0.5487,0.7151,15215,18685,,,6408.0,598.0,0.6225,,0.0,40669.0
Platt College-Aurora,Greenwood Village,CO,80111,3,20590.0,20590.0,44255.0,,42287.0,,0.3147,0.6983,33443,42125,0.3636,,7862.0,215.0,0.2,0.8333,0.0,77602.0
Paul Mitchell the School-Boise,Boise,ID,83709,3,,,,,21176.0,20340.0,0.5352,0.5035,9500,10555,,,,179.0,,,0.0,25719.0
Educators of Beauty College of Cosmetology-Rockford,Rockford,IL,61108,3,,,,,12359.0,19500.0,0.5556,0.4519,9500,9833,,,,101.0,,,0.0,21463.0
Northwestern College,Oak Lawn,IL,60453,3,18475.0,18475.0,30552.0,,24929.0,,0.749,0.7549,9569,19000,,,5648.0,464.0,0.3373,,,37871.0
Douglas J Aveda Institute,East Lansing,MI,48823,3,,,,,25937.0,23000.0,0.4451,0.5473,6333,6333,,,,822.0,,,0.001,26849.0
Ross Medical Education Center-Brighton,Brighton,MI,48116-7402,3,,,,,20239.0,16297.0,0.7222,0.8889,7719,9500,,,,26.0,,,0.002,29898.0
Ross Medical Education Center-Ann Arbor,Ann Arbor,MI,48108-1411,3,,,,,19408.0,16297.0,0.873,0.873,7719,9500,,,,33.0,,,0.002,29898.0
Dorsey School of Beauty,Taylor,MI,48180-1866,3,,,,,22138.0,28650.0,0.5833,0.5561,8322,16500,,,,205.0,,,0.0,13256.0
Pike-Lincoln Technical Center,Eolia,MO,63344-0038,1,,,,6128.0,,12999.0,0.4865,0.6757,9481,9500,,,,35.0,,,0.014,48581.0
St Charles Community College,Cottleville,MO,63376-0975,1,3000.0,5664.0,13249.0,5981.0,,,0.2484,0.0664,4832,6187,,,8498.0,5008.0,,,0.0,42422.0
University of Massachusetts Global,Irvine,CA,92618,1,12520.0,12520.0,33365.0,31601.0,,,0.2292,0.3163,18750,24276,,,9609.0,4902.0,0.0,0.4231,0.0,65703.0
New College of Florida,Sarasota,FL,34243-2109,1,6916.0,29944.0,20732.0,4536.0,,,0.3034,0.1734,12000,17375,0.74,1137.0,9439.0,707.0,0.6181,0.6489,0.0,48082.0
Montana Bible College,Billings,MT,59106,2,13600.0,13600.0,,,,,0.0,0.0,,,0.8462,,,45.0,0.5714,0.5455,,
Conservatory of Recording Arts and Sciences,Tempe,AZ,85282-1707,3,,,,,22153.0,20559.0,0.364,0.6017,8344,8344,,,,637.0,,,0.0,37429.0
Adrian's Beauty College of Turlock,Turlock,CA,95380,3,,,,,24393.0,14187.0,0.42,0.5533,6500,7422,,,,71.0,,,0.0,18199.0
San Joaquin Valley College-Fresno,Fresno,CA,93710-3616,3,,,,,23045.0,21997.0,0.5509,0.5342,9773,10674,,,5592.0,481.0,,,0.0,38317.0
Dr. Ida Rolf Institute,Boulder,CO,80301-0000,2,,,,,38347.0,26541.0,0.186,0.3023,7716,PS,1.0,,,24.0,,,0.0,
Aveda Institute-Fort Myers,Fort Myers,FL,33907,3,,,,,27723.0,18900.0,0.2701,0.3333,6953,9024,,,,246.0,,,0.0,24057.0
Ross Medical Education Center-Port Huron,Port Huron,MI,48060-1530,3,,,,,20375.0,16297.0,0.8163,0.8367,7504,9500,,,,28.0,,,0.0,30060.0
Raphael's School of Beauty Culture Inc-Alliance,Alliance,OH,44601,3,,,,,17148.0,23200.0,0.6463,0.5776,6250,7114,,,,410.0,,,0.0,17650.0
Metro Technology Centers,Oklahoma City,OK,73111-5240,1,,,,7184.0,,6361.0,0.1518,0.0491,9140,9500,,,,1337.0,,,0.0,38830.0
Luna Community College,Las Vegas,NM,87701,1,1202.0,3050.0,11547.0,7039.0,,,0.2497,0.0307,3855,PS,,,5365.0,459.0,,,0.052,32461.0
Grabber School of Hair Design,St. Louis,MO,63126,3,,,,,12981.0,17596.0,0.4392,0.7891,7830,7830,,,,244.0,,,0.0,27109.0
Yeshivah Gedolah Rabbinical College,Miami Beach,FL,33139,2,9300.0,9300.0,18200.0,,11581.0,,0.3864,0.0,PS,PS,,,3634.0,77.0,0.3636,0.8333,,30667.0
Raphael's School of Beauty Culture Inc-Brunswick,Brunswick,OH,44212,3,,,,,19617.0,13617.0,0.5375,0.4875,6251,7538,,,,81.0,,,0.0,21307.0
Caribbean University-Ponce,Ponce,PR,00716-7733,2,5966.0,5966.0,10042.0,,6680.0,,0.7457,0.2,7000,10500,,,2281.0,419.0,0.4167,0.5,0.0,22842.0
Caribbean University-Vega Baja,Vega Baja,PR,00964,2,5966.0,5966.0,9920.0,,6310.0,,0.7943,0.1986,7000,10500,,,2185.0,176.0,0.625,0.6875,0.0,22842.0
University of Advancing Technology,Tempe,AZ,85283,3,19430.0,19430.0,31353.0,,20913.0,,0.5773,0.7606,12000,28812,0.9541,,6574.0,892.0,0.3929,0.7864,0.0,50719.0
Paradise Valley Community College,Phoenix,AZ,85032,1,2358.0,8958.0,19032.0,13478.0,,,0.1874,0.0683,4500,6995,,,10266.0,4076.0,0.1977,0.6455,0.0,47196.0
Chandler-Gilbert Community College,Chandler,AZ,85225-2499,1,2358.0,8958.0,17377.0,12653.0,,,0.1087,0.0539,4500,7000,,,10079.0,7626.0,,,0.0,51111.0
Great Plains Technology Center,Lawton,OK,73505-8399,1,,,,9557.0,,4963.0,0.2287,0.0,PS,PS,,,,152.0,,,,42376.0
Roane-Jackson Technical Center,Leroy,WV,25252-9700,1,,,,1821.0,,3970.0,0.7692,0.0,PS,PS,,,,11.0,,,,33982.0
Pioneer Technology Center,Ponca City,OK,74601,1,,,,8935.0,,1850.0,0.1413,0.0,PS,PS,,,,125.0,,,,29841.0
Portage Lakes Career Center,Uniontown,OH,44685,1,,,,19200.0,,18495.0,0.3878,0.4541,6333,8444,,,,217.0,,,0.0,38316.0
Bell Mar Beauty College,Cicero,IL,60804,3,,,,,7188.0,12475.0,0.5507,0.0,PS,PS,,,,45.0,,,,26222.0
Caddo Kiowa Technology Center,Fort Cobb,OK,73038-0190,1,,,,5085.0,,3750.0,0.1494,0.0,PS,PS,,,,108.0,,,,21576.0
Center for Instruction Technology & Innovation,Mexico,NY,13114,1,,,,14487.0,,13810.0,0.6061,0.6364,5052,PS,,,,21.0,,,0.006,
International School of Skin Nailcare & Massage Therapy,Sandy Springs,GA,30350,3,,,,,36205.0,17350.0,0.6984,0.6404,6193,6333,,,,260.0,,,0.0,25452.0
Palomar Institute of Cosmetology,San Marcos,CA,92078,3,,,,,18176.0,16800.0,0.3676,0.3784,6333,6333,,,,173.0,,,0.0,23451.0
Southern Oklahoma Technology Center,Ardmore,OK,73401,1,,,,4777.0,,3400.0,0.1389,0.0,PS,PS,,,,180.0,,,,29012.0
Autry Technology Center,Enid,OK,73703-2506,1,,,,,,2100.0,0.1626,0.0,PS,PS,0.8417,,,432.0,,,,40389.0
Greene County Career Center,Xenia,OH,45385-9545,1,,,,10960.0,,5398.0,0.2414,0.3103,5225,PS,,,,22.0,,,0.016,41796.0
Canadian Valley Technology Center,El Reno,OK,73036-9117,1,,,,10046.0,,4713.0,0.0924,0.0,PS,PS,,,,624.0,,,,31355.0
Wilkes-Barre Area Career and Technical Center Practical Nursing,Wilkes Barre,PA,18705-0699,1,,,,18620.0,,24600.0,0.5969,0.6977,14247,17678,0.5579,,,102.0,,,0.0,48705.0
Meridian Technology Center,Stillwater,OK,74074-1899,1,,,,4481.0,,1800.0,0.1075,0.0,PS,PS,,,,309.0,,,,34451.0
Waynesville Career Center,Waynesville,MO,65583,1,,,,19044.0,,13905.0,0.5769,0.3846,5500,PS,,,,21.0,,,0.0,40979.0
Capitol Beauty School,Omaha,NE,68137-2325,3,,,,,14441.0,18100.0,0.2978,0.3713,6333,6650,,,,167.0,,,0.0,31349.0
Morris County Vocational School District,Denville,NJ,07834,1,,,,17744.0,,12209.0,0.4426,0.5082,5990,PS,1.0,,,32.0,,,0.0,47174.0
Ross Medical Education Center-Roosevelt Park,Roosevelt Park,MI,49441-4188,3,,,,,21456.0,16297.0,0.8441,0.8441,7504,9500,,,,109.0,,,0.0,30060.0
Ross Medical Education Center-Kentwood,Kentwood,MI,49508-5271,3,,,,,21580.0,16297.0,0.8281,0.8281,5500,9500,,,,112.0,,,0.001,30072.0
South Florida Bible College and Theological Seminary,Deerfield Beach,FL,33442,2,7380.0,7380.0,,,,,0.2143,0.2017,PS,PS,,,3899.0,271.0,0.0,0.5,0.0,45354.0
Cloyd's Barber School 2 Inc,Monroe,LA,71201,3,,,,,3065.0,9600.0,0.6522,0.0,PS,PS,,,,37.0,,,,23220.0
Universal Technical Institute of Illinois Inc,Lisle,IL,60532-0000,3,,,,,24971.0,41050.0,0.4605,0.6533,11183,13124,,,,1230.0,,,0.0,52873.0
Pennsylvania College of Technology,Williamsport,PA,17701-5799,1,17940.0,25680.0,32595.0,26084.0,,,0.3187,0.6082,15250,23961,,,9876.0,4254.0,0.5042,0.7561,0.0,52567.0
Commonwealth Institute of Funeral Service,Houston,TX,77090-5918,2,15313.0,15313.0,43890.0,,42938.0,,0.3564,0.5309,7125,9500,,,5104.0,382.0,,,0.0,37786.0
Delta College of Arts & Technology,Baton Rouge,LA,70806-1529,3,,,,,19590.0,29800.0,0.8779,0.9343,5899,7393,,,3455.0,288.0,,,0.0,34222.0
Stone Child College,Box Elder,MT,59521-9796,1,3610.0,3610.0,13607.0,5580.0,,,0.4164,0.0,PS,PS,,,5940.0,187.0,0.325,,,24555.0
New York Academy of Art,New York,NY,10013-2911,2,,,,,,,,,PS,PS,,,6250.0,,,,0.0,
Suffolk County Community College,Selden,NY,11784-2899,1,6440.0,12080.0,11626.0,4882.0,,,0.2263,0.0722,5500,8250,,,11827.0,14134.0,,,0.0,49907.0
Las Positas College,Livermore,CA,94551-7650,1,1168.0,8176.0,14810.0,4175.0,,,0.1419,0.0024,5639,PS,,,12838.0,6766.0,,,0.0,51088.0
Ogeechee Technical College,Statesboro,GA,30458,1,3170.0,5570.0,15527.0,5222.0,,,0.4235,0.0,7328,9500,,,5358.0,1781.0,,,0.014,31248.0
Remington College-Mobile Campus,Mobile,AL,36609,2,20476.0,20476.0,32615.0,,25655.0,,0.9294,0.8627,9500,13271,,,4074.0,244.0,,,0.0,31349.0
Southern Technical College,Fort Myers,FL,33907-1108,3,14742.0,14742.0,27949.0,,24026.0,,0.699,0.7024,9897,11250,,,5401.0,532.0,,,0.0,36155.0
Mercy-St Luke's School of Radiologic Technology,Cedar Rapids,IA,52402,2,,,,,,,0.2727,0.4091,PS,PS,,,,21.0,,,0.0,
Northwest Technology Center-Alva,Alva,OK,73717,1,,,,10038.0,,1920.0,0.0909,0.0,PS,PS,,,,33.0,,,,32501.0
Mercer County Career Center,Mercer,PA,16137,1,,,,,,,,,9500,PS,,,,0.0,,,,49088.0
California State University-San Marcos,San Marcos,CA,92096-0001,1,7739.0,19619.0,21144.0,10550.0,,,0.436,0.296,13500,17350,0.957,,10830.0,14174.0,0.5418,0.7481,0.0,62908.0
Hairmasters Institute of Cosmetology,Bloomington,IL,61701,3,,,,,8130.0,15100.0,0.7594,0.6015,7048,8288,,,,77.0,,,,19594.0
Tricoci University of Beauty Culture LLC-Bloomington,Bloomington,IN,47404,3,,,,,16075.0,18463.0,0.517,0.6818,7307,7307,,,,123.0,,,0.0,27925.0
Interactive College of Technology-Newport,Newport,KY,41071,3,10970.0,10970.0,20798.0,,15239.0,,0.7395,0.2941,8661,10555,,,4983.0,73.0,,,0.0,27065.0
Miller-Motte College-McCann-Monroe,Monroe,LA,71201,3,,,,,20440.0,21040.0,0.739,0.7492,10661,15917,,,3883.0,111.0,,,0.0,31102.0
Ross Medical Education Center-Taylor,Taylor,MI,48180-6016,3,,,,,20273.0,16297.0,0.8511,0.8511,8481,9500,,,,57.0,,,0.0,30481.0
Interactive College of Technology,Houston,TX,77063,3,10970.0,10970.0,18840.0,,13358.0,,0.4889,0.2444,5300,5353,,,,71.0,,,0.0,27182.0
Butler Beauty Academy-New Castle Beauty Academy,New Castle,PA,16101,3,,,,,8970.0,15100.0,0.2889,0.2667,7481,7500,,,,30.0,,,0.0,23003.0
NorthWest Arkansas Community College,Bentonville,AR,72712-5091,1,2982.0,5022.0,10593.0,5719.0,,,0.1974,0.0982,5500,9506,,,6335.0,4632.0,,,0.0,43505.0
H W Brewster Technical College,Tampa,FL,33602,1,,,,10053.0,,5256.0,0.0534,0.0,PS,PS,,,,1502.0,,,,27053.0
Hodges University,Fort Myers,FL,33966,2,15580.0,15580.0,28157.0,,22602.0,,0.2465,0.3662,17600,27675,,,7504.0,171.0,0.2239,1.0,0.0,37052.0
University of St. Augustine for Health Sciences,San Marcos,CA,92069,3,,,,,,,,,PS,PS,,,8760.0,,,,0.0,79150.0
Capital Area Career Center,Springfield,IL,62712-3803,1,11670.0,11670.0,,,,,0.6132,0.5943,9500,9500,1.0,,,115.0,,,0.0,55357.0
Hair Professionals Career College,Palos Hills,IL,60465,3,,,,,19137.0,20162.0,0.5612,0.6633,7917,9500,,,,80.0,,,0.008,23417.0
Empire Beauty School-Bloomfield,Bloomfield,NJ,07003,3,,,,,17491.0,16320.0,0.5879,0.5549,7667,13000,,,,117.0,,,0.0,23925.0
Southwest Technology Center,Altus,OK,73521,1,,,,13179.0,,3803.0,0.2082,0.0,PS,PS,,,,309.0,,,,48966.0
Western Area Career & Technology Center,Canonsburg,PA,15317,1,,,,,,18480.0,0.8387,1.0,15817,PS,,,,39.0,,,0.01,43189.0
Nossi College of Art and Design,Nashville,TN,37115,3,20350.0,20350.0,26846.0,,23591.0,,0.5772,0.7349,17708,33498,0.4327,,6250.0,278.0,0.3548,0.75,0.0,35113.0
Pima Medical Institute-Seattle,Seattle,WA,98115,3,,,,,28460.0,17849.0,0.2574,0.4554,9500,9500,,,7071.0,450.0,,,0.0,38673.0
Mineral County Vocational Technical Center,Keyser,WV,26726,1,,,,2385.0,,3464.0,0.4444,0.0,PS,PS,,,,14.0,,,,46022.0
Hypnosis Motivation Institute,Tarzana,CA,91356-4159,2,,,,,42523.0,17297.0,0.4943,0.8957,9500,9500,,,,335.0,,,0.0,24244.0
Thanh Le College School of Cosmetology,Garden Grove,CA,92840,3,,,,,21350.0,10100.0,0.5,0.0,PS,PS,,,,54.0,,,,13265.0
Southeastern Technical College,Vidalia,GA,30474,1,3172.0,5572.0,15292.0,6072.0,,,0.3887,0.0,5027,PS,,,5120.0,1091.0,,,0.1,30329.0
Massachusetts School of Law,Andover,MA,01810,2,,,,,,,,,PS,PS,,,12426.0,,,,0.0,
Universal Technical Institute-Auto Motorcycle & Marine Mechanics Institute Division-Orlando,Orlando,FL,32837,3,,,,,26643.0,42150.0,0.4523,0.5145,10247,13097,,,5770.0,866.0,,,0.0,48341.0
Erwin Technical College,Tampa,FL,33610-8299,1,,,,7086.0,,4204.0,0.3282,0.0,PS,PS,,,,556.0,,,0.0,37966.0
Rosel School of Cosmetology,Niles,IL,60714,3,,,,,7356.0,13500.0,0.5233,0.0,PS,PS,,,,14.0,,,,19819.0
Worsham College of Mortuary Science,Wheeling,IL,60090-2646,3,24800.0,24800.0,30150.0,,23925.0,,0.3812,0.6485,12000,15024,0.7273,,5833.0,187.0,,,0.0,61574.0
Bryan University,Springfield,MO,65804,3,15868.0,15868.0,26177.0,,20383.0,,0.7652,0.7826,16999,22764,,,2917.0,150.0,0.275,,0.0,28725.0
Oregon College of Oriental Medicine,Portland,OR,97209,2,,,,,,,,,,,,,6996.0,,,,0.0,
Central Pennsylvania Institute of Science and Technology,Pleasant Gap,PA,16823,1,,,,10498.0,,16996.0,0.6051,0.5179,7480,9454,0.9489,,6267.0,126.0,,,0.0,41677.0
Northwest Educational Center,Houston,TX,77092,3,,,,,11535.0,10700.0,0.9732,0.0,PS,PS,,,,233.0,,,,25442.0
PCI Health Training Center,Dallas,TX,75247-4720,3,,,,,18420.0,15222.0,0.8732,0.7992,7842,7943,1.0,,,215.0,,,0.0,34096.0
Hamrick School,Medina,OH,44256,3,,,,,4428.0,6975.0,0.1483,0.1483,5481,5481,,,,89.0,,,0.0,44797.0
Fortis College,Mobile,AL,36608,3,,,,,21159.0,16264.0,0.7877,0.6675,9122,9500,,,,252.0,,,0.0,26652.0
Downey Adult School,Downey,CA,90241,1,,,,13102.0,,4499.0,0.5952,0.0,PS,PS,,,,844.0,,,,46851.0
CRU Institute of Cosmetology and Barbering,Garden Grove,CA,92845-4321,3,,,,,18165.0,16399.0,0.6387,0.5969,9551,9833,,,,129.0,,,0.0,20125.0
Modern Technology School,Fountain Valley,CA,92708-9821,3,,,,,23046.0,32027.0,0.2772,0.2921,11430,14875,,,,99.0,,,0.0,50667.0
National Career Education,Citrus Heights,CA,95610,3,,,,,24800.0,16002.0,0.393,0.3834,7600,7853,,,,438.0,,,0.0,38015.0
North-West College-Glendale,Glendale,CA,91203,3,,,,,34899.0,18121.0,0.5578,0.5427,9500,9500,,,,100.0,,,0.0,37542.0
Fremont University,Cerritos,CA,90703,3,,,,,32256.0,40565.0,0.6167,0.5917,20000,20000,,,,153.0,0.338,,0.0,39003.0
Pomona Unified School District Adult and Career Education,Pomona,CA,91767,1,,,,6005.0,,6000.0,0.4938,0.0,PS,PS,,,,84.0,,,,34849.0
Universal College of Beauty Inc-Los Angeles 2,Los Angeles,CA,90008,3,,,,,18591.0,15175.0,0.8,0.0,PS,PS,,,,38.0,,,,17821.0
IBMC College,Fort Collins,CO,80525,3,15320.0,15320.0,26326.0,,23382.0,,0.8073,0.8385,7048,8750,,,3651.0,306.0,,,0.0,34432.0
Avalon Institute-Aurora,Aurora,CO,80014,3,,,,,16882.0,9000.0,0.6829,0.7084,6325,6332,,,,217.0,,,0.0,24367.0
Academy of Cosmetology,Merritt Island,FL,32953,3,,,,,19226.0,16400.0,0.4851,0.2822,5125,5500,,,,121.0,,,0.0,20144.0
Fortis College-Smyrna,Smyrna,GA,30080-1348,3,14929.0,14929.0,31214.0,,24705.0,,0.7261,0.6326,9500,12547,,,5691.0,488.0,,,0.0,36368.0
Ross College-Davenport,Davenport,IA,52807-2095,3,,,,,22619.0,16297.0,0.8627,0.9412,7719,9500,,,,40.0,,,0.002,29898.0
Pivot Point Academy,Bloomingdale,IL,60108-0000,3,,,,,12141.0,18405.0,0.2964,0.4466,9833,9833,,,,113.0,,,0.0,30453.0
Blalock's Professional Beauty College,Shreveport,LA,71108-5745,3,,,,,22537.0,15500.0,1.0,1.0,PS,PS,,,,25.0,,,0.0,
Diesel Driving Academy-Baton Rouge,Baton Rouge,LA,70815,3,,,,,15214.0,11650.0,0.5167,0.5699,6333,6333,,,,271.0,,,0.0,43011.0
New England Hair Academy,Malden,MA,02148,3,,,,,19653.0,15000.0,0.3171,0.0035,PS,PS,,,,102.0,,,,
Rob Roy Academy-Worcester,Worcester,MA,01609,3,,,,,22542.0,15980.0,0.4597,0.5829,5500,9465,,,,121.0,,,0.0,30033.0
Upper Cape Cod Regional Technical School,Bourne,MA,02532,1,,,,23394.0,,11420.0,0.411,0.6986,9500,9500,1.0,,,77.0,,,0.0,
All-State Career-Baltimore,Baltimore,MD,21224,3,,,,,19553.0,12092.0,0.658,0.5179,6333,9500,,,,535.0,,,0.0,33193.0
Adler Graduate School,Minnetonka,MN,55343,2,,,,,,,,,PS,PS,,,7360.0,,,,0.0,
Academy of Hair Design-Jackson,Jackson,MS,39211,3,,,,,20068.0,19500.0,0.8952,0.7333,6500,6786,,,,77.0,,,0.0,22284.0
KC's School of Hair Design,Pontotoc,MS,38863-0000,3,,,,,9661.0,14325.0,0.7674,0.407,6500,PS,,,,54.0,,,0.03,
Lincoln Technical Institute-Moorestown,Moorestown,NJ,08057,3,,,,,38792.0,32214.0,0.662,0.7848,9000,10521,,,,633.0,,,0.0,31914.0
MCVSD,Freehold,NJ,07728-5033,1,,,,24170.0,,12500.0,0.375,0.1528,5500,PS,,,,63.0,,,0.0,45062.0
Yeshiva Gedolah Imrei Yosef D'spinka,Brooklyn,NY,11219,2,11500.0,11500.0,18269.0,,10079.0,,0.9133,0.0,PS,PS,,,5622.0,232.0,0.6154,0.9375,,36545.0
Knox County Career Center,Mount Vernon,OH,43050,1,,,,,,15243.0,0.3113,0.1887,8618,9500,,,,110.0,,,0.0,38212.0
Madison Adult Career Center,Mansfield,OH,44905,1,,,,9173.0,,6190.0,0.459,0.1967,3383,4266,,,,91.0,,,0.0,30941.0
Remington College-Cleveland Campus,Cleveland,OH,44125-1957,2,16254.0,16254.0,27834.0,,22254.0,,0.9839,0.9355,9500,13271,,,4415.0,133.0,,,0.0,31349.0
Brown & Clermont Adult Career Campuses,Bethel,OH,45106,1,,,,,,925.0,0.11,0.0,PS,PS,,,,59.0,,,,
Chisholm Trail Technology Center,Omega,OK,73764-6335,1,,,,,,1800.0,0.0791,0.0,PS,PS,,,,23.0,,,,27170.0
Gordon Cooper Technology Center,Shawnee,OK,74804,1,,,,4513.0,,5682.0,0.1189,0.0,PS,PS,,,,208.0,,,,42021.0
Kiamichi Technology Center-McAlester,McAlester,OK,74501,1,,,,6927.0,,2100.0,0.1076,0.0,PS,PS,,,,575.0,,,,31625.0
YTI Career Institute-Altoona,Altoona,PA,16601,3,,,,,18131.0,34964.0,0.7284,0.3025,6334,PS,,,3999.0,112.0,,,0.026,30188.0
Eastern Center for Arts and Technology,Willow Grove,PA,19090,1,,,,21350.0,,16850.0,0.269,0.5439,9850,11200,1.0,,,181.0,,,0.0,56446.0
Empire Beauty School-Center City Philadelphia,Philadelphia,PA,19102-2701,3,,,,,18228.0,17000.0,0.6585,0.6475,6633,10667,,,,262.0,,,0.001,22377.0
CEM College-Humacao,Humacao,PR,00791-4210,3,12900.0,12900.0,18485.0,,9418.0,,0.8865,0.0865,3700,5000,,,2746.0,174.0,0.44,1.0,0.0,21033.0
Colegio Mayor de Tecnologia Inc,Arroyo,PR,00714-0270,3,,,,,5880.0,7825.0,0.8976,0.0,PS,PS,,,,106.0,,,,24591.0
Institucion Chaviano de Mayaguez,Mayaguez,PR,00680,3,,,,,4482.0,11100.0,1.0,0.0,PS,PS,,,,124.0,,,,12635.0
Liceo de Arte-Dise-O y Comercio,Caguas,PR,00725,3,12226.0,12226.0,,,,,0.75,0.0,PS,PS,,,,190.0,,,,15501.0
Universal Technology College of Puerto Rico,Aguadilla,PR,00603,2,,,,,6326.0,22490.0,0.6023,0.0,PS,PS,,,1804.0,149.0,0.5487,1.0,,19878.0
Academy of Hair Technology,Greenville,SC,29615-2363,3,,,,,,6000.0,0.3218,0.3046,2750,3417,,,,95.0,,,0.0,22893.0
Mr Wayne's School of Unisex Hair Design,Cookeville,TN,38501,3,,,,,16300.0,16500.0,0.6452,0.7097,7667,PS,,,,22.0,,,0.0,23696.0
Queen City College,Clarksville,TN,37042,3,,,,,,16350.0,0.6,0.37,4703,4913,,,,127.0,,,0.0,26401.0
College of the Marshall Islands,Majuro,MH,96960,1,6840.0,7480.0,17852.0,11050.0,,,0.9552,0.0,PS,PS,,,2383.0,1216.0,0.1418,,,
Remington College-Fort Worth Campus,North Richland Hills,TX,76180,2,19341.0,19341.0,31426.0,,24976.0,,0.8453,0.8287,9500,13271,,,4449.0,164.0,,,0.0,31349.0
UCAS University of Cosmetology Arts & Sciences,San Antonio,TX,78214,3,,,,,,13441.0,1.0,0.6863,4384,5417,,,,16.0,,,0.0,13862.0
School of Automotive Machinists & Technology,Houston,TX,77055-1803,3,,,,,26359.0,16775.0,0.3758,0.2739,9500,9500,0.5862,,4968.0,102.0,,,0.0,57529.0
Nuvani Institute,San Antonio,TX,78212-1901,3,,,,,19754.0,14600.0,0.9355,0.0,3862,PS,,,,16.0,,,0.021,19484.0
Nuvani Institute,Eagle Pass,TX,78852-4859,3,,,,,18059.0,14600.0,0.8081,0.7879,4242,5030,,,,81.0,,,0.0,22354.0
Texas College of Cosmetology-Abilene,Abilene,TX,79605,3,,,,,16302.0,13250.0,0.7235,0.7706,5500,6333,,,,74.0,,,,21685.0
Centura College-Newport News,Newport News,VA,23608,3,16637.0,16637.0,31875.0,,25752.0,,0.8038,0.7703,10054,14750,,,,210.0,,,0.0,25930.0
Centura College-Norfolk,Norfolk,VA,23518-4833,3,16637.0,16637.0,32531.0,,26719.0,,0.7376,0.6109,10054,14750,,,5975.0,193.0,,,0.0,25930.0
Virginia Beach City Public Schools School of Practical Nursing,Virginia Beach,VA,23456-2499,1,,,,6034.0,,5335.0,0.2778,0.0,PS,PS,,,,41.0,,,,
Northwest College of Art & Design,Tacoma,WA,98402,3,18100.0,18100.0,30217.0,,20185.0,,0.521,0.521,29030,30750,0.7647,,,150.0,0.3636,0.7826,0.0,31167.0
University of Washington-Bothell Campus,Bothell,WA,98011-8246,1,12559.0,41913.0,24462.0,10898.0,,,0.2843,0.2022,12375,14615,0.9177,1376.0,12836.0,5228.0,0.6822,0.8617,0.0,78466.0
University of Washington-Tacoma Campus,Tacoma,WA,98402-3100,1,12817.0,42171.0,24528.0,10017.0,,,0.4019,0.2968,12375,14615,0.8295,,11832.0,3989.0,0.6226,0.7768,0.0,78466.0
Huntington School of Beauty Culture,Huntington,WV,25705-2030,3,,,,,10583.0,14400.0,0.3252,0.0368,PS,PS,,,,115.0,,,,24794.0
Valley College-Beckley,Beckley,WV,25801,3,,,,,24526.0,15995.0,0.6239,0.641,6843,9500,,,6835.0,181.0,,,0.0,24070.0
Valley College-Martinsburg,Martinsburg,WV,25404-6203,3,,,,,25666.0,15995.0,0.7176,0.7448,9418,9500,,,7056.0,651.0,0.5828,,0.0,24900.0
Bellus Academy-Poway,Poway,CA,92064,3,,,,,30336.0,15548.0,0.4439,0.4439,6333,7917,,,,369.0,,,0.0,25223.0
Capstone College,Pasadena,CA,91103,3,,,,,18047.0,16550.0,0.4788,0.4576,9296,9500,,,,140.0,,,0.0,35348.0
Central Coast College,Salinas,CA,93906,3,,,,,26640.0,18560.0,0.465,0.4561,5503,7476,,,7213.0,490.0,,,0.0,40823.0
Pacific College of Health and Science,San Diego,CA,92108-4407,3,10732.0,10732.0,41495.0,,39710.0,,0.3664,0.4658,9500,12271,,,5698.0,173.0,0.6727,,0.0,26209.0
Artistic Nails and Beauty Academy-Tampa,Tampa,FL,33605,3,,,,,12808.0,9672.0,0.5514,0.2727,6333,6333,,,,299.0,,,0.0,20948.0
National Aviation Academy of Tampa Bay,Clearwater,FL,33760,3,,,,,28485.0,39900.0,0.6311,0.658,21313,22000,,,,582.0,,,0.0,59029.0
Madison Oneida BOCES-Practical Nursing Program,Verona,NY,13478-0168,1,,,,24085.0,,16115.0,0.8571,0.916,9052,PS,0.9167,,,88.0,,,0.0,41169.0
College of Health Care Professions,Houston,TX,77054,3,,,,,28520.0,17400.0,0.7194,0.7343,9473,9500,,,4492.0,529.0,,,0.0,33070.0
Center for Advanced Legal Studies,Houston,TX,77042-1912,3,,,,,10914.0,8400.0,0.4818,0.6545,9395,9500,,,4724.0,243.0,,,0.0,56561.0
Houston Training School-Main Campus,Houston,TX,77029,3,,,,,6142.0,11100.0,0.9524,0.0,PS,PS,,,,220.0,,,,18991.0
Bay Mills Community College,Brimley,MI,49715,1,3320.0,3320.0,11801.0,4282.0,,,0.4209,0.0,PS,PS,,,6028.0,531.0,0.3036,,,30048.0
Fond du Lac Tribal and Community College,Cloquet,MN,55720-2342,1,5999.0,5999.0,18557.0,10704.0,,,0.1905,0.128,9500,14181,,,8283.0,457.0,0.2083,0.4458,0.0,45665.0
Northwest Indian College,Bellingham,WA,98226-9217,1,3969.0,3969.0,14696.0,7625.0,,,0.4946,0.0,PS,PS,,,5593.0,677.0,0.2692,0.5333,,35447.0
Provo College,Provo,UT,84601,3,16491.0,16491.0,34045.0,,30255.0,,0.5688,0.7963,24262,41733,,,6534.0,704.0,0.6364,0.7619,0.0,39645.0
CET-Coachella,Coachella,CA,92236,2,,,,,11202.0,15500.0,0.4141,0.25,6729,7041,,,,84.0,,,0.0,32986.0
CET-Oxnard,Oxnard,CA,93030,2,,,,,9534.0,15249.0,0.2055,0.1712,6729,7041,,,,82.0,,,0.0,32986.0
CET-Santa Maria,Santa Maria,CA,93458,2,,,,,2869.0,15249.0,0.305,0.15,6729,7041,,,,125.0,,,0.0,32986.0
Colorado Chinese Medicine University,Denver,CO,80206,3,,,,,,,,,PS,PS,,,,,,,0.0,
Michigan College of Beauty-Troy,Troy,MI,48083,3,,,,,19710.0,21500.0,0.6833,0.7262,6333,6333,,,,220.0,,,0.0,22058.0
Ogle School Hair Skin Nails-Dallas,Dallas,TX,75214-2389,3,,,,,19616.0,16500.0,0.7522,0.7003,7369,7917,,,,410.0,,,0.0,26885.0
Phoenix Seminary,Scottsdale,AZ,85260,2,,,,,,,,,PS,PS,,,6586.0,,,,,
Faust Institute of Cosmetology-Spirit Lake,Spirit Lake,IA,51360,3,,,,,5498.0,13000.0,0.5357,0.3929,6375,PS,,,,16.0,,,0.0,23784.0
Cheeks Beauty Academy,Loveland,CO,80538,3,,,,,10481.0,16200.0,0.7273,0.7045,6333,7000,,,,40.0,,,0.0,25459.0
Colorado School of Healing Arts,Lakewood,CO,80226,3,12206.0,12206.0,,,,,0.1636,0.1636,7459,7600,,,,60.0,,,0.0,33444.0
Mt. Diablo Adult Education-Mt. Diablo USD,Concord,CA,94518-1199,1,,,,12260.0,,4070.0,0.2076,0.0,PS,PS,,,,153.0,,,,40175.0
Greater Lowell Technical School,Tyngsboro,MA,01879,1,,,,22505.0,,8990.0,0.3372,0.314,7833,PS,1.0,,,77.0,,,0.0,
Academy of Hair Design-Pearl,Pearl,MS,39208,3,,,,,20326.0,19500.0,0.7273,0.6818,6500,6500,,,,48.0,,,0.0,19921.0
Genesis Career College-Lebanon,Lebanon,TN,37087,3,,,,,15513.0,17995.0,0.5714,0.5536,8857,9500,,,,98.0,,,0.0,24977.0
Southwest College for the Deaf,Big Spring,TX,79720-7298,1,2766.0,14046.0,14687.0,5355.0,,,0.7407,0.0926,6250,9500,,,7919.0,47.0,,,0.0,38382.0
Fortis College-Richmond,Richmond,VA,23230,3,14986.0,14986.0,26643.0,,19803.0,,0.7064,0.651,9396,9500,,,5228.0,399.0,,,0.0,32754.0
Midwest College of Oriental Medicine-Racine,Racine,WI,53403-9747,3,,,,,,,0.5,0.5,15000,PS,,,5167.0,3.0,,,0.0,44136.0
Hacienda La Puente Adult Education,La Puente,CA,91746-0002,1,,,,4211.0,,2123.0,0.267,0.0,PS,PS,0.8352,,,496.0,,,,39271.0
La Belle Beauty Academy,Miami,FL,33135,3,,,,,20261.0,16495.0,0.4327,0.4327,5909,7502,,,,142.0,,,0.0,16212.0
Hawaii Community College,Hilo,HI,96720-5096,1,3204.0,8340.0,15161.0,7369.0,,,0.3089,0.0353,6101,10500,,,9425.0,1470.0,,,0.0,34891.0
Robert Fiance Beauty Schools-North Plainfield,North Plainfield,NJ,07060,3,,,,,18940.0,19500.0,0.3507,0.3472,6333,6333,,,,160.0,,,0.0,24509.0
Long Island Beauty School-Hauppauge,Hauppauge,NY,11788,3,,,,,23106.0,14100.0,0.3436,0.2818,5500,5500,,,,119.0,,,0.0,26900.0
Buckeye Joint Vocational School,New Philadelphia,OH,44663-9450,1,,,,9600.0,,11675.0,0.5147,0.0,PS,PS,,,,80.0,,,,35889.0
Sandusky Career Center,Sandusky,OH,44870,1,,,,,,21093.0,0.5033,0.6863,12773,14513,,,,81.0,,,0.0,40504.0
Greater Altoona Career & Technology Center,Altoona,PA,16602-3616,1,,,,13906.0,,19095.0,0.4783,0.4261,9438,9500,,,,174.0,,,0.0,38008.0
Central Texas Beauty College-Temple,Temple,TX,76504-6948,3,,,,,10139.0,8650.0,0.6118,0.0,PS,PS,,,,120.0,,,,23338.0
Erie 2 Chautauqua Cattaraugus BOCES-Practical Nursing Program,Angola,NY,14006,1,,,,13555.0,,12000.0,0.5,0.2656,PS,PS,,,,31.0,,,0.006,47270.0
Empire Beauty School-Brooklyn,Brooklyn,NY,11214,3,,,,,18430.0,12750.0,0.652,0.5385,6222,10667,,,,161.0,,,0.0,24022.0
Eastern New Mexico University Ruidoso Branch Community College,Ruidoso,NM,88345,1,1372.0,2644.0,11194.0,4230.0,,,0.1245,0.0072,11000,16500,,,6507.0,409.0,,,0.0,38550.0
UEI College-Ontario,Ontario,CA,91764-5574,3,,,,,25076.0,19900.0,0.7402,0.7512,9500,9500,,,,930.0,,,0.0,31141.0
UEI College-Reseda,Reseda,CA,91335-4631,3,,,,,25949.0,19900.0,0.7519,0.7726,9500,9500,,,,1056.0,,,0.0,31141.0
Beacon College,Leesburg,FL,34748,2,49230.0,49230.0,68815.0,,36576.0,,0.2601,0.4032,18500,25000,0.6037,,6728.0,497.0,0.5732,0.7647,0.0,29420.0
Acupuncture and Integrative Medicine College-Berkeley,Berkeley,CA,94704,2,,,,,,,,,PS,PS,,,7500.0,,,,0.0,
Estrella Mountain Community College,Avondale,AZ,85392-1000,1,2358.0,8958.0,17366.0,12211.0,,,0.2316,0.0724,4670,7500,,,9982.0,6424.0,,,0.0,44356.0
Heartland Community College,Normal,IL,61761-9446,1,5460.0,15420.0,15314.0,11389.0,,,0.2061,0.0811,5500,7826,,,8161.0,2991.0,,,0.0,40768.0
University of the Potomac-Washington DC Campus,Washington,DC,20005,3,6660.0,6660.0,21791.0,,18868.0,,0.2632,0.1096,7500,8769,,,3472.0,266.0,0.5,0.75,0.0,34961.0
Rabbi Jacob Joseph School,Edison,NJ,08817-4494,2,12700.0,12700.0,20300.0,,5774.0,,0.1789,0.0,PS,PS,0.9032,,6667.0,96.0,0.0357,0.9063,,
The Salon Professional Academy-Melbourne,Melbourne,FL,32904,3,,,,,19821.0,14520.0,0.4118,0.5546,6333,7528,,,,132.0,,,0.0,16515.0
Albert Einstein College of Medicine,Bronx,NY,10461-1900,2,,,,,,,,,,,,,,,,,0.0,
Fortis Institute-Scranton,Scranton,PA,18509-2903,3,14444.0,14444.0,31149.0,,24235.0,,0.7952,0.781,8063,9500,,,4653.0,205.0,,,0.0,30224.0
Everglades University,Boca Raton,FL,33431,2,20768.0,20768.0,36311.0,,27704.0,,0.5147,0.6073,18950,38996,0.8644,,5176.0,2369.0,0.5775,0.775,0.0,47597.0
Seminar L'moros Bais Yaakov,Brooklyn,NY,11219,2,11500.0,11500.0,23916.0,,16480.0,,0.7624,0.0,PS,PS,0.879,,,371.0,,,,24366.0
Herzing University-Orlando,Winter Park,FL,32792,2,13420.0,13420.0,26011.0,,19758.0,,0.5986,0.7905,11756,21500,0.8993,,7263.0,700.0,0.4545,0.5,0.0,36909.0
Cortiva Institute,Pompano Beach,FL,33064,3,,,,,29535.0,15616.0,0.4536,0.4588,6500,7521,,,,121.0,,,0.0,27193.0
College of Biblical Studies-Houston,Houston,TX,77036-3211,2,7475.0,9275.0,20532.0,,16267.0,,0.7854,0.7366,14750,25570,,,5464.0,482.0,0.6,,0.0,39260.0
Mid-EastCTC-Adult Education,Zanesville,OH,43701,1,,,,,,5000.0,0.2131,0.2749,7063,7600,,,,268.0,,,0.0,40416.0
Polaris Career Center,Middleburg Heights,OH,44130-3375,1,,,,13043.0,,10185.0,0.4486,0.3767,5500,6365,,,,230.0,,,0.0,38718.0
P&A Scholars Beauty School,Detroit,MI,48204,3,,,,,9759.0,16500.0,0.6833,0.6389,6333,6333,,,,135.0,,,0.0,20249.0
Sharp's Academy of Hairstyling,Grand Blanc,MI,48439,3,,,,,,15105.0,0.5625,0.5,PS,PS,,,,26.0,,,0.043,16266.0
The College of Health Care Professions-Northwest,Houston,TX,77092,3,,,,,25937.0,19800.0,0.6629,0.7342,9473,9500,,,5557.0,3794.0,0.4593,,0.0,33070.0
School of Professional Horticulture New York Botanical Garden,Bronx,NY,10458-5126,2,8750.0,8750.0,,,,,0.0,0.3,PS,PS,0.75,,,19.0,,,0.0,
Fortis College,Houston,TX,77082,3,,,,,27972.0,16264.0,0.7267,0.5748,6333,9500,,,4911.0,357.0,,,0.0,33193.0
UEI College-Gardena,Gardena,CA,90247-4201,3,,,,,26611.0,19900.0,0.7604,0.7743,9433,9500,,,4869.0,1444.0,,,0.0,30848.0
Asian-American International Beauty College,Westminster,CA,92683,3,,,,,,1000.0,0.2197,0.0,PS,PS,,,,413.0,,,,12610.0
Copper Mountain Community College,Joshua Tree,CA,92252,1,1114.0,11050.0,16105.0,7962.0,,,0.4432,0.0282,9250,PS,,,9641.0,1090.0,,,0.0,33281.0
Diversified Vocational College,Los Angeles,CA,90017-1604,3,,,,,21444.0,17000.0,0.829,0.336,9500,9500,,,,224.0,,,0.0,25328.0
UEI College-Fresno,Fresno,CA,93726-5398,3,,,,,28271.0,19900.0,0.7365,0.7464,9445,9500,,,,974.0,,,0.0,27688.0
Santiago Canyon College,Orange,CA,92869-4512,1,1164.0,9612.0,12617.0,3407.0,,,0.1155,0.0096,4500,PS,,,13371.0,10613.0,,,0.0,44956.0
Southern California Institute of Technology,Anaheim,CA,92801-3758,3,20515.0,20515.0,33835.0,,27735.0,,0.7121,0.6756,10651,10798,0.875,,7284.0,533.0,0.7944,0.8125,0.0,53598.0
Soka University of America,Aliso Viejo,CA,92656-8081,2,37450.0,37450.0,52758.0,,21446.0,,0.1685,0.3775,15250,15650,0.6952,1360.0,13188.0,464.0,0.8692,0.9225,0.0,55017.0
Summit College,San Bernardino,CA,92408,3,,,,,24161.0,17495.0,0.5349,0.3092,7600,7600,,,,1210.0,,,0.0,40187.0
Advance Beauty College,Garden Grove,CA,92843,3,,,,,11689.0,5692.0,0.4969,0.0,PS,PS,,,,448.0,,,,11575.0
Los Angeles Pacific College,Los Angeles,CA,90010-1758,3,7130.0,7130.0,,,,,0.0,0.0,,,,,,61.0,,,,
World Mission University,Los Angeles,CA,90020,2,6920.0,6920.0,22556.0,,16598.0,,0.4688,0.0313,PS,PS,,,5776.0,180.0,0.5,1.0,0.0,
Yo San University of Traditional Chinese Medicine,Los Angeles,CA,90066,2,,,,,,,,,PS,PS,,,3544.0,,,,0.0,
John Amico School of Hair Design,Oak Forest,IL,60452-2501,3,,,,,16726.0,18791.0,0.6277,0.5785,7917,7917,,,,175.0,,,0.0,
Delta College Inc,Covington,LA,70433-8947,3,,,,,22997.0,29800.0,0.6032,0.5937,6200,6397,,,,153.0,,,0.0,32044.0
Tri-State Cosmetology Institute,El Paso,TX,79935,3,,,,,15361.0,15000.0,0.692,0.5696,5432,5735,,,,147.0,,,0.0,18157.0
Frontier Community College,Fairfield,IL,62837,1,4390.0,12340.0,16961.0,10611.0,,,0.0759,0.0132,5500,6500,,,6478.0,292.0,,,0.0,37533.0
Lincoln Trail College,Robinson,IL,62454,1,4390.0,12340.0,17091.0,8719.0,,,0.3129,0.0943,5500,6500,,,6858.0,360.0,,,0.0,37533.0
Wabash Valley College,Mount Carmel,IL,62863,1,4390.0,12340.0,16639.0,8134.0,,,0.2354,0.0518,5500,6500,,,7199.0,526.0,,,0.0,37533.0
Brookline College-Tempe,Tempe,AZ,85281,3,,,,,19642.0,31387.0,0.5843,0.6485,9500,9500,,,5666.0,294.0,0.6548,,0.0,29576.0
Inter American University of Puerto Rico-School of Optometry,Bayamon,PR,00957,2,,,,,,,,,PS,PS,,,8106.0,,,,0.0,
Schiller International University,Tampa,FL,33602,3,13680.0,13680.0,24840.0,,24840.0,,0.1071,0.2143,23224,PS,,,,35.0,0.5,0.5,0.019,35529.0
Coconino Community College,Flagstaff,AZ,86005-2701,1,2712.0,9492.0,18426.0,12455.0,,,0.2063,0.1065,5500,10250,,,8679.0,2575.0,,,0.0,40420.0
Emma's Beauty Academy-Juana Diaz,Juana Diaz,PR,00795,3,,,,,3569.0,11720.0,0.7271,0.0,PS,PS,,,,318.0,,,,17034.0
Brillare Beauty Institute,Cleveland,TN,37312-3862,2,,,,,24976.0,18000.0,0.6814,0.6549,5107,7479,,,,259.0,,,0.0,24728.0
Pima Medical Institute-Denver,Denver,CO,80221,3,,,,,21821.0,17158.0,0.4124,0.4947,9500,9500,,,5417.0,764.0,,,0.0,38673.0
Ohio State School of Cosmetology-Heath,Heath,OH,43056,3,,,,,14660.0,26550.0,0.4696,0.6957,5831,9900,,,,92.0,,,0.01,25078.0
Yeshivas Novominsk,Brooklyn,NY,11204-2138,2,8640.0,8640.0,19500.0,,6465.0,,0.349,0.0,PS,PS,0.902,,5963.0,163.0,0.6512,0.8718,,
Southern Careers Institute-Corpus Christi,Corpus Christi,TX,78414,3,,,,,24545.0,18450.0,0.7258,0.6843,7389,8708,,,4450.0,505.0,,,0.0,27035.0
Rabbinical College of Ohr Shimon Yisroel,Brooklyn,NY,11211,2,21850.0,21850.0,27700.0,,12860.0,,0.8017,0.0,PS,PS,,,2931.0,233.0,0.4,0.6,,
Carroll Community College,Westminster,MD,21157,1,4128.0,9618.0,8611.0,3917.0,,,0.1553,0.0529,7769,11750,,,7507.0,2006.0,,,0.0,44349.0
Galen College of Nursing-Tampa Bay,Saint Petersburg,FL,33716,3,16400.0,16400.0,35084.0,,29598.0,,0.4832,0.8119,16500,24166,,,6270.0,1601.0,0.6449,0.5,0.0,61480.0
Galen College of Nursing-San Antonio,San Antonio,TX,78229,3,16400.0,16400.0,34745.0,,29824.0,,0.5324,0.8239,16500,24166,,,6321.0,3206.0,0.6809,0.7179,0.0,61480.0
Sarasota School of Massage Therapy,Sarasota,FL,34243-6130,3,,,,,18119.0,15325.0,0.6154,0.8632,7916,7916,,,,76.0,,,0.0,30237.0
Schuyler Steuben Chemung Tioga Allegany BOCES,Elmira,NY,14903,1,,,,23037.0,,13095.0,0.6723,0.8109,9323,9500,,,,170.0,,,0.0,43956.0
Delaware Chenango Madison Otsego BOCES-Practical Nursing Program,Norwich,NY,13815-3554,1,,,,16331.0,,12500.0,0.9231,0.7692,PS,PS,,,,34.0,,,0.0,48116.0
Central Susquehanna Intermediate Unit LPN Career,Milton,PA,17847,1,,,,18313.0,,24370.0,0.4959,0.5203,9500,12034,0.8387,,,87.0,,,0.0,49686.0
Myotherapy Massage College,Millcreek City,UT,84107,3,,,,,18198.0,12645.0,0.4205,0.6591,8233,8233,,,,61.0,,,0.0,31678.0
G Skin & Beauty Institute,Oakbrook,IL,60523,3,,,,,26480.0,15600.0,0.3718,0.4262,5396,7917,,,,436.0,,,0.0,32281.0
Cosmetology Training Center,Lafayette,LA,70503,3,,,,,11376.0,16737.0,0.5306,0.4898,7350,7800,,,,101.0,,,0.0,16194.0
Stage One-The Hair School,Lake Charles,LA,70605,3,,,,,11337.0,17000.0,0.7353,0.6078,8250,9833,,,,79.0,,,0.0,17390.0
Empire Beauty School-Malden,Malden,MA,02148,3,,,,,18689.0,13600.0,0.434,0.5975,7851,10667,,,,101.0,,,0.0,23921.0
Stephanie Moss Academy,Omaha,NE,68127-3622,3,,,,,13435.0,17750.0,0.5642,0.6081,6333,6867,,,,220.0,,,0.0,28953.0
Orlo School of Hair Design and Cosmetology,Albany,NY,12206,3,,,,,16864.0,15600.0,0.3765,0.5882,5500,6538,,,,60.0,,,0.029,32014.0
Eastland-Fairfield Career and Technical Schools,Groveport,OH,43125-9236,1,,,,13731.0,,8500.0,0.425,0.5,5500,6333,,,,84.0,,,0.0,43780.0
Empire Beauty School-Cincinnati,Cincinnati,OH,45239,3,,,,,16707.0,19260.0,0.6371,0.5766,6155,16500,,,,175.0,,,0.0,23743.0
Mahoning County Career and Technical Center,Canfield,OH,44406-9710,1,,,,23248.0,,9000.0,0.0667,0.0467,5500,PS,,,,74.0,,,0.0,37526.0
Pickaway Ross Joint Vocational School District,Chillicothe,OH,45601-1038,1,,,,,,12566.0,0.2815,0.3487,5500,5500,,,,237.0,,,0.0,46485.0
Pioneer Career and Technology Center,Shelby,OH,44875,1,,,,,,,0.0519,0.0,PS,PS,,,,68.0,,,,32219.0
Raphael's School of Beauty Culture Inc-Boardman,Boardman,OH,44512,3,,,,,14006.0,23200.0,0.5926,0.5787,5500,6251,,,,131.0,,,0.0,22437.0
Scioto County Career Technical Center,Lucasville,OH,45648-0766,1,,,,21355.0,,12905.0,0.6814,0.3628,5500,5500,,,,125.0,,,0.0,40584.0
Pacific Bible College,Medford,OR,97501,2,6555.0,6555.0,,,,,0.3077,0.0,PS,PS,0.9286,,,44.0,0.4,,,
Lake Erie College of Osteopathic Medicine,Erie,PA,16509-1025,2,,,,,,,0.0,0.75,PS,PS,,,10050.0,10.0,,,0.0,
UCAS University of Cosmetology Arts & Sciences-Harlingen,Harlingen,TX,78550-5034,3,,,,,18426.0,13441.0,0.6452,0.7016,6083,6447,,,,82.0,,,0.0,19880.0
KaiStar,Federal Way,WA,98003,3,,,,,9444.0,19250.0,0.4354,0.4649,7780,10555,,,,151.0,,,0.0,31123.0
Empire Beauty School-Green Bay,Ashwaubenon,WI,54304-4838,3,,,,,15071.0,18182.0,0.5481,0.5385,6333,10231,,,,85.0,,,0.0,23589.0
Warren County Career Center,Lebanon,OH,45036-1099,1,,,,21082.0,,12800.0,0.1976,0.2714,5500,5500,,,,206.0,,,0.0,49016.0
Paul Mitchell the School-Wichita,Wichita,KS,67226-0000,3,,,,,18938.0,16625.0,0.6679,0.6679,9500,9833,,,,172.0,,,0.0,31553.0
Pinnacle Institute of Cosmetology,Mooresville,NC,28115,3,,,,,16894.0,20125.0,0.3537,0.6098,9833,9833,,,,55.0,,,0.011,22786.0
Southern Careers Institute-Pharr,Pharr,TX,78577,3,,,,,21588.0,18450.0,0.7608,0.6741,7389,8708,,,4393.0,629.0,,,0.0,27035.0
Florida National University-Main Campus,Hialeah,FL,33012,3,16088.0,16088.0,33531.0,,23629.0,,0.8362,0.6843,16492,27554,,,4601.0,2354.0,0.2811,0.6195,0.0,33928.0
Georgia Institute of Cosmetology,Athens,GA,30606-3152,3,,,,,13000.0,21895.0,0.6746,0.7381,9500,11273,,,,250.0,,,0.0,21432.0
Nouvelle Institute,Miami,FL,33125,3,,,,,12910.0,14386.0,1.0,0.0,PS,PS,,,,54.0,,,0.0,16138.0
Franklin Technology Center Adult Education,Joplin,MO,64801,1,,,,25251.0,,14107.0,0.5465,0.5581,7600,7600,,,,57.0,,,0.0,36700.0
Professional Technical Institution,Bayamon,PR,00959,3,,,,,7068.0,12850.0,1.0,0.0,PS,PS,,,,187.0,,,,24336.0
Erikson Institute,Chicago,IL,60654-4510,2,,,,,,,,,PS,PS,,,8527.0,,,,0.0,
South Texas College,McAllen,TX,78501,1,4920.0,7500.0,7505.0,1291.0,,,0.3593,0.0,PS,PS,,,7026.0,16131.0,0.2758,0.6111,0.0,36788.0
Pike County Joint Vocational School District,Piketon,OH,45661,1,,,,,,,,,PS,PS,,,,38.0,,,,44689.0
Lorain County Joint Vocational School District,Oberlin,OH,44074,1,,,,11870.0,,7050.0,0.2282,0.2013,3242,PS,,,,108.0,,,0.03,35776.0
Roger Williams University School of Law,Bristol,RI,02809-5171,2,,,,,,,,,19500,26940,,,14634.0,,,,0.0,70266.0
California State University-Monterey Bay,Seaside,CA,93955-8001,1,7437.0,19317.0,26017.0,14487.0,,,0.4299,0.3145,11000,12750,0.9483,,11013.0,5811.0,0.6323,0.7912,0.0,59247.0
Ohio Media School-Valley View,Valley View,OH,44125-4220,3,,,,,24542.0,18840.0,0.6636,0.6606,9500,9500,,,,74.0,,,0.0,37423.0
EINE Inc,Tewksbury,MA,01876,3,,,,,36029.0,16200.0,0.2286,0.3,9500,PS,,,,40.0,,,0.0,
Marian Health Careers Center-Los Angeles Campus,Los Angeles,CA,90010,3,,,,,30387.0,24644.0,0.4213,0.5489,10916,12337,,,,154.0,,,0.0,63612.0
Cleveland Clinic Health System-School of Diagnostic Imaging,Euclid,OH,44119,2,,,,,,,0.4595,0.6216,11658,PS,,,,31.0,,,0.0,
Academy for Nursing and Health Occupations,West Palm Beach,FL,33417,2,,,,,29971.0,43328.0,0.5303,0.6199,15715,20293,,,7978.0,559.0,,,0.0,47039.0
Shawsheen Valley School of Practical Nursing,Billerica,MA,01821-5499,1,,,,20676.0,,13940.0,0.4565,0.6739,4750,PS,,,,35.0,,,0.022,
Shear Ego International School of Hair Design,Rochester,NY,14617,3,,,,,32566.0,16316.0,0.3369,0.3404,6333,6333,,,,133.0,,,0.0,
Remington College-Memphis Campus,Memphis,TN,38132,2,20047.0,20047.0,31495.0,,25499.0,,0.9128,0.7994,9500,13271,,,4709.0,391.0,,,0.0,31349.0
Fayette Institute of Technology,Oak Hill,WV,25901,1,,,,5010.0,,2610.0,0.5,0.0,PS,PS,,,,36.0,,,,41880.0
Capella University,Minneapolis,MN,55402-3389,3,14436.0,14436.0,22029.0,,18305.0,,0.3657,0.4559,8814,14968,,,7492.0,16173.0,0.3333,0.2273,0.0,42189.0
College of Menominee Nation,Keshena,WI,54135-1179,2,6200.0,6200.0,16327.0,,10498.0,,0.5089,0.0,PS,PS,,,6483.0,199.0,0.275,,,25853.0
Leech Lake Tribal College,Cass Lake,MN,56633,1,4148.0,4148.0,18199.0,13746.0,,,0.7047,0.0,PS,PS,,,4883.0,243.0,,,,
Spartan College of Aeronautics & Technology,Inglewood,CA,90301-2904,3,,,,,30099.0,47712.0,0.3972,0.487,20000,20000,,,6723.0,319.0,,,0.0,61575.0
Yukon Beauty College Inc,Yukon,OK,73099,3,,,,,11831.0,15000.0,0.6591,0.7727,9500,PS,,,,26.0,,,0.0,19950.0
United Education Institute-Morrow,Morrow,GA,30260-2941,3,,,,,34305.0,19900.0,0.7148,0.7322,9500,9500,,,,1119.0,,,0.0,31141.0
Artistic Academy of Hair Design,Morris Plains,NJ,07950,3,,,,,23786.0,21600.0,0.2647,0.3765,5500,5500,,,,93.0,,,0.0,34266.0
Motoring Technical Training Institute,Seekonk,MA,02771,3,,,,,17747.0,17050.0,0.4152,0.4438,9350,9500,,,,328.0,,,0.0,48281.0
Mech-Tech College,Caguas,PR,00725-0000,3,11394.0,11394.0,17377.0,,10790.0,,0.9198,0.1185,3008,3500,,,2845.0,2246.0,,,0.0,24967.0
Baldwin Beauty School-North Austin,Austin,TX,78757-7068,3,,,,,17710.0,13900.0,0.4751,0.3094,5500,6980,,,,84.0,,,0.0,24801.0
Jean Madeline Aveda Institute,Philadelphia,PA,19147,3,,,,,20629.0,20180.0,0.2937,0.3839,8028,8028,,,,239.0,,,0.0,26029.0
Pacific College of Health and Science,New York,NY,10038,3,11234.0,11234.0,47478.0,,46892.0,,0.2811,0.4699,9500,12271,,,7516.0,264.0,0.6774,0.25,0.0,26209.0
Tricoci University of Beauty Culture-Indianapolis,Indianapolis,IN,46256,3,,,,,19046.0,13184.0,0.6232,0.649,6333,7307,,,,341.0,,,0.0,26446.0
Trine University-Regional/Non-Traditional Campuses,Angola,IN,46703,2,9576.0,9576.0,21976.0,,21976.0,,0.1298,0.1766,18500,25000,0.2162,,8377.0,273.0,1.0,1.0,0.0,57165.0
Pennsylvania Highlands Community College,Johnstown,PA,15904-2949,1,6990.0,13080.0,12623.0,7454.0,,,0.1885,0.167,6211,11000,,,5745.0,719.0,,,0.0,38752.0
Nevada Career Institute,Las Vegas,NV,89130,3,,,,,37850.0,18121.0,0.6046,0.8138,9321,9500,,,4444.0,396.0,,,0.0,41472.0
Phillips Theological Seminary,Tulsa,OK,74116-5612,2,,,,,,,,,PS,PS,,,7180.0,,,,0.0,
Empire Beauty School-Hanover,Hanover,PA,17331,3,,,,,16832.0,17500.0,0.4324,0.5541,7050,13583,,,,50.0,,,0.0,24407.0
Industrial Management Training Institute,Waterbury,CT,06706,3,,,,,49117.0,22152.0,0.1339,0.2589,8490,9500,,,,29.0,,,0.0,55344.0
Allen School-Jamaica,Jamaica,NY,11432,3,,,,,30588.0,17056.0,0.9307,0.901,9500,9500,,,,84.0,,,0.0,34186.0
Premiere Career College,Irwindale,CA,91706-3746,3,,,,,23214.0,29600.0,0.65,0.3611,13818,15188,,,4315.0,106.0,,,0.0,41270.0
The University of Texas MD Anderson Cancer Center,Houston,TX,77030-4009,1,,,,,,,0.3205,0.3501,12500,12500,,,13561.0,322.0,,,0.0,90232.0
Paul Mitchell the School-Huntsville,Madison,AL,35758,3,,,,,23830.0,17075.0,0.5,0.5316,9833,12375,,,,102.0,,,0.0,19098.0
Estes Institute of Cosmetology Arts and Science,Visalia,CA,93291,3,,,,,12990.0,13040.0,0.4632,0.4421,7000,PS,,,,41.0,,,0.02,26965.0
Baldwin Park Adult & Community Education,Baldwin Park,CA,91706-4221,1,,,,7450.0,,1665.0,0.431,0.0,PS,PS,,,,435.0,,,,32069.0
Ventura Adult and Continuing Education,Ventura,CA,93003-0000,1,,,,9949.0,,8370.0,0.3505,0.0412,3920,3920,,,,52.0,,,0.0,38232.0
CT Aerotech,Hartford,CT,06114,1,,,,,,7250.0,0.0,0.0,PS,PS,,,,34.0,,,,
Stratford School for Aviation Maintenance Technicians,Stratford,CT,06615,1,,,,,,7250.0,0.0,0.0,PS,PS,,,,27.0,,,,
City College-Altamonte Springs,Altamonte Springs,FL,32714,3,18615.0,18615.0,36105.0,,32105.0,,0.5461,0.625,11147,23208,0.3077,,6783.0,293.0,,,0.0,35994.0
Career Center of Southern Illinois,Red Bud,IL,62278,1,,,,21769.0,,18120.0,0.7963,0.8611,10221,15170,,,,48.0,,,0.0,48452.0
Crave Beauty Academy,Wichita,KS,67203,3,,,,,18156.0,11600.0,0.4455,0.5592,7917,7917,,,,355.0,,,0.0,26589.0
Hastings Beauty School,Hastings,MN,55033,3,,,,,15356.0,17050.0,0.6538,0.6923,9500,PS,,,,11.0,,,0.028,26258.0
Kirksville Area Technical Center,Kirksville,MO,63501,1,,,,5885.0,,13275.0,0.8,0.4,9000,PS,0.5,,,21.0,,,0.0,40517.0
Southern Missouri Technical Institute,West Plains,MO,65775,1,,,,21721.0,,15150.0,0.6495,0.3505,8994,PS,,,,58.0,,,0.0,31460.0
Saline County Career Center,Marshall,MO,65340-1698,1,,,,19207.0,,13000.0,0.7778,0.8889,11602,PS,0.7,,,23.0,,,0.0,37200.0
Warrensburg Area Career Center,Warrensburg,MO,64093,1,,,,2106.0,,14792.0,0.6842,0.6842,PS,PS,0.9091,,,23.0,,,0.033,37242.0
Cass Career Center,Harrisonville,MO,64701-2024,1,,,,15552.0,,14305.0,0.5333,0.7333,9500,PS,1.0,,,20.0,,,0.0,52545.0
Applied Technology Services,Sunset Hills,MO,63127,1,,,,19645.0,,18000.0,0.744,0.86,14750,14750,0.3636,,,152.0,,,0.0,56508.0
Central College of Cosmetology,Saint Robert,MO,65584,3,,,,,7364.0,12400.0,0.3226,0.0,PS,PS,,,,48.0,,,,22821.0
Southeast Missouri Hospital College of Nursing and Health Sciences,Cape Girardeau,MO,63703-4507,2,11691.0,11691.0,27592.0,,25189.0,,0.4627,0.7388,9860,11500,1.0,1020.0,6194.0,146.0,1.0,,0.0,60918.0
Messenger College,Bedford,TX,76021,2,11200.0,11200.0,26199.0,,18541.0,,0.8421,1.0,27000,PS,0.5,,1858.0,26.0,0.5556,0.6667,0.0,29463.0
Union County Vocational Technical School,Scotch Plains,NJ,07076,1,,,,8325.0,,5500.0,0.2195,0.0813,PS,PS,,,,60.0,,,0.037,37590.0
Prism Career Institute-Philadelphia,Philadelphia,PA,19152,3,,,,,27173.0,28283.0,0.6042,0.6389,16645,17200,1.0,,,406.0,,,0.0,32473.0
Clinton Essex Warren Washington BOCES,Plattsburgh,NY,12901-0455,1,,,,12752.0,,13725.0,0.1538,0.1538,7100,PS,0.3288,,,35.0,,,0.012,
Jefferson Lewis BOCES-Practical Nursing Program,Watertown,NY,13601-9509,1,18571.0,18571.0,,,,,0.7,1.0,4750,8432,,,,23.0,,,0.0,47886.0
Veeb Nassau County School of Practical Nursing,Hicksville,NY,11801-4302,1,20230.0,20230.0,46071.0,40172.0,,,0.9602,0.8308,9500,9500,,,,388.0,,,0.0,62185.0
Cattaraugus Allegany BOCES-Practical Nursing Program,Olean,NY,14760,1,,,,,,13000.0,0.8276,0.8621,4386,PS,,,,23.0,,,0.011,39581.0
Orange Ulster BOCES-Practical Nursing Program,Newburgh,NY,12550,1,,,,24401.0,,15597.0,0.587,0.8913,11880,PS,0.7857,,,72.0,,,0.0,57794.0
Wayne Finger Lakes BOCES-Practical Nursing Program,Newark,NY,14513-1863,1,,,,22512.0,,18500.0,0.6024,0.7831,10649,12125,,,,77.0,,,0.0,49509.0
Broome Delaware Tioga BOCES-Practical Nursing Program,Endicott,NY,13760,1,,,,16480.0,,14579.0,0.5972,0.5972,9500,PS,,,,88.0,,,0.0,53233.0
Washington Saratoga Warren Hamilton Essex BOCES-Practical Nursing Program,Hudson Falls,NY,12839,1,,,,16995.0,,18550.0,0.8333,0.9048,13000,PS,1.0,,,37.0,,,0.0,48129.0
Albany BOCES-Adult Practical Nursing Program,Albany,NY,12205,1,,,,19798.0,,23500.0,0.7216,0.7629,9500,9500,,,,161.0,,,0.0,47733.0
Eastern Suffolk BOCES,Sayville,NY,11782,1,,,,23478.0,,20902.0,0.4792,0.4626,8550,9500,0.9626,,,275.0,,,0.0,63394.0
Rockland County BOCES-Practical Nursing Program,West Nyack,NY,10994,1,,,,35207.0,,18798.0,0.56,0.8,6820,8756,,,,29.0,,,0.0,68647.0
New York College of Health Professions,Syosset,NY,11791-4413,2,14235.0,14235.0,46556.0,,42908.0,,0.3226,0.5161,17644,24867,,,5467.0,32.0,0.5417,,,31601.0
Charles Stuart School of Diamond Setting,Brooklyn,NY,11229,3,,,,,41229.0,20000.0,0.0313,0.0104,PS,PS,,,,43.0,,,0.0,
Penta County Joint Vocational School,Perrysburg,OH,43551-4594,1,,,,9940.0,,5523.0,0.0429,0.0,PS,PS,,,,67.0,,,,33656.0
Career and Technology Education Centers of Licking County,Newark,OH,43055-3399,1,,,,,,852.0,0.1587,0.1635,5500,6500,,,,220.0,,,0.0,38002.0
Northern Career Institute,Eastlake,OH,44094,1,15600.0,15600.0,21888.0,15670.0,,,0.7391,0.6087,9500,9500,,,,140.0,,,0.0,49073.0
Washington County Career Center-Adult Technical Training,Marietta,OH,45750,1,,,,,,5020.0,0.1984,0.0,PS,PS,,,,189.0,,,,43749.0
Ohio Media School-Cincinnati,Norwood,OH,45212,3,,,,,24776.0,18470.0,0.6782,0.7059,9500,9500,,,,67.0,,,0.0,28918.0
Vantage Career Center,Van Wert,OH,45891,1,,,,,,770.0,0.19,0.1765,6827,PS,,,,158.0,,,0.0,33875.0
Indian Capital Technology Center-Muskogee,Muskogee,OK,74403-1889,1,,,,6352.0,,4424.0,0.089,0.0,PS,PS,,,,1535.0,,,,33208.0
Western Technology Center,Burns Flat,OK,73624-1469,1,,,,1095.0,,3850.0,0.1386,0.0,PS,PS,,,,141.0,,,,29728.0
Mid-America Technology Center,Wayne,OK,73095-0210,1,,,,,,1000.0,0.0405,0.0,PS,PS,,,,147.0,,,,38465.0
Eastern Oklahoma County Technology Center,Choctaw,OK,73020-9017,1,,,,7980.0,,4090.0,0.0481,0.0,PS,PS,,,,110.0,,,,49311.0
Wes Watkins Technology Center,Wetumka,OK,74883-6155,1,,,,2340.0,,2484.0,0.2821,0.0,PS,PS,,,,205.0,,,,32209.0
York County School of Technology-Adult & Continuing Education,York,PA,17402-4696,1,,,,11206.0,,20010.0,0.1395,0.168,9500,9500,,,,288.0,,,0.0,54322.0
Chester County Intermediate Unit,Downingtown,PA,19335,1,,,,18912.0,,26166.0,0.6303,0.8487,18075,18075,0.4935,,,85.0,,,0.0,60347.0
Jefferson County Dubois Area Vocational Technical Practical Nursing Program,Reynoldsville,PA,15851,1,,,,8428.0,,15950.0,0.6154,0.6538,9855,PS,0.7692,,,25.0,,,0.0,36531.0
Greater Johnstown Career and Technology Center,Johnstown,PA,15904-2998,1,,,,14724.0,,21840.0,0.4135,0.2827,7818,8455,,,,102.0,,,0.0,48881.0
Mifflin County Academy of Science and Technology,Lewistown,PA,17044-1697,1,,,,19121.0,,17498.0,0.3958,0.5625,9500,PS,0.4054,,,38.0,,,0.0,47765.0
Lenape Technical School Practical Nursing Program,Ford City,PA,16226,1,,,,11454.0,,17000.0,0.5241,0.7048,10223,17130,,,,71.0,,,0.0,46756.0
Venango County Area Vocational Technical School,Oil City,PA,16301,1,,,,14121.0,,18092.0,0.6667,0.9375,9500,13500,0.6029,,,57.0,,,0.0,38161.0
Lancaster County Career and Technology Center,Willow Street,PA,17584,1,,,,15866.0,,20912.0,0.4957,0.7464,11858,15250,,,6195.0,250.0,,,0.0,44566.0
Lebanon County Area Vocational Technical School,Lebanon,PA,17042,1,,,,21959.0,,17784.0,0.5402,0.6897,9500,15485,,,,64.0,,,,56364.0
Indiana County Technology Center,Indiana,PA,15701-1465,1,,,,11553.0,,21373.0,0.5464,0.701,7600,10901,,,,90.0,,,0.0,34858.0
Northern Tier Career Center,Towanda,PA,18848-9731,1,,,,16860.0,,16200.0,0.3036,0.3036,12625,PS,0.9286,,,37.0,,,0.0,38737.0
Hazleton Area Career Center,Hazle TWP.,PA,18202,1,,,,12861.0,,17590.0,0.7778,0.5,PS,PS,,,,7.0,,,0.0,49311.0
All-State Career School-Pittsburgh,West Mifflin,PA,15122,3,,,,,13066.0,12092.0,0.6017,0.5104,6333,9500,,,,418.0,,,0.0,33193.0
D'Mart Institute,Barranquitas,PR,00794,3,,,,,8080.0,12050.0,0.5511,0.0,PS,PS,,,,283.0,,,,17340.0
Automeca Technical College-Aguadilla,Aguadilla,PR,00605,3,8895.0,8895.0,12023.0,,2976.0,,0.9055,0.1309,3000,3030,,,,231.0,,,0.0,24632.0
North Central Institute,Clarksville,TN,37042,3,,,,,24033.0,17802.0,0.18,0.07,PS,PS,,,3756.0,55.0,,,0.0,55027.0
Pipo Academy of Hair Design,El Paso,TX,79903,3,,,,,5823.0,7025.0,0.5,0.0,PS,PS,,,,11.0,,,,20136.0
Tint School of Makeup and Cosmetology-Dallas,Grand Prairie,TX,75051,3,,,,,22027.0,15750.0,0.5764,0.5739,4750,6333,,,,212.0,,,0.0,26381.0
United Technical Center,Clarksburg,WV,26301-6313,1,4400.0,4400.0,11600.0,3462.0,,,0.3214,0.0,PS,PS,,,,23.0,,,,49130.0
Charles H McCann Technical School,North Adams,MA,01247-3999,1,,,,9909.0,,4349.0,0.377,0.0,PS,PS,,,,45.0,,,,
Central California School of Continuing Education,San Luis Obispo,CA,93401,3,9895.0,9895.0,21990.0,,14364.0,,0.7317,0.7317,5150,5150,,,,72.0,,,0.0,41223.0
HCA Florida Mercy Hospital School of Practical Nursing,Miami,FL,33133,3,,,,,9672.0,7520.0,0.3205,0.0,PS,PS,1.0,,,54.0,,,,72275.0
Marion Technical College,Ocala,FL,34471-3172,1,,,,5114.0,,6495.0,0.2747,0.0,PS,PS,,,,436.0,,,,36095.0
Rivertown School of Beauty Barber Skin Care and Nails,Columbus,GA,31909,3,,,,,10963.0,13300.0,0.9753,0.9547,6333,9500,,,,124.0,,,0.0,22139.0
Atlanta Institute of Music and Media,Duluth,GA,30096,3,,,,,32699.0,41100.0,0.4973,0.6386,9500,15411,,,4764.0,264.0,,,0.0,31186.0
Illinois Media School,Chicago,IL,60631,3,,,,,28935.0,18870.0,0.5978,0.663,9500,9500,,,,36.0,,,0.0,38284.0
New Dimensions School of Hair Design,Joplin,MO,64801-5017,3,,,,,8501.0,13694.0,0.3256,0.4884,8375,PS,,,,34.0,,,0.0,28050.0
Jna Institute of Culinary Arts,Philadelphia,PA,19146,3,14575.0,14575.0,20438.0,,16679.0,,0.5556,0.8889,8208,8209,,,3167.0,31.0,,,0.0,32286.0
Putnam Career and Technical Center,Eleanor,WV,25070-0640,1,,,,4611.0,,2025.0,0.5769,0.0,PS,PS,,,,32.0,,,,36203.0
Crawford County Career and Technical Center Practical Nursing Program,Meadville,PA,16335,1,,,,11239.0,,17205.0,0.65,0.85,9829,PS,,,,25.0,,,0.0,46611.0
Texas College of Cosmetology-San Angelo,San Angelo,TX,76904,3,,,,,15721.0,13250.0,0.7181,0.7718,5500,6333,,,,83.0,,,,21685.0
Automeca Technical College-Bayamon,Bayamon,PR,00961,3,8895.0,8895.0,12172.0,,2858.0,,0.958,0.135,3000,3030,,,,459.0,,,0.0,24632.0
Automeca Technical College-Caguas,Caguas,PR,00725,3,8895.0,8895.0,12588.0,,3035.0,,0.969,0.1705,3000,3030,,,,194.0,,,0.0,24632.0
Automeca Technical College-Ponce,Ponce,PR,00731,3,8895.0,8895.0,12026.0,,2583.0,,0.9679,0.1968,3000,3030,,,,284.0,,,0.0,24632.0
Centura College-Chesapeake,Chesapeake,VA,23320,3,16637.0,16637.0,32162.0,,26254.0,,0.8413,0.8466,10054,14750,,,5475.0,225.0,0.6667,,0.0,25930.0
University of Phoenix-Hawaii,Kapolei,HI,96707-2082,3,,,,,,,0.125,0.1667,16690,31553,,,,10.0,0.6667,,0.0,37752.0
Prism Career Institute-Cherry Hill,Cherry Hill,NJ,08002,3,,,,,28909.0,28416.0,0.5859,0.6599,16645,17200,,,,328.0,,,0.0,32473.0
Sonoran University of Health Sciences,Tempe,AZ,85282,2,,,,,,,,,PS,PS,,,6623.0,,,,0.0,
Escuela de Peritos Electricistas de Isabela Inc,Isabela,PR,00662,3,,,,,6544.0,9350.0,0.783,0.017,PS,PS,,,,198.0,,,0.0,24480.0
Yeshiva D'monsey Rabbinical College,Monsey,NY,10952,2,9200.0,9200.0,17700.0,,6266.0,,0.8353,0.0,PS,PS,0.4231,,2960.0,86.0,0.0526,0.7619,,
Lincoln Technical Institute-Mahwah,Mahwah,NJ,07430,3,,,,,29211.0,28425.0,0.441,0.6601,9524,11730,,,,964.0,,,0.0,46396.0
Career Technical Institute,Washington,DC,20005,3,,,,,19920.0,19035.0,0.8138,0.7869,7074,7917,,,4460.0,370.0,,,0.0,30227.0
Northwest Vista College,San Antonio,TX,78251,1,3412.0,14422.0,10864.0,4546.0,,,0.2127,0.0268,5500,9400,,,7707.0,13872.0,,,0.0,42490.0
Oconee Fall Line Technical College,Sandersville,GA,31082,1,3201.0,5601.0,12105.0,294.0,,,0.5206,0.0,4688,6514,,,5078.0,1580.0,,,0.027,30899.0
York County Community College,Wells,ME,04090,1,3866.0,6746.0,14164.0,7025.0,,,0.2123,0.0745,5500,8861,,,7009.0,1055.0,,,0.0,44873.0
Western Suffolk BOCES,Northport,NY,11768,1,,,,,,44560.0,0.4112,0.5327,9500,11339,,,,274.0,,,0.0,49667.0
Arkansas State University-Mountain Home,Mountain Home,AR,72653,1,3168.0,4632.0,15406.0,9659.0,,,0.4338,0.2261,8685,10500,,,5261.0,920.0,,,0.0,34238.0
Columbia Gorge Community College,The Dalles,OR,97058,1,5544.0,10080.0,18278.0,10550.0,,,0.2148,0.0906,8778,PS,,,7047.0,515.0,,,0.0,44440.0
Bakke Graduate University,Dallas,TX,75243-7039,2,,,,,,,,,PS,PS,,,,,,,0.0,
Tillamook Bay Community College,Tillamook,OR,97141,1,4680.0,5184.0,13199.0,4700.0,,,0.1729,0.0037,6980,PS,,,8039.0,268.0,,,0.021,
Manhattan School of Computer Technology,Brooklyn,NY,11230-1401,2,,,,,11103.0,4670.0,0.7918,0.0027,PS,PS,,,,625.0,,,0.0,26020.0
Ross College-Hopkinsville,Hopkinsville,KY,42240-4948,3,,,,,21724.0,16297.0,0.7717,0.837,7719,9500,,,3972.0,65.0,,,0.002,29898.0
Paul Mitchell the School-St. George,Saint George,UT,84770-0000,3,,,,,16082.0,17169.0,0.276,0.25,7070,10556,,,,103.0,,,,38043.0
Cadillac Institute of Cosmetology,Cadillac,MI,49601-1800,3,,,,,14850.0,10255.0,0.6508,0.0,PS,PS,,,,48.0,,,,16514.0
Arizona College of Nursing-Tempe,Tempe,AZ,85282-1840,3,24853.0,24853.0,35067.0,,31502.0,,0.4665,0.6633,9500,9500,1.0,,7714.0,1246.0,0.0909,0.7647,0.0,34657.0
Vanguard-Sentinel Adult Career and Technology Center,Fremont,OH,43420,1,,,,,,7100.0,0.0889,0.0,PS,PS,,,,19.0,,,,33907.0
Academy of Beauty Professionals,Raymore,MO,64083-9195,3,,,,,23899.0,12426.0,0.625,0.6111,6333,6333,,,,36.0,,,0.0,25117.0
New York Conservatory for Dramatic Arts,New York,NY,10011-4225,3,37200.0,37200.0,55473.0,,39413.0,,0.4548,0.7484,12000,12000,0.823,,8888.0,286.0,,,0.006,26921.0
Eastern International College-Jersey City,Jersey City,NJ,07306,3,18947.0,18947.0,29693.0,,23532.0,,0.4537,0.7366,18499,24751,1.0,,7309.0,474.0,0.2545,0.3333,0.0,35008.0
Academia Serrant Inc,Ponce,PR,00717-1250,3,,,,,7900.0,8971.0,0.8628,0.0,PS,PS,,,,186.0,,,,18422.0
San Joaquin Valley College-Trades Education Center,Fresno,CA,93727-1501,3,,,,,24093.0,26377.0,0.5816,0.6711,9773,10674,,,6062.0,292.0,,,0.0,38317.0
Pacific College,Costa Mesa,CA,92626-3402,3,,,,,21941.0,38120.0,0.5082,0.7243,20869,22469,0.5,,7520.0,285.0,0.7586,,0.0,70064.0
American College of Healthcare and Technology,Riverside,CA,92505,3,,,,,15115.0,17995.0,0.834,0.8067,9500,9500,,,4167.0,321.0,,,0.0,31109.0
Compu-Med Vocational Careers Corp,Hialeah,FL,33012-4861,3,,,,,19291.0,44050.0,0.413,0.3537,PS,PS,,,4829.0,417.0,,,,22226.0
Advantage Technical College,Manati,PR,00674,3,,,,,2791.0,14700.0,0.5341,0.0,PS,PS,,,,547.0,,,,26905.0
Mid Cities Barber College,Grand Prairie,TX,75051-4892,3,,,,,10256.0,8450.0,0.58,0.0,PS,PS,,,,44.0,,,,24664.0
Midwestern University-Glendale,Glendale,AZ,85308,2,,,,,,,,,PS,PS,,,12445.0,,,,0.0,
Oregon Coast Community College,Newport,OR,97366,1,5400.0,5400.0,17465.0,11695.0,,,0.3719,0.2085,6334,PS,,,6591.0,321.0,,,0.039,
Gwinnett College-Sandy Springs,Sandy Springs,GA,30328,3,,,,,28510.0,13900.0,0.8347,0.8182,7639,9500,,,3467.0,114.0,,,0.0,31206.0
Mildred Elley-Pittsfield Campus,Pittsfield,MA,01201-5300,3,16052.0,16052.0,29993.0,,25069.0,,0.7299,0.7644,12000,19000,,,,172.0,,,0.0,38830.0
Embry-Riddle Aeronautical University-Worldwide,Daytona Beach,FL,32114-3900,2,11665.0,11665.0,24015.0,,19733.0,,0.2506,0.105,14250,23666,0.6175,1193.0,8483.0,8786.0,0.2156,0.6667,0.0,84131.0
Merkaz Bnos-Business School,Brooklyn,NY,11214,2,,,,,25008.0,31200.0,1.0,0.0,PS,PS,,,,153.0,,,,27249.0
Lia Schorr Institute of Cosmetic Skin Care Training,New York,NY,10019,3,,,,,7295.0,9100.0,0.4444,0.4188,4996,PS,,,,38.0,,,0.0,
CET-Alexandria,Alexandria,VA,22312,2,,,,,20615.0,13736.0,0.3297,0.3516,6729,7041,,,,23.0,,,0.0,32986.0
Aviation Institute of Maintenance-Norfolk,Norfolk,VA,23518,3,16757.0,16757.0,26469.0,,22841.0,,0.5086,0.5345,19500,29375,,,,237.0,,,0.0,44173.0
Centura College-Richmond Main,North Chesterfield,VA,23235-5250,3,16637.0,16637.0,30499.0,,25920.0,,0.7315,0.8255,10054,14750,,,,31.0,,,0.0,25930.0
Osceola Technical College,Kissimmee,FL,34744,1,,,,5420.0,,7171.0,0.3469,0.0,PS,PS,,,,480.0,,,,38484.0
Miami Ad School,Miami,FL,33137,3,19400.0,19400.0,,,,,0.0805,0.1609,16849,25967,,,,33.0,,,0.0,106192.0
Green Country Technology Center,Okmulgee,OK,74447-1217,1,,,,,,3750.0,0.1583,0.0,PS,PS,,,,75.0,,,,51375.0
Nova College de Puerto Rico,Bayamon,PR,00960,3,,,,,3942.0,7730.0,0.8225,0.0,PS,PS,,,,156.0,,,,20251.0
John Wesley International Barber and Beauty College,Long Beach,CA,90813,3,,,,,12735.0,15250.0,0.7368,0.5132,PS,PS,,,,61.0,,,,23643.0
Southeastern College-West Palm Beach,West Palm Beach,FL,33409,3,23584.0,23584.0,42393.0,,33952.0,,0.773,0.9276,12039,19000,0.8062,,5308.0,644.0,0.6667,1.0,0.0,41200.0
Ottawa University-Milwaukee,Brookfield,WI,53005,2,,,,,,,0.4603,0.5556,12500,21500,,,6404.0,57.0,,,0.0,55552.0
Klamath Community College,Klamath Falls,OR,97603-7121,1,4857.0,7809.0,15769.0,8084.0,,,0.3335,0.2137,9500,17480,,,7842.0,1041.0,,,0.0,34357.0
American College of Acupuncture and Oriental Med,Houston,TX,77063-4104,3,,,,,,,,,PS,PS,,,5233.0,,,,0.0,
AOMA Graduate School of Integrative Medicine,Austin,TX,78745,3,,,,,,,,,PS,PS,,,5705.0,,,,0.01,
Urban College of Boston,Boston,MA,02116,2,7608.0,7608.0,,,,,0.3364,0.0,PS,PS,,,,356.0,,,,35472.0
Strayer University-Maryland,Suitland,MD,20746,3,13920.0,13920.0,23838.0,,18092.0,,0.5955,0.121,14000,40621,,,7964.0,1177.0,0.0,0.6,0.0,40092.0
Empire Beauty School-Monroeville,Monroeville,PA,15146-2229,3,,,,,17004.0,17000.0,0.4783,0.487,8028,13000,,,,65.0,,,0.0,25073.0
Southern Careers Institute-San Antonio,San Antonio,TX,78221,3,,,,,26782.0,17900.0,0.7166,0.6429,7389,8708,,,4419.0,596.0,,,0.0,27035.0
Cayce/Reilly School of Massage,Virginia Beach,VA,23451,2,,,,,17382.0,11500.0,0.4118,0.4706,7389,PS,,,,25.0,,,0.01,19338.0
Prism Career Institute-West Atlantic City,West  Atlantic City,NJ,08232,3,,,,,28754.0,28416.0,0.6259,0.6704,16645,17200,,,,273.0,,,0.0,32473.0
Studio Jewelers,New York,NY,10016-4112,3,,,,,9590.0,12000.0,0.0168,0.0335,PS,PS,,,,65.0,,,0.0,
Praxis Institute,Miami,FL,33135,3,,,,,8661.0,8500.0,0.6771,0.6771,8805,8905,,,,440.0,,,0.0,22300.0
San Juan Bautista School of Medicine,Caguas,PR,00725-4968,2,9489.0,15686.0,13129.0,,7589.0,,0.8767,0.1644,7000,PS,1.0,,,60.0,0.3333,0.625,0.0,
Texas Health and Science University,Austin,TX,78704,3,,,,,,,,,PS,PS,,,6159.0,,,,0.0,
Carver Career Center,Charleston,WV,25306-6397,1,,,,6161.0,,7097.0,0.8509,0.0,PS,PS,,,,163.0,,,,33739.0
Cayuga Onondaga BOCES-Practical Nursing Program,Auburn,NY,13021,1,13335.0,13335.0,38099.0,33290.0,,,0.7241,0.931,7104,11426,0.3125,,,36.0,,,0.0,45439.0
Clearfield County Career and Technology Center,Clearfield,PA,16830,1,,,,13654.0,,18775.0,0.3654,0.4423,8750,8750,,,,37.0,,,0.0,41559.0
Colegio de Cinematografia Artes y Television,Bayamon,PR,00961,3,7195.0,7195.0,8654.0,,2249.0,,0.8447,0.0,PS,PS,,,1772.0,551.0,,,,25707.0
Delaware County Technical School-Practical Nursing Program,Broomall,PA,19008,1,,,,20622.0,,23569.0,0.5072,0.6449,16500,16500,1.0,,,42.0,,,0.0,55120.0
Mid-Del Technology Center,Midwest City,OK,73110-4825,1,,,,12239.0,,4990.0,0.1601,0.0,PS,PS,,,,88.0,,,,33238.0
New York Institute of Massage Inc,Williamsville,NY,14221,3,,,,,27645.0,19600.0,0.5682,0.8636,9500,10322,,,,38.0,,,0.0,26379.0
Dutchess BOCES-Practical Nursing Program,Poughkeepsie,NY,12601-6599,1,,,,34342.0,,14250.0,0.5045,0.5586,5500,7063,,,,85.0,,,0.0,48363.0
Escuela Tecnica de Electricidad,Ponce,PR,00730-4875,3,,,,,6252.0,12324.0,0.7396,0.0,PS,PS,,,,195.0,,,,26398.0
Institute of Technology,Clovis,CA,93612,3,,,,,23027.0,33474.0,0.2918,0.3266,9500,9500,,,6034.0,1376.0,,,0.0,35095.0
Bristol Technical Education Center,Bristol,CT,06010,1,,,,,,4050.0,0.0,0.0,PS,PS,,,,152.0,,,,
Genesee Valley BOCES-Practical Nursing Program,Batavia,NY,14020,1,,,,21994.0,,15693.0,0.7634,0.855,11460,13000,,,,61.0,,,0.0,46695.0
Henrico County-Saint Marys Hospital School of Practical Nursing,Richmond,VA,23229,1,,,,,,,0.1864,0.1525,9500,PS,0.6726,,,79.0,,,0.0,56618.0
Herkimer County BOCES-Practical Nursing Program,Herkimer,NY,13350,1,,,,15867.0,,17115.0,0.7963,0.8333,6125,8975,,,,62.0,,,0.0,41763.0
Graduate America College,Garland,TX,75040-3294,3,,,,,15171.0,8800.0,0.5411,0.0,PS,PS,,,,72.0,,,,22178.0
Cape Coral Technical College,Cape Coral,FL,33993-2479,1,,,,,,1145.0,0.4635,0.0,PS,PS,,,,293.0,,,,36080.0
UPMC Mercy School of Nursing,Pittsburgh,PA,15219-5166,2,16190.0,16190.0,34135.0,,30944.0,,0.2024,0.4524,12000,14750,0.7447,,,305.0,,,0.0,68337.0
Ocean County Vocational-Technical School,Toms River,NJ,08753,1,,,,10226.0,,11110.0,0.415,0.234,5500,5500,,,,450.0,,,0.0,47122.0
Yeshiva of the Telshe Alumni,Riverdale,NY,10471-2897,2,9400.0,9400.0,,,,,0.473,0.0,PS,PS,,,4621.0,78.0,0.0606,,,
Kenneth Shuler School of Cosmetology-Rock Hill,Rock Hill,SC,29732,3,,,,,13887.0,8470.0,0.6636,0.5421,5724,6333,,,,172.0,,,0.0,23193.0
CET-El Paso,El Paso,TX,79907,2,,,,,19187.0,11476.0,0.6593,0.6519,6729,7041,,,,74.0,,,0.0,32986.0
Appalachian School of Law,Grundy,VA,24614,2,,,,,,,,,PS,PS,,,9478.0,,,,0.0,
Platt College-Ontario,Ontario,CA,91764,3,14804.0,14804.0,32366.0,,27002.0,,0.6561,0.7873,15215,18685,,,5635.0,467.0,0.5729,,0.0,40669.0
Delaware College of Art and Design,Wilmington,DE,19801-3007,2,30280.0,30280.0,47250.0,,31763.0,,0.4016,0.7131,12000,12000,0.6103,,5936.0,104.0,,,,35036.0
American University of Health Sciences,Signal Hill,CA,90755-3612,3,24575.0,24575.0,,,,,0.4598,0.8678,32484,40326,1.0,,11115.0,364.0,0.5,,0.0,93610.0
Career Networks Institute,Santa Ana,CA,92705,3,,,,,28292.0,75380.0,0.4838,0.6922,23645,25899,,,9640.0,971.0,0.7692,1.0,0.0,45256.0
Monty Tech,Fitchburg,MA,01420,1,,,,35312.0,,14350.0,0.439,0.878,9500,9500,1.0,,,33.0,,,0.01,
Okaloosa Technical College,Fort Walton Beach,FL,32547,1,,,,13545.0,,4779.0,0.2053,0.0,PS,PS,,,,429.0,,,,32577.0
Lincoln Technical Institute-Lincoln,Lincoln,RI,02865,3,,,,,30860.0,30446.0,0.627,0.7918,9000,10521,,,,703.0,,,0.0,31914.0
Wayne County Schools Career Center,Smithville,OH,44677,1,,,,30453.0,,14637.0,0.645,0.635,5500,7574,,,,90.0,,,0.0,42774.0
Carolinas College of Health Sciences,Charlotte,NC,28217,1,19095.0,19095.0,,,,,0.1663,0.445,9500,15337,0.8148,,8038.0,409.0,1.0,,0.0,64624.0
Western Governors University,Salt Lake City,UT,84107,2,8300.0,8300.0,14464.0,,10442.0,,0.3488,0.4261,8318,11116,,,6168.0,135822.0,0.5089,0.6151,0.0,60615.0
California Aeronautical University,Bakersfield,CA,93308,3,35465.0,35465.0,44854.0,,38205.0,,0.4985,0.6615,13354,PS,,,5886.0,383.0,0.4194,0.6207,0.0,38361.0
Herzing University-New Orleans,Metairie,LA,70002,2,13420.0,13420.0,26702.0,,21090.0,,0.7225,0.8214,11756,21500,0.8913,,7121.0,361.0,0.2857,0.4167,0.0,36909.0
Florida Gulf Coast University,Fort Myers,FL,33965-6565,1,6118.0,25162.0,18269.0,10319.0,,,0.2857,0.2623,11999,17622,0.7675,1120.0,9321.0,13809.0,0.5602,0.8303,0.0,54560.0
Little Priest Tribal College,Winnebago,NE,68071-0270,1,5400.0,5400.0,13869.0,10687.0,,,0.4009,0.0,PS,PS,,,5613.0,177.0,,,,
South Louisiana Community College,Lafayette,LA,70506-4109,1,4210.0,4210.0,15723.0,9684.0,,,0.4844,0.3556,7250,11000,,,5240.0,4837.0,,,0.0,31432.0
Pima Medical Institute-Chula Vista,Chula Vista,CA,91910,3,,,,,21925.0,17587.0,0.5491,0.5366,9500,9500,,,5549.0,675.0,,,0.0,38673.0
Lincoln College of Technology-Marietta,Marietta,GA,30067,3,,,,,29503.0,30746.0,0.6014,0.6936,9000,10521,,,5338.0,438.0,,,0.0,31914.0
Academy of Hair Design-Lufkin,Lufkin,TX,75904,3,,,,,11990.0,12700.0,0.5492,0.4508,9500,11125,,,,74.0,,,0.0,20892.0
Pathway Vocational Academy,Beaumont,TX,77701-4650,3,,,,,19893.0,16650.0,0.5909,0.5152,6222,PS,,,,18.0,,,0.0,22822.0
Cortiva Institute,Linthicum,MD,21090,3,,,,,28383.0,11675.0,0.7614,0.7695,7652,7785,,,,251.0,,,0.0,30474.0
Toni & Guy Hairdressing Academy-Worcester,Worcester,MA,01605-2213,3,,,,,34772.0,15070.0,0.4676,0.7588,6222,6222,,,,171.0,,,0.0,
Northwest HVAC/R Training Center,Spokane,WA,99207,2,,,,,16737.0,11500.0,0.5429,0.5429,9500,9500,0.825,,,49.0,,,0.0,60551.0
Myotherapy Institute,Lincoln,NE,68510,3,16390.0,16390.0,33766.0,,32278.0,,0.4615,0.6923,10712,PS,,,,10.0,,,0.015,27531.0
Florida College of Integrative Medicine,Orlando,FL,32809-5721,3,,,,,,,,,PS,PS,,,4360.0,,,,0.0,
New Professions Technical Institute,Miami,FL,33134,3,,,,,39944.0,37628.0,0.9156,0.9156,6952,PS,,,,340.0,,,0.0,25962.0
Strand College of Hair Design,Myrtle Beach,SC,29572,3,,,,,11077.0,15000.0,0.5313,0.5188,6333,6333,,,,103.0,,,0.0,21301.0
Ilisagvik College,Barrow,AK,99723,1,5260.0,5260.0,9740.0,5542.0,,,0.1069,0.0,PS,PS,,,8139.0,175.0,0.3571,,,39541.0
Community College of Baltimore County,Baltimore,MD,21237,1,4380.0,10880.0,13178.0,6643.0,,,0.3293,0.105,8251,11528,,,9056.0,13195.0,,,0.0,43729.0
White Earth Tribal and Community College,Mahnomen,MN,56557,2,5250.0,5250.0,19169.0,,6778.0,,0.7157,0.0,PS,PS,,,4817.0,95.0,,,,18044.0
Blue Cliff College-Metairie,Metairie,LA,70002-5714,3,,,,,22581.0,18381.0,0.7831,0.6779,8265,9500,,,3724.0,584.0,,,0.0,22177.0
Creative Images Institute of Cosmetology-North Dayton,Dayton,OH,45414,3,,,,,13528.0,19400.0,0.5169,0.6062,9149,9731,,,,186.0,,,0.0,22271.0
Dewey University-Carolina,Carolina,PR,00986,2,7630.0,7630.0,10826.0,,3645.0,,0.8512,0.1708,5000,5185,,,2708.0,356.0,0.6197,0.6129,0.0,19761.0
Yeshiva College of the Nations Capital,Silver  Spring,MD,20902,2,11100.0,11100.0,24800.0,,2200.0,,0.186,0.0,PS,PS,,,8199.0,57.0,0.5,0.7,,
Louisiana State University Health Sciences Center-Shreveport,Shreveport,LA,71103,1,,,,,,,0.1739,0.4348,15719,PS,,,7842.0,20.0,,,0.0,74671.0
Hair Academy II,Hillcrest Heights,MD,20748-1401,3,,,,,22667.0,24000.0,0.4098,0.4781,5500,6333,,,,230.0,,,0.0,43383.0
River Parishes Community College,Gonzales,LA,70737,1,4079.0,4079.0,15274.0,9774.0,,,0.3473,0.2344,7329,12000,,,6206.0,1828.0,,,0.0,37848.0
Los Angeles Film School,Hollywood,CA,90028,3,,,,,33130.0,33130.0,0.6492,0.7454,15934,25250,,,5341.0,5833.0,0.4216,0.4982,0.0,31632.0
Century College,San Juan,PR,00918,3,8575.0,8575.0,,,,,0.806,0.0,PS,PS,,,,509.0,,,0.0,19462.0
FINE Mortuary College,Norwood,MA,02062,3,19325.0,19325.0,,,,,0.4661,0.6864,19000,30312,,,5000.0,176.0,,,0.0,
International Baptist College and Seminary,Chandler,AZ,85286,2,13500.0,13500.0,26104.0,,16828.0,,0.3091,0.1273,PS,PS,,,3796.0,55.0,0.4286,1.0,0.034,39556.0
Gwinnett College,Raleigh,NC,27616,3,,,,,31448.0,14668.0,0.6607,0.6667,7917,7917,,,,117.0,,,0.0,29234.0
Medical Training College,Baton Rouge,LA,70816-5820,3,,,,,19106.0,14450.0,0.7823,0.6935,5671,5845,,,,146.0,,,0.0,30894.0
University of Connecticut-Waterbury Campus,Waterbury,CT,06702,1,17462.0,40130.0,20917.0,8896.0,,,0.5,0.3724,18610,21500,0.8704,1070.0,16171.0,746.0,0.5948,0.7949,0.0,73997.0
University of Connecticut-Avery Point,Groton,CT,06340-6097,1,17462.0,40130.0,21603.0,11504.0,,,0.3428,0.355,18610,21500,0.8651,1130.0,16171.0,464.0,0.5667,0.7989,0.0,73997.0
University of Connecticut-Stamford,Stamford,CT,06901-2315,1,17472.0,40140.0,27737.0,14059.0,,,0.5037,0.3426,18610,21500,0.8019,1080.0,16171.0,2177.0,0.5686,0.7783,0.0,73997.0
University of Management and Technology,Arlington,VA,22209-1609,3,9450.0,9450.0,,,,,0.0483,0.0375,8971,PS,,,1209.0,322.0,1.0,,0.0,68530.0
Baton Rouge Community College,Baton Rouge,LA,70806,1,4221.0,4221.0,16303.0,10171.0,,,0.5714,0.5701,7000,12450,,,6546.0,8003.0,,,0.0,34581.0
IYRS School of Technology & Trades,Newport,RI,02840,2,,,,,18436.0,24815.0,0.1942,0.4951,9500,9500,0.8,,,76.0,,,0.0,
Midwest Technical Institute-Illinois,Springfield,IL,62707,3,,,,,26815.0,16345.0,0.6282,0.7049,9251,9500,,,,1128.0,,,0.0,33601.0
Advanced Barber College and Hair Design,Weslaco,TX,78596,3,,,,,20784.0,13510.0,0.8008,0.0,PS,PS,,,,150.0,,,,18519.0
The College of Health Care Professions-Austin,Austin,TX,78723,3,,,,,25479.0,16950.0,0.6855,0.6803,9096,9120,,,5652.0,829.0,,,0.0,38922.0
New Community Career & Technical Institute,Newark,NJ,07103-2419,2,,,,,5716.0,8610.0,0.7692,0.3365,1932,2808,,,,18.0,,,0.0,40200.0
The Chicago School-College of Nursing,Richardson,TX,75080,2,,,,,26334.0,28762.0,0.5896,0.6642,10250,20000,,,7455.0,2.0,,,0.0,56899.0
Professional Golfers Career College,Temecula,CA,92591,3,18310.0,18310.0,33010.0,,31397.0,,0.2667,0.5222,8000,12000,,,5163.0,110.0,,,0.0,46079.0
Chester Career College,CHESTER,VA,23836,3,,,,,23878.0,36500.0,0.5738,0.4979,16000,19879,,,4927.0,147.0,,,0.0,32650.0
Milan Institute-San Antonio Ingram,San Antonio,TX,78238,3,,,,,27662.0,16366.0,0.7302,0.6369,6333,6333,,,,349.0,,,0.0,24879.0
Rudae's School of Beauty Culture-Ft Wayne,Fort Wayne,IN,46825-5444,3,,,,,24920.0,16410.0,0.5819,0.6045,9500,9500,,,,121.0,,,0.0,25749.0
Carrington College-San Jose,San Jose,CA,95138,3,,,,,31043.0,21799.0,0.4854,0.606,10460,11537,,,7232.0,680.0,,,0.0,39633.0
Brookline College-Tucson,Tucson,AZ,85711,3,,,,,20788.0,31387.0,0.6657,0.6745,9500,9500,,,5433.0,211.0,,,0.0,29576.0
Miller-Motte College-McCann-Lewisburg,Lewisburg,PA,17837,3,,,,,21666.0,21040.0,0.6977,0.7907,10661,15917,,,4390.0,129.0,,,0.0,31102.0
Carrington College-Pleasant Hill Campus,Pleasant Hill,CA,94523-1984,3,,,,,30749.0,21799.0,0.4993,0.5978,10460,11537,,,7480.0,430.0,,,0.0,39633.0
Cortiva Institute,Maitland,FL,32751,3,,,,,29879.0,15616.0,0.6839,0.654,6500,7521,,,,211.0,,,0.0,27193.0
Modern Hairstyling Institute-Carolina,Carolina,PR,00985,3,,,,,5321.0,9800.0,0.9609,0.0,PS,PS,0.9545,,,206.0,,,,17666.0
Universal Technical Institute of California Inc,Rancho Cucamonga,CA,91730-0000,3,,,,,23526.0,54950.0,0.59,0.6549,11183,13124,,,6483.0,1484.0,,,0.0,52873.0
American InterContinental University-Atlanta,Atlanta,GA,30328,3,13416.0,13416.0,22756.0,,15774.0,,0.833,0.8267,9500,31000,,,7209.0,670.0,0.2105,0.3462,0.0,36144.0
The Academy of Hair Design Six,Hattiesburg,MS,39401-7569,3,,,,,19488.0,19500.0,0.8356,0.6164,6500,9500,,,,48.0,,,0.013,22706.0
Eastern West Virginia Community and Technical College,Moorefield,WV,26836-0000,1,4288.0,8680.0,15256.0,8398.0,,,0.2979,0.1383,5500,8500,,,4554.0,196.0,,,0.0,31636.0
Aviation Institute of Maintenance-Indianapolis,Indianapolis,IN,46241,3,16757.0,16757.0,34729.0,,30293.0,,0.6154,0.7051,12663,29773,,,6634.0,160.0,,,0.0,42759.0
IVAEM College,Caguas,PR,00725-0000,3,,,,,9314.0,12600.0,0.8904,0.0,PS,PS,,,,173.0,,,,19686.0
Midwest College of Oriental Medicine-Skokie,Skokie,IL,60077,3,,,,,,,0.3333,0.6667,15000,PS,,,4083.0,1.0,,,0.0,44136.0
Carrington College-Spokane,Spokane,WA,99206-4187,3,,,,,35743.0,21744.0,0.5219,0.5618,8615,9295,,,5635.0,296.0,,,0.0,36625.0
Cascadia College,Bothell,WA,98011-8205,1,4914.0,10864.0,20058.0,12612.0,,,0.0976,0.0217,5215,6368,,,10097.0,970.0,0.4124,,0.0,54133.0
CBD College,Los Angeles,CA,90010,2,,,,,21100.0,54191.0,0.4259,0.7349,16733,19309,,,7312.0,1408.0,0.686,,0.0,37237.0
East West College of Natural Medicine,Sarasota,FL,34234-0000,3,,,,,,,,,PS,PS,,,6667.0,,,,0.0,
Atlantic Institute of Oriental Medicine,Fort Lauderdale,FL,33301-3510,2,,,,,,,0.0,0.0,PS,PS,,,4738.0,74.0,,,0.0,
MDT College of Health Sciences,Chicago,IL,60602,3,21600.0,21600.0,34271.0,,27375.0,,0.892,0.7593,14250,19500,0.6774,,,335.0,,,0.0,43946.0
Bennett Career Institute,Washington,DC,20017,3,,,,,11108.0,19050.0,0.565,0.565,3666,6333,,,,177.0,,,0.0,22568.0
Blue Cliff College-Lafayette,Lafayette,LA,70508,3,,,,,19164.0,24805.0,0.7417,0.6588,8265,9500,,,,217.0,,,0.0,22177.0
Community Care College,Tulsa,OK,74145,2,,,,,24958.0,14963.0,0.5013,0.5577,7934,8898,,,3954.0,430.0,,,0.0,28954.0
Erie 1 BOCES,West Seneca,NY,14224,1,,,,11423.0,,13500.0,0.3821,0.4145,7781,9500,,,,312.0,,,0.0,47114.0
HDS Truck Driving Institute,Tucson,AZ,85756,3,,,,,,11775.0,0.0321,0.0304,PS,PS,,,,342.0,,,0.014,40059.0
The King's University,Southlake,TX,76092,2,12480.0,12480.0,25128.0,,23878.0,,0.0824,0.0941,14250,27000,1.0,,7833.0,272.0,0.4,1.0,0.0,41471.0
Fortis College-Baton Rouge,Baton Rouge,LA,70817,3,16167.0,16167.0,30272.0,,23826.0,,0.8827,0.7467,9500,12346,,,5187.0,461.0,,,0.0,32886.0
My Le's Beauty College,Sacramento,CA,95823-2513,3,,,,,,2600.0,0.25,0.0,PS,PS,,,,168.0,,,,15070.0
New Concept Massage and Beauty School,Miami,FL,33144,3,,,,,13514.0,14780.0,0.7188,0.7422,5700,6000,,,,89.0,,,0.0,20421.0
New York College of Traditional Chinese Medicine,Mineola,NY,11501,2,,,,,,,,,12500,PS,,,8156.0,7.0,,,0.0,
Fortis College-Orange Park,Orange Park,FL,32065,3,14386.0,14386.0,29665.0,,23665.0,,0.7528,0.7244,9500,11238,,,5480.0,327.0,,,0.0,28506.0
Northeastern Seminary,Rochester,NY,14624,2,,,,,,,,,PS,PS,,,6741.0,,,,0.0,
Omega Institute of Cosmetology,Houma,LA,70360-2716,3,,,,,10667.0,16500.0,0.4133,0.64,4584,PS,,,,49.0,,,0.0,14923.0
Pacific Islands University,Mangilao,GU,96913-5917,2,7203.0,7203.0,12823.0,,6746.0,,0.3333,0.058,PS,PS,0.3944,,2875.0,55.0,0.5,1.0,,20902.0
PCI College,Cerritos,CA,90703,3,,,,,24046.0,38670.0,0.671,0.7446,15272,17542,,,6250.0,168.0,0.7692,,0.0,36141.0
Rosedale Bible College,Irwin,OH,43029,2,9418.0,9418.0,19718.0,,8173.0,,0.3333,0.0617,4142,PS,,,4178.0,84.0,,,0.0,35558.0
Seattle Institute of East Asian Medicine,Seattle,WA,98108,2,,,,,,,,,PS,PS,,,,,,,0.0,
Shawnee Beauty College,Shawnee,OK,74801,3,,,,,8240.0,13966.0,0.6635,0.3173,4400,PS,,,,60.0,,,0.0,18636.0
Acupuncture and Massage College,Miami,FL,33176,3,11980.0,11980.0,38168.0,,34656.0,,0.6567,0.7164,7600,7600,,,4774.0,63.0,0.7931,,0.0,21937.0
Upper Valley Educators Institute,Lebanon,NH,03766-1358,2,,,,,,,,,12500,PS,,,,,,,0.0,
Keck Graduate Institute,Claremont,CA,91711,2,,,,,,,,,12500,PS,,,12295.0,,,,0.0,
Aviation Institute of Maintenance-Atlanta,Duluth,GA,30096,3,16657.0,16657.0,29553.0,,24592.0,,0.6181,0.7157,20500,31500,,,6500.0,779.0,,,0.0,48191.0
Empire Beauty School-Kennesaw,Kennesaw,GA,30144,3,,,,,17036.0,19260.0,0.5561,0.5816,6333,10231,,,,165.0,,,0.0,23589.0
New York Automotive and Diesel Institute,Jamaica,NY,11433-1433,3,,,,,22466.0,38600.0,0.6457,0.6032,14250,16064,,,6134.0,448.0,,,0.0,50963.0
Remington College-Baton Rouge Campus,Baton Rouge,LA,70816,2,15144.0,15144.0,28609.0,,22851.0,,0.9342,0.9013,9500,13271,,,3730.0,138.0,,,0.0,31349.0
New Saint Andrews College,Moscow,ID,83843-1525,2,15700.0,15700.0,,,,,0.0,0.0,,,0.8571,1245.0,6671.0,273.0,0.697,0.8767,,
Arkansas State University-Newport,Newport,AR,72112,1,2856.0,4320.0,15127.0,9730.0,,,0.4077,0.4805,5750,8002,,,5107.0,1262.0,,,0.0,41524.0
Atenas College,Manati,PR,00674-0000,2,8198.0,8198.0,15338.0,,6544.0,,0.8119,0.0,6600,6525,,,1733.0,545.0,0.4259,0.76,0.0,20231.0
Onondaga Cortland Madison BOCES,Liverpool,NY,13088,1,,,,15459.0,,14824.0,0.5997,0.6014,5792,6419,,,,342.0,,,0.0,40658.0
Interactive College of Technology,Pasadena,TX,77502,3,10970.0,10970.0,19096.0,,12441.0,,0.7059,0.4902,5300,5353,,,4593.0,62.0,,,0.0,27182.0
Pillar College,Newark,NJ,07102,2,24820.0,24820.0,33662.0,,5804.0,,0.5556,0.3834,17817,21483,,,4772.0,469.0,0.3409,0.8125,0.0,45577.0
Oregon State University-Cascades Campus,Bend,OR,97702,1,12594.0,34944.0,27461.0,17722.0,,,0.2795,0.3295,15000,21221,0.6844,,12365.0,1054.0,0.5116,0.7823,0.0,64010.0
Milan Institute-Amarillo,Amarillo,TX,79106,3,,,,,27347.0,16366.0,0.7785,0.7215,7618,7702,,,,195.0,,,0.0,29491.0
Southern University Law Center,Baton Rouge,LA,70813,1,,,,,,,,,15455,29251,,,8753.0,648.0,,0.6011,0.0,43371.0
Texas Barber College,Houston,TX,77036,3,,,,,17164.0,14720.0,0.6946,0.6934,9500,13000,,,,588.0,,,0.0,21262.0
Miller-Motte College-Charleston,Charleston,SC,29406,3,,,,,,5000.0,0.3842,0.2537,10661,15917,,,4108.0,124.0,,,0.0,31102.0
American Career College-Anaheim,Anaheim,CA,92801-0000,3,,,,,27397.0,39050.0,0.601,0.6615,9500,9500,,,6745.0,1643.0,,,0.0,38430.0
Saginaw Chippewa Tribal College,Mount Pleasant,MI,48858,1,2210.0,2210.0,13616.0,8506.0,,,0.3846,0.0,PS,PS,,,6068.0,124.0,,,,
Richmont Graduate University,Chattanooga,TN,37404,2,,,,,,,,,PS,PS,,,5755.0,,,,0.0,
The Seattle School of Theology & Psychology,Seattle,WA,98121,2,,,,,,,,,PS,PS,,,6838.0,,,,0.0,
East Valley Institute of Technology,Mesa,AZ,85201,1,,,,16847.0,,12500.0,0.1758,0.0,PS,PS,,,,522.0,,,1.0,35086.0
Smith Chason College,Los Angeles,CA,90010,3,19100.0,19100.0,37295.0,,34402.0,,0.5579,0.8567,16640,21397,,,10238.0,2221.0,0.4851,,0.0,58004.0
Irell & Manella Graduate School of Biological Sciences at City of Hope,Duarte,CA,91010-3000,2,,,,,,,,,,,,,,,,,,
Design's School of Cosmetology,Paso Robles,CA,93446,3,,,,,17968.0,14015.0,0.5,0.5105,6333,6333,,,,93.0,,,0.0,23937.0
Ultimate Medical Academy,Clearwater,FL,33755-4933,2,,,,,19350.0,29925.0,0.8142,0.7927,11969,14743,,,2863.0,7436.0,,,0.0,29194.0
Florida Barber Academy,Plantation,FL,33317,3,,,,,24713.0,11685.0,0.6114,0.5181,13000,13000,,,,205.0,,,0.0,16697.0
M-DCPS The English Center,Miami,FL,33133-2703,1,,,,,,700.0,0.136,0.0,PS,PS,,,,157.0,,,,30739.0
Florida Education Institute,Miami,FL,33144,3,,,,,36440.0,18141.0,0.5171,0.704,9500,9500,,,5478.0,652.0,,,0.0,24588.0
Texas County Technical College,Houston,MO,65483,3,19025.0,19025.0,29729.0,,20984.0,,0.597,0.8507,10026,13195,1.0,,4047.0,71.0,,,0.0,40843.0
Aviation Institute of Maintenance-Kansas City,Kansas City,MO,64129,3,16757.0,16757.0,33008.0,,27159.0,,0.7081,0.7514,14805,30416,,,,211.0,,,0.0,40743.0
Blue Cliff College-Gulfport,Gulfport,MS,39503,3,,,,,24902.0,18381.0,0.7286,0.5725,8265,9500,,,,259.0,,,0.0,22177.0
Metropolitan Learning Institute,Rego Park,NY,11374,2,,,,,9526.0,18000.0,0.7821,0.0,PS,PS,,,,318.0,,,0.0,25916.0
Orleans Niagara BOCES-Practical Nursing Program,Lockport,NY,14094,1,,,,,,13255.0,0.5833,0.6667,9500,PS,,,,0.0,,,0.011,
Yeshiva Shaarei Torah of Rockland,Suffern,NY,10901-4003,2,13000.0,13000.0,24095.0,,15444.0,,0.2404,0.0,PS,PS,0.3469,,6202.0,141.0,,0.8,,89548.0
Leon Studio One School of Beauty Knowledge,Williamsville,NY,14221,3,,,,,18979.0,16150.0,0.4,0.6,9500,PS,,,,29.0,,,0.0,26249.0
American Institute of Alternative Medicine,Columbus,OH,43229,3,17291.0,17291.0,35639.0,,32285.0,,0.6637,0.7351,9500,9500,0.8438,,5792.0,374.0,0.5455,,0.0,40805.0
Brown Aveda Institute-Mentor,Mentor,OH,44060,3,,,,,16567.0,20630.0,0.5257,0.8142,6333,7267,,,,118.0,,,0.0,27446.0
Institute of Technology,Salem,OR,97305,3,,,,,33197.0,30956.0,0.3082,0.3859,9500,9500,,,,261.0,,,0.0,37507.0
Susquehanna County Career and Technology Center,Springville,PA,18844,1,,,,4156.0,,15995.0,0.8605,0.6977,5500,PS,,,,59.0,,,0.0,
Universidad Pentecostal Mizpa,Rio Piedras,PR,00928,2,4220.0,4220.0,12652.0,,5607.0,,0.5786,0.0,PS,PS,,,,138.0,0.1429,0.0,,21410.0
Caribbean Forensic and Technical College,San Juan,PR,00907,3,8500.0,8500.0,10996.0,,6024.0,,0.6442,0.0,PS,PS,,,,381.0,,,,20691.0
Concorde Career College-Grand Prairie,Grand Prairie,TX,75052-3831,3,,,,,24729.0,18115.0,0.7468,0.7711,9500,9500,1.0,,6494.0,285.0,,,0.0,40648.0
Lamar Institute of Technology,Beaumont,TX,77705,1,2844.0,12924.0,14139.0,8167.0,,,0.2696,0.2515,8287,13076,,,5995.0,2937.0,,,0.0,38991.0
Aviation Institute of Maintenance-Dallas,Irving,TX,75061,3,16757.0,16757.0,29979.0,,26227.0,,0.5296,0.6527,19500,32229,,,,429.0,,,0.0,42375.0
Healing Mountain Massage School,Salt Lake City,UT,84102-4002,3,,,,,23180.0,12900.0,0.5333,0.7167,8139,8217,,,,39.0,,,0.0,22160.0
Eastern Virginia Career College,Fredericksburg,VA,22408,3,,,,,39005.0,34950.0,0.5784,0.7388,9500,10500,0.8667,,6606.0,217.0,,,0.0,37304.0
Rudy & Kelly Academy A Paul Mitchell Partner School,Virginia Beach,VA,23464,3,,,,,19150.0,18575.0,0.453,0.5336,9500,12500,,,,206.0,,,0.0,24176.0
Nevada State University,Henderson,NV,89002,1,6368.0,20449.0,23035.0,13208.0,,,0.2207,0.1377,12547,19691,0.8615,,8702.0,3791.0,0.3103,0.7697,0.0,53166.0
California State University-Channel Islands,Camarillo,CA,93012,1,6817.0,18697.0,24039.0,9792.0,,,0.469,0.2595,12500,15000,0.9306,,11321.0,5230.0,0.5345,0.7259,0.0,62152.0
Franklin W Olin College of Engineering,Needham,MA,02492-1200,2,64458.0,64458.0,81486.0,,20575.0,,0.1347,0.2202,14287,19500,0.2166,1540.0,13634.0,373.0,0.9222,0.9867,0.0,129455.0
Won Institute of Graduate Studies,Warminster,PA,18974,2,,,,,,,,,PS,PS,,,3879.0,,,,0.015,
Lincoln Technical Institute-Paramus,Paramus,NJ,07652-5002,3,,,,,39706.0,32134.0,0.5974,0.7895,9000,10521,,,,608.0,,,0.0,31914.0
Pima Medical Institute-Colorado Springs,Colorado Springs,CO,80919,3,,,,,24909.0,17158.0,0.4552,0.459,9500,9500,,,5500.0,339.0,,,0.0,38673.0
Paul Mitchell the School-Costa Mesa,Costa Mesa,CA,92626,3,,,,,12063.0,14115.0,0.4065,0.405,9500,13000,,,,347.0,,,0.0,26897.0
Ave Maria School of Law,Naples,FL,34119,2,,,,,,,,,PS,PS,,,9950.0,,,,0.0,
Tulsa Welding School-Jacksonville,Jacksonville,FL,32216,3,,,,,32599.0,21500.0,0.5956,0.6669,6886,9500,,,,949.0,,,0.0,41067.0
Pennsylvania College of Health Sciences,Lancaster,PA,17601,2,31866.0,31866.0,41566.0,,37208.0,,0.3018,0.5555,13352,17500,0.4412,,7711.0,1548.0,0.6703,0.65,0.0,69731.0
West Virginia Junior College-Bridgeport,Bridgeport,WV,26330,3,14747.0,14747.0,23091.0,,13240.0,,0.637,0.8014,7195,8270,,,4938.0,175.0,,,0.0,27472.0
St Louis College of Health Careers-Fenton,Fenton,MO,63026,3,,,,,,25093.0,0.5971,0.6838,9500,11750,1.0,,5768.0,401.0,0.7419,,0.0,32217.0
Interactive College of Technology-Gainesville,Gainesville,GA,30504,3,11210.0,11210.0,19418.0,,14834.0,,0.7049,0.3279,8661,10555,,,4013.0,47.0,,,0.0,27065.0
San Joaquin Valley College-Ontario,Ontario,CA,91764-5107,3,,,,,25595.0,26377.0,0.4948,0.5982,9773,10674,,,7636.0,1022.0,,,0.0,38317.0
Alaska Christian College,Soldotna,AK,99669,2,9014.0,9014.0,22858.0,,5427.0,,0.7763,0.0,6233,PS,0.8936,,8009.0,60.0,,,0.023,25787.0
University of Arkansas Grantham,LIttle Rock,AR,72207,1,8280.0,8280.0,14752.0,9325.0,,,0.6221,0.6366,8491,21956,,,,3202.0,0.243,0.2368,0.0,63496.0
Carrington College-Albuquerque,Albuquerque,NM,87107-1642,3,,,,,39922.0,61578.0,0.6183,0.7012,9298,9500,,,6875.0,297.0,,,0.0,36718.0
NASCAR Technical Institute,Mooresville,NC,28117,3,,,,,24587.0,49750.0,0.4619,0.6351,11183,13124,,,6313.0,1306.0,,,0.0,52873.0
University of the Potomac-VA Campus,FALLS CHURCH,VA,22043-2536,3,6660.0,6660.0,,,,,0.0,0.0,7500,8769,,,5208.0,177.0,0.7778,0.75,0.0,34961.0
Milan Institute-Palm Desert,Palm Desert,CA,92211,3,,,,,27930.0,15528.0,0.6327,0.5877,7618,7702,,,,290.0,,,0.0,29491.0
Tohono O'odham Community College,Sells,AZ,85634-3129,1,932.0,932.0,8282.0,4156.0,,,0.3124,0.0,PS,PS,,,6374.0,984.0,,,,39229.0
Edward Via College of Osteopathic Medicine,Blacksburg,VA,24060,2,,,,,,,,,PS,PS,,,,,,,0.0,
Pacific College of Health and Science,Chicago,IL,60601,3,7508.0,7508.0,,,,,0.5833,0.75,9500,12271,,,4839.0,19.0,0.6786,,0.0,26209.0
Southwest Institute of Healing Arts,Tempe,AZ,85282,3,,,,,58490.0,13825.0,0.4328,0.5604,7917,9500,,,4167.0,716.0,,,0.0,29544.0
InterCoast Colleges-Riverside,Riverside,CA,92508,3,,,,,23880.0,22500.0,0.5922,0.6505,9500,10313,,,,63.0,,,0.0,36089.0
Brighton Center's Center for Employment Training,Newport,KY,41071-1968,2,,,,,10813.0,9185.0,0.6721,0.0,PS,PS,,,,68.0,,,,24540.0
California Healing Arts College,Carson,CA,90746-7323,3,,,,,19024.0,17995.0,0.8458,0.841,9476,9476,,,,298.0,,,0.0,25151.0
Dallas Barber & Stylist College,Dallas,TX,75243,3,,,,,20461.0,16950.0,0.7907,0.4186,PS,PS,,,,30.0,,,,20142.0
NorthShore University HealthSystem School of Nurse Anesthesia,Evanston,IL,60201-1718,2,,,,,,,,,,,,,,,,,,
Faith International University,Tacoma,WA,98407-0186,2,8850.0,8850.0,20793.0,,18361.0,,0.4716,0.3182,12500,17650,,,3871.0,196.0,0.6667,0.6667,0.0,51006.0
Family of Faith Christian University,Shawnee,OK,74804,2,8220.0,8220.0,,,,,0.4118,0.2059,PS,PS,1.0,,1808.0,41.0,0.25,,0.0,
Hood Theological Seminary,Salisbury,NC,28144,2,,,,,,,,,PS,PS,,,3835.0,,,,0.0,
Colegio Educativo Tecnologico Industrial Inc,Arecibo,PR,00612-0000,2,,,,,10161.0,8650.0,0.9722,0.0,PS,PS,,,,75.0,,,,19432.0
Irene's Myomassology Institute,Southfield,MI,48033,3,,,,,29947.0,12774.0,0.5921,0.8092,7389,7389,,,,263.0,,,0.0,26551.0
Jay's Technical Institute,Houston,TX,77071,3,,,,,16306.0,10500.0,0.3182,0.2121,9500,11000,,,,26.0,,,0.0,15511.0
NTMA Training Centers of Southern California,Santa Fe Springs,CA,90670,2,,,,,22219.0,12600.0,0.673,0.346,8785,8785,,,,64.0,,,0.0,45713.0
P C Age-Jersey City,Jersey City,NJ,07306,3,,,,,22327.0,23790.0,0.3052,0.4458,11618,12966,,,,163.0,,,0.0,54323.0
PC AGE-Metropark,Iselin,NJ,08830,3,,,,,22528.0,23790.0,0.3043,0.3696,11618,12966,,,,56.0,,,0.0,54323.0
Hollywood Institute,Margate,FL,33063,3,,,,,18627.0,9020.0,0.7232,0.6935,5563,6038,,,,195.0,,,0.0,22285.0
South Florida Institute of Technology,Miami,FL,33125,3,,,,,29731.0,10250.0,0.6765,0.6053,9500,9500,,,,7800.0,,,0.0,28570.0
Southeastern College-Charleston,North Charleston,SC,29406,3,24184.0,24184.0,41936.0,,36778.0,,0.6684,0.852,9500,9500,0.9316,,5237.0,232.0,,,0.0,30737.0
Tigi Hairdressing Academy-Colorado Springs,Colorado Springs,CO,80918,3,,,,,25699.0,18260.0,0.4397,0.5309,9500,11008,,,,129.0,,,0.0,22480.0
Trend Barber College,Houston,TX,77071-2202,3,,,,,15398.0,13600.0,0.913,0.913,9500,12794,,,,11.0,,,0.0,16575.0
Valley Grande Institute for Academic Studies,Weslaco,TX,78596,2,,,,,11260.0,24451.0,0.9877,0.7869,9317,9500,,,,180.0,,,0.0,33472.0
West Coast University-Los Angeles,North Hollywood,CA,91606,3,37194.0,37194.0,58637.0,,51992.0,,0.4527,0.8794,24145,32946,,,8212.0,2687.0,0.4444,1.0,0.0,102672.0
Williamson Christian College,Franklin,TN,37067,2,15010.0,15010.0,28954.0,,22721.0,,0.3902,0.3415,PS,PS,,,1171.0,40.0,0.5,0.75,0.0,37474.0
Triangle Tech Inc-Sunbury,Sunbury,PA,17801,3,18700.0,18700.0,27092.0,,22625.0,,0.4528,0.6415,12000,12000,,,3569.0,64.0,,,0.0,45538.0
DigiPen Institute of Technology,Redmond,WA,98052,3,37400.0,37400.0,51366.0,,42033.0,,0.224,0.4405,21163,27000,0.6802,1295.0,10119.0,1032.0,0.5156,0.7322,0.0,79878.0
Pierpont Community and Technical College,Fairmont,WV,26554,1,5594.0,13262.0,13434.0,9096.0,,,0.2975,0.2073,8618,12110,,,6437.0,906.0,,,0.0,35132.0
Dewey University-Hato Rey,Hato Rey,PR,00910,2,6970.0,6970.0,11591.0,,4704.0,,0.8996,0.2079,5000,5185,,,2000.0,270.0,0.5224,0.6071,0.0,19761.0
InterCoast Colleges-West Covina,West Covina,CA,91791,3,,,,,23693.0,24600.0,0.5793,0.5822,9500,10313,,,6110.0,507.0,0.8133,,0.0,36089.0
American College of Healthcare Sciences,Portland,OR,97239,3,12656.0,12656.0,28848.0,,24016.0,,0.6192,0.6232,9500,13523,0.5822,,4755.0,810.0,,0.5,0.0,
Colorado Media School,Denver,CO,80237,3,,,,,30582.0,18870.0,0.4183,0.476,9500,9500,,,,45.0,,,0.0,37423.0
Paul Mitchell the School-Rhode Island,Cranston,RI,02920,3,,,,,32626.0,16500.0,0.4189,0.5135,9500,13000,,,,170.0,,,0.0,26897.0
Miller-Motte College-Chattanooga,Chattanooga,TN,37421,3,,,,,25266.0,32240.0,0.8467,0.7735,10661,15917,,,4045.0,3667.0,0.5594,0.0,0.0,31102.0
Milan Institute-Sparks,Sparks,NV,89431,3,,,,,26286.0,13091.0,0.5533,0.5867,7000,8124,,,,166.0,,,0.0,32493.0
Interactive College of Technology,Houston,TX,77060-2303,3,10970.0,10970.0,20950.0,,14474.0,,0.5208,0.375,5300,5353,,,,48.0,,,0.0,27182.0
Bexley Hall Seabury Western Theological Seminary Federation Inc.,Chicago,IL,60637,2,,,,,,,,,PS,PS,,,7754.0,,,,0.0,
Strayer University-Tennessee,Memphis,TN,38118,3,13920.0,13920.0,23838.0,,18466.0,,0.8603,0.1463,14000,40621,,,7147.0,2670.0,0.0,0.4,0.0,40092.0
Strayer University-Pennsylvania,Trevose,PA,19053,3,13920.0,13920.0,23838.0,,21360.0,,0.68,0.1293,14000,40621,,,7964.0,1334.0,,0.0,0.0,40092.0
Charlie's Guard-Detective Bureau and Academy Inc,Aguadilla,PR,00603,3,,,,,5478.0,11025.0,0.9753,0.0,PS,PS,,,,62.0,,,,21241.0
PCI Academy-Plymouth,Plymouth,MN,55446,3,,,,,15865.0,24988.0,0.3377,0.474,4858,5828,,,,114.0,,,0.0,31330.0
Creative Images Institute of Cosmetology-South Dayton,Dayton,OH,45459,3,,,,,11797.0,19400.0,0.3519,0.4537,9149,9731,,,,52.0,,,0.0,22271.0
Brookline College-Albuquerque,Albuquerque,NM,87105,3,,,,,39885.0,88847.0,0.5184,0.721,9500,9500,,,7342.0,492.0,0.6528,0.3333,0.0,29576.0
Byzantine Catholic Seminary of Saints Cyril and Methodius,Pittsburgh,PA,15214-2229,2,,,,,,,,,,,,,2100.0,,,,0.0,
Northcentral University,San Diego,CA,92123,2,,,,,,,0.2547,0.3113,9430,12500,,,,98.0,,,0.0,48414.0
Bayamon Community College,Bayamon,PR,00961,3,8385.0,8385.0,,,,,0.7,0.0,PS,PS,,,,151.0,,,,18580.0
Folsom Lake College,Folsom,CA,95630,1,1288.0,12808.0,12233.0,3661.0,,,0.1594,0.0197,9255,PS,,,10714.0,8937.0,,,0.0,42568.0
LeGrand Institute of Cosmetology Inc,Camden,SC,29020,3,,,,,12118.0,15000.0,0.6905,0.4524,9089,PS,,,,30.0,,,0.027,22831.0
Cambridge Technical Institute,Caguas,PR,00705,3,,,,,,12050.0,0.8824,0.0,PS,PS,,,,27.0,,,,17970.0
Empire Beauty School-Midlothian,Midlothian,VA,23112,3,,,,,16821.0,18750.0,0.4094,0.4094,7851,10667,,,,87.0,,,0.0,23921.0
Empire Beauty School-Owings Mills,Owings Mills,MD,21117,3,,,,,16462.0,19260.0,0.5933,0.5933,8028,13000,,,,131.0,,,0.0,25073.0
Empire Beauty School-West Mifflin,West Mifflin,PA,15122,3,,,,,17716.0,17000.0,0.5862,0.6379,8028,13000,,,,76.0,,,0.0,25073.0
ATI College-Whittier,Whitter,CA,90603-0000,3,,,,,26689.0,34900.0,0.5391,0.5664,11853,PS,,,4045.0,141.0,0.2,0.25,0.0,38938.0
Advance Science International College,Miami Lakes,FL,33014,3,,,,,31336.0,44516.0,0.587,0.6304,19000,PS,,,935.0,44.0,,,0.02,24047.0
ATA College,El Cajon,CA,92020,3,,,,,20906.0,16130.0,0.7797,0.6356,5500,5500,,,6250.0,106.0,,,0.0,35017.0
American Advanced Technicians Institute,Hialeah,FL,33014,3,,,,,34549.0,12651.0,0.5952,0.5476,3789,PS,,,,31.0,,,0.008,39494.0
Baptist University of the Americas,San Antonio,TX,78224-1443,2,7680.0,7680.0,15001.0,,8750.0,,0.3241,0.0185,PS,PS,,,4146.0,98.0,0.2727,0.5556,0.0,37709.0
The Beauty Institute,West  Palm Beach,FL,33409,3,,,,,16994.0,18805.0,0.4615,0.5385,PS,PS,,,,23.0,,,,23023.0
Beis Medrash Heichal Dovid,Far Rockaway,NY,11691-4433,2,10040.0,10040.0,20500.0,,7125.0,,0.1497,0.0,PS,PS,0.7,,12801.0,183.0,0.1765,0.8723,,
Blue Cliff Career College,Mobile,AL,36606,3,,,,,12304.0,14800.0,0.7639,0.8056,6500,7917,,,,41.0,,,0.0,21365.0
Lawrenceburg Technical College,Lawrenceburg,TN,38464,3,,,,,10912.0,12375.0,0.7826,0.5435,PS,PS,,,,39.0,,,0.142,25089.0
Paul Mitchell the School-Gastonia,Gastonia,NC,28054,3,,,,,15034.0,19420.0,0.5161,0.4516,9500,12874,,,,254.0,,,0.0,23966.0
CES College,Burbank,CA,91502-2750,2,,,,,27139.0,30950.0,0.604,0.651,16450,16821,0.6,,,106.0,,,0.0,22916.0
Stellar Career College,Modesto,CA,95356,3,,,,,13155.0,11650.0,0.6885,0.6557,4688,4834,,,,50.0,,,0.0,30337.0
Auguste Escoffier School of Culinary Arts-Austin,Austin,TX,78752,3,,,,,20738.0,36720.0,0.5606,0.6784,12000,16000,,,5209.0,372.0,,,0.0,36330.0
Culinary Institute Inc,Houston,TX,77022-4322,3,18539.0,18539.0,30580.0,,26470.0,,0.7085,0.691,12167,16004,,,5708.0,334.0,,,0.0,32195.0
Escuela Hotelera de San Juan,Hato Rey,PR,00917,3,15560.0,15560.0,22831.0,,16135.0,,0.8347,0.1387,3500,3500,,,,394.0,,,0.0,20854.0
Orion Institute,Perrysburg,OH,43551,3,,,,,21032.0,11988.0,0.6512,0.6744,7885,7885,,,,60.0,,,0.0,25847.0
Moore Career College,Baton Rouge,LA,70817,3,,,,,18098.0,19995.0,1.0,1.0,4750,7917,,,,69.0,,,0.0,26068.0
Industrial Technical College,Humacao,PR,00791,3,8400.0,8400.0,9850.0,,3767.0,,1.0,0.0,PS,PS,,,,96.0,,,,17162.0
Institute of Clinical Acupuncture & Oriental Med,Honolulu,HI,96817,3,,,,,,,,,PS,PS,,,3056.0,,,,0.0,
Gwinnett College-Marietta Campus,Marietta,GA,30067,3,,,,,32181.0,15794.0,0.6333,0.6167,7815,12498,,,4166.0,168.0,,,0.0,25373.0
Leston College,Bayamon,PR,00961,3,,,,,8709.0,8308.0,1.0,0.0,PS,PS,,,,26.0,,,,16002.0
Charlotte Christian College and Theological Seminary,Charlotte,NC,28227-9446,2,11960.0,11960.0,,,,,0.5556,0.7111,8701,PS,,,2254.0,36.0,0.0,,0.0,33696.0
Nightingale College,Salt Lake City,UT,84111,3,,,,,29378.0,70800.0,0.4347,0.7279,10500,25250,,,7361.0,4244.0,0.45,0.5745,0.0,27126.0
PITC Institute,Wyncote,PA,19095,3,,,,,19304.0,38280.0,0.3509,0.3509,9500,16722,,,9256.0,113.0,,,0.0,58389.0
Skinworks School of Advanced Skincare,Salt Lake City,UT,84115,3,,,,,26352.0,15000.0,0.4575,0.4858,6333,6333,,,,116.0,,,0.0,35562.0
Southeastern College-Columbia,Columbia,SC,29223,3,24184.0,24184.0,43798.0,,37856.0,,0.729,0.8258,7811,9500,0.9244,,5409.0,248.0,,,0.0,31156.0
Turning Point Beauty College,Chandler,AZ,85225-4775,3,,,,,14433.0,6350.0,0.6145,0.4302,6000,6000,,,,95.0,,,0.0,17556.0
Unitech Training Academy-Lafayette,Lafayette,LA,70506,3,,,,,25472.0,15695.0,0.74,0.7698,6859,8721,,,,259.0,,,0.0,24707.0
Mountwest Community and Technical College,Huntington,WV,25701,1,4818.0,12004.0,15977.0,8043.0,,,0.4132,0.2176,5136,7446,,,5823.0,1098.0,,,0.0,28951.0
American InterContinental University System,Chandler,AZ,85286,3,12310.0,12310.0,20949.0,,14449.0,,0.7291,0.7174,9500,31000,,,6327.0,6734.0,0.212,0.2013,0.0,36144.0
Toyota Technological Institute at Chicago,Chicago,IL,60637,2,,,,,,,,,,,,,25483.0,,,,,
American InterContinental University-Houston,Houston,TX,77042,3,14842.0,14842.0,25557.0,,18264.0,,0.7705,0.7459,9500,31000,,,7517.0,124.0,0.4545,0.5,0.0,36144.0
University of California-Merced,Merced,CA,95343-5603,1,14167.0,44944.0,37098.0,12744.0,,,0.5901,0.3145,12750,16144,0.3918,,14062.0,8372.0,0.6915,0.8309,0.0,64368.0
Remington College-North Houston Campus,Houston,TX,77067,2,20001.0,20001.0,31141.0,,25610.0,,0.9297,0.8595,9500,13271,,,4367.0,163.0,,,0.0,31349.0
Paul Mitchell the School-Orlando,Oviedo,FL,32765,3,,,,,18877.0,17400.0,0.4504,0.5041,9500,13000,,,,133.0,,,0.0,26897.0
Pima Medical Institute-Las Vegas,Las Vegas,NV,89121,3,,,,,22661.0,16390.0,0.4593,0.5519,9500,9500,,,5514.0,748.0,,,0.0,38673.0
Remington College-Nashville Campus,Nashville,TN,37214,2,21230.0,21230.0,33320.0,,27789.0,,0.7167,0.6833,9500,13271,,,5731.0,279.0,,,0.0,31349.0
Central Methodist University-College of Graduate and Extended Studies,Fayette,MO,65248-1198,2,6960.0,6960.0,20195.0,,14774.0,,0.2678,0.2457,13292,17619,0.8714,,6060.0,1807.0,0.0,0.5,0.0,48991.0
North-West College-Riverside,Riverside,CA,92503,3,,,,,29106.0,18121.0,0.6342,0.7217,9500,9500,,,7804.0,680.0,,,0.0,39876.0
Colegio Tecnico de Electricidad Galloza,Aguada,PR,00602,3,,,,,11772.0,9100.0,1.0,0.0,PS,PS,,,,7.0,,,,22859.0
Arthur's Beauty College,Conway,AR,72032,3,,,,,14115.0,17330.0,0.6264,0.6923,7931,9833,,,,65.0,,,0.0,21954.0
Spa Tech Institute-Westboro,Westborough,MA,01581,3,,,,,18910.0,11950.0,0.332,0.4093,6333,6333,,,,194.0,,,0.0,27803.0
Spa Tech Institute-Plymouth,Plymouth,MA,02360,3,,,,,19494.0,11950.0,0.3192,0.3983,6333,6333,,,,236.0,,,0.0,27803.0
Neumont College of Computer Science,Salt Lake City,UT,84111-1917,3,27375.0,27375.0,39004.0,,28979.0,,0.5733,0.859,,,0.8924,1112.0,10736.0,530.0,0.5655,0.7716,0.0,97827.0
Johnson & Wales University-Charlotte,Charlotte,NC,28202,2,40408.0,40408.0,55989.0,,28901.0,,0.5193,0.8088,16334,26000,0.7528,1015.0,10380.0,1126.0,0.5211,0.6393,0.0,43418.0
Roseman University of Health Sciences,Henderson,NV,89014,2,,,,,,,0.2265,0.8031,25000,25000,,,11502.0,554.0,,,0.0,120163.0
Fortis Institute-Port Saint Lucie,Port Saint Lucie,FL,34952,3,14087.0,14087.0,31606.0,,25465.0,,0.7597,0.8052,9500,12346,,,5944.0,472.0,,,0.0,32886.0
Aviation Institute of Maintenance-Manassas,Manassas,VA,20109,3,16757.0,16757.0,29124.0,,24834.0,,0.5851,0.7287,19500,31959,,,,189.0,,,0.0,46441.0
Cosmetology School of Arts & Sciences,Burley,ID,83318,3,,,,,21170.0,18400.0,0.8788,0.7424,6790,10556,,,,38.0,,,0.028,19120.0
Universal Technical Institute of Pennsylvania Inc,Exton,PA,19341,3,,,,,24588.0,40500.0,0.5054,0.634,11574,14267,,,6452.0,1004.0,,,0.0,51222.0
Kenneth Shuler School of Cosmetology-Spartanburg,Spartanburg,SC,29301,3,,,,,14083.0,8470.0,0.6913,0.5788,5775,5858,,,,132.0,,,0.0,25088.0
Kenneth Shuler School of Cosmetology-Columbia,Columbia,SC,29209,3,,,,,13152.0,8470.0,0.67,0.5172,5775,5858,,,,74.0,,,0.0,25088.0
Divine Mercy University,Sterling,VA,20166,2,,,,,,,,,,,,,7820.0,,,,0.0,
Lincoln Technical Institute-Shelton,Shelton,CT,06484,3,,,,,35543.0,32663.0,0.5573,0.7614,9500,11250,,,,798.0,,,0.0,38683.0
Northwest Career College,Las Vegas,NV,89128,3,,,,,14842.0,15499.0,0.7962,0.7867,8314,9500,,,4761.0,2222.0,,,0.0,27530.0
Soma Institute-The National School of Clinical Massage Therapy,Chicago,IL,60604-4110,3,,,,,,,0.5372,0.6275,5536,7916,,,,253.0,,,0.0,32349.0
American Academy of Health and Wellness,Roseville,MN,55113,3,,,,,,,,,PS,PS,,,1031.0,,,,0.0,
Arizona School of Acupuncture and Oriental Medicine,Tucson,AZ,85716-1518,3,,,,,,,,,PS,PS,,,,,,,0.0,
Ave Maria University,Ave Maria,FL,34142-9505,2,28222.0,28222.0,43220.0,,23655.0,,0.2318,0.4996,12000,20776,0.4481,,8738.0,1229.0,0.5548,0.75,0.0,49520.0
CALC Institute of Technology,Alton,IL,62002,3,,,,,,14500.0,0.81,0.57,9354,9500,,,,63.0,,,0.0,32088.0
Sutter County Career Training Center,Yuba City,CA,95993,3,,,,,24876.0,14000.0,0.4552,0.3433,9500,9500,,,,50.0,,,0.0,34846.0
Cambridge College of Healthcare & Technology,Altamonte Springs,FL,32701,3,15330.0,15330.0,24010.0,,17057.0,,0.6293,0.7245,14656,14656,,,7548.0,298.0,,,0.0,28190.0
Career Care Institute,Lancaster,CA,93534,3,,,,,45587.0,31582.0,0.615,0.6738,10296,16625,,,8077.0,649.0,,,0.0,39888.0
ATA Career Education,Spring Hill,FL,34606,3,14895.0,14895.0,30619.0,,26290.0,,0.9175,0.9278,15834,21030,,,5728.0,226.0,0.6296,1.0,0.0,34577.0
Community Christian College,Redlands,CA,92374-2893,2,9695.0,9695.0,26533.0,,20033.0,,0.7897,1.0,3668,PS,,,5750.0,428.0,,,0.0,39217.0
Culpeper Cosmetology Training Center,Culpeper,VA,22701-1055,1,,,,15211.0,,18500.0,0.5517,0.6207,9833,PS,,,,67.0,,,0.0,
Eastern School of Acupuncture and Traditional Medicine,Bloomfield,NJ,07003-3551,3,,,,,,,0.0,0.0,PS,PS,,,,8.0,,,0.0,48962.0
Ecclesia College,Springdale,AR,72762,2,16850.0,16850.0,31344.0,,24294.0,,0.5346,0.5346,9000,13019,0.475,,1430.0,132.0,0.3654,0.4091,0.0,40650.0
Employment Solutions-College for Technical Education,Lexington,KY,40517,2,,,,,19115.0,17795.0,0.6679,0.6569,9500,11600,,,,200.0,,,0.0,20156.0
Estelle Medical Academy,Skokie,IL,60077,3,9180.0,9180.0,12300.0,,9765.0,,0.3762,0.396,5657,5657,,,,64.0,,,0.0,24290.0
Evergreen Beauty and Barber College-Everett,Everett,WA,98208,3,,,,,16340.0,12758.0,0.3399,0.4064,7667,7917,,,,1019.0,,,0.0,26872.0
Paul Mitchell the School-Great Lakes,Port Huron,MI,48060,3,,,,,10263.0,15225.0,0.4771,0.422,8389,9667,,,,64.0,,,0.0,16715.0
Healthcare Training Institute,Union,NJ,07083,3,,,,,5699.0,16500.0,0.7143,0.7857,7245,8717,0.7586,,,103.0,,,0.0,37571.0
John D Rockefeller IV Career Center,New Cumberland,WV,26047,1,10140.0,10140.0,23917.0,6874.0,,,0.5833,0.25,9500,PS,,,,14.0,,,0.0,43264.0
Los Angeles College of Music,Pasadena,CA,91105,3,25650.0,25650.0,50873.0,,40853.0,,0.2611,0.3717,17521,27938,0.8137,,5833.0,267.0,0.4737,0.6852,0.0,31758.0
Rosslyn Training Academy of Cosmetology,Aguada,PR,00602,3,7277.0,7277.0,8267.0,,4569.0,,1.0,0.0,PS,PS,,,,6.0,,,,11998.0
SAE Institute of Technology-Nashville,Nashville,TN,37203,3,17027.0,17027.0,25834.0,,21299.0,,0.7596,0.849,9245,9500,,,4494.0,1800.0,0.4575,,0.0,39544.0
Southern Technical College,Orlando,FL,32809,3,,,,,23130.0,18500.0,0.8225,0.8529,9500,11250,,,4843.0,1686.0,,,0.0,29893.0
Stanbridge University,Irvine,CA,92612,3,,,,,25114.0,36710.0,0.4534,0.7729,16500,20000,0.1137,,6439.0,2373.0,0.7719,0.9254,0.0,62144.0
Universal College of Healing Arts,Omaha,NE,68112-1810,3,11822.0,11822.0,24310.0,,20862.0,,0.5417,0.625,10303,PS,,,3800.0,27.0,,,0.0,28865.0
Uta Mesivta of Kiryas Joel,Monroe,NY,10950,2,15000.0,15000.0,21452.0,,5023.0,,0.8625,0.0,PS,PS,,,3463.0,2729.0,0.7841,0.9561,,31853.0
Harrisburg University of Science and Technology,Harrisburg,PA,17101-2208,2,23900.0,23900.0,33434.0,,13766.0,,0.4823,0.6133,11848,27000,0.8178,,8084.0,650.0,0.4337,0.7252,0.0,52374.0
Blue Ridge Community and Technical College,Martinsburg,WV,25403,1,4344.0,7848.0,10779.0,4443.0,,,0.1757,0.1262,8000,13000,,,5787.0,1565.0,,,0.0,39293.0
Daytona College,Ormond Beach,FL,32174-8445,3,,,,,,39100.0,0.5795,0.735,6723,7403,,,4518.0,199.0,0.7222,,0.0,26422.0
Delta Technical College-Mississippi,Horn Lake,MS,38637,3,,,,,16771.0,11152.0,0.8286,0.8838,9251,9500,,,,2320.0,,,0.0,33601.0
United States University,San Diego,CA,92108,3,6600.0,6600.0,28358.0,,21557.0,,0.1179,0.1604,13598,PS,,,7518.0,167.0,,,0.0,80980.0
Empire Beauty School-Avondale,Avondale,AZ,85323,3,,,,,15173.0,19200.0,0.5508,0.5415,6333,10231,,,,239.0,,,0.0,23589.0
Empire Beauty School-Littleton,Littleton,CO,80123,3,,,,,17149.0,19350.0,0.3548,0.4194,6222,10667,,,,44.0,,,0.0,24022.0
Empire Beauty School-Aurora,Aurora,CO,80017,3,,,,,17289.0,19350.0,0.5954,0.6031,6222,10667,,,,98.0,,,0.0,24022.0
Joyce University of Nursing and Health Sciences,Draper,UT,84020-6545,3,20780.0,20780.0,33321.0,,31013.0,,0.3443,0.5371,10470,20000,0.8944,,7277.0,1892.0,0.4706,0.8125,0.0,49841.0
San Joaquin Valley College-Modesto,Salida,CA,95368-9090,3,,,,,24617.0,26377.0,0.5277,0.5983,9773,10674,,,5547.0,590.0,,,0.0,38317.0
Eagle Gate College-Layton,Layton,UT,84041,3,,,,,32097.0,69541.0,0.5884,0.7653,20000,43021,,,6926.0,205.0,0.68,0.625,0.0,37518.0
Academy of Hair Design-Jasper,Jasper,TX,75951,3,,,,,10928.0,12700.0,0.52,0.84,9500,11125,,,,49.0,,,0.0,20892.0
Unitech Training Academy-West Monroe,West Monroe,LA,71291,3,,,,,25053.0,15495.0,0.699,0.733,6859,8721,,,,98.0,,,0.0,24707.0
New River Community and Technical College,Beaver,WV,25813-8987,1,5158.0,8140.0,11656.0,3494.0,,,0.4548,0.1509,5177,7250,,,5398.0,777.0,,,0.0,29073.0
The College of Health Care Professions-Southwest Houston,Houston,TX,77074,3,,,,,27427.0,17400.0,0.7253,0.7316,9473,9500,,,4737.0,666.0,,,0.0,33070.0
UEI College-Chula Vista,Chula Vista,CA,91911-3262,3,,,,,26798.0,19900.0,0.6787,0.6663,9500,9500,,,,1344.0,,,0.0,31141.0
UEI College-West Covina,West Covina,CA,91731-2806,3,,,,,25924.0,21500.0,0.7172,0.7332,9500,9500,,,,1022.0,,,0.0,31141.0
Georgia Gwinnett College,Lawrenceville,GA,30043,1,4458.0,13244.0,18033.0,11696.0,,,0.5034,0.2447,9000,20076,0.9557,,7949.0,11156.0,0.198,0.6879,0.0,47730.0
Phoenix Institute of Herbal Medicine & Acupuncture,Phoenix,AZ,85012,3,,,,,,,,,PS,PS,,,4750.0,,,,0.017,
Tucson College of Beauty,Tucson,AZ,85705,3,,,,,16649.0,7800.0,0.5662,0.6484,6333,6333,,,,134.0,,,0.0,27314.0
California Career College,Canoga Park,CA,91303-2006,3,,,,,,70000.0,0.3389,0.7113,26375,28500,,,2885.0,195.0,1.0,1.0,0.0,51684.0
Palladium Technical Academy Inc,Temple City,CA,91780,3,,,,,16761.0,15000.0,0.898,0.6939,7405,PS,,,,45.0,,,0.024,34799.0
Los Angeles College of Aesthetics,Los Angeles,CA,90006,3,,,,,22239.0,9075.0,0.3491,0.3136,3666,3723,,,,101.0,,,0.0,16540.0
National Polytechnic College,Lakewood,CA,90712,3,,,,,31626.0,41267.0,0.5157,0.6492,13798,16098,,,6905.0,299.0,,,0.0,30781.0
American Career College-Ontario,Ontario,CA,91764,3,,,,,29807.0,39050.0,0.6132,0.7029,9500,9500,,,6341.0,2014.0,,,0.0,38492.0
Asher College,Sacramento,CA,95825,3,,,,,16924.0,31690.0,0.5712,0.5848,10517,14166,,,4132.0,699.0,,,0.0,45468.0
American Institute of Massage Therapy,Santa Ana,CA,92705-5411,3,,,,,14762.0,8315.0,0.1282,0.0385,PS,PS,,,,17.0,,,0.0,
University of East-West Medicine,Sunnyvale,CA,94085-3922,3,,,,,,,,,PS,PS,,,5000.0,,,,0.0,
Blake Austin College,Vacaville,CA,95687,3,,,,,30926.0,37035.0,0.3539,0.7922,9500,10249,,,,11.0,,,0.0,42518.0
Aviator College of Aeronautical Science and Technology,Fort Pierce,FL,34946,3,34545.0,34545.0,43615.0,,40694.0,,0.1457,0.2146,12000,16979,,,2092.0,274.0,0.5833,,0.0,67739.0
Trendsetters School of Beauty & Barbering,Jacksonville,FL,32205,3,,,,,,15000.0,0.65,0.5,9500,PS,,,,26.0,,,0.0,25222.0
American Institute of Beauty,Largo,FL,33771,3,,,,,10713.0,9165.0,0.7454,0.7766,6333,6333,,,,179.0,,,0.0,20371.0
North Florida Cosmetology Institute,Tallahassee,FL,32312,3,,,,,16320.0,7200.0,0.5697,0.5394,6334,6334,,,,70.0,,,0.0,23615.0
Florida Academy of Health & Beauty,Oakland Park,FL,33311,3,,,,,9457.0,13000.0,0.6522,0.3913,3300,3333,,,,67.0,,,0.018,18116.0
Augusta School of Massage,Evans,GA,30809,3,,,,,14371.0,10500.0,0.4706,0.5441,4701,PS,,,,27.0,,,0.0,25408.0
ATA College,Louisville,KY,40223,3,13930.0,13930.0,31263.0,,26914.0,,0.8409,0.9242,15834,21030,,,6495.0,337.0,,,0.0,34577.0
SUM Bible College and Theological Seminary,El Dorado Hills,CA,95762,2,10460.0,10460.0,24340.0,,21042.0,,0.5288,0.5192,13815,26677,0.6421,,5000.0,312.0,0.4615,0.5806,0.0,35418.0
Compass Career College,Hammond,LA,70403,3,,,,,12405.0,16438.0,0.6381,0.4903,7451,7917,,,,159.0,,,0.0,21175.0
Nuvo College of Cosmetology,Norton Shores,MI,49441,3,,,,,20253.0,18000.0,0.3478,0.3478,5500,5500,,,,87.0,,,0.0,18159.0
WellSpring School of Allied Health-Kansas City,Kansas City,MO,64114-3313,3,,,,,12861.0,16500.0,0.7157,0.7876,7917,7917,,,3792.0,179.0,,,0.0,29839.0
The Salon Professional Academy-Fargo,Fargo,ND,58103,3,,,,,14714.0,19150.0,0.3086,0.4721,12000,12000,,,,173.0,,,0.0,31497.0
Aveda Arts & Sciences Institute-New York,New York,NY,10013,3,,,,,27064.0,19000.0,0.5282,0.5608,6027,6129,,,,76.0,,,0.0,28013.0
MyrAngel Beauty Institute,San Lorenzo,PR,00754,3,,,,,7325.0,10895.0,0.9292,0.2301,PS,PS,,,,175.0,,,0.0,16758.0
Texas Health School,Houston,TX,77079,3,,,,,29609.0,31255.0,0.5275,0.5183,8334,10915,,,7183.0,186.0,,,0.0,30187.0
Paul Mitchell the School-Logan,Logan,UT,84341,3,,,,,14641.0,16000.0,0.4227,0.3591,7000,9250,,,,125.0,,,0.0,23620.0
Careers Unlimited,Orem,UT,84058,3,,,,,,,0.5311,0.7175,27396,PS,,,10547.0,118.0,,,0.0,30829.0
Mountainland Technical College,Lehi,UT,84043,1,,,,,,3790.0,0.0337,0.0,PS,PS,,,,2681.0,,,,31963.0
Avi Career Training,Great Falls,VA,22066,3,,,,,16607.0,10700.0,0.4253,0.5057,6333,6333,,,,74.0,,,0.0,28615.0
Mountain State School of Massage,Charleston,WV,25304,3,,,,,26274.0,11500.0,0.8095,1.0,8181,PS,,,,33.0,,,0.0,27545.0
San Joaquin Valley College-Rancho Cordova,Rancho Cordova,CA,95670-5642,3,,,,,27288.0,52543.0,0.3398,0.6796,9773,10674,,,7409.0,226.0,,,0.0,38317.0
Broken Arrow Beauty College,Tulsa,OK,74133,3,,,,,12052.0,16280.0,0.4646,0.378,6333,6333,,,,66.0,,,0.0,23722.0
Universal Technical Institute of Northern California Inc,Sacramento,CA,95834,3,,,,,26671.0,42750.0,0.4859,0.5846,10247,13097,,,6636.0,1107.0,,,0.0,48341.0
Lemoore College,Lemoore,CA,93245,1,1384.0,10084.0,18119.0,7961.0,,,0.3833,0.0135,7480,9500,,,11871.0,3223.0,,,0.0,40292.0
Stautzenberger College-Brecksville,Brecksville,OH,44141,3,16699.0,16699.0,24972.0,,20743.0,,0.6414,0.8535,13127,14302,,,5250.0,98.0,,,0.0,34104.0
Unitech Training Academy-Houma,Houma,LA,70364,3,,,,,21938.0,15495.0,0.6962,0.7338,6859,8721,,,,73.0,,,0.0,24707.0
Rasmussen University-Illinois,Rockford,IL,61108-2513,3,13546.0,13546.0,24447.0,,18470.0,,0.629,0.7976,13000,20899,,,7877.0,1330.0,,,0.0,39080.0
International Institute for Restorative Practices,Bethlehem,PA,18018,2,,,,,,,,,,,,,6741.0,,,,,
Automotive Training Center-Warminster,Warminster,PA,18974,3,,,,,13761.0,43800.0,0.5244,0.6244,12661,15665,,,,275.0,,,0.0,51112.0
Empire Beauty School-Milwaukee,Milwaukee,WI,53221,3,,,,,15591.0,17407.0,0.6461,0.6543,6333,10231,,,,98.0,,,0.0,23589.0
Triangle Tech Inc-Bethlehem,Bethlehem,PA,18017,3,18593.0,18593.0,28272.0,,22044.0,,0.5083,0.65,12000,12000,,,3837.0,94.0,,,0.0,53788.0
Milan Institute-Clovis,Clovis,CA,93612,3,,,,,21941.0,13059.0,0.6531,0.6489,6333,6333,,,,569.0,,,0.0,24879.0
Strayer University-Florida,Tampa,FL,33610,3,13920.0,13920.0,23838.0,,17518.0,,0.7009,0.1082,14000,40621,,,7964.0,1314.0,0.0,0.75,0.0,40092.0
Pima Medical Institute-Renton,Renton,WA,98057,3,,,,,31193.0,17849.0,0.3691,0.4938,9500,9500,,,6389.0,400.0,,,0.0,38673.0
CBT Technology Institute-Main Campus,Miami,FL,33144,3,13150.0,13150.0,24586.0,,17872.0,,1.0,1.0,8500,8550,,,4542.0,452.0,,,0.0,29534.0
CBT Technology Institute-Hialeah,Hialeah,FL,33012,3,13150.0,13150.0,18000.0,,11281.0,,1.0,1.0,8500,8550,,,4583.0,493.0,,,0.0,29534.0
Dewey University-Juana Diaz,Juana Diaz,PR,00910,2,7630.0,7630.0,11190.0,,4142.0,,0.9186,0.19,5000,5185,,,2694.0,243.0,0.7083,0.6154,0.0,19761.0
The College of Health Care Professions-San Antonio,San Antonio,TX,78229,3,,,,,26248.0,25400.0,0.5987,0.7057,9473,9500,,,4813.0,718.0,,,0.0,33070.0
Brittany Beauty Academy,Bronx,NY,10458,3,,,,,19802.0,9510.0,0.5038,0.4462,6333,6333,,,,148.0,,,0.0,18753.0
Lincoln Technical Institute-Whitestone,Whitestone,NY,11357,3,,,,,32648.0,36149.0,0.6667,0.7473,9524,11730,,,,793.0,,,0.0,46396.0
American Public University System,Charles Town,WV,25414,3,8400.0,8400.0,16358.0,,9104.0,,0.2467,0.1329,10282,21743,,,6574.0,38976.0,0.5323,0.9362,0.0,44409.0
Huntsville Bible College,Huntsville,AL,35811,2,4730.0,4730.0,17595.0,,11562.0,,0.4545,0.5152,28500,PS,,,,82.0,0.0,1.0,0.0,
Beaumont Adult School,Beaumont,CA,92223,1,,,,30407.0,,30034.0,0.6283,0.7345,14220,14866,,,,101.0,,,0.0,50801.0
Gnomon,Hollywood,CA,90038,3,34215.0,34215.0,48010.0,,45824.0,,0.1429,0.2301,28332,28332,0.3968,,11289.0,302.0,0.6667,0.88,0.0,114785.0
Coachella Valley Beauty College,La Quinta,CA,92253,3,,,,,16812.0,14140.0,0.6441,0.5367,2333,2905,,,,88.0,,,0.0,19665.0
Valley College of Medical Careers,West Hills,CA,91304,3,,,,,21967.0,15550.0,0.7736,0.7453,8698,8876,,,3978.0,57.0,,,0.0,37453.0
Academy of Natural Therapy Inc,Greeley,CO,80631-9441,3,,,,,,,0.5,0.7115,7917,7917,,,,52.0,,,0.02,25770.0
Academy Di Capelli-School of Cosmetology,Wallingford,CT,06492,3,,,,,13622.0,18930.0,0.4343,0.7064,6333,6333,,,,188.0,,,0.0,
Delaware Learning Institute of Cosmetology,Dagsboro,DE,19939,3,,,,,15874.0,20250.0,0.4177,0.538,6333,6333,,,,73.0,,,0.0,23718.0
Dragon Rises College of Oriental Medicine,Gainesville,FL,32601,2,,,,,,,,,PS,PS,,,,,,,0.0,
Palm Beach Academy of Health & Beauty,West Palm Beach,FL,33415-2904,3,,,,,27045.0,14180.0,0.6667,0.6491,7666,9500,,,,116.0,,,0.0,30784.0
SABER College,Miami,FL,33134,2,,,,,10311.0,45505.0,0.8305,0.1695,22000,22000,0.9265,,5073.0,202.0,,,0.022,40816.0
Taylor College,Ocala,FL,34470,3,13263.0,13263.0,30562.0,,27624.0,,0.7468,0.7857,19000,26250,,,6111.0,216.0,,,0.0,60311.0
Pensacola School of Massage Therapy & Health Careers,Pensacola,FL,32504,3,,,,,19058.0,13500.0,0.7182,0.7545,5790,5945,,,,56.0,,,0.0,28828.0
Ideal Beauty Academy,Jeffersonville,IN,47130,3,,,,,21937.0,16600.0,0.3333,0.3333,PS,PS,,,,2.0,,,0.0,24635.0
Denmark College,Merrillville,IN,46410,3,,,,,14312.0,19500.0,0.834,0.8649,5991,8965,,,,178.0,,,0.0,23538.0
Louisiana Culinary Institute,Baton Rouge,LA,70816,3,15575.0,15575.0,35243.0,,29765.0,,0.5052,0.7629,15250,16200,0.4894,,4375.0,90.0,,,0.0,40359.0
Bais Medrash Toras Chesed,Lakewood,NJ,08701,2,8100.0,8100.0,13700.0,,6505.0,,0.3182,0.0,PS,PS,0.6301,,5206.0,125.0,0.3214,0.8788,,
Ace Institute of Technology,New York,NY,10018,3,,,,,35092.0,11125.0,0.5138,0.6539,6000,6471,,,,264.0,,,0.0,
New Age Training,New York,NY,10001-4034,3,,,,,23478.0,15780.0,0.7664,0.7533,5800,7789,,,,157.0,,,0.0,31997.0
Dayton School of Medical Massage,Dayton,OH,45429,3,18122.0,18122.0,33863.0,,30710.0,,0.7561,0.8482,9500,13432,,,,425.0,,,0.0,31071.0
ATA College,Tulsa,OK,74146,3,15000.0,15000.0,26577.0,,22680.0,,0.6893,0.8305,15069,21308,,,6137.0,178.0,,,0.0,40823.0
Visible Music College,Memphis,TN,38103,2,22000.0,22000.0,31386.0,,26181.0,,0.4408,0.5592,9500,9500,0.2868,1050.0,3395.0,164.0,0.4828,0.7273,0.0,35933.0
CCI Training Center-Arlington,Arlington,TX,76011,3,,,,,12875.0,12425.0,0.7993,0.831,7662,8045,,,,187.0,,,0.0,40829.0
Champion Beauty College,Houston,TX,77068,3,,,,,15742.0,10750.0,0.875,0.4583,4750,PS,,,,26.0,,,0.0,21362.0
Southeast Texas Career Institute,Silsbee,TX,77656,3,,,,,21200.0,14100.0,0.6106,0.3894,4584,5500,,,,74.0,,,0.0,24835.0
Southwest Technical College,Cedar City,UT,84720,1,,,,,,3050.0,0.1386,0.0,PS,PS,,,,390.0,,,,35507.0
Virginia Beach Theological Seminary,Virginia Beach,VA,23464-6847,2,,,,,,,,,,,,,5096.0,2.0,,,0.0,
Milwaukee Career College,Milwaukee,WI,53222,3,,,,,22881.0,14470.0,0.9346,0.986,5500,7046,0.7188,,4605.0,73.0,,,0.0,28355.0
University of the West,Rosemead,CA,91770,2,14718.0,14718.0,24944.0,,11137.0,,0.4194,0.2581,15000,PS,1.0,,7384.0,41.0,0.3111,0.4,0.0,
American College of Education,Indianapolis,IN,46204,3,,,,,,,0.0,0.0,,,,,3306.0,277.0,,,,
South University-Tampa,Tampa,FL,33614-7095,3,18238.0,18238.0,33016.0,,24280.0,,0.4774,0.5772,13000,26123,,,7453.0,390.0,0.0455,0.1111,0.0,34421.0
Milan Institute of Cosmetology-San Antonio Military,San Antonio,TX,78221,3,,,,,19569.0,8701.0,0.6947,0.6246,6070,6333,,,,202.0,,,0.0,22378.0
Appalachian College of Pharmacy,Oakwood,VA,24631,2,,,,,,,,,PS,PS,,,9690.0,,,,0.0,
Paul Mitchell the School-Tampa,Tampa,FL,33625,3,,,,,22279.0,18850.0,0.4426,0.3957,9500,13000,,,,136.0,,,0.0,26897.0
Paul Mitchell the School-San Diego,San Diego,CA,92101,3,,,,,25671.0,15575.0,0.4569,0.4375,9500,13000,,,,250.0,,,0.0,26897.0
Paul Mitchell the School-Michigan,Sterling Heights,MI,48313,3,,,,,17661.0,21240.0,0.4788,0.5251,9500,13000,,,,162.0,,,0.0,26897.0
Paul Mitchell the School-Sherman Oaks,Sherman Oaks,CA,91403,3,,,,,26369.0,23066.0,0.5134,0.4597,9583,10556,,,,280.0,,,0.0,26262.0
Paul Mitchell the School-Tysons Corner,McLean,VA,22102,3,,,,,27337.0,21750.0,0.2874,0.3448,9833,13000,,,,94.0,,,0.0,34949.0
Fortis College-Columbus,Westerville,OH,43081,3,14148.0,14148.0,33806.0,,27674.0,,0.6659,0.7358,9500,12547,,,5914.0,761.0,,,0.0,36368.0
Fortis College-Cincinnati,Cincinnati,OH,45246,3,14283.0,14283.0,30689.0,,23813.0,,0.7814,0.7423,9500,12547,,,5586.0,403.0,,,0.0,36368.0
Blue Cliff College-Alexandria,Alexandria,LA,71301,3,,,,,22485.0,18381.0,0.809,0.6916,8265,9500,,,3214.0,479.0,,,0.0,22177.0
Strayer University-Delaware,Wilmington,DE,19801,3,13920.0,13920.0,,,,,0.6862,0.1004,14000,40621,,,9955.0,240.0,,0.0,0.0,40092.0
Brite Divinity School,Fort Worth,TX,76129,2,,,,,,,,,19000,21500,,,10603.0,,,,0.0,68424.0
Strayer University-Alabama,Birmingham,AL,35203,3,13920.0,13920.0,23838.0,,22923.0,,0.8254,0.1407,14000,40621,,,7964.0,1473.0,,0.0,0.0,40092.0
Brown Aveda Institute-Strongsville,Strongsville,OH,44136,3,,,,,18142.0,20630.0,0.4941,0.6706,6333,7267,,,,139.0,,,0.0,27446.0
Clary Sage College,Tulsa,OK,74145,2,,,,,22746.0,9945.0,0.5955,0.7135,7934,8898,,,3767.0,367.0,,,0.0,28954.0
Rasmussen University-Wisconsin,Green Bay,WI,54303-2349,3,11982.0,11982.0,24230.0,,18847.0,,0.5717,0.819,13000,20899,,,7784.0,154.0,0.625,1.0,0.0,39080.0
Empire Beauty School-Richmond,Richmond,VA,23294,3,,,,,17079.0,18750.0,0.4466,0.4854,7851,10667,,,,70.0,,,0.0,23921.0
Empire Beauty School-North Hills,Pittsburgh,PA,15237,3,,,,,17807.0,17000.0,0.6235,0.4941,6633,10667,,,,59.0,,,0.001,22377.0
Empire Beauty School-Concord,Concord,NC,28027,3,,,,,15759.0,19260.0,0.4815,0.5238,7667,13000,,,,135.0,,,0.0,23925.0
Lexington Healing Arts Academy,Lexington,KY,40503,3,,,,,,,0.3901,0.5674,7439,7600,,,,89.0,,,0.0,33193.0
Empire Beauty School-Hooksett,Hooksett,NH,03106,3,,,,,10187.0,21480.0,0.3167,0.4286,7461,7942,,,,327.0,,,0.0,33546.0
The Institute of Beauty and Wellness,Milwaukee,WI,53202-0000,3,,,,,15616.0,21015.0,0.524,0.774,6333,6333,,,,207.0,,,0.0,31723.0
Carrington College-Stockton,Stockton,CA,95207-5509,3,,,,,30387.0,21799.0,0.5994,0.6736,10460,11537,,,5938.0,429.0,,,0.0,39633.0
Trend Barber College,Houston,TX,77090,3,,,,,17885.0,13600.0,0.589,0.589,9500,12794,,,,90.0,,,0.0,16575.0
Euphoria Institute of Beauty Arts & Sciences-Summerlin,Las Vegas,NV,89117,3,,,,,28513.0,12500.0,0.6457,0.715,9000,10521,,,,588.0,,,0.0,31914.0
Columbia Southern University,Orange Beach,AL,36561-9000,3,5808.0,5808.0,18002.0,,14975.0,,0.2122,0.2381,13980,21339,,,4207.0,13053.0,0.3722,0.5876,0.0,63534.0
Arizona Culinary Institute,Scottsdale,AZ,85259,3,,,,,37938.0,25990.0,0.3807,0.4587,9500,9500,,,,157.0,,,0.0,41651.0
Healthcare Career College,Paramount,CA,90723-5258,3,,,,,14534.0,15830.0,0.8988,0.8988,9500,9500,,,5208.0,381.0,,,0.0,32613.0
Coastline Beauty College,Fountain Valley,CA,92708,3,,,,,14231.0,3850.0,0.4623,0.0,PS,PS,,,,185.0,,,,11585.0
Branford Academy of Hair and Cosmetology,Branford,CT,06405,3,,,,,5655.0,7390.0,1.0,1.0,6333,6333,,,,39.0,,,0.0,
Academy of Massage and Bodywork,Bear,DE,19701,3,,,,,,,0.3873,0.451,6333,6333,,,,113.0,,,0.0,31204.0
Academy for Five Element Acupuncture,Gainesville,FL,32601,2,,,,,,,,,PS,PS,,,,,,,0.0,
Academy of Career Training,Kissimmee,FL,34741,3,,,,,,1550.0,0.1186,0.1017,5500,6105,,,,24.0,,,0.0,22029.0
Miami Regional University,Miami Springs,FL,33166,3,,,,,28535.0,36366.0,0.2344,0.3464,20000,22500,,,7833.0,310.0,0.2083,0.9063,0.0,29081.0
Paul Mitchell the School-Miami,Miami,FL,33156,3,,,,,20559.0,17160.0,0.4702,0.5232,7667,9442,,,,112.0,,,,25024.0
Aveda Institute-South Florida,Davie,FL,33328,3,,,,,25216.0,9900.0,0.3302,0.3518,6333,6333,,,,1012.0,,,0.0,29426.0
Aveda Institute-Tallahassee,Tallahassee,FL,32304,3,,,,,22727.0,9900.0,0.1878,0.2285,6333,6333,,,,764.0,,,0.0,29449.0
Shear Excellence Hair Academy,Tampa,FL,33614,3,,,,,42367.0,11502.0,0.7164,0.7164,7464,9498,,,,149.0,,,0.0,23366.0
Carlson College of Massage Therapy,Anamosa,IA,52205,3,,,,,13205.0,10375.0,0.4902,0.6275,4736,PS,,,,19.0,,,0.0,26893.0
MyComputerCareer at Indianapolis,Indianapolis,IN,46241,3,,,,,26584.0,17271.0,0.6529,0.6518,9500,9500,,,2568.0,1034.0,,,0.0,41976.0
Z Hair Academy,Overland Park,KS,66223,3,,,,,15269.0,17250.0,0.4085,0.6046,9833,9833,,,,307.0,,,0.0,27346.0
DiGrigoli School of Cosmetology,West Springfield,MA,01089,3,,,,,18701.0,14750.0,0.0865,0.2788,PS,PS,,,,28.0,,,0.024,14195.0
Elevate Salon Institute,Royal Oak,MI,48073,3,,,,,14092.0,10341.0,0.331,0.4437,6333,6333,,,,169.0,,,0.0,16853.0
Lakewood School of Therapeutic Massage,Port Huron,MI,48060,3,,,,,,,0.9231,0.7692,7917,PS,,,,14.0,,,0.0,16682.0
The Salon Professional Academy-Battle Creek,Battle Creek,MI,49015,3,,,,,19365.0,10530.0,0.5616,0.6164,6333,6333,,,,44.0,,,0.0,21504.0
Trend Setters School,Cape Girardeau,MO,63703-7607,3,,,,,9460.0,12500.0,0.6706,0.5059,9500,10667,,,,69.0,,,0.0,23185.0
Academy of Hair Design-Springfield,Springfield,MO,65804,3,,,,,17080.0,14750.0,0.5166,0.6919,7917,9500,,,,267.0,,,0.0,25129.0
Corinth Academy of Cosmetology,Corinth,MS,38834,3,,,,,21666.0,14275.0,0.5347,0.4375,5500,8500,,,,105.0,,,0.0,25685.0
Southeastern College-Charlotte,Charlotte,NC,28217,3,24184.0,24184.0,42015.0,,36058.0,,0.7746,0.9296,9500,9500,0.9749,,5796.0,217.0,,,0.0,31548.0
Yeshivas Be'er Yitzchok,Elizabeth,NJ,07208,2,11450.0,11450.0,32040.0,,16189.0,,0.569,0.0,PS,PS,1.0,,4235.0,52.0,0.1429,0.6,,82560.0
Yeshiva Toras Chaim,Lakewood,NJ,08701,2,12750.0,12750.0,21574.0,,5014.0,,0.4178,0.0,PS,PS,0.9841,,5532.0,225.0,0.2698,0.931,,62526.0
Talmudical Seminary of Bobov,Brooklyn,NY,11219,2,13200.0,13200.0,18400.0,,1525.0,,0.9455,0.0,PS,PS,0.9807,,3143.0,515.0,0.4304,0.7697,,22432.0
Center for Allied Health Education,Brooklyn,NY,11229,3,,,,,35431.0,61175.0,0.3854,0.7659,9500,13626,0.1852,,,113.0,,,0.0,107249.0
Aveda Fredric's Institute-Cincinnati,West Chester,OH,45069,3,,,,,19015.0,21575.0,0.4833,0.575,7917,7917,,,,482.0,,,0.0,30468.0
MyComputerCareer at Columbus,Columbus,OH,43219,3,,,,,25617.0,17271.0,0.5924,0.6054,9500,9500,,,4892.0,824.0,,,0.0,43409.0
CDE Career Institute,Tannersville,PA,18372,3,,,,,29396.0,11369.0,0.9495,0.9937,9500,9500,,,,308.0,,,0.0,30894.0
Instituto Educativo Premier,Ponce,PR,00730,3,,,,,10907.0,10950.0,0.9784,0.0,PS,PS,,,,283.0,,,,20182.0
Charleston School of Law,Charleston,SC,29403,3,,,,,,,,,PS,PS,,,13383.0,,,,0.0,
Elite College of Cosmetology,Lexington,TN,38351,3,,,,,12696.0,16875.0,0.9524,0.9881,5500,5500,,,,68.0,,,0.0,21197.0
Manuel and Theresa's School of Hair Design-Bryan,Bryan,TX,77803,3,,,,,14441.0,15000.0,0.7083,1.0,6692,7924,,,,19.0,,,0.028,
Southwest University at El Paso,El Paso,TX,79925,3,16000.0,16000.0,23946.0,,17803.0,,0.7909,0.8333,14000,20000,,,4365.0,1817.0,0.6565,0.6382,0.0,29648.0
Paul Mitchell the School-Austin,Austin,TX,78759,3,,,,,20313.0,13600.0,0.5144,0.4473,7917,7917,,,,192.0,,,0.0,23721.0
Aveda Institute-Provo,Provo,UT,84601,3,,,,,16910.0,19950.0,0.3934,0.3713,6949,7666,,,,142.0,,,0.0,20414.0
Dixie Technical College,Saint George,UT,84770,1,,,,,,1569.0,0.0806,0.0,PS,PS,,,,1042.0,,,,31051.0
Victoria's Academy of Cosmetology,Kennewick,WA,99336,3,,,,,18760.0,19500.0,0.4818,0.5255,7400,7830,,,,28.0,,,0.0,24668.0
Paul Mitchell the School-San Antonio,San Antonio,TX,78259,3,,,,,25035.0,18728.0,0.5244,0.502,7457,8505,,,,352.0,,,0.0,28693.0
Bryant & Stratton College-Wauwatosa,Wauwatosa,WI,53226,2,19944.0,19944.0,25392.0,,15135.0,,0.5738,0.8114,9500,21549,,,6565.0,952.0,0.2349,0.52,0.0,32568.0
Remington College-Houston Southeast Campus,League City,TX,77573,2,13484.0,13484.0,26324.0,,20393.0,,0.9206,0.8571,9500,13271,,,4781.0,65.0,,,0.0,31349.0
Remington College-Shreveport Campus,Shreveport,LA,71118,2,23560.0,23560.0,37056.0,,30248.0,,0.9091,0.9034,9500,13271,,,3891.0,342.0,0.2593,,0.0,31349.0
TC Beauty,Johnson City,TN,37601-4626,3,,,,,12559.0,17350.0,0.6712,0.5936,7917,7917,,,,139.0,,,0.0,21153.0
Patrick Henry College,Purcellville,VA,20132,2,28425.0,28425.0,,,,,0.0,0.0,,,0.8198,1351.0,7181.0,373.0,0.6545,0.8788,,
The Hair Academy,Bismarck,ND,58501,3,,,,,15739.0,14120.0,0.2892,0.4096,10000,11630,,,,56.0,,,0.0,31370.0
Ross Medical Education Center-New Baltimore,New Baltimore,MI,48047-1581,3,,,,,21755.0,16297.0,0.7,0.94,8481,9500,,,,39.0,,,0.0,30481.0
Ross College-Sylvania,Sylvania,OH,43560-2265,3,,,,,26304.0,16140.0,0.8773,0.7558,7719,9500,,,4504.0,1273.0,,,0.002,29898.0
Escuela De Troqueleria Y Herramentaje,Bayamon,PR,00959,1,3850.0,3850.0,8450.0,2689.0,,,0.8438,0.0,PS,PS,1.0,,,67.0,,,,26293.0
Fortis Institute-Nashville,Nashville,TN,37211,3,15237.0,15237.0,36210.0,,29669.0,,0.6889,0.6812,9500,12346,,,6163.0,392.0,,,0.0,32886.0
ATA College-Cincinnati,Cincinnati,OH,45246,3,14075.0,14075.0,29073.0,,25439.0,,0.8382,0.9676,15834,21030,,,6408.0,264.0,0.7143,,0.0,34577.0
Dental Assistant Pro LLC-Columbus,Westerville,OH,43081,3,,,,,,,0.0,0.0,,,,,,10.0,,,,
Dental Assistant Pro-Lebanon,Lebanon,OH,45036,3,,,,,,,0.0,0.0,,,,,,14.0,,,,
Elite Welding Academy LLC,Cincinnati,OH,45246-1013,3,,,,,27702.0,12800.0,0.3577,0.439,5500,9483,,,,65.0,,,0.0,
Galen College of Nursing-Cincinnati,Cincinnati,OH,45241,3,16400.0,16400.0,33343.0,,29150.0,,0.5665,0.8468,16500,24166,,,6427.0,670.0,0.5476,0.7778,0.0,61480.0
Strayer University-North Carolina,Greensboro,NC,27407-2638,3,13920.0,13920.0,,,,,0.7997,0.1614,14000,40621,,,7409.0,2728.0,0.1667,0.0,0.0,40092.0
Strayer University-New Jersey,Piscataway,NJ,08854,3,13920.0,13920.0,,,,,0.6624,0.1076,14000,40621,,,9955.0,536.0,0.0,,0.0,40092.0
International Culinary Arts and Sciences Institute,Chesterland,OH,44026,3,,,,,,,0.0,0.0,,,,,,26.0,,,,
Ohio Media School-Columbus,Columbus,OH,43213,3,,,,,25406.0,18470.0,0.6318,0.682,9500,9500,,,,43.0,,,0.0,37423.0
Ohio Medical Career College,Dayton,OH,45417,3,,,,,16023.0,20100.0,0.5913,0.6174,12402,12403,,,2375.0,121.0,,,0.0,
Chamberlain University-Illinois,Addison,IL,60101,3,20604.0,20604.0,36346.0,,26933.0,,0.2994,0.5584,16458,20919,0.8857,868.0,7902.0,12188.0,0.5,0.7692,0.0,92405.0
Chamberlain University-Ohio,Columbus,OH,43219,3,19686.0,19686.0,38833.0,,32074.0,,0.486,0.7281,16458,20919,0.75,,8876.0,336.0,0.0,0.4,0.0,92405.0
Chamberlain University-Arizona,Phoenix,AZ,85021,3,20462.0,20462.0,39034.0,,37002.0,,0.4352,0.8166,16458,20919,0.875,,8876.0,745.0,0.6667,0.5556,0.0,92405.0
The Salon Professional Academy-Appleton,Appleton,WI,54914,3,,,,,10859.0,18600.0,0.4086,0.2796,8750,9991,,,,85.0,,,0.0,32317.0
Milan Institute of Cosmetology-Vacaville,Vacaville,CA,95688,3,,,,,25234.0,16227.0,0.6302,0.6174,6070,6333,,,,234.0,,,0.0,22378.0
Milan Institute of Cosmetology-Reno,Reno,NV,89502,3,,,,,20960.0,18766.0,0.5567,0.6196,6070,6333,,,,243.0,,,0.0,22378.0
Ottawa University-Online,Overland Park,KS,66211,2,,,,,,,0.2955,0.4518,12500,21500,,,7519.0,328.0,,,0.0,55552.0
Paul Mitchell the School-Esani,Roswell,GA,30076,3,,,,,18769.0,18800.0,0.5461,0.6612,9500,9833,,,,337.0,,,0.0,26287.0
Paul Mitchell the School-Birmingham,Hoover,AL,35216,3,,,,,13735.0,17075.0,0.5161,0.5376,9833,9833,,,,128.0,,,0.0,24367.0
Taft University System,Denver,CO,80222,3,,,,,,,,,PS,PS,,,,1.0,,,0.0,
Mayfield College,Cathedral City,CA,92234,3,,,,,22604.0,16188.0,0.8418,0.8114,9025,9025,,,,316.0,,,0.0,29384.0
Academy of Esthetics and Cosmetology,San Fernando,CA,91340-3212,3,,,,,18458.0,9100.0,0.5366,0.5122,4807,PS,,,,28.0,,,0.0,35089.0
Borner's Barber College,Los Angeles,CA,90047,3,,,,,22045.0,13500.0,0.5758,0.0,PS,PS,,,,41.0,,,,
Paul Mitchell the School-Pasadena,Pasadena,CA,91101,3,,,,,30966.0,15150.0,0.6561,0.6306,6333,6333,,,,200.0,,,0.0,25845.0
San Francisco Institute of Esthetics & Cosmetology Inc,San Francisco,CA,94103,3,,,,,16845.0,12040.0,0.4111,0.4111,6333,6333,,,,202.0,,,0.0,32926.0
Laurus College,San Luis Obispo,CA,93401,3,,,,,15693.0,83400.0,0.6742,0.6278,18334,32416,,,5012.0,794.0,0.3846,0.9211,0.0,30896.0
Healing Hands School of Holistic Health,Escondido,CA,92025,3,,,,,56381.0,15000.0,0.2276,0.2466,5700,6333,,,,256.0,,,0.0,24366.0
Career Development Institute Inc,Los Angeles,CA,90035,3,,,,,21412.0,31993.0,0.663,0.7283,12873,16873,,,,168.0,,,0.0,62209.0
Auguste Escoffier School of Culinary Arts-Boulder,Boulder,CO,80305,3,,,,,12193.0,21476.0,0.4845,0.5283,7619,9653,,,5004.0,8571.0,,,0.0,32001.0
Aspen University,Phoenix,AZ,85040,3,6264.0,6264.0,,,,,0.1287,0.1532,7802,15756,,,6052.0,2396.0,,,0.0,
Institute of Taoist Education and Acupuncture,Louisville,CO,80027,2,,,,,,,,,PS,PS,,,,,,,0.0,
Denver College of Nursing,Denver,CO,80202,3,,,,,,,0.2514,0.6463,21110,26500,,,6295.0,949.0,,,0.0,81809.0
Cambridge College of Healthcare & Technology,Delray Beach,FL,33484,3,14908.0,14908.0,22460.0,,18526.0,,0.5761,0.6794,11125,26250,,,7708.0,1037.0,0.56,,0.0,47792.0
Cozmo Beauty School,Bonita Springs,FL,34135,3,,,,,20231.0,17950.0,0.2857,0.369,7666,8082,,,,68.0,,,0.0,24319.0
Celebrity School of Beauty,Miami,FL,33144,3,,,,,4857.0,5045.0,0.6413,0.6422,6232,6333,,,,884.0,,,0.0,15626.0
Paul Mitchell the School-Atlanta,Atlanta,GA,30318,3,,,,,17887.0,18750.0,0.638,0.6339,6844,12500,,,,301.0,,,0.0,21775.0
Evans Hairstyling College-Rexburg,Rexburg,ID,83440,3,,,,,9349.0,12300.0,0.4,0.1545,6600,PS,,,,67.0,,,0.0,16984.0
Paul Mitchell the School-Rexburg,Rexburg,ID,83440,3,,,,,18012.0,15600.0,0.4894,0.5132,8750,9500,,,,246.0,,,0.0,26774.0
University of Aesthetics & Cosmetology,Chicago,IL,60622-2151,3,,,,,17040.0,14325.0,0.6053,0.75,7917,7917,,,,62.0,,,0.0,28955.0
The University of Aesthetics & Cosmetology,Downers Grove,IL,60515,3,,,,,16241.0,14325.0,0.3689,0.4951,6392,7917,,,,60.0,,,0.0,
Tricoci University of Beauty Culture-Chicago NW,Chicago,IL,60656,3,,,,,19244.0,13184.0,0.5954,0.6496,7307,7307,,,,206.0,,,0.0,28554.0
Tricoci University of Beauty Culture-Glendale Heights,Glendale Heights,IL,60139,3,,,,,16274.0,13184.0,0.5422,0.5511,7307,7307,,,,148.0,,,0.0,27330.0
Tricoci University of Beauty Culture-Peoria,Peoria,IL,61614,3,,,,,20508.0,13184.0,0.6398,0.7109,7307,7307,,,,137.0,,,0.0,26236.0
Tricoci University of Beauty Culture-Rockford,Rockford,IL,61108,3,,,,,18036.0,13684.0,0.6096,0.637,7307,7307,,,,173.0,,,0.0,25109.0
Omega Studios' School of Applied Recording Arts & Sciences,Rockville,MD,20852,3,,,,,,,0.3265,0.5204,5500,5500,,,,74.0,,,0.0,46719.0
French Academy of Cosmetology,Spring Lake,MI,49456,3,,,,,8284.0,5282.0,0.2301,0.5044,4223,4223,,,,39.0,,,0.0,22797.0
Healing Arts Center,St. Louis,MO,63122,3,,,,,,,0.4286,0.5466,6333,6365,,,,121.0,,,0.0,36447.0
Paul Mitchell the School-Springfield,Springfield,MO,65807,3,,,,,16487.0,9000.0,0.5451,0.5837,6243,7917,,,,263.0,,,0.0,25931.0
Urshan Graduate School of Theology,Wentzville,MO,63385,2,,,,,,,,,PS,PS,,,6350.0,,,,0.0,
Mississippi Institute of Aesthetics Nails & Cosmetology,Clinton,MS,39056,3,,,,,10770.0,16500.0,0.254,0.3492,3604,PS,,,,77.0,,,0.0,28148.0
College of Western Idaho,Nampa,ID,83687,1,3336.0,7344.0,12294.0,7697.0,,,0.2286,0.251,4823,9720,,,7146.0,5898.0,,,0.0,
Aveda Institute-Chapel Hill,Chapel Hill,NC,27514-7001,3,,,,,21152.0,22989.0,0.4923,0.5139,6333,6333,,,,171.0,,,0.0,26873.0
Daoist Traditions College of Chinese Medical Arts,Asheville,NC,28801,3,,,,,,,,,PS,PS,,,,,,,0.0,
Total Image Beauty Academy,Union City,NJ,07087,3,,,,,13423.0,15132.0,0.3134,0.2662,8500,8500,,,,293.0,,,0.0,18720.0
Jersey College,Teterboro,NJ,07608,3,,,,,28490.0,36635.0,0.5753,0.8034,16010,21000,0.6791,967.0,7072.0,4089.0,,,0.0,66087.0
American Institute of Medical Sciences & Education,Piscataway,NJ,08854,3,,,,,40225.0,35525.0,0.2736,0.4544,9500,11995,,,,397.0,,,0.0,40407.0
Casal Institute of Nevada,Las Vegas,NV,89119,3,,,,,14037.0,10684.0,0.6364,0.6491,6333,6333,,,,309.0,,,0.0,25293.0
Career School of NY,Staten Island,NY,10301,2,,,,,8069.0,5470.0,0.3604,0.4112,PS,PS,,,,110.0,,,0.0,35778.0
Yeshiva of Machzikai Hadas,Brooklyn,NY,11219-1408,2,10800.0,10800.0,31390.0,,18970.0,,0.8422,0.0,PS,PS,0.6615,,2494.0,461.0,0.7121,0.9495,,
Aveda Institute-Columbus,Columbus,OH,43214,3,,,,,19538.0,22989.0,0.5277,0.6193,6333,6333,,,,242.0,,,0.0,30231.0
Paul Mitchell the School-Cincinnati,Cincinnati,OH,45241,3,,,,,22003.0,18915.0,0.5569,0.6327,9833,12500,,,,241.0,,,0.0,28363.0
Hands on Therapy,Mesquite,TX,75149,3,,,,,15464.0,11374.0,0.5696,0.5443,7917,7917,,,,41.0,,,0.0,28323.0
MediaTech Institute-Dallas,Dallas,TX,75234,3,,,,,18860.0,35200.0,0.4945,0.5964,14750,20000,,,5067.0,200.0,,,0.0,33293.0
Aveda Arts & Sciences Institute-San Antonio,San Antonio,TX,78259-2792,3,,,,,24217.0,19500.0,0.4889,0.5556,7916,7916,,,,256.0,,,0.0,32162.0
Skin Science Institute,Sandy,UT,84094,3,,,,,18040.0,16050.0,0.1497,0.1497,7667,7667,,,,174.0,,,0.0,27153.0
Pacific Northwest University of Health Sciences,Yakima,WA,98901,2,,,,,,,,,PS,PS,,,10531.0,,,,0.0,
The Chicago School at Anaheim,Anaheim,CA,92806,2,,,,,,,,,10250,20000,,,8024.0,,,,0.0,56899.0
Fortis College-Dothan,Dothan,AL,36303,3,,,,,19325.0,16264.0,0.8182,0.6409,9396,9500,,,,154.0,,,0.0,32754.0
Fortis Institute-Pensacola,Pensacola,FL,32514,3,14767.0,14767.0,29865.0,,24076.0,,0.6593,0.6893,9122,9500,,,5087.0,657.0,,,0.0,26652.0
Fortis College-Montgomery,Montgomery,AL,36109,3,,,,,19380.0,16264.0,0.84,0.6729,9122,9500,,,,305.0,,,0.0,26652.0
Woodland Community College,Woodland,CA,95776,1,1124.0,8184.0,11798.0,4097.0,,,0.2502,0.0073,PS,PS,,,12121.0,2949.0,,,0.0,40042.0
Fortis Institute-Birmingham,Birmingham,AL,35211,3,14561.0,14561.0,29880.0,,22914.0,,0.7853,0.6387,9500,12346,,,5088.0,339.0,,,0.0,32886.0
The Chicago School at Los Angeles,Los Angeles,CA,90017,2,20844.0,20844.0,,,,,0.6056,0.3134,10250,20000,0.4017,,7856.0,324.0,,,0.0,56899.0
Cardiac and Vascular Institute of Ultrasound,Mobile,AL,36606,3,,,,,,,0.3529,0.9216,19156,19160,,,,51.0,,,0.0,52669.0
Studio Academy of Beauty,Chandler,AZ,85224,3,,,,,19585.0,18495.0,0.7386,0.7682,6160,6221,,,,668.0,,,0.0,27201.0
California Nurses Educational Institute,Palm Springs,CA,92264,3,,,,,21278.0,33500.0,0.3137,0.3985,14750,16941,,,,114.0,,,0.0,46895.0
Paul Mitchell the School-Sacramento,Sacramento,CA,95825,3,,,,,19748.0,9360.0,0.5193,0.497,6333,6333,,,,342.0,,,0.0,30336.0
Providence Christian College,Pasadena,CA,91101,2,35147.0,35147.0,51852.0,,25378.0,,0.3382,0.625,14500,25000,0.9252,,5633.0,144.0,0.5263,0.8158,0.0,46264.0
Oxford Academy of Hair Design Inc,Seymour,CT,06483,3,,,,,12671.0,19950.0,0.6207,0.5961,6333,6333,,,,140.0,,,0.0,
Institute of World Politics,Washington,DC,20036,2,,,,,,,,,PS,PS,,,11944.0,,,,0.0,
Pontifical John Paul II Institute for Studies on Marriage and Family,Washington,DC,20064-9997,2,,,,,,,,,PS,PS,,,10077.0,,,,0.0,
Medical Institute of Palm Beach,Greenacres,FL,33463,3,,,,,41411.0,25000.0,0.3958,0.4239,5975,6417,,,,261.0,,,0.0,25811.0
Oliver Finley Academy of Cosmetology,Boise,ID,83714,3,,,,,21522.0,21100.0,0.3935,0.5435,6333,6333,,,,276.0,,,0.0,26323.0
National Career College,Panorama City,CA,91402,3,,,,,17772.0,14350.0,0.708,0.6698,8417,8645,,,6050.0,366.0,,,0.0,19347.0
Aveda Institute-Chicago,Chicago,IL,60657,3,,,,,32988.0,22350.0,0.4022,0.4946,7917,7917,,,,99.0,,,0.0,31369.0
Tricoci University of Beauty Culture-Libertyville,Libertyville,IL,60048,3,,,,,18273.0,13184.0,0.5215,0.5743,7307,7307,,,,193.0,,,0.0,35650.0
Tricoci University of Beauty Culture-Bridgeview,Bridgeview,IL,60455,3,,,,,18154.0,13184.0,0.6852,0.6852,7307,7307,,,,438.0,,,0.0,25671.0
The Temple-A Paul Mitchell Partner School,Frederick,MD,21701,3,,,,,28358.0,20940.0,0.4304,0.5522,9833,9833,,,,167.0,,,0.0,27891.0
Center for Massage,Asheville,NC,28801,3,,,,,16242.0,8945.0,0.2826,0.4239,6333,6333,,,,57.0,,,0.009,19244.0
The Academy of Hair Design LLC,Oklahoma City,OK,73134-8055,3,,,,,15080.0,18100.0,0.3977,0.5114,9833,16500,,,,57.0,,,0.0,23567.0
Toni & Guy Hairdressing Academy-Cranston,Cranston,RI,02920,3,,,,,18493.0,16148.0,0.488,0.6124,7667,11000,,,,113.0,,,0.0,
South Texas Training Center,Pharr,TX,78577,3,12370.0,12370.0,14726.0,,5495.0,,0.7727,0.6364,3500,3677,,,,276.0,,,0.0,29384.0
Columbia College,Vienna,VA,22182,3,,,,,9921.0,9360.0,0.3031,0.1906,6035,7940,,,2750.0,239.0,,,0.0,22160.0
Vermont College of Fine Arts,Montpelier,VT,05602,2,,,,,,,,,,,,,,,,,,
Advanced Welding Institute,South Burlington,VT,05403,3,,,,,24554.0,22500.0,0.4,0.5167,5077,PS,,,,97.0,,,0.0,
Paul Mitchell the School-Memphis,Memphis,TN,38111,3,,,,,20861.0,16775.0,0.5736,0.5675,9833,9833,,,,189.0,,,0.0,25306.0
Pima Medical Institute-East Valley,Mesa,AZ,85209,3,,,,,6526.0,5040.0,0.2433,0.3437,9500,9500,,,5445.0,373.0,,,0.0,38673.0
Paul Mitchell the School-Cleveland,Twinsburg,OH,44087,3,,,,,20344.0,17602.0,0.6143,0.6476,9833,9833,,,,142.0,,,0.0,31064.0
Paul Mitchell the School-Columbus,Columbus,OH,43231,3,,,,,18169.0,17677.0,0.5171,0.6341,9833,9833,,,,166.0,,,0.0,37609.0
Empire Beauty School-Spring Lake Park,Spring Lake Park,MN,55432,3,,,,,17445.0,20538.0,0.5764,0.5,7667,13000,,,,80.0,,,0.0,23925.0
MediaTech Institute-Houston,Houston,TX,77042,3,,,,,16906.0,35200.0,0.7227,0.7143,14750,20000,,,4500.0,96.0,,,0.0,33293.0
Miller-Motte College-Raleigh,Raleigh,NC,27604-6072,3,,,,,21131.0,25240.0,0.6554,0.6441,10661,15917,,,4640.0,214.0,,,0.0,31102.0
Lamson Institute,San Antonio,TX,78238,3,,,,,24617.0,17010.0,0.4534,0.4626,7600,7853,,,5125.0,443.0,,,0.0,38015.0
College of Hair Design-East Campus,Lincoln,NE,68526,3,,,,,14649.0,21916.0,0.4877,0.5567,8031,12000,,,,116.0,,,0.0,28376.0
Fortis College-Salt Lake City,Salt Lake City,UT,84107,3,13112.0,13112.0,32149.0,,25803.0,,0.6087,0.7666,11501,13000,,,6333.0,371.0,,,0.0,34509.0
Polytechnic University of Puerto Rico-Miami,Miami,FL,33166,2,14082.0,14082.0,,,,,0.7059,1.0,12830,22564,,,4483.0,29.0,0.0,,0.0,47540.0
Polytechnic University of Puerto Rico-Orlando,Orlando,FL,32825,2,14262.0,14262.0,21955.0,,20040.0,,0.5913,0.687,12830,22564,,,6030.0,102.0,0.0833,0.2,0.0,47540.0
Ross Medical Education Center-Fort Wayne,Fort Wayne,IN,46805-1046,3,,,,,23193.0,16297.0,0.7862,0.805,5500,9500,,,3218.0,124.0,,,0.001,30072.0
Ross Medical Education Center-Battle Creek,Battle Creek,MI,49015-9393,3,,,,,22416.0,16297.0,0.8462,0.8462,7504,9500,,,,46.0,,,0.0,30060.0
Geisinger Commonwealth School of Medicine,Scranton,PA,18509,2,11131.0,11131.0,,,,,,,PS,PS,,,7212.0,63.0,,,0.0,
Josef's School of Hair Skin & Body-Fargo,Fargo,ND,58103,3,,,,,14285.0,17000.0,0.4622,0.7143,6337,7917,,,,74.0,,,0.0,27987.0
Miller-Motte College-McCann-Allentown,Allentown,PA,18109,3,,,,,,5000.0,0.6004,0.5964,10661,15917,,,4732.0,277.0,,,0.0,31102.0
Salon Success Academy-Fontana,Fontana,CA,92335,3,,,,,10813.0,16900.0,0.6774,0.6452,7176,7177,,,,34.0,,,0.0,22412.0
Salon Success Academy-Redlands,Redlands,CA,92373,3,,,,,14662.0,16900.0,0.5047,0.5399,7176,7177,,,,259.0,,,0.0,22412.0
Strayer University-West Virginia,Scott Depot,WV,25560,3,13920.0,13920.0,23838.0,,16943.0,,0.8507,0.1319,14000,40621,,,9955.0,377.0,0.5,1.0,0.0,40092.0
Paul Mitchell the School-Baton Rouge,Baton Rouge,LA,70816,3,,,,,15535.0,21000.0,0.6357,0.6667,9833,9833,,,,224.0,,,0.0,25699.0
San Joaquin Valley College-Hesperia,Hesperia,CA,92344-8086,3,,,,,23634.0,21997.0,0.6217,0.6719,9773,10674,,,5710.0,437.0,,,0.0,38317.0
South Texas Vocational Technical Institute-Brownsville,Brownsville,TX,78521,3,,,,,19274.0,19735.0,0.7398,0.7663,10661,15917,,,,176.0,,,0.0,31102.0
Miller-Motte College-STVT-Corpus Christi,Corpus Christi,TX,78416,3,,,,,20581.0,21040.0,0.7965,0.8283,10661,15917,,,,392.0,,,0.0,31102.0
University of Minnesota-Rochester,Rochester,MN,55904,1,14400.0,14400.0,27237.0,12785.0,,,0.3556,0.4937,16727,19500,0.7183,1220.0,8346.0,568.0,0.5691,0.7211,0.0,69020.0
Health And Style Institute,Greensboro,NC,27407,3,,,,,37514.0,14545.0,0.3772,0.3656,5500,8444,,,,1112.0,,,0.0,23421.0
CBT Technology Institute-Cutler Bay,Cutler Bay,FL,33157,3,13150.0,13150.0,24772.0,,17375.0,,1.0,1.0,8500,8550,,,4500.0,262.0,,,0.0,29534.0
Capri Beauty College,New Lenox,IL,60451,3,,,,,18116.0,20075.0,0.2407,0.4259,9833,9833,,,,84.0,,,0.0,26804.0
Milan Institute-Bakersfield,Bakersfield,CA,93301,3,,,,,29198.0,15526.0,0.684,0.6389,6333,6333,,,,514.0,,,0.0,24879.0
Homestead Schools,Torrance,CA,90505,2,,,,,15845.0,35750.0,0.5873,0.6667,18040,18040,,,10140.0,176.0,0.9375,,0.0,59398.0
Carrington College-Las Vegas,Las Vegas,NV,89119,3,,,,,30306.0,19146.0,0.6082,0.7537,9298,9500,,,7217.0,359.0,,,0.0,36718.0
Carrington College-Reno,Reno,NV,89511,3,,,,,47705.0,61578.0,0.3451,0.6672,12094,15188,,,8169.0,500.0,,,0.0,43731.0
Chamberlain University-Florida,Jacksonville,FL,32256,3,19686.0,19686.0,34657.0,,29539.0,,0.5327,0.8094,16458,20919,1.0,,7988.0,839.0,0.3333,1.0,0.0,92405.0
Washington Barber College Inc,Little Rock,AR,72209-3820,3,,,,,16141.0,17000.0,1.0,1.0,13022,14000,,,,51.0,,,0.0,8579.0
InterCoast Colleges-Rancho Cordova,Rancho Cordova,CA,95827,3,,,,,23629.0,22500.0,0.5108,0.5054,9500,10313,,,,78.0,,,0.0,36089.0
Horizon University,Indianapolis,IN,46236-2622,2,9840.0,9840.0,,,,,0.1463,0.0488,PS,PS,,,,58.0,,1.0,0.0,65875.0
Beyond 21st Century Beauty Academy,Santa Fe Springs,CA,90670,3,,,,,19155.0,16415.0,0.3822,0.2513,3000,PS,,,,102.0,,,0.0,25139.0
Academy for Jewish Religion California,Los Angeles,CA,90045,2,,,,,,,,,,,,,1333.0,,,,0.0,
Angeles College,Los Angeles,CA,90010,3,,,,,25805.0,32944.0,0.5147,0.663,16000,16522,,,8411.0,484.0,0.9714,0.5,0.0,49108.0
Angeles Institute,ARTESIA,CA,90701-2713,3,,,,,23161.0,31715.0,0.6114,0.6919,14377,17238,,,,132.0,,,0.0,61195.0
Paul Mitchell the School-Temecula,Temecula,CA,92591,3,,,,,33646.0,16625.0,0.5291,0.591,10556,12858,,,,275.0,,,0.0,22452.0
TIGI Hairdressing Academy Guilford,Guilford,CT,06437,3,,,,,19952.0,19250.0,0.3175,0.5556,9659,PS,,,,63.0,,,0.02,
International Institute of Cosmetology,Wethersfield,CT,06109,3,,,,,16901.0,20055.0,0.3234,0.4647,9833,9833,,,,184.0,,,0.0,
Florida School of Traditional Midwifery,Gainesville,FL,32601,2,,,,,,,0.3784,0.5135,35157,PS,,,,73.0,,,0.0,38933.0
Emerald Coast Technical College,DeFuniak Springs,FL,32433,1,,,,15106.0,,7300.0,0.4183,0.0,PS,PS,,,,170.0,,,,36180.0
Immokalee Technical College,Immokalee,FL,34142,1,,,,-120.0,,5142.0,0.3513,0.0,PS,PS,,,,280.0,,,,37652.0
American Academy of Cosmetology,Orange Park,FL,32065,3,,,,,23727.0,16150.0,0.5749,0.599,6333,7638,,,,96.0,,,0.0,23985.0
University of Fort Lauderdale,Lauderhill,FL,33313,2,9810.0,9810.0,20726.0,,15245.0,,0.5812,0.3682,5500,PS,,,3875.0,259.0,0.75,,0.0,38062.0
Aviation Institute of Maintenance-Orlando,Casselberry,FL,32707,3,16757.0,16757.0,28071.0,,22952.0,,0.6475,0.791,24250,31301,,,,297.0,,,0.0,53341.0
Summit Salon Academy,Tampa,FL,33624,3,,,,,19220.0,18000.0,0.4395,0.5446,7389,7389,,,,222.0,,,0.0,27037.0
Summit Salon Academy-Gainesville,Gainesville,FL,32607,3,,,,,15818.0,13245.0,0.6261,0.6261,7667,11000,,,,146.0,,,0.0,27856.0
Tenaj Salon Institute,The Villages,FL,32162,3,,,,,25834.0,16075.0,0.3913,0.4783,9500,13000,,,,62.0,,,0.0,25196.0
Profile Institute of Barber-Styling,Atlanta,GA,30315,3,,,,,20489.0,18650.0,0.56,0.62,16500,PS,,,,26.0,,,0.026,25629.0
Keune Academy by 124,Lawrenceville,GA,30043,3,,,,,15992.0,19585.0,0.3333,0.5385,9833,9833,,,,120.0,,,0.0,30962.0
Pacific Rim Christian University,Honolulu,HI,96819-2228,2,12380.0,12380.0,24042.0,,22668.0,,0.8632,0.5474,13616,PS,,,,113.0,0.5238,0.8571,0.0,40523.0
Paul Mitchell the School-Twin Falls,TWIN FALLS,ID,83301,3,,,,,21245.0,18836.0,0.6563,0.5833,4750,PS,,,,62.0,,,0.0,27947.0
Ambria College of Nursing,Hoffman Estates,IL,60192,3,,,,,,38185.0,0.3218,0.4741,9500,15438,,,6472.0,195.0,,,0.0,67290.0
Midwestern Career College,Chicago,IL,60601,3,,,,,11466.0,17320.0,0.3961,0.4573,7521,7521,,,5495.0,824.0,,,0.0,36432.0
Paul Mitchell the School-Normal,Normal,IL,61761,3,,,,,16843.0,18668.0,0.424,0.568,9833,9833,,,,79.0,,,0.0,26715.0
Aveda Fredric's Institute-Indianapolis,Carmel,IN,46032,3,,,,,23187.0,21575.0,0.3667,0.4806,7389,7389,,,,266.0,,,0.0,31963.0
Summit Salon Academy,Anderson,IN,46013,3,,,,,16124.0,14800.0,0.4434,0.6109,7389,9833,,,,127.0,,,0.0,25337.0
Eric Fisher Academy,Wichita,KS,67212,3,,,,,12934.0,17025.0,0.4178,0.5033,8986,9339,,,,178.0,,,0.0,32858.0
My Le's Beauty College,Gretna,LA,70056,3,,,,,12990.0,13650.0,0.7045,0.0,PS,PS,,,,84.0,,,,18946.0
Blackstone Valley Vocational Regional School District,Upton,MA,01568-1499,1,,,,,,,0.3043,0.5,7454,PS,,,,40.0,,,0.0,
Southern Worcester County Regional Vocational School District,Charlton,MA,01507-1331,1,,,,32513.0,,14500.0,0.3095,0.5476,9500,PS,1.0,,,39.0,,,0.041,
L'esprit Academy,Canton,MI,48187-3669,3,,,,,27617.0,10115.0,0.446,0.446,6333,6333,,,,273.0,,,0.0,22440.0
Marketti Academy of Cosmetology,Waterford,MI,48329,3,,,,,,3315.0,0.1084,0.1566,7081,PS,,,,45.0,,,0.0,14345.0
Avalon School of Cosmetology,Worthington,MN,56187,3,,,,,13095.0,13516.0,0.4,0.0,PS,PS,,,,18.0,,,,28336.0
City Vision University,Kansas City,MO,64106-3028,2,6400.0,6400.0,12568.0,,6709.0,,0.6591,0.0,PS,PS,,,,188.0,,0.6667,0.0,21123.0
Montana Academy of Salons,Great Falls,MT,59405,3,,,,,13158.0,18200.0,0.3516,0.484,9500,9833,,,,147.0,,,0.0,28841.0
National Career Institute,East Orange,NJ,07018,3,,,,,21409.0,10000.0,0.6174,0.4697,6756,6756,,,,148.0,,,0.0,26415.0
Paul Mitchell the School-Albuquerque,Albuquerque,NM,87110,3,,,,,14118.0,15500.0,0.4432,0.4432,7667,10556,,,,113.0,,,0.0,33273.0
International Academy of Style,Reno,NV,89502-1559,3,,,,,20891.0,19350.0,0.5317,0.5805,6333,6333,,,,109.0,,,0.0,32709.0
EDP School,Brooklyn,NY,11235,2,,,,,11808.0,7500.0,0.9146,0.0,PS,PS,,,,155.0,,,,41461.0
New York Medical Career Training Center,Flushing,NY,11354,3,,,,,29174.0,29500.0,0.4299,0.814,12239,14282,1.0,,,87.0,,,0.0,40540.0
Institute of Culinary Education,New York,NY,10281,3,,,,,,,0.2134,0.3942,3972,6439,,,,637.0,,,0.0,47865.0
The Salon Professional Academy-Tonawanda,Tonawanda,NY,14150,3,,,,,16391.0,10639.0,0.3723,0.4526,6333,6333,,,,139.0,,,0.0,26460.0
Paul Mitchell the School-NYC,Staten Island,NY,10306,3,,,,,19024.0,14600.0,0.3786,0.4854,5500,7614,,,,75.0,,,0.008,32002.0
Four County Career Center,Archbold,OH,43502,1,,,,,,,0.007,0.0,PS,PS,,,,129.0,,,,77338.0
Summit Salon Academy-Perrysburg,Perrysburg,OH,43551,3,,,,,13293.0,20390.0,0.3333,0.4407,7917,7917,,,,108.0,,,0.0,22606.0
Portland Actors Conservatory,Portland,OR,97209,2,12115.0,12115.0,34015.0,,29915.0,,0.25,0.5833,PS,PS,0.6667,,,13.0,,,0.0,
Somerset County Technology Center,Somerset,PA,15501-4309,1,,,,16620.0,,16500.0,0.2545,0.3455,11500,PS,,,,50.0,,,0.0,37558.0
Metro Beauty Academy,Allentown,PA,18106,3,,,,,19716.0,17450.0,0.1608,0.2701,8028,8028,,,,174.0,,,0.0,33859.0
Academy for Careers and Technology,Mullins,SC,29574,1,,,,3766.0,,6300.0,0.3542,0.0,PS,PS,,,,45.0,,,,46553.0
Love Beauty School Inc,Manchester,TN,37355,3,,,,,7814.0,15000.0,0.6526,0.6526,6333,7917,,,,64.0,,,0.0,18056.0
Houston International College Cardiotech Ultrasound School,Houston,TX,77099,3,11978.0,11978.0,26053.0,,19158.0,,0.8043,0.9348,14750,PS,0.4,,6570.0,41.0,,,0.0,36432.0
DuVall's School of Cosmetology,Bedford,TX,76021,3,,,,,17859.0,11400.0,0.5094,0.6226,7796,7917,,,,89.0,,,0.0,30572.0
Texas Beauty College,Haltom city,TX,76117,3,,,,,11652.0,8217.0,0.8824,0.0,PS,PS,,,,59.0,,,,26392.0
Avenue Five Institute,Austin,TX,78757,3,,,,,26507.0,13012.0,0.4189,0.4737,7917,7917,,,,267.0,,,0.0,30280.0
The Salon Professional Academy-Lewisville,Lewisville,TX,75067,3,,,,,,16225.0,0.4378,0.6617,7917,7917,,,,127.0,,,0.0,29145.0
Renaissance Academie,Provo,UT,84604,3,,,,,24345.0,17550.0,0.232,0.2293,5500,6167,,,,206.0,,,0.0,21547.0
Ascent College,Gainesville,VA,20155,2,7680.0,7680.0,,,,,0.26,0.29,PS,PS,,,1875.0,85.0,0.5,,0.0,
Institute of Advanced Medical Esthetics,Ashland,VA,23005-2111,3,,,,,11317.0,9950.0,0.5224,0.4776,9500,PS,,,,37.0,,,0.0,31213.0
Aveda Arts & Sciences Institute Seattle,Seattle,WA,98122,3,,,,,30692.0,21000.0,0.2392,0.3608,7773,7773,,,,157.0,,,0.007,32491.0
Northwest School of Wooden Boat Building,Port Hadlock,WA,98339,2,20025.0,20025.0,32601.0,,25795.0,,0.3065,0.3871,PS,PS,,,4848.0,43.0,,,0.027,
The Salon Professional Academy-Onalaska,Onalaska,WI,54650,3,,,,,16460.0,24900.0,0.4522,0.5478,7917,8374,,,,76.0,,,0.0,30744.0
West Coast University-Orange County,Anaheim,CA,92802-2905,3,22685.0,22685.0,38599.0,,36836.0,,0.4122,0.8343,24145,32946,,,8719.0,3168.0,0.6429,0.8571,0.0,102672.0
West Coast University-Ontario,Ontario,CA,91761-7698,3,37194.0,37194.0,51950.0,,49752.0,,0.4971,0.8837,24145,32946,,,9096.0,2647.0,0.5,0.8333,0.0,102672.0
Paul Mitchell the School-Chicago,Chicago,IL,60607,3,,,,,16064.0,22575.0,0.625,0.5893,9500,13598,,,,145.0,,,0.0,27652.0
Miller-Motte College-Fayetteville,Fayetteville,NC,28311,3,,,,,,5000.0,0.4769,0.4385,10661,15917,,,3802.0,169.0,,,0.0,31102.0
European Massage Therapy School-Las Vegas,Las Vegas,NV,89117,3,,,,,,,0.3984,0.4766,5657,5657,,,,83.0,,,0.0,24290.0
Miller-Motte College-Columbus,Columbus,GA,31907,3,,,,,21407.0,21040.0,0.9028,0.8704,10661,15917,,,3913.0,270.0,,,0.0,31102.0
Fortis College-Indianapolis,Indianapolis,IN,46268,3,14116.0,14116.0,34815.0,,28374.0,,0.7852,0.7958,12949,13000,,,6092.0,265.0,,,0.0,34726.0
Empire Beauty School-E Memphis,Memphis,TN,38117,3,,,,,15895.0,17145.0,0.5061,0.589,6633,10667,,,,216.0,,,0.001,22377.0
Empire Beauty School-Nashville,Brentwood,TN,37027,3,,,,,13888.0,17145.0,0.4574,0.5904,7851,10667,,,,125.0,,,0.0,23921.0
Empire Beauty School-Jackson,Jackson,TN,38301,3,,,,,13699.0,17145.0,0.7315,0.6574,6756,10667,,,,44.0,,,0.0,24397.0
Empire Beauty School-Springfield,Springfield,PA,19064,3,,,,,17417.0,17000.0,0.552,0.6201,8028,13000,,,,174.0,,,0.0,25073.0
Empire Beauty School-Speedway,Speedway,IN,46224,3,,,,,17267.0,19260.0,0.54,0.5061,7050,13583,,,,209.0,,,0.0,24407.0
Empire Beauty School-Morrow,Morrow,GA,30260,3,,,,,16313.0,19260.0,0.6417,0.6139,6756,10667,,,,209.0,,,0.0,24397.0
Strayer University-Arkansas,Little Rock,AR,72201,3,13920.0,13920.0,,,,,0.9273,0.1345,14000,40621,,,9955.0,456.0,,,0.0,40092.0
Strayer University-Georgia,Chamblee,GA,30341,3,13920.0,13920.0,23838.0,,18224.0,,0.7837,0.1551,14000,40621,,,7147.0,4878.0,0.2308,0.5,0.0,40092.0
Strayer University-Mississippi,Jackson,MS,39201,3,13920.0,13920.0,,,,,0.8339,0.1408,14000,40621,,,9955.0,400.0,,,0.0,40092.0
Strayer University-South Carolina,Greenville,SC,29601,3,13920.0,13920.0,23838.0,,22134.0,,0.7889,0.1452,14000,40621,,,8296.0,1830.0,0.0,0.1667,0.0,40092.0
Strayer University-Texas,Farmers Branch,TX,75234,3,13920.0,13920.0,23838.0,,17517.0,,0.7428,0.1031,14000,40621,,,8533.0,2397.0,0.5,0.2,0.0,40092.0
Empire Beauty School-Charlotte,Charlotte,NC,28213,3,,,,,16126.0,19260.0,0.7029,0.6159,6222,10667,,,,81.0,,,0.0,24022.0
Empire Beauty School-Winston-Salem,Winston-Salem,NC,27106,3,,,,,15478.0,19260.0,0.6429,0.5918,6756,10667,,,,72.0,,,0.0,24397.0
Empire Beauty School-West Palm,West Palm Beach,FL,33409,3,,,,,17362.0,16320.0,0.5758,0.5758,8028,13000,,,,58.0,,,0.0,25073.0
Empire Beauty School-Pineville,Charlotte,NC,28226,3,,,,,16090.0,19260.0,0.4855,0.5,7667,13000,,,,81.0,,,0.0,23925.0
Paul Mitchell the School-Phoenix,Phoenix,AZ,85017,3,,,,,18308.0,18100.0,0.6143,0.6,11200,16779,,,,102.0,,,0.0,29340.0
Paul Mitchell the School-Modesto,Modesto,CA,95350,3,,,,,17550.0,8503.0,0.5914,0.6007,6211,6211,,,,305.0,,,0.0,28691.0
Paul Mitchell the School-Fresno,Fresno,CA,93710,3,,,,,20048.0,13633.0,0.8547,0.7464,9500,11277,,,,262.0,,,0.0,29671.0
Unitek College,Fremont,CA,94538,3,,,,,25719.0,37659.0,0.4186,0.5777,9769,10700,,,7729.0,4715.0,0.7168,0.8571,0.0,79550.0
Gurnick Academy of Medical Arts,San Jose,CA,95112,3,,,,,30558.0,36110.0,0.442,0.6493,16832,17317,,,8742.0,2844.0,0.6985,0.5,0.0,66844.0
Paul Mitchell the School-East Bay,Pleasant Hill,CA,94523,3,,,,,30889.0,16628.0,0.4441,0.472,10513,13083,,,,212.0,,,0.0,29418.0
South University-Richmond,Glen Allen,VA,23060,3,18238.0,18238.0,33875.0,,26205.0,,0.4125,0.5519,13000,26123,,,7179.0,244.0,0.2069,0.6364,0.0,34421.0
South University-Virginia Beach,Virginia Beach,VA,23452,3,18238.0,18238.0,33875.0,,24372.0,,0.5122,0.5024,13000,26123,,,6454.0,252.0,0.1364,0.25,0.0,34421.0
Aveda Institute-Denver,Denver,CO,80204,3,,,,,21495.0,21150.0,0.3234,0.4493,6500,9829,,,,316.0,,,0.0,38020.0
Paul Mitchell the School-Colorado Springs,Colorado Springs,CO,80903,3,,,,,16851.0,17100.0,0.4684,0.4452,6333,7667,,,,169.0,,,0.0,27683.0
The Salon Professional Academy-Colorado Springs,Colorado Springs,CO,80918,3,,,,,11079.0,7900.0,0.488,0.52,6333,6333,,,,85.0,,,0.0,28934.0
Paul Mitchell the School-Delaware,Newark,DE,19702,3,,,,,16036.0,17225.0,0.5497,0.5894,9833,9833,,,,130.0,,,0.0,32242.0
Fred K Marchman Technical College,New Port Richey,FL,34653,1,,,,7938.0,,3988.0,0.336,0.0,PS,PS,,,,322.0,,,,30259.0
The Salon Professional Academy-Ft Myers,Fort Myers,FL,33907,3,,,,,20140.0,17925.0,0.2124,0.2642,7667,9500,,,,104.0,,,0.0,26408.0
Universal Spa Training Academy,Downers Grove,IL,60515,3,,,,,20547.0,17250.0,0.5143,0.5551,6861,7283,,,,144.0,,,0.0,41928.0
The Salon Professional Academy-Evansville,Evansville,IN,47715,3,,,,,12165.0,18450.0,0.413,0.5109,9500,9833,,,,169.0,,,0.0,26881.0
Tri County Regional Vocational Technical High School,Franklin,MA,02038,1,,,,25900.0,,15185.0,0.3,0.0,PS,PS,,,,64.0,,,,
Nova Academy of Cosmetology,Rochester,MN,55901,3,,,,,29868.0,21700.0,0.3777,0.6691,7863,9424,,,,174.0,,,0.0,32156.0
Sage School of Massage & Esthetics,Bend,OR,97703,3,,,,,16206.0,13999.0,0.3125,0.4688,7811,PS,,,,26.0,,,,29644.0
Peloton College,Dallas,TX,75231,3,,,,,17372.0,15595.0,0.7411,0.7232,9500,9500,,,,63.0,,,0.0,33559.0
ABC Beauty Academy,Richardson,TX,75081,3,,,,,10107.0,8217.0,0.9099,0.0,PS,PS,,,,65.0,,,,16263.0
Salon & Spa Institute,Brownsville,TX,78520-8809,3,,,,,12372.0,14000.0,0.7862,0.805,7282,8212,,,,91.0,,,0.0,21571.0
American Beauty Academy,Payson,UT,84651,3,,,,,11055.0,17000.0,0.5152,0.6061,5651,10060,,,,11.0,,,0.0,20236.0
Summit Salon Academy,Tacoma,WA,98409,3,,,,,26302.0,18700.0,0.4147,0.6175,8000,9785,,,,148.0,,,0.0,31648.0
Paul Mitchell the School-Milwaukee,Wauwatosa,WI,53222,3,,,,,17564.0,18155.0,0.6477,0.5511,6750,10486,,,,111.0,,,0.0,25122.0
Touro University Worldwide,Los Alamitos,CA,90720,2,14600.0,14600.0,27755.0,,16599.0,,0.5194,0.4782,14437,25000,,,7308.0,416.0,0.4231,0.7826,0.0,40803.0
Touro University California,Vallejo,CA,94592,2,,,,,,,,,12500,12500,,,10780.0,,,,0.0,104805.0
The Chicago School at Washington DC,Washington,DC,20005,2,,,,,,,,,10250,20000,,,8063.0,,,,0.0,56899.0
Touro University Nevada,Henderson,NV,89014,2,,,,,,,0.2667,0.3333,12500,12500,,,9987.0,19.0,,,0.0,104805.0
Herzing University-Kenosha,Kenosha,WI,53140,2,13420.0,13420.0,23590.0,,17613.0,,0.6204,0.8166,11756,21500,0.8939,,7385.0,543.0,0.5,0.7692,0.0,36909.0
Herzing University-Brookfield,Brookfield,WI,53005,2,13420.0,13420.0,25879.0,,18796.0,,0.6046,0.7602,11756,21500,0.9079,,7374.0,378.0,0.4,0.3333,0.0,36909.0
Texas A&M University-San Antonio,San Antonio,TX,78224,1,9548.0,23124.0,21840.0,13220.0,,,0.5083,0.4008,12500,18401,0.92,954.0,8248.0,6224.0,0.2937,0.6316,0.0,54338.0
Fortis Institute,Houston,TX,77060,3,,,,,15326.0,16264.0,0.75,0.6607,6333,9500,,,5241.0,332.0,,,0.0,33193.0
Southern Careers Institute-Brownsville,Brownsville,TX,78520,3,,,,,16706.0,14210.0,0.7663,0.7142,7389,8708,,,4393.0,637.0,,,0.0,27035.0
Southern Careers Institute-Harlingen,Harlingen,TX,78550,3,,,,,23167.0,18450.0,0.7494,0.6506,7389,8708,,,4487.0,437.0,,,0.0,27035.0
Strayer University-Global Region,Washington,DC,20005,3,13920.0,13920.0,23838.0,,18918.0,,0.5278,0.0733,14000,40621,,,7119.0,10087.0,0.2,0.3333,0.0,40092.0
Kenneth Shuler School of Cosmetology-Florence,Florence,SC,29501,3,,,,,20345.0,18300.0,0.7659,0.604,5825,8661,,,,178.0,,,0.0,25542.0
Fortis College-Columbia,Columbia,SC,29210,3,14576.0,14576.0,34276.0,,27508.0,,0.735,0.7238,9500,12547,,,5463.0,513.0,,,0.0,36368.0
Ross Medical Education Center-Davison,Davison,MI,48423-1751,3,,,,,23187.0,16297.0,0.8475,0.8644,7719,9500,,,,39.0,,,0.002,29898.0
Ross Medical Education Center-Granger,Granger,IN,46530-4479,3,,,,,22381.0,16297.0,0.8895,0.8372,8481,9500,,,,115.0,,,0.0,30481.0
Ross Medical Education Center-Niles,Niles,OH,44446-4810,3,,,,,20805.0,16297.0,0.8333,0.8684,5500,9500,,,,69.0,,,0.001,30072.0
Ross Medical Education Center-Canton,Canton,MI,48187-5071,3,,,,,26387.0,14507.0,0.75,0.7426,7504,9500,,,,90.0,,,0.0,30060.0
Pima Medical Institute-Houston,Houston,TX,77041,3,,,,,21060.0,16390.0,0.4965,0.5383,9500,9500,,,5936.0,1019.0,,,0.0,38673.0
Illinois Media School-Chicago Campus,Chicago,IL,60602,3,,,,,26038.0,19170.0,0.6154,0.6431,9500,9500,,,,48.0,,,0.0,38284.0
Miller-Motte College-STVT-San Antonio,San Antonio,TX,78214,3,,,,,21496.0,20663.0,0.6743,0.6712,10661,15917,,,,592.0,,,0.0,31102.0
Concorde Career College-Dallas,Dallas,TX,75243,3,,,,,22977.0,18115.0,0.6056,0.7074,9500,9500,0.9685,,7107.0,183.0,,,0.001,42456.0
Concorde Career Institute-Orlando,Orlando,FL,32803,3,,,,,32657.0,65490.0,0.6723,0.7151,9500,9500,0.908,,6970.0,145.0,,,0.0,34098.0
Concorde Career College-San Antonio,San Antonio,TX,78229,3,,,,,26411.0,17937.0,0.5749,0.703,9500,9500,0.9918,,6142.0,122.0,,,0.0,35242.0
Johnson & Wales University-Online,Providence,RI,02903,2,13365.0,13365.0,25365.0,,21611.0,,0.3559,0.5762,16334,26000,0.5426,,9935.0,1980.0,0.0,0.5417,0.0,43418.0
Fairfax University of America,Fairfax,VA,22030-0000,2,10128.0,10128.0,,,,,0.0,0.0,PS,PS,,,6722.0,5.0,0.0,0.625,,
Moreno Valley College,Moreno Valley,CA,92551,1,1420.0,11230.0,12024.0,1996.0,,,0.2047,0.0078,6625,PS,,,14174.0,8292.0,,,0.0,52133.0
Norco College,Norco,CA,92860,1,1420.0,11230.0,12749.0,2845.0,,,0.157,0.0034,5500,PS,,,14265.0,8359.0,,,0.0,51206.0
Dorsey College-Saginaw,Saginaw,MI,48603,3,32160.0,32160.0,31779.0,,23242.0,,0.9222,0.9556,9500,13000,,,,199.0,,,0.0,29392.0
Milan Institute of Cosmetology-El Paso,El Paso,TX,79936,3,,,,,25964.0,14092.0,0.6467,0.5817,6070,6333,,,,407.0,,,0.0,22378.0
Universal Technical Institute-Dallas Fort Worth,Irving,TX,75063,3,,,,,23939.0,54550.0,0.5064,0.5744,11574,14267,,,6078.0,1661.0,,,0.0,51222.0
ICPR Junior College,Manati,PR,00674,3,8060.0,8060.0,13751.0,,5907.0,,0.9883,0.0,PS,PS,,,2173.0,414.0,,,,18694.0
Artistic Nails and Beauty Academy-Lakeland,Lakeland,FL,33801,3,,,,,16056.0,9672.0,0.5708,0.5615,6333,6333,,,,192.0,,,0.0,20948.0
Hawaii Medical College,Honolulu,HI,96814-3518,3,25927.0,25927.0,41381.0,,35048.0,,0.5311,0.9597,10500,13000,,,3769.0,217.0,,,0.0,38880.0
Carolina College of Hair Design Inc,Asheville,NC,28806-2711,3,,,,,13922.0,18045.0,0.4561,0.4035,4712,PS,,,,46.0,,,0.018,
Integrated Massage Therapy Services,Blackfoot,ID,83221,3,,,,,9027.0,9625.0,0.7692,0.6923,PS,PS,,,,16.0,,,0.027,24368.0
Miller-Motte College-Jacksonville,Jacksonville,NC,28546,3,,,,,22465.0,25240.0,0.5268,0.4375,10661,15917,,,4011.0,187.0,,,0.0,31102.0
Miller-Motte College-Augusta,Augusta,GA,30906,3,,,,,22173.0,21040.0,0.7257,0.6944,10661,15917,,,3893.0,524.0,,,0.0,31102.0
Miller-Motte College-Conway,Conway,SC,29526-9508,3,,,,,21736.0,25240.0,0.5268,0.3103,10661,15917,,,4201.0,164.0,,,0.0,31102.0
Aveda Institute-Portland,Portland,OR,97209-3144,3,,,,,12108.0,7800.0,0.3729,0.4884,6211,6826,,,,171.0,,,0.0,33003.0
Chamberlain University-Virginia,Vienna,VA,22182,3,20462.0,20462.0,,,,,0.4389,0.7541,16458,20919,1.0,,8876.0,567.0,1.0,,0.0,92405.0
Penrose Academy,Scottsdale,AZ,85254-4065,3,,,,,23650.0,12675.0,0.2688,0.4306,6333,6333,,,,390.0,,,0.0,35839.0
Skin Institute,Saint Louis,MO,63126,3,,,,,15336.0,14575.0,0.5426,0.8295,6895,PS,,,,83.0,,,0.018,23524.0
Beauty Academy of South Florida,Hialeah Gardens,FL,33016-2421,3,,,,,13555.0,3900.0,0.3817,0.3956,6223,6458,,,,348.0,,,0.0,16826.0
Ogle School Hair Skin Nails-North Dallas,Dallas,TX,75248-1216,3,,,,,21125.0,16500.0,0.6642,0.6807,7369,7917,,,,320.0,,,0.0,26885.0
The Salon Professional Academy,Sherwood,AR,72120,3,,,,,12628.0,15990.0,0.3228,0.3757,6333,6333,,,,92.0,,,0.0,
The Salon Professional Academy-St Charles,St. Charles,MO,63301-1021,3,,,,,14111.0,19954.0,0.3195,0.4774,8243,8589,,,,117.0,,,0.0,34900.0
Mildred Elley-New York Campus,New York,NY,10004-1010,3,17926.0,17926.0,29933.0,,23697.0,,0.7562,0.7234,12000,19000,,,6424.0,1004.0,,,0.0,38830.0
National Paralegal College,Phoenix,AZ,85014-1561,3,7995.0,7995.0,19691.0,,15524.0,,0.3968,0.4381,13994,24853,,,,388.0,0.3191,0.1667,0.0,42269.0
Carolina College of Biblical Studies,Fayetteville,NC,28303-5157,2,6276.0,6276.0,24267.0,,18745.0,,0.5625,0.2589,17500,25750,,,,122.0,0.2222,0.0,0.0,24581.0
Northeast Technology Center,Pryor,OK,74361,1,,,,7251.0,,2350.0,0.1022,0.0,PS,PS,,,,1340.0,,,,34457.0
Allstate Hairstyling & Barber College,Cleveland,OH,44113-3413,3,,,,,11440.0,14540.0,0.3906,0.0,PS,PS,,,,41.0,,,,
Omega Graduate School,Dayton,TN,37321-6736,2,,,,,,,,,,,,,488.0,,,,0.0,
Jung Tao School of Classical Chinese Medicine,Sugar Grove,NC,28679-9657,2,,,,,,,,,PS,PS,,,,,,,0.0,
New York Film Academy,Burbank,CA,91505,3,36738.0,36738.0,62291.0,,46420.0,,0.2028,0.2871,10750,16000,,,3428.0,965.0,0.709,0.7843,0.0,29633.0
International College of Cosmetology,Oakland,CA,94601-3525,3,,,,,1973.0,3075.0,0.1268,0.0,PS,PS,,,,125.0,,,,21099.0
Bella Capelli Academy,Monroeville,PA,15146-2388,3,,,,,15526.0,17625.0,0.3953,0.5878,8028,8028,,,,194.0,,,0.0,25817.0
Institute of Medical Careers,Pittsburgh,PA,15235-3718,3,,,,,20376.0,22500.0,0.9142,0.9425,12488,12925,,,3684.0,866.0,,,0.0,
Flagler Technical College,Palm Coast,FL,32164,1,,,,,,1074.0,0.0612,0.0,PS,PS,,,,91.0,,,,
Galaxy Medical College,North Hollywood,CA,91606-1593,3,,,,,11331.0,16400.0,0.9286,0.8036,9500,9500,,,1631.0,65.0,,,0.0,
American Medical Sciences Center,Glendale,CA,91204-5108,3,,,,,23566.0,39097.0,0.6667,0.7892,15418,PS,,,,200.0,1.0,0.75,0.009,29972.0
Mandalyn Academy,American Fork,UT,84003-2161,3,,,,,22626.0,16990.0,0.4255,0.5177,6333,PS,,,,62.0,,,0.0,
Jose Maria Vargas University,Pembroke Pines,FL,33026,3,11260.0,11260.0,,,,,0.5728,0.6893,14250,PS,,,3581.0,83.0,,,0.0,
D A Dorsey Technical College,Miami,FL,33147-6304,1,,,,3103.0,,3328.0,0.1336,0.0,PS,PS,,,,275.0,,,,
Keweenaw Bay Ojibwa Community College,Baraga,MI,49908-0000,1,5000.0,5000.0,13229.0,529.0,,,0.5166,0.0,PS,PS,,,5529.0,147.0,,,,22340.0
Meridian Institute of Surgical Assisting,Nashville,TN,37218,3,,,,,,,0.2106,0.283,6840,6840,,,6479.0,788.0,,,0.0,62978.0
Mauna Loa Helicopters,Kailua Kona,HI,96740-2650,3,,,,,112070.0,98000.0,0.0,0.2273,PS,PS,,,,12.0,,,0.0,
Acaydia School of Aesthetics,Provo,UT,84601-0000,3,,,,,19568.0,14725.0,0.2752,0.4587,7590,7667,,,,116.0,,,0.0,
Holistic Massage Training Institute,Baltimore,MD,21218,3,,,,,,14998.0,0.4,0.3111,8550,PS,,,,28.0,,,0.0,
Diamonds College,Sherman,TX,75090-2657,3,,,,,20905.0,14300.0,0.527,0.5541,5500,8000,,,,36.0,,,0.0,27126.0
Northern Virginia School of Therapeutic Massage,Falls Church,VA,22042-4302,3,,,,,,,0.4231,0.5812,6333,6333,,,,87.0,,,0.0,44892.0
Paul Mitchell the School-St Louis,St. Louis,MO,63108-1554,3,,,,,19615.0,18927.0,0.4984,0.5377,9833,9833,,,,209.0,,,0.0,33132.0
Advanced Training Institute,Las Vegas,NV,89118-1519,3,,,,,,,0.412,0.4568,7600,7600,,,,545.0,,,0.0,45893.0
Shepherds Theological Seminary,Cary,NC,27518-9316,2,,,,,,,,,PS,PS,,,6845.0,,,,0.0,
Taylor Andrews Academy of Hair Design-West Jordan,West Jordan,UT,84088-6577,3,,,,,16791.0,18000.0,0.2752,0.3333,9500,10556,,,,165.0,,,0.0,36048.0
Santa Ana Beauty Academy,Santa Ana,CA,92705-7820,3,,,,,7995.0,4500.0,0.4265,0.0,PS,PS,,,,45.0,,,,28107.0
Manna University,Fayetteville,NC,28314-2343,2,7163.0,7163.0,23618.0,,20170.0,,0.3448,0.2701,9500,PS,1.0,,1129.0,169.0,0.6923,0.6,0.0,
Evolve Beauty Academy,Washing,MO,63090,3,,,,,15266.0,15500.0,0.4286,0.5,7892,PS,,,,21.0,,,0.0,
Aveda Institute-New Mexico,Albuquerque,NM,87104-1160,3,,,,,16998.0,16818.0,0.5389,0.5078,6333,7000,,,,157.0,,,0.0,
American Trade School,Saint Ann,MO,63074-1807,3,,,,,18022.0,24600.0,0.4427,0.6198,PS,PS,,,6083.0,140.0,,,0.008,47161.0
Estelle Skin Care and Spa Institute,Skokie,IL,60077-9945,3,,,,,13837.0,10875.0,0.4622,0.3586,7136,7136,,,,121.0,,,0.0,25148.0
Elite Cosmetology School,PALM DESERT,CA,92260,3,,,,,17818.0,15000.0,0.6229,0.6343,6333,8164,,,,123.0,,,0.0,17966.0
American Technical Institute,Bayamon,PR,00957-0000,3,,,,,6500.0,13603.0,0.8241,0.0,PS,PS,,,,27.0,,,,
Bergin University of Canine Studies,Penngrove,CA,94951,2,,,,,,,0.2941,0.4118,PS,PS,,,5346.0,18.0,,,,
Aveda Institute-Boise,Boise,ID,83704-4406,3,,,,,17804.0,9752.0,0.523,0.5517,5846,5846,,,,93.0,,,0.0,24470.0
Pima Medical Institute-Aurora,Aurora,CO,80012-0000,3,,,,,18729.0,17158.0,0.48,0.39,5500,8521,,,6011.0,290.0,,,0.0,
Capilo School of Hair Design,Augusta,ME,04330-0000,3,,,,,18762.0,16900.0,0.3405,0.3589,6333,7700,,,,133.0,,,0.0,
Pure Aesthetics Natural Skincare School,Tucson,AZ,85716-3823,3,,,,,24347.0,12717.0,0.375,0.4205,6333,PS,,,,53.0,,,0.0,
Lindsey Institute of Cosmetology,Bowling Green,KY,42103-8036,3,,,,,14227.0,15100.0,0.2644,0.3103,6009,PS,,,,65.0,,,0.013,14602.0
Buckner Barber School,Dallas,TX,75217-1775,3,,,,,27807.0,15175.0,0.6531,0.6735,4750,PS,,,,42.0,,,0.0,27850.0
Simmons College of Kentucky,Louisville,KY,40203-3322,2,16398.0,16398.0,25981.0,,19960.0,,0.4304,0.3207,PS,PS,0.9821,,4131.0,381.0,0.34,0.5135,,
Atelier Esthetique Institute of Esthetics,New York,NY,10001,3,,,,,13529.0,10330.0,0.5264,0.4858,5846,5846,,,,244.0,,,0.0,40826.0
Advanced College of Cosmetology,Waupun,WI,53963-0000,3,,,,,13510.0,14710.0,0.5,0.65,9819,PS,,,,34.0,,,0.0,
North American University,Stafford,TX,77477-0000,2,12836.0,12836.0,24909.0,,17950.0,,0.5143,0.404,4750,4925,,,4447.0,573.0,0.2698,0.4333,0.0,
United Beauty College,Denver,CO,80219,3,,,,,10700.0,4035.0,0.8462,0.0,PS,PS,,,,12.0,,,,
Cinta Aveda Institute,San Francisco,CA,94108-3204,3,,,,,10821.0,11600.0,0.5455,0.7416,5500,6333,,,,95.0,,,0.0,34937.0
Long Island Nail Skin & Hair Institute,Bethpage,NY,11714,3,,,,,13510.0,10995.0,0.3149,0.2418,5319,5611,,,,149.0,,,0.0,23404.0
Keser Torah-Mayan Hatalmud,Lakewood,NJ,08701-2758,2,11060.0,11060.0,16600.0,,9706.0,,0.1887,0.0,PS,PS,0.7143,,6500.0,59.0,0.3333,0.9167,,
Southern California Health Institute,North Hollywood,CA,91601,3,,,,,26692.0,14700.0,0.9834,0.9716,9500,9500,,,,69.0,,,0.0,34558.0
Best Care College,East Orange,NJ,07018-1703,3,,,,,,1087.0,0.529,0.729,12970,PS,,,2000.0,46.0,,,0.0,64311.0
First Class Cosmetology School,Beloit,WI,53511-0000,3,,,,,16411.0,18490.0,0.6953,0.6797,7847,10194,,,,104.0,,,0.0,26792.0
Millennia Atlantic University,Doral,FL,33178-2369,3,12978.0,12978.0,,,,,0.0714,0.119,PS,PS,,,,104.0,1.0,0.0,0.0,
Abcott Institute,Southfield,MI,48075-5227,3,,,,,21007.0,29900.0,0.7121,0.6342,8708,10411,,,,166.0,,,0.0,33151.0
The Salon Professional Academy-Kenosha,Kenosha,WI,53142-4950,3,,,,,26061.0,23400.0,0.503,0.4731,6333,6333,,,,95.0,,,0.0,24941.0
Paul Mitchell the School-Indianapolis,Indianapolis,IN,46227-6252,3,,,,,14406.0,17085.0,0.2892,0.4669,8500,9500,,,,224.0,,,0.0,34913.0
Taylor Andrews Academy-St George,St. George,UT,84790,3,,,,,12005.0,14000.0,0.3902,0.3984,7000,7505,,,,162.0,,,0.0,17368.0
Protege Academy,East Lansing,MI,48823-8660,3,,,,,11818.0,19600.0,0.5,0.5804,9833,9833,,,,68.0,,,0.0,19499.0
Colorado Academy of Veterinary Technology,Colorado Springs,CO,80906-4944,3,19721.0,19721.0,25948.0,,24273.0,,0.475,0.6,19704,22187,,,3571.0,25.0,,,0.0,
Northeast Technical Institute,Scarborough,ME,04074-0000,3,,,,,35025.0,17982.0,0.5619,0.6063,8550,8708,,,,274.0,,,0.0,
Elite School of Cosmetology,Norwalk,OH,44857-2714,3,,,,,22462.0,15764.0,0.478,0.5157,4806,7412,,,,179.0,,,0.0,23547.0
Paul Mitchell the School-Las Vegas,Las Vegas,NV,89123-8014,3,,,,,27485.0,21005.0,0.5369,0.5767,10556,13667,,,,219.0,,,0.0,
Summit Salon Academy-Kokomo,Kokomo,IN,46901-6248,3,,,,,16572.0,15900.0,0.5215,0.5161,8867,8973,,,,103.0,,,0.0,23226.0
Florida Academy,Fort Myers,FL,33966-1155,3,,,,,13236.0,10100.0,0.4924,0.4833,6333,6333,,,,408.0,,,0.0,
Institute for Doctoral Studies in the Visual Arts,Portland,ME,04102-0000,2,,,,,,,,,,,,,9945.0,,,,0.0,
State Career College,Gurnee,IL,60061,3,,,,,18724.0,13450.0,0.7584,0.698,9500,9500,,,,140.0,,,0.0,
Academy for Salon Professionals,Northridge,CA,91324,3,,,,,12408.0,8325.0,0.5048,0.5433,6304,6333,,,,140.0,,,0.0,
Paul Mitchell the School-Spokane,Spokane Valley,WA,99037-5041,3,,,,,19718.0,16340.0,0.5556,0.5484,6028,10556,,,,195.0,,,0.0,27209.0
International College of Beauty Arts & Sciences,Los Angeles,CA,90039-1012,3,,,,,21390.0,11100.0,0.512,0.608,6333,PS,,,,59.0,,,0.0,
John Paul the Great Catholic University,Escondido,CA,92025,2,29500.0,29500.0,47492.0,,29124.0,,0.38,0.7067,21500,26968,0.7929,1181.0,7604.0,297.0,0.6533,0.6986,0.0,56930.0
University of Connecticut-Hartford Campus,Hartford,CT,06103,1,17452.0,40120.0,25031.0,13339.0,,,0.458,0.3779,18610,21500,0.8645,1081.0,16171.0,1473.0,0.6536,0.7752,0.0,73997.0
Ottawa University-Surprise,Surprise,AZ,85374,2,35300.0,35300.0,51400.0,,35081.0,,0.3745,0.7797,12500,21500,0.3988,978.0,6649.0,768.0,0.2252,0.4359,0.0,55552.0
Chamberlain University-Missouri,St. Louis,MO,63146,3,19686.0,19686.0,41617.0,,34947.0,,0.4773,0.8027,16458,20919,0.8333,,8876.0,328.0,0.3333,0.6667,0.0,92405.0
Chamberlain University-Texas,Houston,TX,77041,3,19686.0,19686.0,39297.0,,32247.0,,0.4952,0.7937,16458,20919,0.9565,,7889.0,2416.0,0.0,0.75,0.0,92405.0
Continental School of Beauty Culture-Mattydale,Mattydale,NY,13211-1003,3,,,,,15244.0,9000.0,0.6369,0.683,6333,6333,,,,145.0,,,0.0,23906.0
Paul Mitchell the School-Columbia,West Columbia,SC,29169,3,,,,,12804.0,17600.0,0.5515,0.5594,9500,11740,,,,300.0,,,0.0,26696.0
Paul Mitchell the School-Charleston,North Charleston,SC,29418-6993,3,,,,,14415.0,17575.0,0.5753,0.5548,9500,11740,,,,266.0,,,0.0,26696.0
Kenneth Shuler School of Cosmetology-Greenville,Greenville,SC,29611-7553,3,,,,,20721.0,18300.0,0.6835,0.5612,5724,6333,,,,133.0,,,0.0,23193.0
Northwest College-Eugene,Springfield,OR,97477,3,,,,,25401.0,19635.0,0.5118,0.5197,6333,7564,,,,119.0,,,0.0,24421.0
Northwest College-Tualatin,Tualatin,OR,97062-9462,3,,,,,31346.0,17300.0,0.4524,0.381,6333,7564,,,,28.0,,,0.0,24421.0
CET-Soledad,Soledad,CA,93960-2996,2,,,,,10377.0,16375.0,0.3304,0.1433,6729,7041,,,,179.0,,,0.0,32986.0
UEI College-Oceanside,Oceanside,CA,92058-2321,3,,,,,25560.0,19900.0,0.679,0.6457,9500,9500,,,,777.0,,,0.0,31141.0
Paul Mitchell the School-New Orleans,Metairie,LA,70002-4705,3,,,,,20495.0,21568.0,0.7346,0.7253,9833,9833,,,,226.0,,,0.0,25699.0
UEI College-Garden Grove,Garden Grove,CA,92840-2409,3,,,,,23923.0,19900.0,0.7486,0.7408,9500,9500,,,,1093.0,,,0.0,31141.0
New England Tractor Trailer Training School of Massachusetts,North Andover,MA,01845-1048,3,,,,,15735.0,12395.0,0.6716,0.7981,6333,6333,,,,527.0,,,0.0,53085.0
Dewey University-Manati,Manati,PR,00674-0000,2,7630.0,7630.0,11572.0,,4039.0,,0.8938,0.2123,5000,5185,,,2650.0,255.0,0.7429,0.6667,0.0,19761.0
Allen School-Phoenix,Phoenix,AZ,85053-4064,3,,,,,21433.0,14718.0,0.8475,0.8814,9500,9500,,,,11.0,,,0.0,34186.0
Oklahoma Technical College,Tulsa,OK,74145-1122,2,,,,,28311.0,19381.0,0.6653,0.7603,7934,8898,,,4678.0,120.0,,,0.0,28954.0
Unitech Training Academy-Alexandria,Alexandria,LA,71301,3,,,,,20968.0,15495.0,0.7042,0.7746,6859,8721,,,,82.0,,,0.0,24707.0
UEI College-Riverside,Riverside,CA,92507-5344,3,,,,,25704.0,19900.0,0.7375,0.7803,9433,9500,,,,1447.0,,,0.0,30848.0
WellSpring School of Allied Health-Lawrence,Lawrence,KS,66045-3073,3,,,,,16971.0,16500.0,0.5455,0.8,7917,7917,,,3750.0,36.0,,,0.0,29839.0
Manuel and Theresa's School of Hair Design-Victoria,Victoria,TX,77902-7076,3,,,,,14554.0,15000.0,0.625,0.6563,6692,7924,,,,17.0,,,0.028,
Tricoci University of Beauty Culture-Chicago NE,Chicago,IL,60626-5232,3,,,,,20010.0,13184.0,0.5726,0.6089,7307,7307,,,,135.0,,,0.0,27330.0
Los Angeles Pacific University,San Dimas,CA,91773-1741,2,11976.0,11976.0,28144.0,,20170.0,,0.4782,0.7534,10806,18750,,,7218.0,1453.0,0.325,0.2,0.0,
Avalon Institute-Phoenix,Phoenix,AZ,85022,3,,,,,16689.0,9000.0,0.6546,0.7526,6312,6332,,,,382.0,,,0.0,30803.0
Avalon Institute-Layton,Layton,UT,84041,3,,,,,18945.0,17200.0,0.526,0.6532,6312,6332,,,,217.0,,,0.0,30803.0
Aveda Institute-Des Moines,West Des Moines,IA,50266,3,,,,,15155.0,21100.0,0.315,0.4094,6333,8461,,,,179.0,,,0.0,36132.0
Fortis Institute-Lawrenceville,Lawrenceville,NJ,08648,3,,,,,18433.0,16264.0,0.7268,0.7031,9100,9500,,,,305.0,,,0.0,36920.0
Relay Graduate School of Education,New York,NY,10004,2,,,,,,,0.0,0.0588,PS,PS,,,9736.0,93.0,,,0.0,
Miller-Motte College-Macon,Macon,GA,31210,3,,,,,22139.0,21040.0,0.8386,0.7983,10661,15917,,,4000.0,206.0,,,0.0,31102.0
South University-Savannah Online,Savannah,GA,31406,3,16546.0,16546.0,31716.0,,26308.0,,0.7625,0.6804,13000,26123,,,6043.0,6492.0,0.0506,0.2378,0.0,34421.0
San Joaquin Valley College-Temecula,Temecula,CA,92590-5678,3,,,,,26652.0,26377.0,0.5137,0.606,9773,10674,,,6286.0,649.0,,,0.0,38317.0
Whitworth University-Adult Degree Programs,Spokane,WA,99251,2,,,,,,,0.4689,0.6328,18000,25000,,,4389.0,170.0,,,0.0,58561.0
The Colleges of Law at Santa Barbara,Santa Barbara,CA,93101,2,,,,,,,,,PS,PS,,,,,,,0.0,
Springfield College-Regional Online and Continuing Education,Springfield,MA,01109,2,,,,,,,0.5621,0.7614,23000,26250,,,8133.0,254.0,,,0.0,48036.0
Marian Health Careers Center-Van Nuys Campus,Van Nuys,CA,91411,3,,,,,32543.0,24644.0,0.287,0.5478,10916,12337,,,,88.0,,,0.0,63612.0
Milan Institute-Las Vegas,Las Vegas,NV,89106-4031,3,,,,,21566.0,13091.0,0.7611,0.6246,6333,6333,,,,214.0,,,0.0,24879.0
Catholic Distance University,Charles Town,WV,25414,2,9600.0,9600.0,,,,,0.2,0.2,PS,PS,,,2451.0,95.0,,,0.0,
New York School of Esthetics & Day Spa,white plains,NY,10606-1207,3,,,,,16317.0,9475.0,0.5455,0.6507,6333,PS,,,,164.0,,,0.0,
Finger Lakes Health College of Nursing & Health Sciences,Geneva,NY,14456-1651,2,12980.0,12980.0,,,,,0.4184,0.7143,8250,12975,,,6417.0,65.0,,,0.0,40054.0
ASI Career Institute,Turnersville,NJ,08012-1043,3,,,,,10692.0,11500.0,0.4211,0.4408,6333,PS,,,,33.0,,,0.0,
Christine Valmy International School of Esthetics & Cosmetology,Pine Brook,NJ,07058-9589,3,,,,,20157.0,14525.0,0.3389,0.3536,5173,5457,,,,247.0,,,0.0,
Paul Mitchell the School-Arlington,Arlington,TX,76018-6032,3,,,,,22334.0,17270.0,0.5253,0.5379,7457,8505,,,,265.0,,,0.0,28693.0
Rocky Mountain University of Health Professions,Provo,UT,84606,3,,,,,,,,,,,,,9620.0,,,,0.0,
Paul Mitchell the School-Fort Myers,Fort Myers,FL,33913,3,,,,,17612.0,17469.0,0.3636,0.4545,8389,9667,,,,108.0,,,0.0,16715.0
Paul Mitchell the School-Raleigh,Raleigh,NC,27612-7358,3,,,,,17979.0,17218.0,0.5024,0.555,9833,10500,,,,133.0,,,0.0,
CUNY Stella and Charles Guttman Community College,New York,NY,10018-2602,1,5194.0,8074.0,12494.0,5643.0,,,0.6318,0.0107,5000,PS,,,11190.0,1054.0,,,0.021,
Lil Lou's Beauty and Barber College,Gary,IN,46409-2404,3,,,,,20019.0,17700.0,0.7833,0.7833,9500,14302,,,,40.0,,,0.0,
Criswell College,Dallas,TX,75246-1537,2,14310.0,14310.0,26555.0,,12929.0,,0.3443,0.2377,11803,PS,0.9167,,6624.0,118.0,0.5714,0.6364,0.0,43185.0
Beverly Hills Design Institute,Beverly Hills,CA,90211,3,23220.0,23220.0,,,,,0.5,0.55,PS,PS,,,2083.0,14.0,0.0,,,
Reflections Academy of Beauty,Decatur,IL,62526,3,,,,,21319.0,16600.0,0.7021,0.7234,9500,PS,,,,29.0,,,0.014,
UCAS University of Cosmetology Arts & Sciences-La Joya,La Joya,TX,78560-4018,3,,,,,17277.0,13441.0,1.0,0.7838,6083,6447,,,,52.0,,,0.0,19880.0
Annenberg School of Nursing,Reseda,CA,91335-5426,2,,,,,20811.0,23525.0,0.4762,0.8095,14385,PS,0.8,,,24.0,,,0.03,
American Medical Academy,Miami,FL,33186-4830,3,,,,,,2250.0,0.1027,0.1233,9500,10831,,,7958.0,303.0,0.7191,0.5476,0.0,
Tooele Technical College,Tooele,UT,84074-2093,1,,,,,,2850.0,0.0823,0.0,PS,PS,,,,313.0,,,,
Chamberlain University-Georgia,Sandy Springs,GA,30342,3,19686.0,19686.0,38137.0,,31471.0,,0.4828,0.7664,16458,20919,0.9615,,8193.0,1588.0,,0.7778,0.0,92405.0
Chamberlain University-Indiana,Indianapolis,IN,46240,3,19686.0,19686.0,41617.0,,36219.0,,0.4851,0.7376,16458,20919,1.0,,8876.0,177.0,1.0,0.5,0.0,92405.0
Sessions College for Professional Design,Tempe,AZ,85281,3,12440.0,12440.0,21244.0,,15156.0,,0.3312,0.3442,9500,17813,,,,152.0,0.5,1.0,0.0,
Tulsa Welding School-Jacksonville,Jacksonville,FL,32216-3634,3,,,,,28384.0,22300.0,0.5926,0.5556,6886,9500,,,,394.0,,,0.0,41067.0
Empire Beauty School-Virginia Beach,Virginia Beach,VA,23462-6779,3,,,,,16162.0,18750.0,0.5223,0.5017,7050,13583,,,,169.0,,,0.0,24407.0
Ross Medical Education Center-Morgantown,Morgantown,WV,26505-5884,3,,,,,20318.0,16297.0,0.8478,0.8478,8481,9500,,,,16.0,,,0.0,30481.0
Miami Ad School-New York,Astoria,NY,11106,3,19400.0,19400.0,,,,,0.0,0.2414,16849,25967,,,,32.0,,,0.0,106192.0
Larry's Barber College,Chicago,IL,60628-2322,3,,,,,11692.0,16190.0,0.9194,0.5484,3723,3945,,,,81.0,,,0.0,
Futura Career Institute,Hialeah,FL,33012-3325,3,,,,,22298.0,11700.0,0.9142,0.0,PS,PS,,,,478.0,,,,
Vogue College of Cosmetology-San Antonio Fredericksburg,San Antonio,TX,78201-5035,3,,,,,28687.0,13795.0,0.8118,0.7176,5500,6333,,,,122.0,,,0.0,
Vogue College of Cosmetology,San Antonio,TX,78238-4402,3,,,,,21375.0,13795.0,0.6455,0.6243,6333,6333,,,,136.0,,,0.0,
Tomorrow's Image Barber And Beauty Academy of Virginia,Newport News,VA,23608-5532,3,,,,,17543.0,17085.0,0.8148,0.5556,9500,12179,,,,18.0,,,0.0,
Medical Allied Career Center,Santa Fe Springs,CA,90670-4710,3,,,,,29617.0,34585.0,0.7027,0.8198,17130,17130,,,,64.0,,,0.0,
Bais HaMedrash and Mesivta of Baltimore,Baltimore,MD,21209-1613,2,13100.0,13100.0,23500.0,,9482.0,,0.4651,0.0,PS,PS,1.0,,5136.0,91.0,0.12,0.84,,
Barber & Beauty Institute of New York,Hempstead,NY,11550-6317,3,,,,,15939.0,7500.0,0.5735,0.5147,3695,4223,,,,28.0,,,0.0,
Salon Institute-Toledo Campus,Toledo,OH,43615-1731,3,,,,,17233.0,23760.0,0.4239,0.5978,9833,12000,,,,152.0,,,0.0,
Athena Career Academy,Toledo,OH,43615,3,,,,,25171.0,22000.0,0.6391,0.7287,14120,14120,0.6,,5933.0,395.0,,,0.0,
Yeshiva Gedolah Zichron Leyma,Union,NJ,07083-3618,2,11350.0,11350.0,17550.0,,6833.0,,0.45,0.0,PS,PS,0.7059,,2833.0,47.0,0.75,0.8571,,
The Barber School,Midvale,UT,84047-3723,3,,,,,21150.0,13850.0,0.5355,0.4502,5500,8096,,,,145.0,,,0.0,
Be'er Yaakov Talmudic Seminary,Spring Valley,NY,10977,2,12300.0,12300.0,19351.0,,4843.0,,0.8934,0.0,PS,PS,,,1650.0,679.0,0.5304,0.9689,,17360.0
Rio Grande Valley College,Pharr,TX,78577-2106,3,,,,,20678.0,29400.0,0.4785,0.4837,10473,12359,,,4109.0,818.0,,,0.0,
Alexander Academy,Lunenburg,MA,01462-0000,3,,,,,26172.0,17250.0,0.7442,0.6279,7358,PS,,,,30.0,,,0.0,
Aveda Institute-Tucson,Tucson,AZ,85701,3,,,,,21037.0,12200.0,0.2699,0.3393,6333,6333,,,,264.0,,,0.0,
Diamond Beauty College,South El Monte,CA,91733-2180,3,,,,,9494.0,4200.0,0.4422,0.0,PS,PS,,,,73.0,,,,
Unitek College,South San Francisco,CA,94080-1005,3,,,,,28283.0,37659.0,0.5108,0.6013,10699,10700,,,,255.0,,,0.0,87877.0
University Academy of Hair Design,Tuscaloosa,AL,35401-5621,3,,,,,11403.0,12000.0,0.625,0.4722,9833,9833,,,,38.0,,,0.0,
Florida Institute of Recording Sound and Technology,Orlando,FL,32810,3,,,,,,,0.633,0.844,7853,9500,,,,413.0,,,0.0,
Paul Mitchell the School-Reno,Reno,NV,89502,3,,,,,20951.0,19905.0,0.436,0.4268,8149,10500,,,,212.0,,,0.0,
Boise Barber College,Boise,ID,83709,3,,,,,15109.0,11100.0,0.5108,0.5324,9500,9500,,,,82.0,,,0.0,
Austin Kade Academy,Idaho Falls,ID,83404-5540,3,,,,,15198.0,15750.0,0.6842,0.6421,5780,6333,,,,116.0,,,0.0,
Aesthetic Science Institute,Latham,NY,12110-1095,3,,,,,10505.0,9500.0,0.4008,0.4557,6333,6333,,,,157.0,,,0.0,
Elaine Sterling Institute,Atlanta,GA,30326-2633,3,,,,,23335.0,17000.0,0.5621,0.6155,6333,9500,,,,653.0,,,0.0,
Wade Gordon Hairdressing Academy,Amarillo,TX,79109,3,,,,,25694.0,11700.0,0.7107,0.814,7710,9833,,,,134.0,,,0.0,
Mitsu Sato Hair Academy,Overland Park,KS,66212-1457,3,,,,,10412.0,15375.0,0.587,0.7246,9500,9500,,,,97.0,,,0.0,
FVI School of Nursing and Technology,Miami,FL,33144,3,,,,,26818.0,17696.0,0.7199,0.7574,9294,9396,0.6128,,6193.0,553.0,,,0.0,
Colorado State University Global,Aurora,CO,80011-0000,1,8400.0,8400.0,18384.0,14099.0,,,0.2427,0.3294,14405,25000,0.9286,,6256.0,6202.0,,0.5625,0.0,76813.0
Paul Mitchell the School-Overland Park,Overland Park,KS,66212,3,,,,,18979.0,17027.0,0.4535,0.5814,9500,9833,,,,189.0,,,0.0,
Medspa Academies,South Jordan,UT,84095-3519,3,,,,,16881.0,17000.0,0.2897,0.4811,9500,PS,,,,263.0,,,0.0,
Brighton Institute of Cosmetology,Brighton,MI,48116-8360,3,,,,,,16615.0,0.0164,0.0164,7157,PS,,,,44.0,,,0.0,
West Coast University-Dallas,Richardson,TX,75080-2712,3,16715.0,16715.0,33502.0,,25957.0,,0.52,0.8021,24145,32946,,,7905.0,1014.0,,0.75,0.0,102672.0
Evangel University-James River Assembly of God Church,Ozark,MO,65721-6694,2,17268.0,17268.0,29251.0,,21887.0,,0.3918,0.9485,17495,24736,0.7121,,,98.0,,,0.0,46573.0
Empire Beauty School-Savannah,Savannah,GA,31406-2455,3,,,,,17452.0,19260.0,0.4876,0.4276,6222,10667,,,,137.0,,,0.0,24022.0
Ogle School Hair Skin Nails-Denton,Denton,TX,76205-7534,3,,,,,18818.0,16500.0,0.5661,0.5322,7916,7917,,,,198.0,,,0.0,31055.0
Empire Beauty School-West Greensboro,Greensboro,NC,27407-2693,3,,,,,16625.0,19260.0,0.5745,0.5479,7050,13583,,,,124.0,,,0.0,24407.0
Hays Academy of Hair Design,Salina,KS,67401-0000,3,,,,,13806.0,16100.0,0.4625,0.5375,9833,9833,,,,49.0,,,0.0,23712.0
Bellus Academy,Manhattan,KS,66502-2838,3,,,,,22076.0,19578.0,0.4444,0.546,6333,7917,,,,223.0,,,0.0,25223.0
MotoRing Technical Training Institute,East Providence,RI,02914-5022,3,,,,,19403.0,19600.0,0.3382,0.3971,9350,9500,,,,143.0,,,0.0,48281.0
Unitek College,Hayward,CA,94541-7026,3,,,,,27158.0,37659.0,0.4442,0.5107,10699,10700,,,,326.0,,,0.0,87877.0
Pennsylvania State University-World Campus,University Park,PA,16802-1503,1,15204.0,15204.0,27938.0,20826.0,,,0.2967,0.4118,19500,25000,0.8027,1198.0,,7554.0,0.3363,0.6629,0.0,63435.0
Medical Career Institute,Ocean,NJ,07712,3,,,,,,33500.0,0.4237,0.4958,6473,10836,,,,162.0,,,0.0,
Advance Beauty Techs Academy,San Jacinto,CA,92583-6572,3,,,,,28695.0,15650.0,0.6527,0.6287,5298,5406,,,,85.0,,,0.0,
Elevate Salon Institute-Westminster,Westminster,CO,80031,3,,,,,14235.0,11400.0,0.5482,0.599,6333,6333,,,,115.0,,,,
Brand College,Glendale,CA,91203,3,,,,,,2500.0,0.0,0.0,,,1.0,,,12.0,,,,
Hinton Barber and Beauty College,Vallejo,CA,94590,3,,,,,15550.0,13660.0,0.8226,0.8065,9833,11445,,,,62.0,,,0.009,
Advanced Career Institute,Visalia,CA,93291,3,,,,,,5970.0,0.2127,0.1867,6229,6331,,,,780.0,,,0.0,
Digital Film Academy,New York,NY,10036,3,,,,,55151.0,18072.0,0.1885,0.1311,5500,6750,,,10625.0,60.0,,,,
MyComputerCareer at Raleigh,Raleigh,NC,27606,3,,,,,26317.0,17271.0,0.7063,0.8979,9500,9500,,,4028.0,1617.0,,,0.0,
South University-Austin,Round Rock,TX,78681-2300,3,18238.0,18238.0,31666.0,,24532.0,,0.5382,0.5868,13000,26123,,,7568.0,243.0,0.0909,0.1667,0.0,34421.0
Bryant & Stratton College-Online,Orchard Park,NY,14127,2,15891.0,15891.0,20558.0,,14642.0,,0.7524,0.8104,9500,21549,,,4682.0,7847.0,0.1833,0.3158,0.0,32568.0
Ogle School Hair Skin Nails-San Antonio,San Antonio,TX,78216,3,,,,,20159.0,16500.0,0.6564,0.6711,7916,7917,,,,438.0,,,0.0,31055.0
Ideal Beauty Academy,Louisville,KY,40223,3,,,,,21459.0,13500.0,0.5806,0.4194,PS,PS,,,,7.0,,,0.0,24635.0
Warner Pacific University Professional and Graduate Studies,Portland,OR,97215,2,,,,,,,0.29,0.4201,20250,25000,0.6706,,9130.0,161.0,,,0.0,55204.0
Platt College-Riverside,Riverside,CA,92507,3,14804.0,14804.0,32321.0,,26217.0,,0.6996,0.8341,15215,18685,,,5888.0,416.0,0.5611,,0.0,40669.0
Empire Beauty School-Glen Burnie,Glen Burnie,MD,21061,3,,,,,17129.0,19260.0,0.5931,0.5241,8028,13000,,,,73.0,,,0.0,25073.0
UEI College-Stockton,Stockton,CA,95207-0000,3,,,,,25283.0,19900.0,0.7096,0.7513,9500,9500,,,,823.0,,,0.0,31141.0
Ross Medical Education Center-Dayton,Dayton,OH,45424-6049,3,,,,,23722.0,16297.0,0.8889,0.8395,9389,9500,,,,106.0,,,0.0,33079.0
Ross Medical Education Center-Ontario,Ontario,OH,44906-1246,3,,,,,22346.0,16297.0,0.9016,0.7049,7719,9500,,,,37.0,,,0.002,29898.0
Ross Medical Education Center-Bowling Green,Bowling Green,KY,42104-5840,3,,,,,21401.0,16297.0,0.8941,0.8353,7504,9500,,,,66.0,,,0.0,30060.0
Florida Institute of Technology-Online,Melbourne,FL,32901-6975,2,12240.0,12240.0,28715.0,,25374.0,,0.4852,0.611,14049,27000,0.4444,,8444.0,628.0,,0.2222,0.0,43137.0
Rasmussen University-Kansas,Topeka,KS,66609,3,15340.0,15340.0,24908.0,,18289.0,,0.5712,0.7755,13000,20899,,,7398.0,333.0,0.5,,0.0,39080.0
School of Missionary Aviation Technology,Ionia,MI,48846,2,,,,,14994.0,28000.0,0.3529,0.2941,12000,PS,,,,36.0,,,0.0,
California Miramar University,San Diego,CA,92108-1739,3,9994.0,9994.0,16789.0,,11007.0,,0.4646,0.6061,12664,PS,0.6552,,,105.0,0.0,0.4444,0.0,
Rocky Vista University,Parker,CO,80112,3,,,,,,,,,,,,,10418.0,,,,0.0,
The College of Health Care Professions-Dallas,Dallas,TX,75247,3,,,,,26236.0,16800.0,0.6803,0.7073,9096,9120,,,5061.0,633.0,,,0.0,38922.0
The College of Health Care Professions-Fort Worth,Fort Worth,TX,76137-5021,3,,,,,26133.0,17400.0,0.6405,0.7081,9473,9500,,,5079.0,1025.0,,,0.0,33070.0
Shear Finesse Beauty Academy,Jacksonville,FL,32225,3,,,,,22302.0,16200.0,0.898,0.551,9500,PS,,,,31.0,,,0.017,
Miami Media School,Doral,FL,33126,3,,,,,30528.0,18870.0,0.6753,0.5773,9500,9500,,,5000.0,37.0,,,0.0,28918.0
Academy of Salon Professionals,Sedalia,MO,65301,3,,,,,15071.0,13500.0,0.4894,0.5213,7917,9833,,,,46.0,,,0.021,
CyberTex Institute of Technology,Austin,TX,78752,3,,,,,27877.0,13500.0,0.7678,0.588,6776,7811,,,,195.0,,,0.0,
New England Tractor Trailer Training School of CT-Bridgeport,Bridgeport,CT,06608,3,,,,,16151.0,12345.0,0.7624,0.8086,6333,6333,,,,517.0,,,0.0,44444.0
Designer Barber & Stylist School,Fort Smith,AR,72903-3753,3,,,,,16010.0,16325.0,0.4718,0.4718,10203,PS,,,,91.0,,,0.018,
College of the Muscogee Nation,Okmulgee,OK,74447-0917,1,6600.0,6600.0,22018.0,13615.0,,,0.3492,0.0,PS,PS,,,4435.0,230.0,,,,
The Salon Professional Academy-Huntsville,Huntsville,AL,35816,3,,,,,19115.0,19730.0,0.4805,0.5065,9833,PS,,,,56.0,,,0.04,
Midwives College of Utah,Salt Lake City,UT,84106,2,8256.0,8256.0,33358.0,,26463.0,,0.5161,0.5986,8270,PS,0.6,,4835.0,253.0,0.0,1.0,0.0,
Aspen Beauty Academy of Laurel,Laurel,MD,20724,3,,,,,10624.0,18525.0,0.5799,0.6095,9833,16500,,,,118.0,,,0.0,
M T Training Center,Grand Prairie,TX,75051,3,,,,,9784.0,12253.0,0.3528,0.3206,6755,6755,,,,261.0,,,0.0,
Berks Career & Technology Center,Leesport,PA,19533-9112,1,,,,17879.0,,10990.0,0.26,0.44,3732,PS,,,,47.0,,,0.0,
Future Generations University,Franklin,WV,26807-0000,2,,,,,,,,,PS,PS,,,7331.0,,,,0.0,
Carthage R9 School District-Carthage Technical Center,Carthage,MO,64836-1332,1,,,,16233.0,,12000.0,0.9429,0.9429,14458,PS,,,,17.0,,,0.0,
Grace Mission University,Fullerton,CA,92833-3860,2,3480.0,3480.0,,,,,0.19,0.0,PS,PS,,,,72.0,0.0,0.5714,0.09,
World A Cuts Barber Institute,York,PA,17401-1105,3,,,,,25059.0,19192.0,1.0,1.0,,,,,,30.0,,,,
Verve College,Oak Brook,IL,60523,3,,,,,,,0.5896,0.7662,9500,11600,,,,257.0,,,0.0,
Sotheby's Institute of Art-NY,New York,NY,10022-6717,3,,,,,,,,,PS,PS,,,6906.0,,,,0.0,
Top Nails & Hair Beauty School,Taylorsville,UT,84118-0000,3,,,,,,2650.0,0.0242,0.0,PS,PS,,,,104.0,,,,
Santa Ana Beauty College,Santa Ana,CA,92706-2321,3,,,,,9490.0,7100.0,0.6183,0.0,PS,PS,,,,74.0,,,,
Shepherds College,Union Grove,WI,53182,2,,,,,24235.0,157200.0,0.4535,0.3721,16035,PS,0.5833,,,91.0,,,0.0,
Woodruff Medical and Wellness Training,Tucker,GA,30084,3,,,,,19813.0,11995.0,0.6391,0.6509,7917,7917,,,,71.0,,,0.0,
Helms College,Augusta,GA,30907,2,17924.0,17924.0,26400.0,,21117.0,,0.4412,0.4824,8208,9500,,,4427.0,150.0,,,0.0,
Ukiah Adult School,Ukiah,CA,95482-3865,1,,,,,,8400.0,0.375,0.0,PS,PS,,,,0.0,,,,
Riverside County Office of Education-School of Career Education,Riverside,CA,92508,1,,,,11857.0,,12300.0,0.6695,0.3262,5500,PS,,,,108.0,,,0.0,
Institute of Health Sciences,Hunt Valley,MD,21031-1408,3,15100.0,15100.0,27500.0,,22028.0,,0.4962,0.5725,9500,9500,,,,176.0,,,0.0,
Mid-South Christian College,Memphis,TN,38118-3151,2,11905.0,11905.0,19761.0,,11881.0,,0.3529,0.0,PS,PS,1.0,,3706.0,23.0,0.75,1.0,,
New York Institute of Beauty,Islandia,NY,11749-1479,3,,,,,34330.0,15741.0,0.3213,0.3882,5330,5422,,,,241.0,,,0.0,
Ultrasound Medical Institute,Royal Palm Beach,FL,33411,3,,,,,,49816.0,0.5,0.5795,17414,20000,,,9222.0,110.0,,,0.0,
Xavier College School of Nursing,Stockton,CA,95202-1017,3,,,,,18620.0,28000.0,0.4539,0.6974,16156,16652,,,8882.0,87.0,,,0.0,
Lawrence & Company College of Cosmetology,Hanford,CA,93230-4102,3,,,,,12304.0,14000.0,0.4167,0.4688,4963,PS,,,,34.0,,,0.065,
Kaizen Beauty Academy,Pembroke Pines,FL,33024-6609,3,,,,,,1400.0,0.3784,0.3874,5200,6333,,,,86.0,,,0.0,
Sharp Edgez Barber Institute,Rochester,NY,14615-0000,3,,,,,13475.0,9900.0,0.7005,0.5401,5426,5476,,,,63.0,,,0.0,
The Salon Professional Academy-Nashville,Nashville,TN,37214-2163,3,,,,,13347.0,19460.0,0.3137,0.3922,9823,9833,,,,34.0,,,0.0,
Prestige Health & Beauty Sciences Academy,Hallandale Beach,FL,33009,3,,,,,,1400.0,0.0325,0.0163,6333,PS,,,,41.0,,,0.018,
California Career Institute,Anaheim,CA,92806,3,,,,,,36900.0,0.6007,0.7383,17363,17363,,,9133.0,517.0,,,0.0,
Grace School of Theology,Conroe,TX,77384-4894,2,6760.0,6760.0,,,,,0.1196,0.0761,PS,PS,,,6043.0,215.0,,,0.0,
Yeshiva Gedolah Kesser Torah,Monsey,NY,10952-2127,2,9600.0,9600.0,20100.0,,9215.0,,0.3797,0.0,PS,PS,0.3571,,2722.0,82.0,0.381,1.0,,
Universal Training Institute,Perth Amboy,NJ,08861-4106,3,,,,,37693.0,22630.0,0.5765,0.7588,9500,12546,,,,133.0,,,0.0,
Yeshiva Yesodei Hatorah,Lakewood,NJ,08701-4946,2,12500.0,12500.0,18411.0,,9429.0,,0.3881,0.0,PS,PS,1.0,,3433.0,72.0,0.0741,0.6522,,
Center for the Healing Arts,Voorhees,NJ,08043-1911,3,,,,,12513.0,11850.0,0.3273,0.4545,6333,PS,,,,36.0,,,0.0,
Bonnie Joseph Academy of Cosmetology & Barbering,Heber City,UT,84032-2044,3,,,,,,20200.0,0.2963,0.1852,PS,PS,0.8571,,,15.0,,,0.058,
Healthcare Training Institute,Kenner,LA,70062-7630,3,,,,,22975.0,30973.0,0.551,0.6122,19000,20000,,,,124.0,,,0.008,
J D Academy of Salon and Spa,Danville,CA,94526,3,,,,,32703.0,20210.0,0.2727,0.4737,6211,6211,,,,106.0,,,0.0,
Boca Beauty Academy,Boca Raton,FL,33434-4178,3,,,,,21509.0,11400.0,0.7258,0.6187,5848,6333,,,,211.0,,,0.0,
City Pointe Beauty Academy,Webb City,MO,64870-2502,3,,,,,12532.0,21786.0,0.4497,0.4362,6500,7641,,,,102.0,,,0.0,
The Chrysm Institute of Esthetics,Virginia Beach,VA,23452,3,,,,,19130.0,10650.0,0.4581,0.589,6333,6333,,,,255.0,,,0.0,
Sanford Burnham Prebys Medical Discovery Institute,La Jolla,CA,92037-1005,2,,,,,,,,,,,,,17889.0,,,,,
Belle Academy of Cosmetology LLC,Waterbury,CT,06704-1035,3,,,,,5033.0,20775.0,0.25,0.25,PS,PS,,,,12.0,,,0.0,
Empire Beauty School-Augusta,Augusta,GA,30907-4122,3,,,,,16890.0,19260.0,0.6484,0.5938,7851,10667,,,,88.0,,,0.0,23921.0
South University-High Point,High Point,NC,27265-8320,3,20650.0,20650.0,36215.0,,27634.0,,0.5532,0.8085,13000,26123,,,,70.0,0.0,0.5,0.0,34421.0
Empire Beauty School-Vernon Hills,Vernon Hills,IL,60061-1519,3,,,,,15388.0,19260.0,0.4588,0.4,7050,13583,,,,57.0,,,0.0,24407.0
Empire Beauty School-Stone Park,Stone Park,IL,60165-1010,3,,,,,16869.0,19260.0,0.6142,0.6041,7050,13583,,,,118.0,,,0.0,24407.0
San Joaquin Valley College-Lancaster,Lancaster,CA,93534-7018,3,,,,,23940.0,21997.0,0.6025,0.6228,9773,10674,,,5980.0,239.0,,,0.0,38317.0
Empire Beauty School-Rochester,Rochester,NY,14626-3461,3,,,,,17701.0,12750.0,0.5152,0.5606,6222,10667,,,,83.0,,,0.0,24022.0
Ross Medical Education Center-Kokomo,Kokomo,IN,46902-3650,3,,,,,22946.0,16297.0,0.8381,0.8667,9389,9500,,,,51.0,,,0.0,33079.0
Ross Medical Education Center-Erlanger,Erlanger,KY,41018-1279,3,,,,,22211.0,16297.0,0.7292,0.8646,7719,9500,,,,67.0,,,0.002,29898.0
Ross Medical Education Center-Charleston,Charleston,WV,25304-2816,3,,,,,21927.0,16297.0,0.8701,0.7532,5500,9500,,,,36.0,,,0.001,30072.0
InterCoast Colleges-Fairfield,Fairfield,CA,94534,3,,,,,23134.0,22500.0,0.4549,0.4874,9500,10313,,,,139.0,,,0.0,36089.0
Southern Careers Institute-San Antonio,San Antonio,TX,78238-4114,3,,,,,29173.0,20025.0,0.6519,0.5201,7389,8708,,,4351.0,939.0,,,0.0,27035.0
Milan Institute-Merced,Merced,CA,95340-2626,3,,,,,28094.0,15527.0,0.6524,0.5833,6333,6333,,,,308.0,,,0.0,24879.0
Midwest Technical Institute-Missouri,Springfield,MO,65804-4414,3,,,,,23412.0,18716.0,0.6035,0.6789,9251,9500,,,,335.0,,,0.0,33601.0
Augusta University,Augusta,GA,30912,1,8122.0,23500.0,22146.0,13347.0,,,0.3838,0.3847,13015,20500,0.8931,1113.0,9791.0,5282.0,0.4865,0.7347,0.0,48472.0
Middle Georgia State University,Macon,GA,31206,1,4432.0,14032.0,20189.0,13922.0,,,0.4092,0.3441,9500,19000,0.9977,1055.0,8261.0,6655.0,0.256,0.6085,0.0,40863.0
Trenz Beauty Academy,Calumet City,IL,60409,3,,,,,,1440.0,0.1746,0.1865,5500,13822,,,,73.0,,,0.0,
Paul Mitchell the School-Denver,Lakewood,CO,80226,3,,,,,11886.0,19427.0,0.4574,0.571,6788,9783,,,,231.0,,,0.0,
Academy of Interactive Entertainment,Seattle,WA,98109-4623,2,24600.0,24600.0,40039.0,,36609.0,,0.4915,0.4915,12000,12000,0.65,,,76.0,,,0.0,
Arrojo Cosmetology School,New York,NY,10014,3,,,,,22811.0,17000.0,0.1652,0.1518,10083,PS,,,,107.0,,,0.0,
Cosmetology Academy of Texarkana,Texarkana,TX,75503,3,,,,,15206.0,12600.0,0.6981,0.717,7917,10637,,,,55.0,,,0.0,
Veritas Baptist College,Lawrenceburg,IN,47025,2,8992.0,8992.0,18643.0,,13539.0,,0.3333,0.087,11783,PS,1.0,,3121.0,114.0,0.2857,0.6,0.014,
Lynnes Welding Training,Fargo,ND,58102,3,,,,,23093.0,17375.0,0.1224,0.5306,3385,PS,,,,36.0,,,0.0,
Aviation Institute of Maintenance-Las Vegas,Las Vegas,NV,89119,3,16757.0,16757.0,31041.0,,25155.0,,0.6293,0.7415,20500,31500,,,,332.0,,,0.0,48191.0
UEI College-Bakersfield,Bakersfield,CA,93308-0000,3,,,,,27712.0,19900.0,0.7834,0.7822,9445,9500,,,,1385.0,,,0.0,27688.0
DeVry College of New York,New York,NY,10016,3,17488.0,17488.0,41672.0,,34530.0,,0.5579,0.6005,12805,24807,1.0,,10888.0,175.0,0.3333,0.0,0.0,45987.0
DeVry University-Arizona,Phoenix,AZ,85021,3,17488.0,17488.0,,,,,0.5167,0.6833,12805,24807,,,9672.0,22.0,0.625,,0.0,45987.0
DeVry University-California,Ontario,CA,91764,3,17488.0,17488.0,39643.0,,33294.0,,0.5357,0.5736,12805,24807,0.4325,,9410.0,2081.0,0.4286,0.7222,0.0,45987.0
DeVry University-Florida,Orlando,FL,32819,3,17488.0,17488.0,,,,,0.5267,0.7046,12805,24807,1.0,,9149.0,188.0,0.4,,0.0,45987.0
DeVry University-Georgia,Decatur,GA,30030,3,17488.0,17488.0,39356.0,,30243.0,,0.611,0.7387,12805,24807,0.8125,,9183.0,472.0,0.3636,1.0,0.0,45987.0
DeVry University-Illinois,Lisle,IL,60532,3,17488.0,17488.0,38020.0,,30878.0,,0.6524,0.7938,12805,24807,0.4325,1050.0,8774.0,25975.0,0.3686,0.6509,0.0,45987.0
DeVry University-Nevada,Henderson,NV,89074,3,17488.0,17488.0,,,,,0.3,0.3,12805,24807,,,8032.0,4.0,0.0,,0.0,45987.0
DeVry University-New Jersey,Iselin,NJ,08830,3,17488.0,17488.0,,,,,0.6023,0.7273,12805,24807,1.0,,11961.0,68.0,0.3333,,0.0,45987.0
DeVry University-Ohio,Columbus,OH,43219,3,17488.0,17488.0,,,,,0.5459,0.7202,12805,24807,0.8889,,9332.0,218.0,0.45,,0.0,45987.0
DeVry University-Texas,Irving,TX,75063,3,17488.0,17488.0,,,,,0.369,0.4405,12805,24807,0.0,,8499.0,26.0,0.3333,,0.0,45987.0
DeVry University-Virginia,Arlington,VA,22202,3,17488.0,17488.0,33556.0,,22341.0,,0.4237,0.5254,12805,24807,1.0,,8411.0,25.0,1.0,0.5,0.0,45987.0
University of North Georgia,Dahlonega,GA,30597,1,5009.0,15441.0,18062.0,10785.0,,,0.2769,0.2088,9673,17750,0.7216,1136.0,8190.0,15542.0,0.3685,0.7272,0.0,50135.0
South Georgia State College,Douglas,GA,31533,1,2970.0,9322.0,16015.0,9300.0,,,0.5223,0.2765,7000,11500,,,6995.0,1553.0,0.2031,0.6,0.0,35697.0
Northeastern University Professional Programs,Boston,MA,02115,2,,,,,,,0.0428,0.0831,22000,24250,,,9378.0,1674.0,,,0.0,92538.0
Florida Polytechnic University,Lakeland,FL,33805-8531,1,4940.0,21005.0,20807.0,9899.0,,,0.3305,0.2495,7500,14250,0.5573,1294.0,10179.0,1556.0,0.5302,0.7536,0.0,
American Institute-Toms River,Toms River,NJ,08755,3,,,,,17386.0,19495.0,0.7758,0.9194,9304,11979,,,,463.0,,,0.0,28710.0
Alamo City Barber College,San Antonio,TX,78250-3227,3,,,,,15890.0,10775.0,0.7472,0.7396,5281,6937,,,,180.0,,,0.0,
Arizona College-Mesa,Mesa,AZ,85201,3,18835.0,18835.0,32204.0,,26682.0,,0.8372,0.7636,9500,9500,,,,133.0,,,0.0,34657.0
American College of Healthcare and Technology,Huntington Park,CA,90255,3,,,,,12483.0,17995.0,0.8835,0.8867,9500,9500,,,,155.0,,,0.0,31109.0
Antioch College,Yellow Springs,OH,45387,2,37143.0,37143.0,50383.0,,6602.0,,0.748,0.7165,6518,PS,0.8167,,6692.0,127.0,0.2632,0.6129,0.0,
Texas A&M University-Central Texas,Killeen,TX,76549,1,6627.0,16419.0,13220.0,1113.0,,,0.4847,0.4275,13000,17750,1.0,,8517.0,1698.0,,,0.0,
Central Georgia Technical College,Warner Robins,GA,31088,1,3180.0,5580.0,11885.0,4750.0,,,0.3037,0.1282,5500,9608,,,4941.0,5602.0,,,0.0,30848.0
Barber School of Pittsburgh,Pittsburgh,PA,15216,3,,,,,18910.0,18275.0,0.6552,0.7034,13583,13583,,,,78.0,,,0.0,
Innovate Salon Academy,South Plainfield,NJ,07080,3,,,,,38617.0,12726.0,0.4853,0.5871,6333,6333,,,,247.0,,,0.0,
Arizona State University Digital Immersion,Scottsdale,AZ,85257,1,,,,,,,0.3789,0.3715,13610,19500,0.6411,,10785.0,49000.0,,,0.0,62668.0
Louisiana Delta Community College,Monroe,LA,71203,1,4159.0,4159.0,13941.0,8306.0,,,0.5251,0.3836,7618,12500,,,5747.0,2933.0,,,0.0,30438.0
The Fab School,Rancho Cucamonga,CA,91730,3,,,,,39612.0,31125.0,0.2996,0.2772,4449,PS,,,,164.0,,,0.0,
Networks Barber College,Calumet City,IL,60409,3,,,,,17567.0,18200.0,0.764,0.6629,15900,16500,,,,50.0,,,0.011,
JB's Hair Design and Barber College,Oklahoma City,OK,73139,3,,,,,18127.0,22500.0,0.5175,0.4755,PS,PS,,,,63.0,,,,
Paul Mitchell the School-Lombard,Lombard,IL,60148,3,,,,,17337.0,22575.0,0.3459,0.4436,9500,13598,,,,73.0,,,0.0,27652.0
Paul Mitchell the School-Greenville,Greenville,SC,29607,3,,,,,18487.0,17600.0,0.5812,0.6026,9500,11740,,,,147.0,,,0.0,26696.0
Barber and Beauty Academy of Pennsylvania,Harrisburg,PA,17109,3,,,,,10014.0,5300.0,0.1037,0.5704,3167,PS,,,,44.0,,,0.0,
Delta College of Arts & Technology-Lafayette Campus,Lafayette,LA,70508,3,,,,,22230.0,29800.0,0.6741,0.537,5899,7393,,,,183.0,,,0.0,34222.0
Delta College-Slidell Campus,Slidell,LA,70460-2624,3,,,,,19835.0,14450.0,0.7065,0.7861,6200,6397,,,,135.0,,,0.0,32044.0
Integrity College of Health,Pasadena,CA,91104,3,,,,,18132.0,24980.0,0.4889,0.5778,8444,13194,,,7396.0,158.0,0.6,,0.0,
Electrical and HVAC/R Training Center,Copiague,NY,11726,3,,,,,18341.0,11230.0,0.5178,0.566,6022,6333,,,,236.0,,,0.0,
Alexander Paul Institute of Hair Design,Greenville,NC,27858-3344,3,,,,,14976.0,16200.0,0.5821,0.7164,8750,8750,,,,37.0,,,0.0,
More Tech Institute,Hialeah,FL,33012,3,,,,,36256.0,15914.0,0.9355,0.9355,6186,PS,,,,72.0,,,0.0,
Dorsey College-Dearborn,Detroit,MI,48228,3,22800.0,22800.0,29357.0,,22173.0,,0.8357,0.8552,9500,13000,,,4851.0,450.0,,,0.0,29392.0
Neecee's Barber College,Abilene,TX,79602,3,,,,,18256.0,13390.0,0.6604,0.6981,9500,10667,,,,33.0,,,0.0,
Bella Cosmetology and Barber College,Greenville,TX,75402,3,,,,,22549.0,15600.0,0.5135,0.5676,8583,10667,,,,71.0,,,0.0,
Franklin Hair Academy School of Cosmetology,Franklin,TN,37064-2126,3,,,,,22321.0,13075.0,0.5167,0.4833,PS,PS,,,,75.0,,,,
Ana G. Mendez University,Orlando,FL,32822,2,13575.0,13575.0,,,,,0.455,0.3408,5592,12188,,,5857.0,4897.0,,0.6325,0.0,
Ohio Institute of Allied Health,Huber Heights,OH,45424-3646,2,24493.0,24493.0,40476.0,,38315.0,,0.746,0.7937,9499,9500,,,5583.0,39.0,,,0.0,
Access Careers,Hempstead,NY,11550-0000,3,,,,,,1500.0,0.0265,0.0122,5500,5500,,,,408.0,,,0.0,
Luckes Beauty Academy LLC,Newport  News,VA,23601-1303,3,,,,,15361.0,17100.0,0.7273,0.6364,9500,PS,,,,21.0,,,0.0,
Total Transformation Institute of Cosmetology,San Marcos,TX,78666-8115,3,,,,,16832.0,14356.0,0.5736,0.4341,6009,7917,,,,94.0,,,0.0,
Vibe Barber College,Memphis,TN,38107-2538,3,,,,,14538.0,17800.0,0.6452,0.4409,9500,9500,,,,63.0,,,0.0,
Champ's Barber School,Lancaster,PA,17602-3809,3,,,,,17381.0,18900.0,0.7294,0.8,9500,PS,,,,45.0,,,0.0,
Washington University of Science and Technology,Vienna,VA,22182-2734,3,13178.0,13178.0,,,,,0.0,0.0,PS,PS,0.1149,,10000.0,302.0,0.5455,0.5965,0.0,
East-West Healing Arts Institute,Madison,WI,53719-1133,3,,,,,31572.0,13450.0,0.3889,0.5972,8444,PS,,,,44.0,,,0.0,
Standard Healthcare Services-College of Nursing,Falls Church,VA,22043,3,,,,,35630.0,23037.0,0.5,0.615,14680,14750,0.2186,,8392.0,719.0,,,0.0,
Philadelphia Technician Training,Philadelphia,PA,19138-1324,2,,,,,23288.0,23000.0,0.8475,0.8084,9500,9500,,,,492.0,,,0.0,
Grace International Beauty School,Flushing,NY,11355-2446,3,,,,,14925.0,7800.0,0.5528,0.0,PS,PS,,,,15.0,,,0.0,
Alliance Computing Solutions,Flushing,NY,11354-6507,3,,,,,12225.0,11100.0,0.25,0.0,5709,PS,,,,4.0,,,0.042,
InterAmerican Technical Institute,Miami,FL,33174-2950,3,,,,,29741.0,9350.0,0.985,0.953,7917,PS,,,,606.0,,,0.0,
Bay Area Medical Academy,San Francisco,CA,94108-3623,3,,,,,25327.0,16184.0,0.6183,0.4448,8291,9089,,,,159.0,,,0.0,
Mind Body Institute,Madison,TN,37115-2120,3,,,,,23445.0,10000.0,0.3906,0.4688,7389,PS,,,,36.0,,,0.011,
Parisian Spa Institute,Jacksonville,FL,32204-4127,3,,,,,8710.0,4185.0,0.2895,0.4665,3167,3167,,,,198.0,,,0.0,
Creative Touch Cosmetology School,Waterloo,IL,62298-1609,3,,,,,11637.0,21500.0,0.6207,0.6207,PS,PS,,,,21.0,,,0.0,
LaBarberia Institute of Hair,Mayfield Hts,OH,44124,3,,,,,12899.0,17502.0,0.4305,0.3815,12000,20000,,,,213.0,,,0.0,
Bos-Man's Barber College,Shreveport,LA,71108,3,,,,,9039.0,18750.0,1.0,1.0,14000,PS,1.0,,,54.0,,,0.017,
Lawrence & Company College of Cosmetology,Selma,CA,93662-3509,3,,,,,19422.0,19200.0,0.2836,0.2985,6333,PS,,,,38.0,,,0.039,
Alabama College of Osteopathic Medicine,Dothan,AL,36303-2251,2,,,,,,,,,,,,,,,,,0.0,
High Desert Medical College,Lancaster,CA,93534,3,,,,,27890.0,52610.0,0.5547,0.5382,9500,13555,,,6955.0,1721.0,,,0.0,
Paul Mitchell the School-Schenectady,Schenectady,NY,12305-2303,3,,,,,25008.0,18800.0,0.4916,0.5754,6492,6650,,,,93.0,,,0.0,
Beyond Measure Barbering Institute,Mebane,NC,27302-2323,3,,,,,11406.0,16950.0,0.9718,0.9718,9500,PS,,,,49.0,,,0.031,
Barber Institute of Texas,Longview,TX,75602-3456,3,,,,,10208.0,23025.0,0.5963,0.5963,9500,PS,,,,16.0,,,0.0,
Jupiter Beauty Academy,Boston,MA,02122-2834,3,,,,,11860.0,7495.0,0.2548,0.0881,2333,PS,,,,207.0,,,0.0,
MedQuest College,Louisville,KY,40223-1882,3,,,,,18813.0,14672.0,0.439,0.3202,9196,9500,,,4660.0,273.0,,,0.0,
First Coast Barber Academy,Jacksonville,FL,32202,3,,,,,15749.0,15685.0,1.0,1.0,9000,PS,,,,50.0,,,0.0,
Debutantes School of Cosmetology and Nail Technology,Dekalb,IL,60115-3301,3,,,,,8331.0,18100.0,0.25,0.3977,7867,7917,,,,65.0,,,0.0,
Paul Mitchell the School-Farmington Hills,Farmington Hills,MI,48334-1300,3,,,,,23226.0,19995.0,0.414,0.543,9833,9833,,,,105.0,,,0.0,
Paul Mitchell the School-Merrillville,Merrillville,IN,46410-5540,3,,,,,16793.0,18202.0,0.375,0.5625,9833,9833,,,,70.0,,,0.0,
TIGI Hairdressing Academy Newtown,Newtown,CT,06470-0000,3,,,,,14904.0,19000.0,0.3576,0.4768,9833,9833,,,,96.0,,,0.0,
Yahweh Beauty Academy,Killeen,TX,76543-4153,3,,,,,17618.0,6500.0,0.4603,0.0,PS,PS,,,,42.0,,,,
Arizona School of Integrative Studies,Mesa,AZ,85201,3,,,,,16249.0,14135.0,0.5355,0.6702,8347,8444,,,,161.0,,,0.0,
Lee Professional Institute,Fort Myers,FL,33916-9320,3,,,,,16308.0,10200.0,0.954,0.9425,5970,PS,,,,35.0,,,0.0,
Park Place Premier Barber School,New Orleans,LA,70122-3808,3,,,,,12005.0,16883.0,0.8387,0.4839,15587,PS,,,,22.0,,,0.03,
The Salon Professional Academy-San Jose,San Jose,CA,95129-5101,3,,,,,18460.0,13950.0,0.4472,0.4472,6333,6333,,,,231.0,,,0.0,
Tri-Community Adult Education,Covina,CA,91722-3925,1,,,,,,,0.1366,0.0,PS,PS,,,,217.0,,,,
Ross Medical Education Center-Owensboro,Owensboro,KY,42303-7757,3,,,,,19784.0,16297.0,0.7955,0.9318,8481,9500,,,,29.0,,,0.0,30481.0
Ross Medical Education Center-Evansville,Evansville,IN,47715-2405,3,,,,,20553.0,16297.0,0.8478,0.8043,9389,9500,,,,68.0,,,0.0,33079.0
Ross Medical Education Center-Johnson City,Johnson City,TN,37601-1526,3,,,,,22176.0,16297.0,0.8443,0.8525,9389,9500,,,,67.0,,,0.0,33079.0
North-West College-Anaheim,Anaheim,CA,92801,3,,,,,31140.0,18121.0,0.6469,0.7195,9500,9500,,,5633.0,455.0,,,0.0,39876.0
North-West College-Long Beach,Long Beach,CA,90815-1770,3,,,,,32474.0,37419.0,0.6038,0.7262,9500,9500,,,4274.0,576.0,,,0.0,39876.0
Taylor Andrews Academy of Hair Design-Provo,Provo,UT,84604,3,,,,,21627.0,18000.0,0.3299,0.4315,9500,10556,,,,148.0,,,0.0,36048.0
University of Florida-Online,Gainesville,FL,32611,1,3876.0,16579.0,17036.0,4702.0,,,0.2039,0.1281,14000,15000,0.6438,1331.0,6302.0,4577.0,0.7766,0.935,0.0,71588.0
Ogle School Hair Skin Nails-Stafford,Stafford,TX,77477,3,,,,,20472.0,16500.0,0.7209,0.6784,7917,7917,,,,516.0,,,0.0,31488.0
University of Phoenix-Arizona,Phoenix,AZ,85040,3,9552.0,9552.0,19449.0,,13571.0,,0.4534,0.6037,16690,31553,,,8154.0,76996.0,0.1951,0.4091,0.0,37752.0
University of Phoenix-California,Ontario,CA,91761,3,,,,,,,0.2397,0.347,16690,31553,,,,155.0,0.1837,,0.0,37752.0
University of Phoenix-Nevada,Las Vegas,NV,89135,3,,,,,,,0.1667,0.2333,16690,31553,,,,,0.0,,0.0,37752.0
University of Phoenix-Texas,Dallas,TX,75251-2004,3,,,,,,,0.2222,0.4259,16690,31553,,,,20.0,0.0,,0.0,37752.0
Minerva University,San Francisco,CA,94103,2,18700.0,18700.0,,,,,0.0,0.0,,,0.0355,,13729.0,603.0,0.8883,0.9571,,
University of West Los Angeles,Inglewood,CA,90301,3,,,,,,,0.1429,0.1429,,,,,7960.0,6.0,,,,
Rabbinical College Ohr Yisroel,Brooklyn,NY,11236,2,9000.0,9000.0,15850.0,,6147.0,,0.3826,0.0,PS,PS,,,3553.0,116.0,0.5152,0.8611,,
Aveda Institute-Phoenix,Tempe,AZ,85284,3,,,,,22297.0,20700.0,0.3819,0.4066,6333,6333,,,,202.0,,,0.0,
University of North Texas at Dallas,Dallas,TX,75241,1,9590.0,22189.0,21003.0,8376.0,,,0.5148,0.2966,12500,18606,0.9386,916.0,9012.0,2914.0,0.4379,0.7042,0.0,
Dermal Science International Aesthetics and Nail Academy,Reston,VA,20190,3,,,,,10807.0,10900.0,0.3053,0.3684,6333,PS,,,,35.0,,,0.0,
BridgeValley Community & Technical College,South  Charleston,WV,25136,1,5282.0,11748.0,10892.0,4992.0,,,0.4168,0.2528,5256,9829,,,6374.0,1734.0,,,0.0,36432.0
Northwest College-Medford,Medford,OR,97504-9998,3,,,,,21107.0,19635.0,0.902,0.8922,6333,7564,,,,72.0,,,0.0,24421.0
Houston Training Schools-Gessner,Houston,TX,77063-0000,3,,,,,7354.0,11100.0,0.9289,0.0,PS,PS,,,,155.0,,,,18991.0
Empire Beauty School-Buffalo,Cheektowaga,NY,14225-5177,3,,,,,16087.0,12750.0,0.5372,0.5798,6633,10667,,,,78.0,,,0.001,22377.0
Paul Mitchell the School-Toledo,Sylvania,OH,43560-2539,3,,,,,23066.0,18915.0,0.6653,0.595,9833,12500,,,,169.0,,,0.0,28363.0
Georgia Military College,Milledgeville,GA,31061,1,8112.0,8112.0,18298.0,14693.0,,,0.3298,0.392,5500,8563,,,5465.0,3936.0,0.3294,0.4,0.0,39257.0
Beau Monde Academy of Barbering and Cosmetology,Portland,OR,97232-1315,3,,,,,28192.0,19173.0,0.331,0.2817,8769,8769,,,,120.0,,,0.0,24565.0
Fountain of Youth Academy of Cosmetology,Pittsburgh,PA,15217,3,,,,,30608.0,9760.0,0.1864,0.2203,5500,6333,,,,52.0,,,0.0,
West Coast University-Miami,Doral,FL,33178-2775,3,23691.0,23691.0,42172.0,,38218.0,,0.6389,0.9147,24145,32946,,,7930.0,900.0,0.5,0.6667,0.0,102672.0
Aparicio-Levy Technical College,Tampa,FL,33610,1,,,,,,2983.0,0.071,0.0,PS,PS,,,,137.0,,,,
The Vocational Nursing Institute Inc,Houston,TX,77065,2,,,,,57042.0,28500.0,0.85,0.85,9500,PS,1.0,,,20.0,,,0.0,
Hollywood Institute of Beauty Careers-West Palm Beach,West Palm Beach,FL,33405-4813,3,,,,,19109.0,10296.0,0.6869,0.6732,6105,6199,,,,287.0,,,0.0,21386.0
Hollywood Institute of Beauty Careers-Casselberry,Casselberry,FL,32707-7103,3,,,,,17903.0,10296.0,0.7017,0.6915,6105,6199,,,,303.0,,,0.0,21386.0
Empire Beauty School-Cheltenham,Wyncote,PA,19095,3,,,,,18891.0,17000.0,0.5579,0.6116,7851,10667,,,,151.0,,,0.0,23921.0
High Tech High Graduate School of Education,San Diego,CA,92106,2,,,,,,,,,,,,,7750.0,,,,0.0,
Coachella Valley Beauty College-Hemet,Hemet,CA,92545,3,,,,,15776.0,8528.0,0.6406,0.5668,2333,2905,,,,101.0,,,0.0,19665.0
Coastal Pines Technical College,Waycross,GA,31503,1,3040.0,5440.0,9670.0,124.0,,,0.2712,0.0,PS,PS,,,4645.0,1688.0,,,,30214.0
Studio Beauty School,Spokane Valley,WA,99206,3,,,,,19626.0,8410.0,0.5122,0.5976,6333,6582,,,,106.0,,,0.0,
Latin Beauty Academy,greenacres,FL,33415-6104,3,,,,,16207.0,6580.0,0.4773,0.4744,6334,7333,,,,214.0,,,0.0,
Associated Barber College of San Diego,San Diego,CA,92101-4210,3,,,,,20688.0,22245.0,0.8344,0.6242,15340,16500,,,,116.0,,,0.0,
ABCO Technology,Inglewood,CA,90304-1551,3,,,,,14659.0,14775.0,0.1265,0.1186,PS,PS,,,5625.0,121.0,,,0.0,
Lionel University,Carpinteria,CA,93013-2912,3,15288.0,15288.0,31812.0,,29539.0,,0.3686,0.2902,6334,12668,,,3467.0,480.0,0.3837,0.6667,0.0,
California Intercontinental University,Sioux Falls,SD,57103,3,9054.0,9054.0,,,,,0.78,0.6333,7404,PS,,,6210.0,141.0,0.1024,,0.0,
Infinity College,Lafayette,LA,70501-8833,3,,,,,,585.0,0.4011,0.4298,6333,6333,,,3750.0,104.0,,,0.0,
Universal Healthcare Careers College,Los Angeles,CA,90015-3811,3,,,,,33617.0,13800.0,0.5485,0.0,PS,PS,,,,279.0,,,0.02,
New Beginnings Beauty Academy,Pine Bluff,AR,71603,3,,,,,19101.0,17000.0,1.0,1.0,9500,PS,,,,25.0,,,0.0,
Dolce The Academy,Waterbury,CT,06705,3,,,,,11539.0,16700.0,0.4167,0.4792,8665,PS,,,,42.0,,,0.024,
American College of the Building Arts,Charleston,SC,29403-4223,2,20572.0,20572.0,38984.0,,26389.0,,0.1986,0.3759,10500,PS,0.6207,1137.0,7465.0,140.0,0.64,1.0,,
River Valley School of Massage,Russellville,AR,72802,3,,,,,15494.0,9800.0,0.5,0.6667,PS,PS,,,,12.0,,,0.0,
Atlantis University,Miami,FL,33136,3,12720.0,12720.0,24866.0,,20767.0,,0.4944,0.5643,15900,25870,,,2514.0,313.0,0.6129,0.3571,0.0,
Westchester School for Medical & Dental Assistants,Ardsley,NY,10502,3,,,,,16352.0,12100.0,0.8376,0.6838,4097,4171,,,,35.0,,,0.0,
Studio Incamminati,Philadelphia,PA,19148-2384,2,17333.0,17333.0,,,,,0.0769,0.2564,PS,PS,1.0,,,40.0,,,0.0,
Salon Boutique Academy,Addison,TX,75001-4399,3,,,,,20319.0,11250.0,0.466,0.5646,7736,7917,,,,191.0,,,0.0,
GA Beauty & Barber School,McAllen,TX,78501-3309,3,,,,,25426.0,9350.0,0.4737,0.2355,2400,2783,,,,199.0,,,0.0,
The Recording Conservatory of Austin,Austin,TX,78730-3004,3,,,,,29459.0,29760.0,0.4301,0.5161,4125,PS,,,,82.0,,,0.0,
VH Barber & Styling Academy,Bossier City,LA,71111-4409,3,,,,,37051.0,16940.0,0.5439,0.614,9500,PS,,,,24.0,,,0.0,
Bet Medrash Gadol Ateret Torah,Brooklyn,NY,11223-1933,2,10700.0,10700.0,16500.0,,4382.0,,0.5824,0.0,PS,PS,0.6531,,4378.0,108.0,0.5217,0.8929,,
Yeshiva Ohr Yisrael,Brooklyn,NY,11229-1817,2,9400.0,9400.0,18645.0,,10500.0,,0.2609,0.0,PS,PS,1.0,,8813.0,17.0,0.125,0.25,,
Yeshiva Sholom Shachna,Brooklyn,NY,11230,2,10750.0,10750.0,19450.0,,7975.0,,0.4766,0.0,PS,PS,0.8696,,8697.0,118.0,0.0606,0.7143,,
Bethlehem College & Seminary,Minneapolis,MN,55415-1793,2,7144.0,7144.0,,,,,0.0,0.0,,,,,6304.0,92.0,0.5,1.0,,
Elmezzi Graduate School of Molecular Medicine,Manhasset,NY,11030-3816,2,,,,,,,,,,,,,,,,,,
Theatre of Arts,Hollywood,CA,90028,3,21940.0,21940.0,,,,,0.2564,0.2564,7489,PS,,,6111.0,37.0,,,0.02,
Westchester College of Nursing & Allied Health,Los Angeles,CA,90045-3647,3,,,,,23577.0,29080.0,0.9091,1.0,PS,PS,,,,11.0,,,0.0,
Treasure Coast Technical College,Vero Beach,FL,32967-3527,1,,,,7245.0,,6803.0,0.3158,0.0,PS,PS,,,,67.0,,,,
American College of Barbering,Louisville,KY,40229-2862,3,,,,,21506.0,17675.0,0.4587,0.4404,9399,14143,,,,75.0,,,0.0,
Beth Medrash Meor Yitzchok,Monsey,NY,10952-4023,2,12600.0,12600.0,22200.0,,10768.0,,0.5344,0.0,PS,PS,0.5212,,5063.0,222.0,0.4921,0.9286,,
Mingo Extended Learning Center,Delbarton,WV,25670,1,,,,1185.0,,4515.0,0.5652,0.0,PS,PS,1.0,,,13.0,,,,
San Ignacio University,Doral,FL,33178-2350,3,10405.0,10405.0,14305.0,,9433.0,,0.0588,0.0252,PS,PS,,,,75.0,0.7037,0.6667,0.0,
ZMS The Academy,Los Angeles,CA,90033-4231,3,,,,,6854.0,8395.0,0.1073,0.0169,3666,PS,,,,228.0,,,0.0,
Valor Christian College,Canal Winchester,OH,43110,2,9892.0,9892.0,30234.0,,25886.0,,0.5789,0.6285,12270,15250,,,6517.0,352.0,0.4146,0.5,0.0,
Bethany Global University,Bloomington,MN,55438-2849,2,20700.0,20700.0,29638.0,,20833.0,,0.4685,0.4595,11598,12000,0.9388,,4897.0,162.0,0.6119,0.561,0.0,
HVAC Technical Institute,Chicago,IL,60632-4457,3,,,,,23216.0,15000.0,0.4536,0.4589,6851,6851,,,,216.0,,,0.0,
United International College,Miramar,FL,33025-3943,3,10320.0,10320.0,,,,,0.0,0.0,PS,PS,,,,175.0,0.92,0.75,,
San Francisco Film School,San Francisco,CA,94104-2835,3,,,,,31029.0,48650.0,0.172,0.2151,PS,PS,,,4279.0,141.0,,,0.027,
Center for Ultrasound Research & Education,White Plains,NY,10604,3,,,,,48634.0,47700.0,0.3971,0.386,10000,PS,,,,35.0,,,0.0,
Culinary Tech Center,White Plains,NY,10601,3,,,,,15763.0,14050.0,0.5417,0.5,6333,6333,,,,44.0,,,0.046,
Randolph Technical Center,Elkins,WV,26241-9527,1,,,,9867.0,,3077.0,0.8095,0.0,PS,PS,,,,11.0,,,,
AMG School of Nursing,Brooklyn,NY,11201-1728,3,,,,,33363.0,32500.0,0.679,0.714,9942,14167,,,7206.0,570.0,,,0.0,
Saint Michael College of Allied Health,Washington,DC,20002,3,19405.0,19405.0,45405.0,,39699.0,,0.2635,0.2297,15187,17713,0.6421,,7800.0,123.0,,,0.0,
Presidio Graduate School,San Francisco,CA,94105,2,,,,,,,,,PS,PS,,,,,,,0.0,
Sandra Academy of Salon Services,New Tazewell,TN,37825-7239,3,,,,,7494.0,16500.0,0.8916,0.7349,7910,9833,,,,73.0,,,0.0,
California Jazz Conservatory,Berkeley,CA,94704-1268,2,23700.0,23700.0,,,,,0.3478,0.5217,PS,PS,1.0,,7834.0,20.0,0.5,,0.0,
California Barber and Beauty College,San Diego,CA,92115-4730,3,,,,,10032.0,13750.0,0.7579,0.0842,PS,PS,,,,61.0,,,,
Laredo CHI Academy Beauty School,Laredo,TX,78041-6540,3,,,,,9674.0,8311.0,0.5484,0.0,PS,PS,,,,56.0,,,0.0,
Florida International Training Institute,Miami,FL,33122-1707,3,,,,,53875.0,9820.0,0.9775,0.9206,3200,3077,0.8502,,,695.0,,,0.0,
Gould's Academy,Memphis,TN,38119-5317,3,,,,,11205.0,11225.0,0.6308,0.6165,7767,7767,,,,164.0,,,0.0,
Aviation Institute of Maintenance-Fremont,Fremont,CA,94539,3,16757.0,16757.0,29407.0,,25273.0,,0.5792,0.7833,19500,31786,,,,256.0,,,0.0,
Paul Mitchell the School-Tulsa,Tulsa,OK,74134-1410,3,,,,,20064.0,18755.0,0.5479,0.4877,9822,10150,,,,249.0,,,0.0,
PPG Technical College,Caguas,PR,00726-3164,3,8620.0,8620.0,13587.0,,5819.0,,0.9652,0.0,PS,PS,,,,194.0,,,,
Academy of Professional Cosmetology,Rogers,AR,72756-2028,3,,,,,19083.0,7260.0,0.1438,0.15,4750,5500,,,,171.0,,,0.0,
Empire Beauty School-Northlake,Atlanta,GA,30345-3762,3,,,,,15771.0,19260.0,0.5112,0.5,7050,13583,,,,117.0,,,0.0,24407.0
Ross Medical Education Center-Huntsville,Huntsville,AL,35806-2509,3,,,,,21041.0,16297.0,0.8555,0.8266,7504,9500,,,,109.0,,,0.0,30060.0
Ross Medical Education Center-Knoxville,Knoxville,TN,37922-2367,3,,,,,22028.0,16297.0,0.8992,0.8992,5500,9500,,,,75.0,,,0.001,30072.0
Ross Medical Education Center-Muncie,Muncie,IN,47303-6413,3,,,,,21127.0,16297.0,0.8111,0.8667,7719,9500,,,,54.0,,,0.002,29898.0
Cortiva Institute-Arlington,Arlington,TX,76017-5818,3,,,,,33971.0,11526.0,0.8601,0.829,7485,7521,,,,90.0,,,0.0,29204.0
Tulsa Welding School-Houston,Houston,TX,77060-2100,3,,,,,32907.0,21500.0,0.6735,0.7399,6886,9500,,,,1799.0,,,0.0,41067.0
Pima Medical Institute-El Paso,El Paso,TX,79915-1525,3,,,,,23746.0,16390.0,0.627,0.6316,9500,9500,,,5497.0,667.0,,,0.0,38673.0
Pima Medical Institute-Phoenix,Phoenix,AZ,85029-4929,3,,,,,6939.0,5040.0,0.4801,0.5487,5500,8521,,,4227.0,830.0,,,0.0,
Kennesaw State University,Kennesaw,GA,30144,1,5786.0,17040.0,24618.0,16972.0,,,0.3538,0.3507,14250,23833,0.6918,1120.0,9409.0,39503.0,0.4806,0.7874,0.0,57552.0
Entourage Institute of Beauty and Esthetics,Lincoln,NE,68516-2306,3,,,,,16906.0,18050.0,0.5111,0.4444,7000,PS,,,,49.0,,,0.0,
Eastern Suffolk BOCES,Riverhead,NY,11901-2763,1,,,,7999.0,,11240.0,0.3333,0.3333,8550,9500,,,,9.0,,,0.0,63394.0
Eastern Suffolk BOCES,Oakdale,NY,11769-1650,1,,,,8762.0,,11240.0,0.2105,0.2105,8550,9500,,,,31.0,,,0.0,63394.0
Milligan University,Milligan,TN,37682,2,39350.0,39350.0,49850.0,,21131.0,,0.2344,0.4901,18800,25219,0.7027,1195.0,6909.0,783.0,0.6029,0.7943,0.0,46641.0
Chamberlain University-Nevada,Las Vegas,NV,89144,3,20462.0,20462.0,44446.0,,40925.0,,0.4268,0.7919,16458,20919,0.75,,8876.0,573.0,0.0,0.4,0.0,92405.0
Chamberlain University-Michigan,Troy,MI,48084,3,19686.0,19686.0,27697.0,,26870.0,,0.4474,0.7991,16458,20919,0.8889,,8876.0,643.0,,0.0,0.0,92405.0
Chamberlain University-New Jersey,North Brunswick,NJ,08902,3,20462.0,20462.0,41740.0,,36438.0,,0.3442,0.8208,16458,20919,0.9,,8193.0,1316.0,0.0,0.7143,0.0,92405.0
Paul Mitchell the School-Madison,Madison,WI,53717,3,,,,,23365.0,18613.0,0.597,0.5672,9500,10194,,,,52.0,,,0.047,29138.0
The University of Tennessee Health Science Center,Memphis,TN,38163,1,,,,,,,0.1254,0.5017,11250,12500,,,12618.0,376.0,,,0.0,66318.0
Unitech Training Academy-New Orleans,New Orleans,LA,70123-0000,3,,,,,24599.0,15495.0,0.7163,0.7275,6859,8721,,,,65.0,,,0.0,24707.0
Wade Gordon Hairdressing Academy-Lubbock,Lubbock,TX,79423-2125,3,,,,,25243.0,11700.0,0.6212,0.7273,7710,9833,,,,101.0,,,0.0,
Protege Academy,Mt. Pleasant,MI,48858-2058,3,,,,,12831.0,19600.0,0.625,0.7917,9833,9833,,,,33.0,,,0.0,19499.0
Emory University-Oxford College,Oxford,GA,30054,2,60774.0,60774.0,78814.0,,30622.0,,0.1574,0.1431,16750,18250,0.1725,1513.0,9252.0,973.0,,,0.0,80137.0
The Chicago School at Xavier University of Louisiana,New Orleans,LA,70125-1056,2,,,,,,,,,10250,20000,,,9311.0,,,,0.0,56899.0
Southern Regional Technical College,Thomasville,GA,31792,1,3122.0,5522.0,11478.0,1085.0,,,0.4408,0.0,PS,PS,,,5321.0,2960.0,,,,31293.0
Texas College of Cosmetology-Lubbock,Lubbock,TX,79414-2532,3,,,,,15675.0,13250.0,0.7196,0.7672,5500,6333,,,,89.0,,,,21685.0
Fortis College-Cuyahoga Falls,Cuyahoga Falls,OH,44221,3,14050.0,14050.0,32568.0,,26023.0,,0.7593,0.7407,11501,13000,,,5333.0,489.0,,,0.0,34509.0
Jones Technical Institute,Jacksonville,FL,32256-0367,2,15978.0,15978.0,26274.0,,20833.0,,0.6264,0.592,6333,10294,,,5052.0,522.0,,,0.0,24576.0
Texas State Technical College,Waco,TX,76705,1,7192.0,11842.0,20011.0,10280.0,,,0.4542,0.238,6334,9500,,,6203.0,9153.0,,,0.0,38916.0
Aveda Institute Portland-Vancouver Campus,Vancouver,WA,98661-7264,3,,,,,18476.0,7800.0,0.4899,0.6212,6211,6826,,,,130.0,,,0.0,33003.0
Arizona College of Nursing-Las Vegas,Las Vegas,NV,89113,3,22426.0,22426.0,36044.0,,32603.0,,0.5739,0.7655,9500,9500,1.0,,7762.0,1185.0,0.75,0.84,0.0,34657.0
Florida Career College-Pembroke Pines,Pembroke Pines,FL,33024-6916,3,,,,,31813.0,21500.0,0.7139,0.6976,9365,9500,,,,156.0,,,,28928.0
Florida Career College-West Palm Beach,West Palm Beach,FL,33417-4326,3,,,,,34536.0,21500.0,0.6804,0.6626,9365,9500,,,5434.0,193.0,,,,28928.0
Florida Career College-Hialeah,Hialeah,FL,33012-7028,3,,,,,34326.0,21500.0,0.7136,0.6745,9365,9500,,,4710.0,185.0,,,,28928.0
Florida Career College-Lauderdale Lakes,Lauderdale Lakes,FL,33319-5617,3,,,,,35448.0,21500.0,0.7529,0.7245,9365,9500,,,4976.0,204.0,,,,28928.0
Florida Career College-Tampa,Tampa,FL,33619-8347,3,,,,,35023.0,21500.0,0.697,0.6526,9365,9500,,,,159.0,,,,28928.0
Florida Career College-Jacksonville,Jacksonville,FL,32244-6663,3,,,,,35212.0,21500.0,0.7432,0.6936,9365,9500,,,,173.0,,,,28928.0
Florida Career College-Boynton Beach,Boynton Beach,FL,33426-8205,3,,,,,32348.0,21500.0,0.6834,0.6948,9365,9500,,,4819.0,149.0,,,,28928.0
Florida Career College-Margate,Margate,FL,33063-7011,3,,,,,33485.0,21500.0,0.6923,0.6752,9365,9500,,,4917.0,130.0,,,,28928.0
Florida Career College-Orlando,Orlando,FL,32807-3528,3,,,,,35232.0,21500.0,0.6882,0.6458,9365,9500,,,,153.0,,,,28928.0
UEI College-Phoenix,Phoenix,AZ,85021-2718,3,,,,,31673.0,19900.0,0.7036,0.7283,9500,9500,,,,1148.0,,,0.0,31141.0
Florida Career College-Houston,Houston,TX,77090-1111,3,,,,,33884.0,21500.0,0.7251,0.6752,9365,9500,,,3971.0,264.0,,,,28928.0
Aveda Institute-Madison,Madison,WI,53715-0000,3,,,,,13950.0,21015.0,0.3288,0.6096,6333,6333,,,,85.0,,,0.0,31723.0
Husson University,Bangor,ME,04401-2929,2,22194.0,22194.0,34073.0,,20798.0,,0.3466,0.6962,21500,27000,0.8643,1110.0,7871.0,2395.0,0.5667,0.7634,0.0,45025.0
Tricoci University of Beauty Culture-Elgin,Elgin,IL,60123-9412,3,,,,,17863.0,13184.0,0.4493,0.5947,7307,7307,,,,154.0,,,0.0,35650.0
Concorde Career College-Southaven,Southaven,MS,38671,3,,,,,22064.0,17622.0,0.7882,0.757,9500,9500,1.0,,3969.0,114.0,,,0.0,31599.0
Universal Technical Institute-Southern California,Long Beach,CA,90808-1789,3,,,,,24867.0,43150.0,0.5617,0.5555,11183,13124,,,6565.0,1447.0,,,0.0,52873.0
Northwest University-Center for Online and Extended Education,Kirkland,WA,98033,2,14652.0,14652.0,30923.0,,26734.0,,0.2072,0.3821,15000,20891,,,,477.0,0.3077,0.7083,0.0,54914.0
Celebrity Barber School,Monroe,LA,71201-5133,3,,,,,,18700.0,0.5152,0.5455,6333,PS,,,,16.0,,,0.0,22002.0
California Institute of Advanced Management,Alhambra,CA,91803,2,,,,,,,,,,,,,9274.0,,,,,
Academy of Interactive Entertainment,Lafayette,LA,70506-4293,2,24600.0,24600.0,36693.0,,33319.0,,0.4787,0.4255,11803,12000,0.8,,4917.0,113.0,,,0.0,
The Temple Annapolis-A Paul Mitchell Partner School,Annapolis,MD,21401-3833,3,,,,,30283.0,24925.0,0.3899,0.491,9833,9833,,,,221.0,,,0.0,27891.0
Yeshiva Zichron Aryeh,Far Rockaway,NY,11691-0000,2,9620.0,9620.0,,,,,0.1071,0.0,PS,PS,0.6,,4997.0,36.0,0.0,,,
Butte County Regional Occupational Program,Chico,CA,95928-7191,1,,,,4357.0,,7000.0,0.2712,0.0678,4155,PS,,,,41.0,,,0.015,
Arclabs,Piedmont,SC,29673,3,,,,,24965.0,18900.0,0.5672,0.5518,6944,9500,,,,643.0,,,0.0,
Top of the Line Barber College,Charleston,SC,29403-2228,3,,,,,14486.0,18475.0,0.7391,0.7391,8549,PS,,,,60.0,,,0.018,
Midfield Institute of Cosmetology,Midfield,AL,35228-2233,2,,,,,10844.0,14400.0,1.0,0.5,8649,PS,,,,13.0,,,0.0,
American Institute of Alternative Medicine,East Brunswick,NJ,08816,3,,,,,,,0.2174,0.0,PS,PS,,,,32.0,,,,
Felbry College,Columbus,OH,43231-2256,3,27504.0,27504.0,66505.0,,63922.0,,0.4341,0.5659,9500,17000,0.6466,,5831.0,214.0,0.7692,,0.0,
Regional Center for Border Health,Somerton,AZ,85350,2,,,,,,5325.0,0.0,0.0,PS,PS,,,,191.0,,,0.019,
Kentucky Horseshoeing School,Richmond,KY,40475-1810,3,,,,,30111.0,30000.0,0.4167,0.5,8000,PS,,,,24.0,,,0.0,
Image Maker Beauty Institute,Hendersonville,TN,37075-4488,3,,,,,15296.0,19100.0,0.5618,0.5955,9665,9833,,,,64.0,,,0.0,
Dalton Institute of Esthetics and Cosmetology,Dalton,GA,30720,3,,,,,8607.0,16500.0,0.6479,0.8451,6222,6222,,,,71.0,,,0.0,
CAAN Academy of Nursing,Matteson,IL,60443-3821,2,,,,,,21200.0,0.4741,0.6121,9500,12766,,,,90.0,,,0.0,
Martinsburg College,Martinsburg,WV,25404-6204,3,,,,,11096.0,11091.0,0.8071,0.0,PS,PS,1.0,,3432.0,3214.0,0.7941,,,
Alhambra Medical University,Alhambra,CA,91803,3,,,,,,,,,PS,PS,,,5000.0,35.0,,,0.0,
Central Yeshiva Beth Joseph,Brooklyn,NY,11230-6043,2,,,,,,,0.3929,0.0,PS,PS,,,5185.0,22.0,,,,
Garden State Science and Technology Institute,Jersey City,NJ,07306-2714,3,,,,,24759.0,15471.0,0.7984,0.6415,7412,9403,,,,576.0,,,0.0,
Barber Tech Academy,Orangeburg,SC,29115-6069,3,,,,,20283.0,16825.0,0.602,0.5102,4750,PS,,,,67.0,,,0.0,
Abraham Lincoln University,Glendale,CA,91210,3,10440.0,10440.0,31720.0,,24825.0,,0.4894,0.4894,8984,PS,,,,49.0,,1.0,0.0,
Med College,Hialeah,FL,33018-4937,3,22330.0,22330.0,69752.0,,65555.0,,0.6935,0.9355,17828,23447,,,4262.0,297.0,,,0.0,
Sonoran Desert Institute,Tempe,AZ,85281,3,12280.0,12280.0,23864.0,,19921.0,,0.2685,0.2286,7786,9500,,,4606.0,4763.0,,,0.0,
Natural Images Beauty College,Clute,TX,77531-3603,3,,,,,20543.0,15000.0,0.486,0.5234,7917,7917,,,,87.0,,,0.0,
Textures Institute of Cosmetology,Indianapolis,IN,46268-3635,3,,,,,18827.0,16800.0,0.6129,0.1613,6332,PS,,,,23.0,,,0.0,
Williams Technical College,Houma,LA,70360-2816,3,,,,,15577.0,12000.0,0.6634,0.6634,6333,6333,,,,99.0,,,0.0,
PiBerry Institute,Homestead,FL,33033-3215,3,,,,,,650.0,0.3494,0.3614,9500,9500,,,,96.0,,,0.0,
Ea La Mar's Cosmetology & Barber College,Kansas City,MO,64127-1912,3,,,,,29747.0,19750.0,0.7708,0.6458,5500,PS,,,,32.0,,,0.0,
Regina Webb Academy,Bowling Green,KY,42104-4457,3,,,,,17412.0,15500.0,0.56,0.64,7448,PS,,,,15.0,,,0.0,
DeHart Technical School,Modesto,CA,95356-9292,3,,,,,25450.0,17695.0,0.4016,0.3525,7052,8950,,,,80.0,,,0.0,
Medical Career & Technical College,Richmond,KY,40475-2614,3,,,,,22218.0,15600.0,0.6502,0.5802,5500,6333,,,,199.0,,,0.0,
Center for Neurosomatic Studies,Clearwater,FL,33760,3,,,,,46680.0,27400.0,0.3043,0.3478,PS,PS,,,,23.0,,,0.0,
Focus Personal Training Institute,New York,NY,10001-6217,3,,,,,18870.0,14855.0,0.225,0.1083,6333,PS,,,,69.0,,,0.0,
Hair Academy School of Barbering & Beauty,Newark,DE,19713-2305,3,,,,,16893.0,13450.0,0.5313,0.4688,9500,PS,,,,25.0,,,0.022,
Fosbre Academy of Hair Design,Olympia,WA,98502,3,,,,,20039.0,18475.0,0.4323,0.471,10556,13000,,,,86.0,,,,
National Personal Training Institute,Orlando,FL,32817-1481,3,,,,,12583.0,8925.0,0.4405,0.1905,6333,6333,,,,43.0,,,0.0,
Mission Beauty Institute,Mission,TX,78572-4404,3,,,,,3232.0,6250.0,0.7049,0.1967,4750,PS,,,,34.0,,,0.0,
Elim Bible Institute and College,Lima,NY,14485-9704,2,10480.0,10480.0,19182.0,,9641.0,,0.4737,0.3596,9241,10247,1.0,,3188.0,94.0,0.697,1.0,0.0,
Beth Medrash of Asbury Park,Lakewood,NJ,08701-5842,2,12010.0,12010.0,18810.0,,8030.0,,0.4433,0.0,PS,PS,0.4231,,6830.0,109.0,0.0,0.7826,,
Hope College of Arts and Sciences,Pompano Beach,FL,33069-3240,3,,,,,13949.0,30791.0,0.2214,0.3321,9500,PS,,,2971.0,71.0,,,0.0,
Yeshiva Gedolah Shaarei Shmuel,Lakewood,NJ,08701-3623,2,9720.0,9720.0,16075.0,,8036.0,,0.384,0.0,PS,PS,0.53,,5792.0,132.0,0.6957,0.7119,,
Premier Barber Institute,Norristown,PA,19401-5163,3,,,,,19904.0,18380.0,0.6822,0.7944,9500,13583,,,,83.0,,,0.0,
International Beauty Education Center,Airway Heights,WA,99001-0000,3,,,,,17500.0,10640.0,0.8105,0.8158,6333,7746,,,,111.0,,,0.0,
Claremont Lincoln University,Claremont,CA,91711-4744,2,,,,,,,,,,,,,8333.0,17.0,,,0.0,
Phipps Academy of Barbering,Richton Park,IL,60471-1404,3,,,,,11785.0,18500.0,0.8986,0.8696,6556,9500,,,,26.0,,,0.0,
Hoss Lee Academy,Roseville,CA,95661-5233,3,,,,,24417.0,13000.0,0.314,0.3333,6333,6333,,,,97.0,,,0.0,
Indiana Wellness College,Carmel,IN,46290,3,,,,,,,0.4291,0.5213,7389,7661,0.6029,,,154.0,,,0.0,
Kenny's Academy of Barbering,Indianapolis,IN,46222-2327,3,,,,,15665.0,17890.0,0.6009,0.6491,9500,16500,,,,147.0,,,0.0,
Seattle Film Institute,Seattle,WA,98119-1707,3,33000.0,33000.0,47496.0,,41429.0,,0.4058,0.5942,12063,13000,,,5500.0,60.0,0.8889,0.7273,0.0,
Arkansas Colleges of Health Education,Fort Smith,AR,72916-0366,2,,,,,,,,,,,,,,,,,0.0,
Burrell College of Osteopathic Medicine,Las Cruces,NM,88001,3,,,,,,,,,,,,,,,,,0.0,
California College of Music,Pasadena,CA,91106-2403,3,18830.0,18830.0,25816.0,,18922.0,,0.0714,0.1429,,,0.4737,,,7.0,,,,
California Health Sciences University,Clovis,CA,93612,3,,,,,,,,,,,,,13508.0,,,,,
Christian Culinary Academy,Cannon Beach,OR,97110-1484,2,,,,,,15704.0,0.0,0.0,,,1.0,,,21.0,,,,
Glitz School of Cosmetology,Las Cruces,NM,88011,3,,,,,8298.0,21100.0,0.6085,0.7566,7307,7999,,,,33.0,,,0.0,
Indiana Wesleyan University-National & Global,Marion,IN,46953,2,8216.0,8216.0,22117.0,,16767.0,,0.4758,0.5456,14335,24250,,,7889.0,5808.0,0.3722,,0.0,59986.0
NationsUniversity,New Orleans,LA,70130,2,,,,,,,0.0,0.0,,,,,,447.0,,,,
Northeast Lakeview College,Universal City,TX,78145,1,3412.0,14422.0,11087.0,4582.0,,,0.1825,0.0259,5500,PS,,,7598.0,5689.0,,,0.0,
Paul Mitchell the School-Jessup,Jessup,MD,20794,3,,,,,18969.0,18800.0,0.4602,0.5739,6333,9500,,,,125.0,,,0.0,35225.0
John Patrick University of Health and Applied Sciences,South Bend,IN,46601-2352,3,19520.0,19520.0,25028.0,,23304.0,,0.175,0.4875,18000,PS,1.0,,11778.0,289.0,,0.3333,0.0,
University of Saint Katherine,San Marcos,CA,92069,2,28800.0,28800.0,48604.0,,33072.0,,0.3491,0.4906,15000,21500,0.4625,,7228.0,230.0,0.4348,0.5758,0.0,
Teachers College of San Joaquin,Stockton,CA,95206,1,,,,,,,0.0,0.0,,,,,11106.0,585.0,,,,
U.S. Truck Driver Training School,Sterling Heights,MI,48312-4518,3,,,,,13223.0,11035.0,0.1981,0.2123,6354,PS,,,,265.0,,,0.017,
University of the People,Pasadena,CA,91101,2,1200.0,1200.0,,,,,0.0,0.0,,,,,,19276.0,0.3674,0.7939,,
South Dade Technical College-South Dade Skills Center Campus,HOMESTEAD,FL,33033-1412,1,,,,3288.0,,3528.0,0.1727,0.0,PS,PS,,,,205.0,,,,
Wongu University of Oriental Medicine,Las Vegas,NV,89123-2836,2,,,,,,,,,,,,,,,,,0.0,
Alabama School of Nail Technology & Cosmetology,Jackson,AL,36545-2718,3,,,,,18819.0,17733.0,0.7934,0.7438,16500,16500,,,,102.0,,,0.041,
Tulsa Technology Center,Tulsa,OK,74145,1,,,,8411.0,,4200.0,0.1363,0.0,PS,PS,,,,1284.0,,,,41793.0
Ross Medical Education Center-Elyria,Elyria,OH,44035-2885,3,,,,,20586.0,16297.0,0.8977,0.8523,8481,9500,,,,58.0,,,0.0,30481.0
Ross Medical Education Center-Lafayette,Lafayette,IN,47905-5159,3,,,,,22329.0,16297.0,0.8559,0.8983,9389,9500,,,,77.0,,,0.0,33079.0
Ross Medical Education Center-Midland,Midland,MI,48640-2690,3,,,,,21194.0,16297.0,0.5618,0.6966,7719,9500,,,,36.0,,,0.002,29898.0
Paul Mitchell the School-Clear Lake,Webster,TX,77598-0000,3,,,,,21928.0,13100.0,0.639,0.639,9500,11336,,,,129.0,,,0.0,27384.0
Paul Mitchell the School-Nampa,Nampa,ID,83687-0000,3,,,,,19777.0,19348.0,0.625,0.5625,9500,10555,,,,107.0,,,0.0,25719.0
Academy of Beauty Professionals,Madison,WI,53719,3,,,,,,24876.0,0.4595,0.5225,6333,6333,,,,65.0,,,0.0,25117.0
Academy of Beauty Professionals,Appleton,WI,54914-5780,3,,,,,,4418.0,0.4472,0.4715,6333,6333,,,,77.0,,,0.0,25117.0
Academy of Beauty Professionals,Green Bay,WI,54303-4838,3,,,,,,4418.0,0.5063,0.4557,6333,6333,,,,84.0,,,0.0,25117.0
Kenneth Shuler School of Cosmetology-Goose Creek,Goose Creek,SC,29445-6694,3,,,,,15092.0,8470.0,0.6731,0.5615,5775,5858,,,,128.0,,,0.0,25088.0
Clovis Community College,Fresno,CA,93730,1,1334.0,9454.0,17820.0,7118.0,,,0.2043,0.0009,3500,PS,,,11369.0,6759.0,,,0.0,
Boca Beauty Academy-Parkland,Parkland,FL,33073-4526,3,,,,,16991.0,7550.0,0.5784,0.6082,5848,6333,,,,205.0,,,0.0,
American Beauty Academy-West Valley Campus,West Valley City,UT,84119,3,,,,,12398.0,17000.0,0.4416,0.4935,5651,10060,,,,26.0,,,0.0,20236.0
Caribbean Aviation Training Institute Inc,Carolina,PR,00979,3,15480.0,15480.0,15487.0,,10911.0,,0.615,0.0,PS,PS,,,,191.0,,,,
The College of Health Care Professions-McAllen Campus,McAllen,TX,78504-4398,3,,,,,24842.0,17400.0,0.7811,0.8007,9473,9500,,,4594.0,728.0,,,0.0,33070.0
Institute of Buddhist Studies,Berkeley,CA,94704,2,,,,,,,,,,,,,9527.0,,,,,
Chamberlain University-North Carolina,Charlotte,NC,28273,3,19686.0,19686.0,27697.0,,21664.0,,0.3806,0.7425,16458,20919,0.6667,,8876.0,216.0,0.0,0.0,0.0,92405.0
Chamberlain University-California,Rancho Cordova,CA,95670,3,20462.0,20462.0,,,,,0.3166,0.7839,16458,20919,0.6,,7988.0,676.0,0.0,,0.0,92405.0
Spartan College of Aeronautics and Technology,Riverside,CA,92509-8716,3,,,,,32884.0,42040.0,0.3333,0.3826,20000,20000,,,,261.0,,,0.0,61575.0
Purdue University Global,West Lafayette,IN,47906,1,10110.0,14421.0,17994.0,12267.0,,,0.4793,0.4942,11648,26078,,,6339.0,31502.0,0.4762,0.25,0.0,36596.0
Pima Medical Institute-Dillon,Dillon,MT,59725,3,,,,,25676.0,16915.0,0.3506,0.5455,5250,5500,,,9088.0,21.0,,,0.0,30917.0
Arthur's Beauty College,Jonesboro,AR,72401,3,,,,,12905.0,17330.0,0.7222,0.7315,9500,10500,,,,67.0,,,0.0,21470.0
West Coast University-Center for Graduate Studies,Los Angeles,CA,90004-2115,3,,,,,,,,,24145,32946,,,10494.0,,,,0.0,102672.0
Carolina University,Winston-Salem,NC,27101,2,16000.0,16000.0,29965.0,,18866.0,,0.4562,0.5066,11005,20287,0.34,,5130.0,424.0,0.2923,0.5641,0.0,32864.0
National Personal Training Institute-Tampa,Tampa,FL,33634,3,,,,,13709.0,8925.0,0.34,0.34,6333,6333,,,,26.0,,,0.0,
Presbyterian Theological Seminary in America,Santa Fe Springs,CA,90670-5611,2,8839.0,8839.0,,,,,0.4722,0.0278,PS,PS,,,1107.0,38.0,0.8,,,
HCI College,West Palm Beach,FL,33409-1042,3,20028.0,20028.0,33825.0,,29461.0,,0.3244,0.3244,18312,24149,,,2735.0,169.0,1.0,,0.0,
America Evangelical University,Gardena,CA,90247-4432,2,6200.0,6200.0,26400.0,,24088.0,,0.549,0.2941,PS,PS,,,1863.0,71.0,1.0,0.6667,,
Gadsden Technical College,Quincy,FL,32351-4415,1,,,,3866.0,,3942.0,0.3,0.0,PS,PS,,,,58.0,,,,
Virginia University of Integrative Medicine,Vienna,VA,22182-5310,2,,,,,,,,,,,,,5644.0,,,,0.0,
Nashville Film Institute,Nashville,TN,37210-4225,3,,,,,23818.0,20800.0,0.4186,0.4767,5500,5500,,,,33.0,,,0.0,
Los Angeles Academy of Figurative Art,Van Nuys,CA,91406-2127,3,31618.0,31618.0,,,,,0.6,0.8,PS,PS,,,1917.0,4.0,,,0.0,
Westcliff University,Irvine,CA,92614,3,21000.0,21000.0,35995.0,,26455.0,,0.0209,0.0292,7500,PS,0.4513,,7527.0,2037.0,0.5978,0.7333,0.0,
World Class Academy of Beauty Careers,Tallahassee,FL,32310-6831,3,,,,,,13000.0,0.6226,0.5849,7654,PS,,,,24.0,,,0.0,
Allied Health Careers Institute,Murfreesboro,TN,37130-5996,3,,,,,12114.0,13275.0,0.7105,0.6754,2728,PS,,,,47.0,,,0.019,
Sacramento Ultrasound Institute,Sacramento,CA,95815,3,,,,,34414.0,47040.0,0.2671,0.6025,14750,17000,0.7709,,3222.0,104.0,,,0.0,
Regan Career Institute,El Monte,CA,91733-3254,3,,,,,,21115.0,0.2034,0.5932,5029,PS,,,3467.0,51.0,,,0.0,
Bolivar Technical College,Bolivar,MO,65613-8095,2,27125.0,27125.0,,,,,0.6154,0.8615,11000,15000,0.8182,,4501.0,144.0,0.0,,0.0,
MAK Beauty Institute,Cumming,GA,30040-2783,3,,,,,6239.0,15000.0,0.64,0.36,5501,PS,0.5833,,,9.0,,,0.0,
Reformed University,Lawrenceville,GA,30043-5604,2,5360.0,5360.0,,,,,0.0,0.0,PS,PS,0.7342,,,287.0,0.5,0.75,0.166,
Mobile Technical Training,South Hackensack,NJ,07606-0000,3,,,,,13686.0,15300.0,0.8732,0.7746,6365,PS,,,,31.0,,,0.0,
American Barber and Beauty Academy,Reading,PA,19607-1602,3,,,,,,7150.0,0.3915,0.4511,8028,11583,,,,118.0,,,0.021,
Master's Barber & Styling College,Old Hickory,TN,37138-4676,3,,,,,11352.0,15100.0,0.3143,0.8286,9500,PS,,,,26.0,,,0.057,
Yeshiva Shaar Ephraim,Monsey,NY,10952-2732,2,16975.0,16975.0,20397.0,,3755.0,,0.7333,0.0,PS,PS,,,4229.0,138.0,0.0811,0.6889,,
California Institute of Arts & Technology,San Diego,CA,92108-3822,3,15390.0,15390.0,40465.0,,34183.0,,0.3127,0.0052,4750,22209,,,,14.0,0.6986,0.9118,0.0,
Elite Cosmetology Barber & Spa Academy,Yakima,WA,98902-5105,3,,,,,17970.0,19200.0,0.6732,0.6209,5500,6966,,,,55.0,,,0.0,
Cutting Edge Academy,Succasunna,NJ,07876-1311,3,,,,,30484.0,16675.0,0.4286,0.483,8444,9500,,,,94.0,,,0.0,
Yeshiva Bais Aharon,Lakewood,NJ,08701-2053,2,10350.0,10350.0,,,,,0.75,0.0,PS,PS,0.75,,1633.0,13.0,0.0,0.0,,
Mechon L'hoyroa,Monsey,NY,10952-2710,2,11800.0,11800.0,,,,,0.8316,0.0,PS,PS,,,1857.0,124.0,,,,
Elyon College,Brooklyn,NY,11204-4801,2,14620.0,14620.0,24772.0,,12833.0,,0.589,0.0,PS,PS,,,1659.0,25.0,,,,
Western Michigan University Homer Stryker M.D. School of Medicine,Kalamazoo,MI,49007,2,,,,,,,,,,,,,,,,,0.0,
Harmony Health Care Institute,Merrimack,NH,03054-0000,3,,,,,42927.0,22995.0,0.3175,0.4656,12264,12685,0.9286,,,164.0,,,0.0,
American Beauty Schools,Miami,FL,33144-0000,3,,,,,12603.0,11750.0,0.1531,0.1684,3500,PS,,,,80.0,,,0.0,
Hogan Institute of Cosmetology and Esthetics,Lilburn,GA,30047-3717,3,,,,,30110.0,13900.0,0.6417,0.725,9833,10666,,,,71.0,,,0.0,
J's Barber College,New Iberia,LA,70560-6138,3,,,,,16344.0,19523.0,0.5946,0.5135,13250,PS,,,,23.0,,,0.013,
Ann Webb Skin Institute,Austin,TX,78759-3936,3,,,,,20809.0,13035.0,0.2587,0.2239,7917,PS,,,,181.0,,,0.0,
Apex Academy Hair Skin Nails School of Cosmetology,Ontario,OH,44906-1793,3,,,,,14679.0,13500.0,0.2877,0.274,PS,PS,,,,16.0,,,0.0,
The Esthetic Institute,Vienna,VA,22182-3818,3,,,,,20717.0,10000.0,0.45,0.4563,6333,PS,,,,107.0,,,0.0,
Massage Institute of Memphis,Memphis,TN,38104-4138,3,,,,,10795.0,11500.0,0.7143,0.7857,7391,PS,,,,20.0,,,0.03,
Metro Detroit Barber College,Detroit,MI,48221-2650,2,,,,,15909.0,12695.0,0.6441,0.0,,,,,,30.0,,,,
Digital Media Institute,Shreveport,LA,71103-3600,2,,,,,11872.0,29314.0,0.2745,0.4902,5500,PS,0.3191,,12164.0,13.0,,,0.0,
Yeshiva Ohr Naftoli,New Windsor,NY,12553-8006,2,10550.0,10550.0,19280.0,,11537.0,,0.225,0.0,PS,PS,0.8065,,7682.0,43.0,0.2727,0.6667,,
Bais Medrash Mayan Hatorah,Lakewood,NJ,08701,2,12000.0,12000.0,18400.0,,11297.0,,0.2059,0.0,PS,PS,0.6667,,3623.0,25.0,0.65,0.2308,,
Allgood Beauty Institute,Frisco,TX,75034,3,,,,,25195.0,10950.0,0.6111,0.6389,7891,PS,,,,20.0,,,0.0,
Ray J's College of Hair,Baton Rouge,LA,70806-1522,3,,,,,10061.0,17400.0,0.6462,0.7077,9833,PS,,,,34.0,,,0.0,
Manuel and Theresa's School of Hair Design,Brenham,TX,77833-3033,3,,,,,16076.0,15000.0,0.4444,0.7778,6692,7924,,,,4.0,,,0.028,
Cincinnati School of Barbering & Hair Design,Cincinnati,OH,45239,3,,,,,11747.0,15500.0,0.3944,0.0,PS,PS,,,,48.0,,,,
L Makeup Institute,Las Vegas,NV,89145,3,,,,,28320.0,23075.0,0.432,0.592,6702,6746,,,,95.0,,,0.008,
Peloton College,Arlington,TX,76011-9998,3,,,,,16976.0,15595.0,0.7273,0.6952,9500,9500,,,,103.0,,,0.0,33559.0
Northern Technical College,Pine Bluff,AR,71601,3,,,,,14605.0,17995.0,0.7447,0.766,9500,PS,,,,30.0,,,0.0,
Maine Media College,Rockport,ME,04856-5952,2,,,,,,,0.1,0.5,PS,PS,,,,0.0,,,,
Purdue University Northwest,Hammond,IN,46323,1,8419.0,15620.0,16287.0,8463.0,,,0.277,0.2707,13031,21229,0.7063,1034.0,9675.0,5786.0,0.4402,0.6769,0.0,48318.0
Ross Medical Education Center-Portage,Portage,MI,49002-2813,3,,,,,22788.0,16297.0,0.7697,0.8121,7504,9500,,,,94.0,,,0.0,30060.0
Ross College-Canton,Canton,OH,44718-3674,3,,,,,32097.0,45360.0,0.8154,0.8785,7719,9500,,,4860.0,344.0,,,0.002,29898.0
Ross College-Grand Rapids North,Grand Rapids,MI,49525-2767,3,,,,,21770.0,16297.0,0.7887,0.6883,5500,9500,,,3182.0,267.0,,,0.001,30072.0
American Institute-Somerset,Somerset,NJ,08873-1100,3,,,,,16629.0,19495.0,0.8182,0.8388,9304,11979,,,,274.0,,,0.0,28710.0
Platt College-Anaheim,Anaheim,CA,92806-5949,3,14804.0,14804.0,31348.0,,25680.0,,0.5981,0.7775,15215,18685,,,5887.0,405.0,0.6182,,0.0,40669.0
Advantage Career Institute,Eatontown,NJ,07724,3,,,,,12869.0,12364.0,0.302,0.2902,4856,4856,,,,149.0,,,0.0,
Bull City Durham Beauty and Barber College,Durham,NC,27701,3,,,,,11417.0,15735.0,1.0,1.0,9500,12179,,,,32.0,,,0.0,
Fortis College-Cutler Bay,Cutler Bay,FL,33157-7693,3,13171.0,13171.0,33580.0,,26089.0,,0.761,0.8516,12949,13000,,,6410.0,358.0,,,0.0,34726.0
Yeshiva Kollel Tifereth Elizer,Brooklyn,NY,11219,2,12300.0,12300.0,24728.0,,11588.0,,0.8904,0.0,PS,PS,0.75,,2738.0,373.0,0.8571,0.4615,,
Strand Institute of Beauty & Esthetics,Portland,TX,78374,3,,,,,27218.0,14025.0,0.1391,0.1652,7859,7917,,,,71.0,,,0.0,
Arkansas Welding Academy,Jacksonville,AR,72076,3,,,,,32263.0,16713.0,0.7333,0.8167,5500,5500,,,,74.0,,,0.0,
Unitech Training Academy-Baton Rouge,Baton Rouge,LA,70816,3,,,,,22687.0,15495.0,0.7565,0.7823,6859,8721,,,,85.0,,,0.0,24707.0
Empire Beauty School-Tampa,Tampa,FL,33619-2619,3,,,,,18774.0,16320.0,0.503,0.5976,7851,10667,,,,93.0,,,0.0,23921.0
Empire Beauty School-Lakeland,Lakeland,FL,33809-0514,3,,,,,18028.0,16320.0,0.4633,0.5932,6333,10231,,,,132.0,,,0.0,23589.0
Galen College of Nursing-ARH,Hazard,KY,41701-9519,3,15860.0,15860.0,34063.0,,22209.0,,0.7021,0.9085,16500,24166,,,5721.0,424.0,,,0.0,61480.0
The Chicago School at San Diego,San Diego,CA,92101-7903,2,20844.0,20844.0,,,,,0.5,0.5,10250,20000,1.0,,7774.0,5.0,,,0.0,56899.0
Commercial Divers International,Goodyear,AZ,85338-3693,3,,,,,34714.0,26150.0,0.5043,0.487,6946,PS,,,,47.0,,,0.0,
Tricoci University of Beauty Culture-Janesville,Janesville,WI,53548,3,,,,,13832.0,7490.0,0.6,0.6323,8175,9333,,,,102.0,,,0.0,23149.0
Unlimited Cosmetology School,Hattiesburg,MS,39401,3,,,,,18963.0,16500.0,0.2037,0.1852,PS,PS,,,,26.0,,,0.0,
Johnny Matthew's Hairdressing Training School,Salem,OR,97301,3,,,,,25124.0,11200.0,0.4906,0.5094,8297,8297,,,,59.0,,,0.0,
The Culinary School of Fort Worth,Fort Worth,TX,76116,3,,,,,23861.0,21879.0,0.2936,0.3211,5500,9500,0.6322,,,69.0,,,0.0,
Centralia Beauty College,Centralia,WA,98531,3,,,,,8004.0,16100.0,0.2366,0.2748,5125,PS,,,,88.0,,,0.0,
University of Wisconsin-Milwaukee Flex,Milwaukee,WI,53201,1,,,,,,,0.1732,0.2827,15250,23000,0.9231,,10492.0,570.0,,,0.0,54990.0
University of Wisconsin-Parkside Flex,Kenosha,WI,53141,1,,,,,,,0.1849,0.3356,14000,20492,,,12450.0,143.0,,,0.0,51129.0
Miller-Motte College-STVT-Arlington,Arlington,TX,76010,3,,,,,24094.0,18040.0,0.4737,0.4912,10661,15917,,,,174.0,,,0.0,31102.0
Bnos Zion Of Bobov Seminary,Brooklyn,NY,11219-3621,2,9450.0,9450.0,15743.0,,7706.0,,0.7296,0.0,PS,PS,0.8788,,,142.0,,,,
ABC Adult School,Cerritos,CA,90703-2801,1,,,,16096.0,,4800.0,0.2602,0.0,PS,PS,,,,185.0,,,,
Polytech Adult Education,Woodside,DE,19980-0000,1,,,,,,1430.0,0.0348,0.0,PS,PS,,,,631.0,,,0.032,
California Institute of Medical Science,Clovis,CA,93612-0000,3,,,,,,,0.525,0.3625,5388,PS,,,,36.0,,,0.0,
Union Bible College,Westfield,IN,46074-0900,2,6230.0,6230.0,15351.0,,7187.0,,0.2647,0.0,PS,PS,0.8673,,1282.0,155.0,0.3636,0.6,,
Pets Playground Grooming School,Pompano Beach,FL,33062-3705,3,,,,,,,0.381,0.4762,PS,PS,,,,18.0,,,0.0,
San Bernardino Beauty College,San Bernardino,CA,92410-4414,3,,,,,21011.0,13000.0,0.375,0.0,9500,PS,,,,77.0,,,0.018,
Christina and Company Education Center,Lafayette,IN,47905-4633,3,,,,,11682.0,13000.0,0.2885,0.4038,PS,PS,,,,32.0,,,,
Institute of Medical Ultrasound,Atlanta,GA,30303-3030,3,31052.0,31052.0,58558.0,,53558.0,,0.8649,0.8649,12000,20000,,,,29.0,,,0.0,
Mystros Barber Academy,Houston,TX,77090-3300,2,,,,,,15000.0,0.1,0.2,7959,PS,,,,14.0,,,0.0,
European Medical School of Massage,Sinking Spring,PA,19608-1680,3,,,,,27824.0,13977.0,0.7941,0.7647,4278,PS,,,,23.0,,,0.0,
Yeshiva Gedolah Tiferes Boruch,North Plainfield,NJ,07060-0000,2,9850.0,9850.0,15300.0,,7240.0,,0.5507,0.0,PS,PS,1.0,,4047.0,70.0,0.0,0.8947,,
Yeshiva Chemdas Hatorah,Lakewood,NJ,08701-4618,2,12150.0,12150.0,19517.0,,9827.0,,0.4691,0.0,PS,PS,0.75,,3794.0,79.0,0.7059,0.8667,,
Women's Institute of Torah Seminary and College,Baltimore,MD,21215-3009,2,9300.0,9300.0,29600.0,,11230.0,,0.2428,0.0,PS,PS,0.9615,,,141.0,1.0,0.96,,
Yeshiva Gedolah Keren Hatorah,Lakewood,NJ,08701-1239,2,9950.0,9950.0,15350.0,,6103.0,,0.6022,0.0,PS,PS,0.95,,3209.0,189.0,0.6829,0.9512,,
ICOHS College,San Diego,CA,92101,2,,,,,58899.0,24300.0,0.2909,0.2879,6650,6658,,,,215.0,,,0.0,
Neo-Esthetique European Institute,San Juan,PR,00926-0000,3,,,,,7064.0,12759.0,0.7893,0.0,PS,PS,,,,137.0,,,,
Lehigh Valley Barber School,Bethlehem,PA,18018-3906,3,,,,,14398.0,20000.0,0.5556,0.6543,9500,11979,,,,53.0,,,0.0,
International Barber College,Chandler,AZ,85226-3205,3,,,,,17929.0,18400.0,0.5238,0.4286,16500,PS,,,,30.0,,,0.0,
Brown Beauty Barber School,Bessemer,AL,35020-5016,3,,,,,19971.0,16000.0,0.7108,0.7711,9054,9833,,,,54.0,,,0.0,
Rexburg College of Massage Therapy,Rexburg,ID,83440-3873,3,,,,,,,0.4342,0.4211,4478,PS,,,,59.0,,,0.0,
Yeshiva Gedolah of Cliffwood,Keyport,NJ,07735-5105,2,8550.0,8550.0,,,,,0.0938,0.0,PS,PS,0.8,,6667.0,53.0,0.1053,0.8182,,
Goshen School of Cosmetology,Cleveland,MS,38732-0000,3,,,,,13439.0,17400.0,0.6857,0.6857,9500,11000,,,,27.0,,,,
IBS School of Cosmetology and Massage,Kahului,HI,96732-2118,3,,,,,7688.0,7937.0,0.1402,0.1028,PS,PS,,,,64.0,,,0.0,
UR Beauty & Barber Academy,Sebring,FL,33870-2128,3,,,,,12575.0,9535.0,0.4,0.35,7667,PS,,,,24.0,,,0.0,
Urban Barber College,Concord,CA,94520-2522,3,,,,,24828.0,14950.0,0.625,0.6801,9855,12365,,,,163.0,,,0.0,
Yeshivas Emek Hatorah,Howell,NJ,07731-2444,2,9750.0,9750.0,15550.0,,6055.0,,0.0968,0.0,PS,PS,1.0,,6831.0,93.0,0.0435,1.0,,
Transitions Career Institute School of Nursing,Flushing,NY,11354-1964,3,,,,,37725.0,24500.0,0.4352,0.601,9500,11366,,,,182.0,,,0.0,
Wilton Simpson Technical College,Brooksville,FL,34604-0683,1,,,,12233.0,,2838.0,0.3488,0.0,PS,PS,,,,114.0,,,,
Stacey James Institute,Parker,CO,80134-3358,3,,,,,16707.0,21000.0,0.1867,0.3373,6333,6333,,,,68.0,,,0.0,
Meridian University,Petaluma,CA,94952-3092,3,,,,,,,,,,,,,7036.0,,,,0.0,
Seminary Bnos Chaim,Lakewood,NJ,08701-2336,2,12600.0,12600.0,22008.0,,14880.0,,0.645,0.0,PS,PS,0.4342,,5301.0,177.0,,,,
Avenue Academy A Cosmetology Institute,Albuquerque,NM,87112-3449,3,,,,,14819.0,10750.0,0.5632,0.4885,6333,6333,,,,97.0,,,0.0,
Salon Professional Academy of San Antonio,San Antonio,TX,78232-2242,3,,,,,15641.0,14750.0,0.5062,0.6358,7917,7917,,,,114.0,,,0.0,
Red Lake Nation College,Red Lake,MN,56671-0000,1,6640.0,6640.0,13220.0,8618.0,,,0.8913,0.0,PS,PS,,,6453.0,256.0,,,,
Princess Institute of Beauty,Reedley,CA,93654-2455,3,,,,,12151.0,14360.0,0.5882,0.5412,6333,8095,,,,41.0,,,0.0,
Vogue International Academy,Houston,TX,77082,3,,,,,19160.0,12971.0,0.4737,0.3684,PS,PS,,,,9.0,,,0.0,
Independent Training & Apprenticeship Program,Sacramento,CA,95827-1741,3,,,,,22276.0,17895.0,0.3894,0.4231,9500,PS,,,,102.0,,,0.0,
Victory Career College,Carson,CA,90746,3,,,,,19436.0,12038.0,0.5482,0.5663,6332,6333,,,,97.0,,,0.0,
Winonah's International School of Cosmetology,Hoover,AL,35244-7310,3,,,,,12675.0,12750.0,0.5222,0.5278,6500,9500,,,,110.0,,,0.0,
Yeshiva Gedola Tiferes Yerachmiel,Lakewood,NJ,08701-0000,2,9400.0,9400.0,14750.0,,7820.0,,0.4326,0.0,PS,PS,0.4262,,5063.0,172.0,0.8824,1.0,,
Southeastern Esthetics Institute,Elgin,SC,29045-0000,3,,,,,16467.0,9500.0,0.465,0.5478,6333,6333,,,,318.0,,,0.0,
Installer Institute,Holly Hill,FL,32117-2220,3,,,,,24928.0,18500.0,0.4762,0.3333,7500,PS,,,,14.0,,,,
Caris College,Jeffersonville,IN,47130-8293,3,,,,,17866.0,15370.0,0.5798,0.605,8708,8708,,,5222.0,189.0,,,0.0,
Contra Costa Medical Career College,Antioch,CA,94581-6208,3,,,,,,9935.0,0.0682,0.1372,6333,6333,,,5132.0,337.0,,,0.0,
Another Level Barbering and Cosmetology School,Petersburg,VA,23803-3245,3,,,,,8773.0,16277.0,0.8049,0.8415,9500,11833,,,,77.0,,,0.0,
The Salon Professional Academy-Georgetown,Georgetown,TX,78626-5470,3,,,,,16327.0,15125.0,0.3978,0.5054,7511,PS,,,,72.0,,,0.0,
Elite Academy of Hair Design,Bridgeport,OH,43912-2513,3,,,,,13208.0,17000.0,0.551,0.7143,5500,6837,,,,84.0,,,0.0,
Americare Technical School,Park Ridge,IL,60068-3143,3,20500.0,20500.0,47827.0,,44843.0,,0.2136,0.1525,,,0.9333,,,28.0,,,,
Champion Christian College,Hot Springs,AR,71913,2,10870.0,10870.0,20376.0,,15220.0,,0.6111,0.7037,5500,PS,,,2333.0,128.0,,0.5,0.0,
Chicago Professional Center,Prospect Heights,IL,60090,3,,,,,,,0.0,0.0,,,,,,92.0,,,,
D&S School of Cosmetology,Waterford,MI,48328,3,,,,,10082.0,14000.0,0.3,0.4,PS,PS,,,,3.0,,,0.0,
DSDT,Detroit,MI,48216,3,,,,,25919.0,17995.0,0.0824,0.092,5911,6333,,,,202.0,,,0.0,
Elite Beauty College,Muskogee,OK,74401-2104,3,,,,,8202.0,17900.0,0.625,0.5625,,,,,,16.0,,,,
Reiss-Davis Graduate School,Los Angeles,CA,90034,2,,,,,,,,,,,,,6299.0,,,,,
GoodFellas Barber College,Little Rock,AR,72204,3,,,,,18027.0,17355.0,0.5439,0.4561,9500,PS,,,,34.0,,,0.0,
Escondido Adult School,Escondido,CA,92025,1,,,,,,,0.0,0.0,,,,,,195.0,,,,
Poway Adult School,Poway,CA,92064,1,,,,,,,0.0,0.0,,,,,,153.0,,,,
Vista Adult School,Vista,CA,92081,1,,,,,,,0.0,0.0,,,,,,127.0,,,,
The Salon Professional Academy-Delray Beach,Delray Beach,FL,33484-0000,3,,,,,28167.0,14520.0,0.4588,0.5412,6333,7528,,,,32.0,,,0.0,16515.0
No Grease Barber School,Charlotte,NC,28205,3,,,,,19563.0,18272.0,1.0,1.0,9500,12179,,,,15.0,,,0.0,
Pima Medical Institute-San Marcos,San Marcos,CA,92078-8702,3,,,,,29950.0,16762.0,0.4229,0.449,9500,9500,,,6789.0,630.0,,,0.0,38673.0
EDP University of Puerto Rico-Villalba,Villalba,PR,00766-2353,2,7050.0,14125.0,14835.0,,8121.0,,0.6991,0.5796,10500,14000,0.8839,,2424.0,281.0,0.3636,,0.0,22844.0
The Chicago School at Dallas,Richardson,TX,75080-2208,2,20844.0,20844.0,,,,,,,10250,20000,,,7928.0,4.0,,,0.0,56899.0
American Massage & Bodywork Institute,Vienna,VA,22182-2245,3,,,,,23031.0,12100.0,0.5698,0.7674,7389,7389,,,,105.0,,,0.0,
KCK Beauty & Barber Academy,Jacksonville,FL,32218-5578,3,,,,,18914.0,12700.0,0.5581,0.3953,9500,PS,,,,33.0,,,0.0,
California College of Barbering and Cosmetology,Stockton,CA,95210,3,,,,,15580.0,9650.0,0.666,0.6467,6333,6333,,,,272.0,,,0.0,
Texas Tech University Health Sciences Center-El Paso,El Paso,TX,79905-2827,1,,,,,,,0.531,0.6977,12500,12500,,,11927.0,235.0,,,0.0,
Ponce Health Sciences University-Centro Universitario de San Juan,Santurce,PR,00914-8505,3,,,,,,,,,15500,PS,,,6448.0,,,,0.0,
The College of Health Care Professions-South San Antonio,San Antonio,TX,78221-1474,3,,,,,26663.0,17400.0,0.732,0.7426,9473,9500,,,4205.0,390.0,,,0.0,33070.0
Innovate Salon Academy,Ewing,NJ,08628-0000,3,,,,,30319.0,12726.0,0.5078,0.5775,6333,6333,,,,153.0,,,0.0,
Chamberlain University-Louisiana,Jefferson,LA,70121,3,19686.0,19686.0,41617.0,,36972.0,,0.3616,0.5781,16458,20919,0.9091,,8876.0,516.0,,1.0,0.0,92405.0
Drury University-College of Continuing Professional Studies,Springfield,MO,65802,2,8044.0,8044.0,19985.0,,13375.0,,0.5876,0.4488,13000,20979,,,6351.0,694.0,0.3208,0.375,0.0,40694.0
Global Medical & Technical Training Institute,Miami,FL,33125-3562,3,,,,,33927.0,11455.0,0.985,0.9573,8234,8709,,,,524.0,,,0.0,
Salon Success Academy-West Covina,West Covina,CA,91790-2876,3,,,,,16649.0,16900.0,0.4935,0.5195,7116,7177,,,,82.0,,,0.0,26956.0
Indiana Institute of Technology-College of Professional Studies,Fort Wayne,IN,46803,2,9900.0,9900.0,24563.0,,19086.0,,0.5261,0.6286,12564,26391,,,,2446.0,,0.4,0.0,47327.0
Advantage Technical College,San Juan,PR,00907-0000,3,,,,,3848.0,14700.0,0.5279,0.0,PS,PS,,,,283.0,,,,26905.0
Institute of Culinary Education,Pasadena,CA,91101-5221,3,,,,,,37649.0,0.2958,0.446,3972,6439,,,3046.0,452.0,,,0.0,47865.0
Universal Technical Institute-Bloomfield,Bloomfield,NJ,07003-3002,3,,,,,26052.0,41450.0,0.529,0.6639,11574,14267,,,,1200.0,,,0.0,51222.0
Gould's Academy,Bartlett,TN,38133-4067,3,,,,,17964.0,18650.0,0.5776,0.6007,7767,7767,,,,177.0,,,0.0,
Urban Academy of Beauty,Rio Rancho,NM,87124-2575,3,,,,,,12000.0,0.4706,0.4118,7667,10556,,,,0.0,,,0.0,33273.0
WellSpring School of Allied Health-Springfield,Springfield,MO,65807,3,,,,,14903.0,16500.0,0.7676,0.8169,7917,7917,,,3854.0,79.0,,,0.0,29839.0
Medical Career College of Northern California,Roseville,CA,95678-5133,3,19576.0,19576.0,31864.0,,28047.0,,1.0,1.0,PS,PS,,,,10.0,,,,
Premiere International College,Fort Myers,FL,33901-3916,3,21125.0,21125.0,,,,,0.4545,0.9091,,,,,3818.0,106.0,,,,
San Diego Global Knowledge University,San Diego,CA,92101,3,13774.0,13774.0,,,,,0.053,0.0303,,,,,,98.0,,1.0,,
Global Tech College,Toledo,OH,43615-7320,3,11675.0,11675.0,15497.0,,8602.0,,0.4359,0.4359,PS,PS,,,,63.0,,,,
Crown Cutz Academy Bristol,Bristol,VA,24201-3323,3,,,,,11149.0,13600.0,0.493,0.4225,5875,PS,,,,32.0,,,,
MCI,McAllen,TX,78501,3,,,,,21615.0,17775.0,0.2659,0.3745,9500,9500,,,,117.0,,,0.0,
Central Pennsylvania Diesel Institute,Liverpool,PA,17045-9201,3,,,,,20363.0,25400.0,0.3333,0.4,PS,PS,,,,22.0,,,0.0,
Bellasa Professional Institute,Miami Springs,FL,33166-0000,3,,,,,,,0.1456,0.0,,,,,,90.0,,,,
PMCA Pittsburgh Multicultural Cosmetology Academy,Pittsburgh,PA,15222-2245,3,,,,,15994.0,17475.0,0.5455,0.6818,8100,PS,,,,16.0,,,,
Health and Technology Training Institute,Philadelphia,PA,19102-1024,2,,,,,24653.0,22000.0,0.4868,0.0,PS,PS,,,,57.0,,,,
Yeshiva of Ocean,Greenfield Park,NY,12435-5308,2,8600.0,8600.0,14550.0,,7784.0,,0.625,0.0,PS,PS,0.38,,6500.0,57.0,0.6667,0.8889,,
Congregation Talmidei Mesivta Tiferes Shmiel Aleksander,Brooklyn,NY,11219-5440,2,21000.0,21000.0,25625.0,,8602.0,,0.7765,0.0,PS,PS,,,3679.0,169.0,0.1228,0.9636,,
Young Americans College of the Performing Arts,Corona,CA,92881-3390,2,14030.0,14030.0,37205.0,,32938.0,,0.1304,0.2609,PS,PS,1.0,,7000.0,16.0,,,,
Pro Beauty Academy,Edison,NJ,08820-2843,3,,,,,26278.0,9950.0,0.1613,0.2129,4750,5500,,,,100.0,,,0.0,
South Eastern Beauty Academy,Paintsville,KY,41240-1034,3,,,,,,12400.0,0.8143,0.0,PS,PS,,,,19.0,,,,
Ohel Margulia Seminary,Monsey,NY,10952-2610,2,9500.0,9500.0,14900.0,,8002.0,,0.8171,0.0,PS,PS,0.9195,,3088.0,243.0,,,,
Montana Barber Institute,El Paso,TX,79938-4655,3,,,,,19019.0,18653.0,0.381,0.3571,PS,PS,,,,16.0,,,,
Yeshivat Hechal Shemuel,Brooklyn,NY,11229-0000,2,12380.0,12380.0,18180.0,,5800.0,,0.3667,0.0,PS,PS,1.0,,7083.0,65.0,0.8,0.875,,
Professional University Dr. Carlos J. Borrero Rios,Hato Rey,PR,00918-0000,3,5760.0,5760.0,,,,,,,PS,PS,,,5400.0,5.0,,,0.0,
American Institute of Healthcare & Technology,Stratford,CT,06615-7149,3,,,,,29865.0,34500.0,0.3226,0.3871,4625,PS,,,,94.0,,,,
Premier Academy of Cosmetology,McAlester,OK,74501-4143,3,,,,,17891.0,14500.0,0.6964,0.4821,9500,PS,,,,40.0,,,,
Yeshiva Gedolah of Woodlake Village,Lakewood,NJ,08701-0000,2,9030.0,9030.0,14650.0,,6841.0,,0.3165,0.0,PS,PS,0.9545,,5059.0,79.0,0.5,0.8333,,
Yeshiva Gedola Tiferes Yaakov Yitzchok,Lakewood,NJ,08701-5502,2,13700.0,13700.0,19900.0,,10046.0,,0.1912,0.0,PS,PS,0.5,,3590.0,69.0,0.8333,0.85,,
Houston Barber School,Houston,TX,77073-4400,3,,,,,14760.0,14000.0,0.7575,0.6125,9500,10667,,,,225.0,,,0.0,
Health-Tech Institute of Memphis,Memphis,TN,38118,3,,,,,,13542.0,0.0,0.0,PS,PS,,,,4.0,,,,
MIXED Institute of Cosmetology & Barber,Sacramento,CA,95823-2370,3,,,,,21829.0,14810.0,0.581,0.5531,8435,9833,,,,139.0,,,0.0,
Vski Cosmetology School,Charleston,SC,29407-4610,2,,,,,10524.0,15600.0,0.3333,0.5185,8750,PS,,,,24.0,,,0.0,
New York Seminary,Brooklyn,NY,11218-5611,2,12750.0,12750.0,18500.0,,11077.0,,0.3684,0.0,PS,PS,0.6977,,,120.0,,,,
Deluxe Barber College,San Antonio,TX,78217-2118,3,,,,,19529.0,12100.0,0.619,0.672,5339,6500,,,,103.0,,,0.0,
Falcon Institute of Health and Science,Bethlehem,PA,18017-2113,3,27140.0,27140.0,50989.0,,45181.0,,0.4938,0.6296,16670,17083,1.0,,,186.0,,,0.0,
College Unbound,Providence,RI,02905-2340,2,10488.0,10488.0,26634.0,,19116.0,,0.5684,0.4947,7690,PS,,,,398.0,,0.5714,0.0,
Midwest Barber College,Topeka,KS,66611-2358,3,,,,,18236.0,16335.0,0.4545,0.5303,PS,PS,,,,32.0,,,,
A Better U Beauty Barber Academy,Albuquerque,NM,87110,3,,,,,18460.0,17900.0,0.8784,0.8784,7834,PS,,,,52.0,,,,
SANS Technology Institute,North Bethesda,MD,20852,3,,,,,,,0.0,0.0,,,,,,643.0,,,,
Tuana European Beauty Academy,Fort Collins,CO,80524,3,,,,,16967.0,17995.0,0.4583,0.5417,,,,,,39.0,,,,
Idaho College of Osteopathic Medicine,Meridian,ID,83642,3,,,,,,,,,,,,,,,,,,
Cal Northern School of Law,Chico,CA,95973-8682,3,,,,,,,,,,,,,,,,,,
College of Athens,Watkinsville,GA,30677,2,9050.0,9050.0,,,,,0.0,0.0,,,,,3336.0,70.0,,0.5,,
Southern Careers Institute-Waco,Waco,TX,76706-3756,3,,,,,22657.0,18450.0,0.645,0.5147,7389,8708,,,4088.0,205.0,,,0.0,27035.0
Elevate Salon Institute,Durham,NC,27701-0000,3,,,,,23554.0,16500.0,0.28,0.3067,6333,6333,,,,85.0,,,0.0,28934.0
Ponce Health Sciences University-St Louis,St. Louis,MO,63103,3,,,,,,,,,15500,PS,,,4948.0,,,,0.0,
Lil Lou's Beauty and Barber College-Hammond,Hammond,IN,46320-1954,3,,,,,15799.0,17700.0,0.8824,0.8529,9500,14302,,,,24.0,,,0.0,
Arizona College of Nursing-Dallas,Dallas,TX,75243-1200,3,23760.0,23760.0,39211.0,,33228.0,,0.6542,0.8068,9500,9500,1.0,,7471.0,383.0,,0.6429,0.0,34657.0
The Salon Professional Academy-Washington DC,Washington,DC,20002-0000,3,,,,,22151.0,20600.0,0.1568,0.1892,6333,6333,,,,117.0,,,0.0,20809.0
Valley College-Cleveland,Cleveland,OH,44129-6810,3,,,,,30096.0,18625.0,0.7717,0.7993,9418,9500,,,6492.0,787.0,,,0.0,24900.0
EDP University of Puerto Rico-Humacao,Humacao,PR,00791-0000,2,7050.0,14125.0,16543.0,,8618.0,,0.6214,0.5638,10500,14000,0.8488,,2344.0,269.0,,,0.0,22844.0
EDP University of Puerto Rico-Manati,Manati,PR,00674-0000,2,7050.0,14125.0,14489.0,,7619.0,,0.3705,0.5402,10500,14000,0.6636,,2377.0,449.0,,,0.0,22844.0
UEI College-Sacramento,Sacramento,CA,95823-2512,3,,,,,26924.0,19900.0,0.7239,0.7875,9433,9500,,,,1086.0,,,0.0,30848.0
Fortis Institute-Cookeville,Cookeville,TN,38501-4305,3,14644.0,14644.0,31068.0,,24118.0,,0.7258,0.7592,11501,13000,,,5585.0,301.0,,,0.0,34509.0
Derech Hachaim Seminary,Monroe,NY,10950-6300,2,11000.0,11000.0,16800.0,,8253.0,,0.6207,0.0,PS,PS,0.9292,,,285.0,,,,
Evvaylois Academy School of Beauty,Brenham,TX,77833,2,,,,,25564.0,11800.0,0.5789,0.3158,PS,PS,,,,14.0,,,,
Avenue Five Institute-South Austin Campus,Austin,TX,78704-3259,3,,,,,23773.0,13012.0,0.5176,0.5879,7917,7917,,,,131.0,,,0.0,30280.0
Sattler College,Boston,MA,02114,2,10450.0,10450.0,,,,,0.0,0.0,,,0.5429,,,55.0,,0.7857,,
Glasgow Caledonian New York College,New York,NY,10012,2,,,,,,,,,,,,,12500.0,,,,,
Pima Medical Institute-San Antonio,San Antonio,TX,78213,3,,,,,21497.0,16717.0,0.5148,0.4787,9500,9500,,,5467.0,341.0,,,0.0,38673.0
Faith Theological Seminary and Christian College,Tampa,FL,33615,2,1520.0,1520.0,,,,,,,,,,,1500.0,63.0,0.9333,0.6923,,
The Southwestern Baptist Theological Seminary,Fort Worth,TX,76115,2,10446.0,10446.0,,,,,0.0,0.0,,,0.5275,,7139.0,334.0,0.3556,0.7949,,
Lotus Professional College,Richmond,VA,23229,3,,,,,,,0.4819,0.6707,PS,PS,,,,157.0,,,,
Christ Mission College,San Antonio,TX,78254-1000,2,8229.0,8229.0,15142.0,,7157.0,,0.5957,0.0,PS,PS,,,,43.0,0.0,0.7143,,
Esteem Academy of Beauty,South Ogden,UT,84403-4374,3,,,,,,16150.0,0.25,0.3235,PS,PS,,,,58.0,,,,
KC Beauty Academy,Los Angeles,CA,90012-4303,3,,,,,17796.0,10000.0,0.5225,0.4685,4274,PS,,,,49.0,,,,
Urshan College,Wentzville,MO,63385,2,8506.0,8506.0,16089.0,,13496.0,,0.3996,0.3784,5500,PS,0.8387,1035.0,4348.0,512.0,0.55,0.6905,0.0,
Texas Healthtech Institute,Beaumont,TX,77707-2604,3,,,,,17007.0,8600.0,0.6324,0.6618,6967,6967,,,,83.0,,,0.0,
Xtylo Beauty College,Phoenix,AZ,85008-1303,3,,,,,30274.0,13200.0,0.45,0.1333,3350,PS,,,,35.0,,,,
Tonsorial Arts Barber College,Texarkana,TX,75501-3264,3,,,,,19240.0,12125.0,0.8934,0.9098,9500,PS,,,,107.0,,,0.0,
Michael's Barber & Hair Stylist Academy,Irving,TX,75062-6016,3,,,,,23855.0,15185.0,0.8488,0.8605,PS,PS,,,,49.0,,,,
Yeshiva Yesoda Hatorah Vetz Chaim,Brooklyn,NY,11211-7106,2,21000.0,21000.0,23824.0,,7356.0,,0.8315,0.0,PS,PS,,,4333.0,205.0,0.3462,0.9722,,
North-West College-San Diego,San Diego,CA,92115-1506,3,,,,,43043.0,76757.0,0.4924,0.6838,9321,9500,,,6958.0,551.0,,,0.0,41472.0
West Virginia Junior College-United Career Institute,Irwin,PA,15642-2704,3,14070.0,14070.0,23121.0,,16244.0,,0.75,0.8667,8178,9881,,,5667.0,57.0,,,0.0,31912.0
Aviation Institute of Maintenance-Charlotte,Charlotte,NC,28227-9403,3,16657.0,16657.0,25130.0,,21256.0,,0.574,0.858,12663,29773,,,,212.0,,,0.0,42759.0
Ponce Health Sciences University-East,Ponce,PR,00731-0000,3,10504.0,21504.0,28734.0,,17687.0,,0.8696,0.1957,15500,PS,0.5795,,8145.0,65.0,0.7778,0.85,0.0,
Fortis College-Landover,Landover,MD,20785-2223,3,15537.0,15537.0,33666.0,,26956.0,,0.7253,0.6427,9100,9500,,,5859.0,576.0,,,0.0,36920.0
Stautzenberger College-Rockford Career College,Rockford,IL,61108-3900,3,16699.0,16699.0,25508.0,,19198.0,,0.7167,0.8499,13127,14302,,,5696.0,733.0,,,0.0,34104.0
WellSpring School of Allied Health-Wichita,Wichita,KS,67209,3,,,,,9355.0,16500.0,0.8345,0.8993,7917,7917,,,3611.0,67.0,,,0.0,29839.0
Access Careers-Islandia,Islandia,NY,11749-1599,3,,,,,,1500.0,0.0197,0.0169,5500,5500,,,,314.0,,,0.0,
Northern Pennsylvania Regional College,Warren,PA,16365,1,4440.0,8880.0,,,,,0.0,0.0,,,,,5181.0,62.0,,,,
Apex College of Veterinary Technology,Colorado Springs,CO,80903,3,13850.0,13850.0,15950.0,,10030.0,,0.3611,0.5,,,,,4626.0,30.0,,,,
Meryma'at Barber College,Cleveland,OH,44111,3,,,,,4406.0,13680.0,0.9706,0.0,,,,,,51.0,,,,
Western Maricopa Education Center,Glendale,AZ,85307,1,,,,,,,0.1677,0.0976,PS,PS,,,,220.0,,,,
Bais Medrash of Dexter Park,Chestnut Ridge,NY,10977,2,11000.0,11000.0,30590.0,,24711.0,,0.2059,0.0,PS,PS,0.9231,,3383.0,22.0,0.8571,0.0,,
Makana Esthetics Wellness Academy,Honolulu,HI,96817-5330,3,,,,,14133.0,12000.0,0.3861,0.3465,6333,PS,,,,68.0,,,,
Oak Valley College,Rialto,CA,92377,2,16100.0,16100.0,23575.0,,5805.0,,0.4468,0.0,PS,PS,,,6667.0,52.0,0.4348,0.7333,,
Paul Mitchell the School-San Jose,San Jose,CA,95122,3,,,,,25546.0,13250.0,0.7125,0.675,PS,PS,,,,108.0,,,,
Zion Massage College,St. George,UT,84770-8819,3,,,,,20095.0,13800.0,0.375,0.4792,9500,PS,,,,64.0,,,,
Great Lakes Boat Building School,Cedarville,MI,49719-9790,2,24717.0,24717.0,33453.0,,26464.0,,0.3478,0.4348,PS,PS,,,,28.0,,,,
Austin Career Institute,Austin,TX,78752,3,,,,,19530.0,17395.0,0.5782,0.5068,4400,PS,,,,51.0,,,,
Professional Culinary Academy,Buffalo,NY,14222-1433,3,,,,,37471.0,10100.0,0.7308,0.5769,PS,PS,,,,17.0,,,,
Pacific Northwest Christian College,Kennewick,WA,99336-5144,2,11350.0,11350.0,13489.0,,5857.0,,0.4699,0.3012,PS,PS,,,4524.0,129.0,,,,
Hollywood Cultural College,Los Angeles,CA,90010,3,,,,,,,0.2034,0.1186,PS,PS,,,,35.0,,,,
Mariano Moreno Culinary Institute,Miami,FL,33145-2627,3,,,,,14004.0,36000.0,0.3661,0.3661,PS,PS,,,,141.0,,,,
Alder Graduate School of Education,Redwood City,CA,94062,2,,,,,,,,,,,,,10631.0,,,,,
Webb's Barber School of Arts,Macon,GA,31206-4118,3,,,,,13571.0,22500.0,0.5556,0.5278,PS,PS,,,,18.0,,,,
Adrian H. Wallace Barber Academy,Pensacola,FL,32503-2802,3,,,,,11291.0,10000.0,0.7736,0.8679,PS,PS,,,,29.0,,,,
St. Louis Med Tech,St. Louis,MO,63123-3107,2,10900.0,10900.0,,,,,0.75,1.0,,,,,,9.0,,,,
Total Beauty Institute,Jacksonville,FL,32208-5119,2,,,,,13292.0,14500.0,0.7143,0.7429,PS,PS,,,,23.0,,,,
Pearlands Innovative School of Beauty,Pearland,TX,77584-7891,3,,,,,19738.0,13000.0,0.9355,0.9516,5885,PS,,,,84.0,,,0.0,
Durant Institute of Hair Design,Durant,OK,74701-3089,3,,,,,15709.0,14000.0,0.6056,0.662,6500,PS,,,,41.0,,,,
Premiere Aesthetics Institute,Bend,OR,97703-3230,3,,,,,12404.0,11404.0,0.3404,0.5426,3666,PS,,,,52.0,,,,
California Indian Nations College,Palm Desert,CA,92211,1,7743.0,7743.0,,,,,0.0,0.0,,,,,,111.0,,,,
Indian Bible College,Flagstaff,AZ,86004-1919,2,7640.0,7640.0,17263.0,,5068.0,,0.6563,0.0,,,,,5142.0,30.0,1.0,,,
Florida Professional Institute,Miami,FL,33155-6752,3,,,,,31590.0,10500.0,0.4963,0.5037,,,,,,104.0,,,,
The Professional Cosmetology Academy,Laredo,TX,78041-5930,3,,,,,11731.0,8850.0,0.6901,0.6725,PS,PS,,,,120.0,,,,
Hackensack Meridian School of Medicine,Nutley,NJ,07110-1912,2,,,,,,,,,,,,,,,,,,
Taylor Andrews Academy of Hair Design-Hair Lab Detroit Barber School,Southgate,MI,48195-2615,3,,,,,14418.0,18900.0,0.4324,0.473,9500,10556,,,,53.0,,,0.0,36048.0
Paul Mitchell the School-North Tahoe,Truckee,CA,96161-0000,3,,,,,19323.0,14118.0,0.375,0.375,8149,10500,,,,9.0,,,0.0,
Paul Mitchell the School-Fort Lauderdale,Plantation,FL,33388-0000,3,,,,,23036.0,17400.0,0.578,0.6789,6492,6650,,,,72.0,,,0.0,
PCI Academy-Iowa City,Iowa City,IA,52240-6083,3,,,,,18648.0,27988.0,0.3139,0.5109,4858,5828,,,,103.0,,,0.0,31330.0
Larry's Barber College,Chicago,IL,60619-3101,3,,,,,16813.0,16190.0,0.8788,0.8788,3723,3945,,,,30.0,,,0.0,
Paul Mitchell the School-Provo,Provo,UT,84606-3424,3,,,,,18284.0,19348.0,0.447,0.4167,8028,9917,,,,135.0,,,0.0,27407.0
Arizona College of Nursing-Tampa,Tampa,FL,33607,3,23093.0,23093.0,36515.0,,30580.0,,0.5311,0.8106,9500,9500,1.0,,7118.0,337.0,,0.6667,0.0,34657.0
Arizona College of Nursing-Fort Lauderdale,Fort Lauderdale,FL,33334-3637,3,25973.0,25973.0,42272.0,,35522.0,,0.6667,0.8723,9500,9500,,,7690.0,412.0,,0.7857,0.0,34657.0
Arizona College of Nursing-Tucson,Tucson,AZ,85711,3,23760.0,23760.0,32730.0,,28789.0,,0.6415,0.75,9500,9500,1.0,,7935.0,566.0,,0.75,0.0,34657.0
Arizona College of Nursing-Phoenix,Phoenix,AZ,85053-4058,3,24853.0,24853.0,38789.0,,34155.0,,0.5255,0.752,9500,9500,1.0,,7446.0,1062.0,,0.8667,0.0,34657.0
Empire Beauty School-Newport News,Newport News,VA,23602-6958,3,,,,,14963.0,18750.0,0.4924,0.5152,7851,10667,,,,78.0,,,0.0,23921.0
Tricoci University of Beauty Culture-Normal,Normal,IL,61761-4107,3,,,,,17607.0,13184.0,0.5205,0.6438,7307,7307,,,,92.0,,,0.0,26236.0
Elite Welding Academy,Houston,TX,77087-2904,3,,,,,21504.0,12800.0,0.449,0.3878,5500,9483,,,,29.0,,,0.0,
Paul Mitchell the School-Murfreesboro-Nashville,Hendersonville,TN,37075-2541,3,,,,,21895.0,17400.0,0.47,0.5755,7917,7917,,,,266.0,,,0.0,30461.0
Dorsey College-Woodhaven,Woodhaven,MI,48183-3319,3,32160.0,32160.0,31409.0,,26241.0,,0.822,0.9153,9500,13000,,,,212.0,,,0.0,29392.0
Pathways College,Phoenix,AZ,85006,2,6180.0,6180.0,,,,,0.0,0.0,,,,,5000.0,9.0,,,,
San Joaquin Valley College-Delano,Delano,CA,93215-9691,3,,,,,20843.0,21997.0,0.7557,0.7863,9773,10674,,,,83.0,,,0.0,38317.0
San Joaquin Valley College-Rancho Mirage,Rancho Mirage,CA,92270-2701,3,,,,,24175.0,41237.0,0.6055,0.6563,9773,10674,,,8488.0,242.0,,,0.0,38317.0
San Joaquin Valley College-Santa Maria,Santa Maria,CA,93454-6921,3,,,,,20549.0,21997.0,0.6209,0.7253,9773,10674,,,7030.0,163.0,,,0.0,38317.0
Advantage Technical College-Aguadilla,Aguadilla,PR,00603-0000,3,,,,,3162.0,14700.0,0.5657,0.0,PS,PS,,,,251.0,,,,26905.0
San Joaquin Valley College-Porterville,Porterville,CA,93257-3730,3,,,,,23531.0,21997.0,0.8226,0.7177,9773,10674,,,,98.0,,,0.0,38317.0
California University of Science and Medicine,Colton,CA,92324-1603,2,,,,,,,,,,,,,,,,,,
Ruben's Five Star Academy,Lake Wales,FL,33859-4409,3,,,,,15661.0,15650.0,0.5,0.5667,PS,PS,,,,11.0,,,,
Mason Anthony School of Cosmetology Arts & Sciences,Columbus,OH,43231-8252,3,,,,,,,,,5611,PS,,,,175.0,,,,
California Institute of Arts & Technology-National City,National City,CA,91950-6610,3,15390.0,15390.0,26286.0,,22688.0,,0.1648,0.033,4750,22209,,,5968.0,1410.0,,,0.0,
Triangle Tech-Chambersburg,Chambersburg,PA,17201-7834,3,18961.0,18961.0,27701.0,,24252.0,,0.52,0.66,12000,18084,,,3958.0,63.0,,,0.0,51953.0
Provo College-Idaho Falls Campus,Idaho Falls,ID,83404-3538,3,18645.0,18645.0,34871.0,,31248.0,,0.6105,0.7737,24262,41733,,,6454.0,226.0,,0.25,0.0,39645.0
Eagle Gate College-Boise Campus,Boise,ID,83709-2505,3,18645.0,18645.0,34345.0,,29546.0,,0.4866,0.7893,20000,43021,,,6964.0,467.0,,0.7143,0.0,37518.0
Elite Welding Academy South Point,South Point,OH,45680-8849,3,,,,,30807.0,12800.0,0.6667,0.2857,5500,9483,,,,17.0,,,0.0,
Agape College of Business and Science,Fresno,CA,93721-1827,2,8132.0,8132.0,13465.0,,6330.0,,0.4054,0.0,,,,,4318.0,41.0,,1.0,,
Zorganics Institute of Beauty and Wellness,Bellingham,WA,98226-8184,3,,,,,,8882.0,0.0,0.0,,,,,,11.0,,,,
Daybreak University,Anaheim,CA,92806,2,,,,,,,,,,,,,4768.0,,,,,
Motion Picture Institute,Troy,MI,48084,3,,,,,,,0.1284,0.2569,,,0.925,,,56.0,,,,
Zen Shiatsu Chicago,Evanston,IL,60201-4317,3,,,,,,,0.0686,0.1471,,,,,,95.0,,,,
The  Salon Professional Academy of Holland,Holland,MI,49424-7521,3,,,,,13858.0,20790.0,0.2203,0.339,,,,,,72.0,,,,
Dymond Designs Beauty School,Detroit,MI,48207-4236,3,,,,,20750.0,20163.0,0.2444,0.2333,,,,,,69.0,,,,
National Institute for Medical Assistant Advancement (NIMAA),Denver,CO,80204,2,,,,,10571.0,6430.0,0.3738,0.0327,,,0.2071,,,203.0,,,,
California Northstate University,Elk Grove,CA,95757-3001,3,56501.0,56501.0,,,,,0.0,0.0,,,0.8485,,10837.0,69.0,0.8788,0.9,,
Antigua College International,Miami Lakes,FL,33016-1511,3,26700.0,26700.0,25822.0,,25650.0,,0.7371,1.0,,,,,4719.0,266.0,,,,
Burlington County Institute of Technology-Adult Education,Westampton,NJ,08060-3826,1,,,,,,5222.0,0.0642,0.081,,,,,,112.0,,,,
Sri Sai Krish Institute,ORANGE,CA,92869,3,64500.0,64500.0,,,,,0.303,0.697,,,,,7917.0,61.0,,,,
Riggins Urban Barber College,San Diego,CA,92114-3618,3,,,,,21194.0,18000.0,0.2952,0.2952,,,,,,43.0,,,,
Hair Arts Institute,Oklahoma City,OK,73134,3,,,,,23666.0,21500.0,0.5,0.629,,,,,,32.0,,,,
Florida Academy of Nursing,Miramar,FL,33025-7000,3,,,,,15028.0,24200.0,0.662,0.5352,,,,,3025.0,54.0,,,,
Body Wisdom Massage Therapy School,Urbandale,IA,50322-2903,3,,,,,48265.0,16915.0,0.05,0.0667,,,,,,36.0,,,,
Lakewood University,Cleveland Heights,OH,44112-3044,2,10479.0,10479.0,,,,,0.0549,0.0061,,,,,,100.0,,,,
CTK Healthcare & Career Institute,Irving,TX,75062-7861,3,,,,,4779.0,1680.0,0.4626,0.4898,,,,,,45.0,,,,
Aesthetics Institute,St. Louis,MO,63123-3107,3,,,,,,12500.0,0.2143,0.3095,,,,,,16.0,,,,
Sierra Academy of Style,Carson City,NV,89701-6324,3,,,,,12678.0,19600.0,0.4968,0.6306,,,,,,94.0,,,,
Institute of Allied Healthcare,San Antonio,TX,78229-4538,3,,,,,5403.0,6890.0,0.0,0.0122,,,,,,69.0,,,,
NewU University,Washington,DC,20005,2,16500.0,16500.0,,,,,0.0,0.0,,,0.9902,,5000.0,34.0,,0.8125,,
Branford Academy of Hair & Cosmetology-Bridgeport,Bridgeport,CT,06610-3239,3,,,,,15505.0,7390.0,1.0,1.0,6333,6333,,,,36.0,,,0.0,
United Education Institute-Las Vegas,Las Vegas,NV,89169-3012,3,,,,,33051.0,19000.0,0.7129,0.7368,9433,9500,,,,749.0,,,0.0,30848.0
UEI College-Mesa,Mesa,AZ,85202,3,,,,,33845.0,19900.0,0.7316,0.7736,9500,9500,,,,565.0,,,0.0,31141.0
Larry's Barber College-Joliet,Joliet,IL,60435-7352,3,,,,,16362.0,16190.0,1.0,0.5676,3723,3945,,,,22.0,,,0.0,
Herzing University-Tampa,Tampa,FL,33619-1311,2,13420.0,13420.0,26118.0,,20486.0,,0.4865,0.8703,11756,21500,0.8696,,7468.0,237.0,,1.0,0.0,36909.0
Galen Health Institutes-Miami Campus,Pembroke Pines,FL,33027-6236,3,16400.0,16400.0,33847.0,,29154.0,,0.5478,0.8636,16500,24166,,,7463.0,635.0,,0.8,0.0,61480.0
Remington College-Online Dallas,Dallas,TX,75243,2,15764.0,15764.0,28936.0,,21571.0,,0.8894,0.894,9500,13271,,,,111.0,,0.9556,0.0,31349.0
Abilene Christian University-Undergraduate Online,Addison,TX,75001,2,14520.0,14520.0,19042.0,,12714.0,,0.5992,0.7402,14750,24250,1.0,,,918.0,,0.4,0.0,55736.0
Madera Community College,Madera,CA,93638-8321,1,1334.0,9454.0,9875.0,-489.0,,,0.1806,0.0011,,,,,11361.0,3852.0,,,0.014,
Ogle School Hair Skin Nails-Willowbrook,Houston,TX,77070-5656,3,,,,,21416.0,16500.0,0.654,0.6864,7917,7917,,,,438.0,,,0.0,31488.0
University of Silicon Andhra,Milpitas,CA,95035,2,,,,,,,0.0,0.0,,,0.9545,,,87.0,,,,
Galen Health Institutes-Austin Campus,Round Rock,TX,78681-2301,3,16400.0,16400.0,31562.0,,26825.0,,0.5144,0.8546,16500,24166,,,6965.0,917.0,,0.5333,0.0,61480.0
Galen Health Institutes-Nashville Campus,Nashville,TN,37203-5755,3,16400.0,16400.0,31743.0,,27306.0,,0.4218,0.7984,16500,24166,,,6666.0,763.0,,0.0,0.0,61480.0
Ohio Business College-Dayton-Driving Academy,Trotwood,OH,45426,3,,,,,3422.0,5800.0,0.0323,0.0323,10000,12416,,,,126.0,,,0.0,30389.0
The Rapha School,Home,PA,15747-9615,3,,,,,13018.0,21120.0,0.5273,0.6545,,,0.3846,,,51.0,,,,
Academy of Allied Health Careers,Chattanooga,TN,37411-5336,3,,,,,9095.0,9425.0,0.3214,0.3185,,,,,,196.0,,,,
Mei Barber School,Brownsville,TX,78520-5472,3,,,,,4706.0,6700.0,0.4663,0.0955,,,,,,96.0,,,,
Great Northern University,Spokane,WA,99207-2550,2,17700.0,17700.0,32695.0,,31680.0,,0.4571,0.3143,,,1.0,,3630.0,36.0,,1.0,,
Salon Professional Academy-Elevate Salon Institute,Miami Beach,FL,33139-3252,3,,,,,4425.0,4350.0,0.3784,0.6757,6333,7528,,,,55.0,,,0.0,16515.0
Arizona College of Nursing-Salt Lake City,Murray,UT,84123-2790,3,22586.0,22586.0,35805.0,,31831.0,,0.4845,0.7674,9500,9500,1.0,,7818.0,323.0,,0.9375,0.0,34657.0
Arizona College-Glendale,Glendale,AZ,85302-3843,3,18835.0,18835.0,31871.0,,26925.0,,0.7263,0.5695,9500,9500,,,4807.0,306.0,,,0.0,34657.0
Universal Technical Institute-West Texas,Austin,TX,78753-9742,3,,,,,23864.0,52950.0,0.656,0.7583,11574,14267,,,6084.0,955.0,,,0.0,51222.0
Avalon Institute-Las Vegas,Las Vegas,NV,89102-0046,3,,,,,14623.0,9000.0,0.7278,0.7605,6312,6332,,,,342.0,,,0.0,30803.0
Medspa Academies-National Institute of Modern Aesthetics,Las Vegas,NV,89113,3,,,,,22428.0,17000.0,0.4343,0.498,9500,PS,,,,176.0,,,0.0,
American Institute-Cherry Hill,Cherry Hill,NJ,08002-4309,3,,,,,17603.0,19495.0,0.8458,0.975,9304,11979,,,,400.0,,,0.0,28710.0
Glendale Career College-North-West College-Bakersfield,Bakersfield,CA,93304-5075,3,,,,,49781.0,76757.0,0.6658,0.8342,9321,9500,,,4583.0,387.0,,,0.0,41472.0
Barber Education Academy,Laredo,TX,78041-6039,3,,,,,8748.0,7625.0,0.6833,0.0,,,,,,43.0,,,,
Legends Barber College,Lufkin,TX,75904-3105,3,,,,,11445.0,12625.0,0.7872,0.7872,,,,,,28.0,,,,
Academia Medical Institute,Columbus,OH,43204-0000,3,14498.0,14498.0,28083.0,,24751.0,,0.7763,0.5395,,,0.4081,,,133.0,,,,
Barbers Trade School,Beaumont,TX,77701-3308,3,,,,,13387.0,12350.0,0.8113,0.7736,,,,,,14.0,,,,
Top of the Line Barber School,San Antonio,TX,78218-2109,3,,,,,24189.0,16000.0,0.5724,0.4966,,,,,,98.0,,,,
Bridges Christian College,New Orleans,LA,70115-6305,2,6600.0,6600.0,,,,,0.4262,0.0,,,,,,108.0,,0.5,,
Kino College,Tucson,AZ,85704-7802,3,,,,,24064.0,14990.0,0.6786,0.8929,,,,,,29.0,,,,
Salon Professional Academy,Howell,NJ,07731-3385,3,,,,,22259.0,16805.0,0.3394,0.3624,,,,,,143.0,,,,
Southern California College of Barber and Beauty,Escondido,CA,92025-1801,3,,,,,20682.0,16575.0,0.5378,0.4622,,,,,,75.0,,,,
Hello Gorgeous Barbers Stillwater's School of Barbering,Stillwater,OK,74074-4104,3,,,,,,19650.0,0.4324,0.4324,,,,,,19.0,,,,
Jackson Theological Seminary,North Little Rock,AR,72114-0000,2,,,,,,,,,,,,,1154.0,1.0,,,,
Redeemers University North America,Greenville,TX,75401-7614,2,6800.0,6800.0,,,,,0.0061,0.0,,,0.9231,,,6.0,,,,
Personal Touch Beauty and Barber College,Kingstree,SC,29556-3346,3,,,,,9880.0,16500.0,0.7857,0.9286,,,,,,12.0,,,,
Reach University,Oakland,CA,94612-1278,2,12374.0,12374.0,24225.0,,13305.0,,0.6111,0.0,,,0.9915,,8427.0,1226.0,,0.6923,,
Technology Learning Center,Oxford,MA,01540-1411,3,,,,,,,0.1786,0.5,,,,,,24.0,,,,
Hair Academy,Chillicothe,OH,45601-2667,3,,,,,,20750.0,0.36,0.46,,,,,,9.0,,,,
Sweetwater Institute of Cosmetology,Sweetwater,TN,37874-3026,3,,,,,1124.0,10900.0,0.4872,0.1154,,,,,,33.0,,,,
Kansas Health Science Center,Wichita,KS,67202,2,,,,,,,,,,,,,,,,,,
Academy for Jewish Religion,Yonkers,NY,10701,2,,,,,,,,,,,,,,,,,,
American College of Healthcare and Technology-Santa Ana,Santa Ana,CA,92705-8680,3,,,,,14794.0,17995.0,0.8704,0.8611,9500,9500,,,,85.0,,,0.0,31109.0
Aviation Institute of Maintenance-Chicago,Chicago,IL,60609-2130,3,16657.0,16657.0,30941.0,,24862.0,,0.7,0.8467,24250,31301,,,,221.0,,,0.0,53341.0
Evangel University-College of Online Learning,Springfield,MO,65802-2125,2,8025.0,8025.0,20433.0,,18354.0,,0.525,0.8125,17495,24736,0.45,,4059.0,213.0,,0.7143,0.0,46573.0
Marian University-Ancilla,Plymouth,IN,46563-9475,2,19850.0,19850.0,36245.0,,25172.0,,0.5066,0.7621,20000,27000,0.8953,,9392.0,217.0,,0.4375,0.0,58759.0
Spa Tech Institute-North Andover,North Andover,MA,01845-1613,3,,,,,27248.0,11950.0,0.3607,0.4699,6333,6333,,,,144.0,,,0.0,27803.0
Aveda Arts & Sciences Institute Lafayette-Arlington,Arlington,VA,22203-2137,3,,,,,23448.0,21000.0,0.504,0.5973,7411,7916,,,,211.0,,,0.0,23904.0
Concorde Career College-Broadway,Kansas City,MO,64111-2407,3,,,,,24417.0,18066.0,0.662,0.6806,9500,9500,0.9767,,,31.0,,,0.0,35242.0
United Education Institute-Stone Mountain,Stone Mountain,GA,30083-2871,3,,,,,33189.0,19900.0,0.8664,0.8978,9445,9500,,,,785.0,,,0.0,27688.0
UEI College-Tacoma,Tacoma,WA,98404-3344,3,,,,,34928.0,19900.0,0.6954,0.7983,9433,9500,,,,557.0,,,0.0,30848.0
Montgomery Beauty School-Baltimore Beauty & Barber School,Baltimore,MD,21237-3063,3,,,,,18970.0,22300.0,0.3941,0.3621,7667,11845,,,,252.0,,,0.0,18726.0
Commonwealth of Puerto Rico Department of Education-PRAMI,Fajardo,PR,00738-0000,1,3816.0,3816.0,,,,,0.0,0.0,PS,PS,,,,81.0,,,,26293.0
Universal Technical Institute-South Florida Miramar,Miramar,FL,33027-4139,3,,,,,25637.0,42150.0,0.807,0.9146,11183,13124,,,6203.0,497.0,,,0.0,52873.0
Arizona College of Nursing-Southfield,Southfield,MI,48033-7157,3,23760.0,23760.0,38951.0,,33553.0,,0.6667,0.8081,9500,9500,1.0,,7612.0,415.0,,0.6957,0.0,34657.0
Galen Health Institutes-Sarasota,Sarasota,FL,34232-5421,3,16400.0,16400.0,54064.0,,49673.0,,0.5154,0.7154,16500,24166,,,6409.0,404.0,,0.0,0.0,61480.0
Galen Health Institutes-Gainesville,Gainesville,FL,32607-3704,3,16400.0,16400.0,54524.0,,48507.0,,0.6563,0.8594,16500,24166,,,6327.0,638.0,,0.6667,0.0,61480.0
Galen Health Institutes-Richmond,Richmond,VA,23225-5551,3,15860.0,15860.0,47865.0,,40766.0,,0.4575,0.7925,16500,24166,,,6820.0,374.0,,,0.0,61480.0
Galen Health Institutes-Myrtle Beach,Myrtle Beach,SC,29572-4180,3,15860.0,15860.0,49542.0,,41961.0,,0.4286,0.6627,16500,24166,,,6537.0,629.0,,,0.0,61480.0
Galen Health Institutes-Asheville,Asheville,NC,28803-5007,3,16400.0,16400.0,79782.0,,77180.0,,0.5769,0.7692,16500,24166,,,6837.0,183.0,,0.0,0.0,61480.0
The Salon Professional Academy Maplewood,Maplewood,MN,55109,3,,,,,12523.0,19724.0,0.2115,0.1827,,,,,,73.0,,,,
Xtylo Beauty College,Tolleson,AZ,85353-0001,3,,,,,28054.0,13200.0,0.4405,0.0952,3350,PS,,,,93.0,,,,
San Francisco School of Massage & Bodywork,San Francisco,CA,94103-3416,3,,,,,22464.0,10250.0,0.1104,0.0798,,,,,,131.0,,,,
Chancellor Institute,Ft Laurderdale,FL,33309,3,,,,,34395.0,25352.0,0.314,0.314,,,0.8961,,3550.0,102.0,,,,
The Salon Professional Academy,Collegeville,PA,19426-2025,3,,,,,,17050.0,0.069,0.1034,,,,,,72.0,,,,
Studio 75 Hair Academy,Millington,TN,38053-2066,3,,,,,,15000.0,0.6,0.6,,,,,,12.0,,,,
Commercial Diving Technologies Institute,Hudson,FL,34667-6613,3,,,,,36910.0,26725.0,0.3493,0.3493,,,,,,177.0,,,,
Boone Career and Technical Center,Foster,WV,25081-8126,1,,,,,,5000.0,0.1988,0.0,,,,,,85.0,,,,
Edge Academy of Beauty,Manchester,KY,40962-8700,3,,,,,14491.0,16626.0,0.4203,0.4348,,,,,,37.0,,,,
Premier Barber School,Houston,TX,77088-2518,3,,,,,19562.0,12685.0,0.2069,0.1552,,,,,,48.0,,,,
Arizona College of Nursing-Falls Church,Falls Church,VA,22042-4566,3,23760.0,23760.0,38123.0,,33304.0,,0.5208,0.8194,9500,9500,1.0,,7997.0,284.0,,0.5455,0.0,34657.0
Arizona College of Nursing-Ontario,Ontario,CA,91761-1201,3,30133.0,30133.0,43703.0,,39581.0,,0.5933,0.9426,9500,9500,1.0,,9302.0,279.0,,0.9231,0.0,34657.0
Galen Health Institutes-Houston,Houston,TX,77041-8241,3,16400.0,16400.0,,,,,,,16500,24166,,,7092.0,543.0,,,0.0,61480.0
Galen Health Institutes-Pikeville,Pikeville,KY,41501-1321,3,15860.0,15860.0,42163.0,,34827.0,,0.7308,0.7692,16500,24166,,,5973.0,122.0,,,0.0,61480.0
Stellar Career College,Chicago,IL,60606-0000,3,,,,,21507.0,26000.0,0.6468,0.7811,4688,4834,,,,78.0,,,0.0,30337.0
Commonwealth University of Pennsylvania,Bloomsburg,PA,17815,1,11046.0,22870.0,25781.0,18877.0,,,0.2934,0.5842,19500,26000,0.9475,1093.0,10986.0,9309.0,0.5302,0.748,0.0,52416.0
Pennsylvania Western University,California,PA,15419,1,11388.0,16006.0,27618.0,19352.0,,,0.3686,0.5682,16750,23725,0.9365,1076.0,11094.0,8134.0,0.5103,0.7043,0.0,47295.0
Aveda Institute Montana,Billings,MT,59102-3805,3,,,,,17582.0,14000.0,0.0339,0.0508,,,,,,34.0,,,,
Lehigh Career & Technical Institute,Schnecksville,PA,18078-2599,1,,,,,,14200.0,0.0,0.0,,,,,,12.0,,,,
CalCopa Massage School,Huntington Beach,CA,92648-2071,3,,,,,36217.0,8638.0,0.3871,0.4516,,,,,,19.0,,,,
Medical Solutions Academy,Danville,VA,24541-1054,3,14115.0,14115.0,,,,,0.0,0.0,,,,,,106.0,,,,
Sami Halaseh Institute,Andover,KS,67002-8746,3,,,,,23501.0,11100.0,0.0185,0.037,,,,,,23.0,,,,
Beaver Beauty Academy,Decatur,GA,30032-4281,3,,,,,11027.0,15495.0,0.9194,0.5645,,,,,,57.0,,,,
Upper Kutz Barber & Style College,Greenville,MS,38701-5962,3,,,,,22664.0,15950.0,0.6222,0.6,,,,,,28.0,,,,
All In The Wrist Barber Academy,Smyrna,DE,19977-1511,3,,,,,5154.0,13780.0,0.5217,0.0,,,,,,17.0,,,,
Yeshiva of Kasho,Brooklyn,NY,11231-3819,2,14000.0,14000.0,19153.0,,9078.0,,0.7342,0.0,,,,,3614.0,174.0,0.1087,0.8889,,
Cutting Edge Barber Academy,Lancaster,PA,17603-4229,3,,,,,20968.0,18900.0,0.6875,0.6875,,,,,,28.0,,,,
JT's Cuts Academy,Fort Lauderdale,FL,33334-2765,3,,,,,28017.0,12270.0,0.3273,0.2727,,,,,,36.0,,,,
The Nurse Academy,National City,CA,91950-2964,3,,,,,,38871.0,0.8182,0.8182,,,,,,34.0,,,,
Heartland Welding Academy,Andover,KS,67002-9778,3,,,,,20694.0,9300.0,0.2,0.1538,,,,,,34.0,,,,
Jazz Barber and Hairstyling Academy,Petersburg,VA,23803-3508,3,,,,,9183.0,15950.0,0.4727,0.6182,,,,,,36.0,,,,
Renaissance Beauty Academy,Cape Girardeau,MO,63703-4918,3,,,,,11600.0,13500.0,0.2717,0.1196,,,,,,68.0,,,,
Central Valley Barber College,Riverbank,CA,95367-2024,3,,,,,13611.0,13685.0,0.259,0.253,,,,,,101.0,,,,
One Stop Academy,Fayetteville,NC,28306-8490,3,,,,,7321.0,17859.0,0.4167,0.4167,,,,,,19.0,,,,
East Texas Cosmetology College,Lufkin,TX,75904-7137,3,,,,,,14595.0,0.0,0.0,,,,,,39.0,,,,
Yeshivas Sanz Klauzenburg,Brooklyn,NY,11219-3631,2,14000.0,14000.0,17500.0,,10556.0,,0.7476,0.0,,,,,2204.0,107.0,0.2727,1.0,,
URBE University,Sweetwater,FL,33172-1852,3,30550.0,30550.0,,,,,0.0,0.0,,,,,,28.0,0.6111,0.8571,,
Artisan Academy of Cosmetology,Fort Wayne,IN,46804,3,,,,,,15599.0,0.0,0.0,,,,,,42.0,,,,
Champ's Barber School-Lebanon,Lebanon,PA,17042-0001,3,,,,,17646.0,18900.0,0.5294,0.5294,9500,PS,,,,19.0,,,0.0,
Collectiv Hair Dressing Academy-Collectiv Academy-Dallas,Dallas,TX,75248-4073,3,,,,,26884.0,13750.0,0.6216,0.6486,9000,10540,,,,149.0,,,0.0,29334.0
Homestead Schools-Costa Mesa,Costa Mesa,CA,92626-3079,2,,,,,,35750.0,0.6667,0.6667,18040,18040,,,,24.0,,,0.0,59398.0
Innovate Salon Academy,Brick Township,NJ,08723-3413,3,,,,,,12726.0,0.1613,0.2688,6333,6333,,,,166.0,,,0.0,
Herzing University-Nashville,Nashville,TN,37214-3450,2,13420.0,13420.0,,,,,,,11756,21500,0.9118,,7778.0,75.0,,,0.0,36909.0
College of Biomedical Equipment Technology,Schertz,TX,78154,3,24000.0,24000.0,,,,,0.0,0.0,,,,,6093.0,296.0,,,,
Dorsey College-Grand Rapids,Grand Rapids,MI,49546-1338,3,9295.0,9295.0,,,,,0.0,0.0,9500,13000,,,,85.0,,,0.0,29392.0
Baltimore Beauty & Barber School II,Timonium,MD,21093-3208,3,,,,,,24000.0,0.7647,0.9412,7500,13000,,,,65.0,,,0.0,18172.0
Galen Health Institutes-Dallas,Richardson,TX,75080-1135,3,16400.0,16400.0,,,,,,,16500,24166,,,6946.0,554.0,,,0.0,61480.0
Galen Health Institutes-Roanoke,Roanoke,VA,24018-1604,3,15860.0,15860.0,,,,,,,16500,24166,,,6274.0,173.0,,,0.0,61480.0
Galen Health Institutes-Wichita,Wichita,KS,67214-4923,3,15860.0,15860.0,,,,,,,16500,24166,,,5375.0,97.0,,,0.0,61480.0
Galen Health Institutes-Salt Lake City,Draper,UT,84020-1930,3,15860.0,15860.0,,,,,,,16500,24166,,,7083.0,63.0,,,0.0,61480.0
Academy of Cosmetology Barbering and Esthetics,Oklahoma City,OK,73159-6902,3,,,,,,13966.0,0.4286,0.4,4400,PS,,,,40.0,,,0.0,18636.0
Aveda Institute Tucson-Avondale,Avondale,AZ,85323-5001,3,,,,,19718.0,12200.0,0.5114,0.6023,6333,6333,,,,75.0,,,0.0,
Premiere Aesthetics Institute-Meridian,Meridian,ID,83642-5210,3,,,,,,11504.0,0.2826,0.1739,3666,PS,,,,36.0,,,,
Arizona College of Nursing-Sarasota,University Park,FL,34201-2142,3,23093.0,23093.0,,,,,0.6,0.8,9500,9500,1.0,,7917.0,98.0,,,0.0,34657.0
Arizona College of Nursing-Aurora,Aurora,CO,80014-3511,3,23760.0,23760.0,,,,,,,9500,9500,1.0,,7583.0,212.0,,,0.0,34657.0
Arizona College of Nursing-Cincinnati,Cincinnati,OH,45249-1655,3,23760.0,23760.0,,,,,,,9500,9500,1.0,,,65.0,,,0.0,34657.0
Arizona College of Nursing-Cleveland,Beachwood,OH,44122-7343,3,23760.0,23760.0,,,,,,,9500,9500,1.0,,8333.0,84.0,,,0.0,34657.0
Glendale Career College-North-West College-MFSON,West Covina,CA,91790-2097,3,,,,,,76757.0,0.5229,0.8303,9321,9500,,,,218.0,,,0.0,41472.0
Denver College of Nursing-Houston,Houston,TX,77079-3021,3,,,,,,,,,21110,26500,,,7083.0,70.0,,,0.0,81809.0
Gwinnett Institute,Orlando,FL,32826-4735,3,,,,,31423.0,25000.0,0.685,0.6233,13000,13000,,,5533.0,324.0,,,0.0,33735.0
Puerto Rico Advance Institute,Bayamon,PR,00961-0000,2,7396.0,7396.0,,,,,0.0,0.0,,,,,,25.0,,,,
Austin Medical Assistant Training,Forest Hills,NY,11375-0000,3,,,,,,11000.0,0.0,0.0,,,,,,158.0,,,,
Albany Beauty Academy,Albany,GA,31707-3200,3,,,,,,20500.0,0.0,0.0,,,,,,8.0,,,,
Wade Gordon Hairdressing Academy-Oklahoma,Oklahoma City,OK,73159,3,,,,,,16200.0,0.0,0.0,7710,9833,,,,13.0,,,0.0,
EDP University of Puerto Rico-Caguas,Caguas,PR,00726-0000,2,7050.0,14125.0,,,,,,,10500,14000,,,635.0,0.0,,,0.0,22844.0
Aviation Institute of Maintenance-Phoenix,Phoenix,AZ,85040-8605,3,16657.0,16657.0,,,,,,,12663,29773,,,,0.0,,,0.0,42759.0
Galen Health Institutes-Las Vegas,Las Vegas,NV,89148-4858,3,,,,,,41760.0,,,16500,24166,,,,0.0,,,0.0,61480.0
Stellar Career College-Crown Point,Crown Point,IN,46307-1117,3,,,,,,29000.0,0.0,0.0,4688,4834,,,1500.0,76.0,,,0.0,30337.0
Tulsa Welding School-Dallas Campus,Irving,TX,75602-4805,3,,,,,,21500.0,,,6886,9500,,,,244.0,,,0.0,41067.0
Barber Tech Academy-Columbia,Columbia,SC,29210-0000,3,,,,,,17135.0,0.0,0.7143,4750,PS,,,,32.0,,,0.0,
Troy University-Phenix City Campus,Phenix City,AL,368694419,1,9792.0,19584.0,,,,,,,15985,25000,,,,,,,0.0,42062.0
Troy University-Montgomery Campus,Montgomery,AL,361034419,1,9792.0,19584.0,,,,,,,15985,25000,,,,,,,0.0,42062.0
Troy University-Dothan Campus,Dothan,AL,363034419,1,9792.0,19584.0,,,,,,,15985,25000,,,,,,,0.0,42062.0
Troy University-Online,Troy,AL,360825327,1,9792.0,9792.0,,,,,,,15985,25000,,,,,,,0.0,42062.0
Troy University-Support Sites,Alpharetta,GA,30009,1,9792.0,9792.0,,,,,,,15985,25000,,,,,,,0.0,42062.0
Arizona State University-West,Glendale,AZ,85306,1,12051.0,32193.0,,,,,,,13610,19500,,,,,,,0.0,62668.0
Arizona State University-Polytechnic,Mesa,AZ,85212,1,12051.0,32193.0,,,,,,,13610,19500,,,,,,,0.0,62668.0
Arizona State University-Downtown Phoenix,Phoenix,AZ,85004,1,12051.0,32193.0,,,,,,,13610,19500,,,,,,,0.0,62668.0
Arizona State University - Tucson,Tucson,AZ,857454284,1,,,,,,,,,13610,19500,,,,,,,0.0,62668.0
Arizona State University - Lake Havasu,Lake Havasu City,AZ,864036877,1,6969.0,11507.0,,,,,,,13610,19500,,,,,,,0.0,62668.0
Arizona State University - The Gila Valley,Thatcher,AZ,855525545,1,,,,,,,,,13610,19500,,,,,,,0.0,62668.0
Arizona State University - Yuma,Yuma,AZ,853656900,1,,,,,,,,,13610,19500,,,,,,,0.0,62668.0
Arizona State University - Pinal,Coolidge,AZ,851289030,1,,,,,,,,,13610,19500,,,,,,,0.0,62668.0
Arizona State University - Cochise,Sierra Vista,AZ,856352947,1,,,,,,,,,13610,19500,,,,,,,0.0,62668.0
Arizona State University - Yavapai,Prescott Valley,AZ,863142252,1,,,,,,,,,13610,19500,,,,,,,0.0,62668.0
Arizona State University - Pima,Tucson,AZ,857090001,1,,,,,,,,,13610,19500,,,,,,,0.0,62668.0
Arizona State University - Washington D.C.,Washington,DC,200065407,1,,,,,,,,,13610,19500,,,,,,,0.0,62668.0
Arizona State University - Northeastern Arizona,Show Low,AZ,859016211,1,,,,,,,,,13610,19500,,,,,,,0.0,62668.0
Arizona State University - Mesa City Center,Mesa,AZ,852017416,1,,,,,,,,,13610,19500,,,,,,,0.0,62668.0
Arkansas College of Barbering and Hair Design,Little Rock,AR,722054949,3,,,,,,19400.0,,,9833,16500,,,,,,,0.0,16209.0
Harding School of Theology,Memphis,TN,381175499,2,,,,,,,,,21601,26500,,,,,,,0.0,52876.0
Career Academy of Hair Design-Siloam Springs,Siloam Springs,AR,727614217,3,,,,,,18195.0,,,5531,6365,,,,,,,0.0,21567.0
Career Academy of Hair Design-Rogers,Rogers,AR,727562102,3,,,,,,18195.0,,,5531,6365,,,,,,,0.0,21567.0
Career Academy of Hair Design-Fayetteville,Fayetteville,AR,727014217,3,,,,,,18195.0,,,5531,6365,,,,,,,0.0,21567.0
Career Academy of Hair Design - Fort Smith,Fort Smith,AR,729017814,3,,,,,,18195.0,,,5531,6365,,,,,,,0.0,21567.0
University of Arkansas Community College at Hope - Texarkana,Texarkana,AR,718541467,1,3400.0,4960.0,,,,,,,3500,PS,,,,,,,0.0,34162.0
Alliant International University-Fresno,Fresno,CA,937272014,3,,,,,,,,,12500,12878,,,,,,,0.0,66666.0
Alliant International University-Los Angeles,Alhambra,CA,918031360,3,,,,,,,,,12500,12878,,,,,,,0.0,66666.0
Alliant International University-San Francisco Bay Area,Emeryville,CA,94806,3,,,,,,,,,12500,12878,,,,,,,0.0,66666.0
Alliant International University-Irvine,Irvine,CA,926060000,3,,,,,,,,,12500,12878,,,,,,,0.0,66666.0
Alliant International University-Sacramento,Sacramento,CA,958331867,3,,,,,,,,,12500,12878,,,,,,,0.0,66666.0
Alliant International University - Phoenix,Phoenix,AZ,850122695,3,13918.0,13918.0,,,,,,,12500,12878,,,,,,,0.0,66666.0
Casa Loma College - Nashville,Nashville,TN,372171342,2,,,,,,46058.0,,,20245,26791,,,,,,,0.0,49854.0
San Jose Campus,San Jose,CA,95131,3,,,,,,,,,PS,PS,,,,,,,0.0,
Golden Gate University-Seattle,Seattle,WA,98101-2218,2,,,,,,,,,18774,29875,,,,,,,0.0,87434.0
Golden Gate University-Silicon Valley,Santa Clara,CA,950542218,2,,,,,,,,,18774,29875,,,,,,,0.0,87434.0
Humphreys College-Modesto,Salida,CA,95368,2,14760.0,14760.0,,,,,,,25000,35500,,,,,,,0.0,39248.0
IDEA at ATEP,Tustin,CA,927820223,1,1156.0,10996.0,,,,,,,4500,6500,,,,,,,0.0,49156.0
Life Pacific University-Virginia,Christiansburg,VA,24073,2,14890.0,14890.0,,,,,,,14000,22395,,,,,,,0.0,43299.0
Life Chiropractic College West - Bellevue University,Bellevue,NE,68005,2,,,,,,,,,PS,PS,,,,,,,0.0,
MiraCosta College - San Elijo Campus,Cardiff,CA,920071516,1,1152.0,9120.0,,,,,,,9488,9000,,,,,,,0.0,43845.0
Mount Saint Mary's University - Doheny Campus,Los Angeles,CA,90007,2,48132.0,48132.0,,,,,,,22167,25949,,,,,,,0.0,72379.0
San Diego State University-Imperial Valley Campus,Calexico,CA,92231,1,7060.0,18940.0,,,,,,,12847,15000,,,,,,,0.0,64909.0
San Joaquin General Hospital School of Radiation Technology,French Camp,CA,95231,1,1288.0,9072.0,,,,,,,7000,7500,,,,,,,0.0,43212.0
Jesuit School of Theology of Santa Clara University,Berkeley,CA,94709,2,,,,,,,,,16845,19162,,,,,,,0.0,109183.0
Thomas Aquinas College - New England,Northfield,MA,013601034,2,28700.0,28700.0,,,,,,,18000,18000,,,,,,,0.0,55619.0
Victor Valley Community College - Aviation Technology,Victorville,CA,923947929,1,1425.0,10125.0,,,,,,,7500,PS,,,,,,,0.0,36119.0
Wright Institute (The) -,Berkeley,CA,947102254,2,,,,,,,,,PS,PS,,,,,,,0.0,
Colorado Technical University-Denver South,Aurora,CO,80014,3,12744.0,12744.0,,,,,,,12166,29832,,,,,,,0.0,37180.0
Denver Seminary - Washington DC,Landover,MD,207852414,2,,,,,,,,,PS,PS,,,,,,,0.0,
Otero College - La Junta High School,La Junta,CO,810503346,1,4418.0,7048.0,,,,,,,6000,10250,,,,,,,0.0,39018.0
Goodwin University - Bridgeport Campus,Bridgeport,CT,066045771,2,,,,,,,,,14221,33500,,,,,,,0.0,43596.0
Porter and Chester Institute of Enfield,Enfield,CT,060821400,3,18160.0,18160.0,,,,,,,9500,12000,,,,,,,0.0,41588.0
Porter and Chester Institute of Waterbury,Waterbury,CT,06705,3,15856.0,15856.0,,,,,,,9500,12000,,,,,,,0.0,41588.0
Porter and Chester Institute of Worcester,Worcester,MA,01606,3,15856.0,15856.0,,,,,,,9500,12000,,,,,,,0.0,41588.0
Porter and Chester Institute - New London,New London,CT,063205548,3,15856.0,15856.0,,,,,,,9500,12000,,,,,,,0.0,41588.0
Porter and Chester Institute - Brockton,Brockton,MA,023014928,3,15856.0,15856.0,,,,,,,9500,12000,,,,,,,0.0,41588.0
Porter and Chester Institute - Chicopee,Chicopee,MA,010221153,3,15856.0,15856.0,,,,,,,9500,12000,,,,,,,0.0,41588.0
Porter and Chester Institute - New London 2,New London,CT,063202628,3,15856.0,15856.0,,,,,,,9500,12000,,,,,,,0.0,41588.0
Delaware Technical Community College-Owens,Georgetown,DE,19947,1,4965.0,11828.0,,,,,,,5500,10500,,,,,,,0.0,41448.0
Delaware Technical Community College-Stanton/Wilmington,Wilmington,DE,19801,1,4965.0,11828.0,,,,,,,5500,10500,,,,,,,0.0,41448.0
Barry University Law School,Orlando,FL,328073673,2,,,,,,,,,15750,26997,,,,,,,0.0,55966.0
Keiser University-Melbourne,Melbourne,FL,32901,2,24136.0,24136.0,,,,,,,13000,26125,,,,,,,0.0,39696.0
Keiser University-Tallahassee,Tallahassee,FL,32309,2,24136.0,24136.0,,,,,,,13000,26125,,,,,,,0.0,39696.0
Keiser University-Daytona,Daytona Beach,FL,32114,2,24136.0,24136.0,,,,,,,13000,26125,,,,,,,0.0,39696.0
Keiser University-Lakeland,Lakeland,FL,33805,2,24136.0,24136.0,,,,,,,13000,26125,,,,,,,0.0,39696.0
Keiser University- Miami,Miami,FL,33172,2,24136.0,24136.0,,,,,,,13000,26125,,,,,,,0.0,39696.0
Keiser University-Orlando,Orlando,FL,32807,2,24136.0,24136.0,,,,,,,13000,26125,,,,,,,0.0,39696.0
Keiser University-Sarasota,Sarasota,FL,34240,2,24136.0,24136.0,,,,,,,13000,26125,,,,,,,0.0,39696.0
Keiser University-Jacksonville,Jacksonville,FL,32216,2,24136.0,24136.0,,,,,,,13000,26125,,,,,,,0.0,39696.0
Keiser University-Tampa,Tampa,FL,33634,2,24136.0,24136.0,,,,,,,13000,26125,,,,,,,0.0,39696.0
Keiser University-Pembroke Pines,Pembroke Pines,FL,33027,2,24136.0,24136.0,,,,,,,13000,26125,,,,,,,0.0,39696.0
Keiser University-Port St Lucie,Port St Lucie,FL,34987,2,24136.0,24136.0,,,,,,,13000,26125,,,,,,,0.0,39696.0
Keiser University-West Palm Beach,West Palm Beach,FL,33411,2,24136.0,24136.0,,,,,,,13000,26125,,,,,,,0.0,39696.0
Keiser University-Ft Myers,Ft Myers,FL,339050000,2,24136.0,24136.0,,,,,,,13000,26125,,,,,,,0.0,39696.0
Keiser University -  Clearwater,Clearwater,FL,337640000,2,24136.0,24136.0,,,,,,,13000,26125,,,,,,,0.0,39696.0
Keiser University - New Port Richey,New Port Richey,FL,346520000,2,24136.0,24136.0,,,,,,,13000,26125,,,,,,,0.0,39696.0
Keiser University - Residential (Flagship),West Palm Beach,FL,334090000,2,37376.0,37376.0,,,,,,,13000,26125,,,,,,,0.0,39696.0
Maynard A. Traviss Technical College - Central Florida Aerospace Academy,Lakeland,FL,338111249,1,,,,,,5117.0,,,PS,PS,,,,,,,,39813.0
Miami Lakes Educational Center and Technical College -,Miami Lakes,FL,330146720,1,,,,,,7376.0,,,PS,PS,,,,,,,,37543.0
Rasmussen University-Central Pasco,Odessa,FL,33556,3,15117.0,15117.0,,,,,,,13000,20899,,,,,,,0.0,39080.0
Rasmussen University-Fort Myers,Fort Myers,FL,339057805,3,15117.0,15117.0,,,,,,,13000,20899,,,,,,,0.0,39080.0
Rasmussen University-Tampa/Brandon,Brandon,FL,33511,3,15117.0,15117.0,,,,,,,13000,20899,,,,,,,0.0,39080.0
Rasmussen University-North Orlando,Altamonte Springs,FL,327143339,3,15117.0,15117.0,,,,,,,13000,20899,,,,,,,0.0,39080.0
East Georgia State College - Statesboro,Statesboro,GA,30460,1,4114.0,10466.0,,,,,,,6374,11750,,,,,,,0.0,37174.0
East Georgia State College - Augusta,Augusta,GA,309124562,1,3810.0,10162.0,,,,,,,6374,11750,,,,,,,0.0,37174.0
Moody Theological Seminary and Graduate School--Michigan,Plymouth,MI,481704308,2,,,,,,,,,12000,18149,,,,,,,0.0,45399.0
Moody Bible Institute - Spokane,Spokane,WA,992121451,2,14400.0,14400.0,,,,,,,12000,18149,,,,,,,0.0,45399.0
Triton College - Intl Union of Operating Engr Local 399 Trning Fac.,Chicago,IL,606161823,1,2000.0,2000.0,,,,,,,5500,9413,,,,,,,0.0,41728.0
PJ's College of Cosmetology- Brownsburg,Brownsburg,IN,461121462,3,,,,,,18616.0,,,7389,8289,,,,,,,0.0,22402.0
PJ's College of Cosmetology- Jeffersonville,Jeffersonville,IN,471306290,3,,,,,,18616.0,,,7389,8289,,,,,,,0.0,22402.0
Ivy Tech Community College-South Bend/Elkhart,South Bend,IN,466013415,1,4912.0,9465.0,,,,,,,5835,10727,,,,,,,0.0,37186.0
Ivy Tech Community College-Columbus,Columbus,IN,472031868,1,4912.0,9465.0,,,,,,,5835,10727,,,,,,,0.0,37186.0
Ivy Tech Community College-Muncie,Muncie,IN,473029448,1,4912.0,9465.0,,,,,,,5835,10727,,,,,,,0.0,37186.0
Ivy Tech Community College-Kokomo,Kokomo,IN,469011373,1,4912.0,9465.0,,,,,,,5835,10727,,,,,,,0.0,37186.0
Ivy Tech Community College-Lafayette,Lafayette,IN,479051373,1,4912.0,9465.0,,,,,,,5835,10727,,,,,,,0.0,37186.0
Ivy Tech Community College-Fort Wayne,Fort Wayne,IN,468051489,1,4912.0,9465.0,,,,,,,5835,10727,,,,,,,0.0,37186.0
Ivy Tech Community College-Sellersburg,Sellersburg,IN,471721897,1,4912.0,9465.0,,,,,,,5835,10727,,,,,,,0.0,37186.0
Ivy Tech Community College-Evansville,Evansville,IN,477103398,1,4912.0,9465.0,,,,,,,5835,10727,,,,,,,0.0,37186.0
Ivy Tech Community College-Terre Haute,Terre Haute,IN,478024898,1,4912.0,9465.0,,,,,,,5835,10727,,,,,,,0.0,37186.0
Ivy Tech Community College-Richmond,Richmond,IN,473741298,1,4912.0,9465.0,,,,,,,5835,10727,,,,,,,0.0,37186.0
Ivy Tech Community College-Lake County,East Chicago,IN,46312,1,4912.0,9465.0,,,,,,,5835,10727,,,,,,,0.0,37186.0
Ivy Tech Community College-Madison,Madison,IN,472501881,1,4912.0,9465.0,,,,,,,5835,10727,,,,,,,0.0,37186.0
Ivy Tech Community College-Bloomington,Bloomington,IN,474049272,1,4912.0,9465.0,,,,,,,5835,10727,,,,,,,0.0,37186.0
Ivy Tech Community College-Indianapolis,Indianapolis,IN,462089272,1,4912.0,9465.0,,,,,,,5835,10727,,,,,,,0.0,37186.0
Ivy Tech Community College-Marion,Marion,IN,469530000,1,4912.0,9465.0,,,,,,,5835,10727,,,,,,,0.0,37186.0
Ivy Tech Community College-Valparaiso,Valparaiso,IN,463832520,1,4912.0,9465.0,,,,,,,5835,10727,,,,,,,0.0,37186.0
Ivy Tech Community College-Lawrenceburg,Lawrenceburg,IN,470251836,1,4912.0,9465.0,,,,,,,5835,10727,,,,,,,0.0,37186.0
Ivy Tech Community College-Hamilton County,Noblesville,IN,460600000,1,4912.0,9465.0,,,,,,,5835,10727,,,,,,,0.0,37186.0
Ivy Tech Community College-Anderson,Anderson,IN,460133413,1,4912.0,9465.0,,,,,,,5835,10727,,,,,,,0.0,37186.0
University of Notre Dame -,Chicago,IL,606042535,2,,,,,,,,,19000,19000,,,,,,,0.0,99980.0
Graceland University - Independence,Independence,MO,640503434,2,14400.0,14400.0,,,,,,,14209,21212,,,,,,,0.0,47361.0
Graceland University - Trenton,Trenton,MO,646831824,2,17175.0,17175.0,,,,,,,14209,21212,,,,,,,0.0,47361.0
Baker University School of Nursing,Topeka,KS,666041353,2,,,,,,,,,18530,25000,,,,,,,0.0,63855.0
Coffeyville Technical Campus,Coffeyville,KS,673377501,1,3040.0,4608.0,,,,,,,5500,8103,,,,,,,0.0,35246.0
Columbus Technical Campus,Columbus,KS,667255064,1,3040.0,4608.0,,,,,,,5500,8103,,,,,,,0.0,35246.0
Old Town Barber College - KC,Kansas City,MO,641361187,3,,,,,,15850.0,,,9667,13000,,,,,,,0.0,21295.0
PJ's College of Cosmetology- Greenfield,Greenfield,IN,461403120,3,,,,,,18616.0,,,7283,7917,,,,,,,0.0,20392.0
PJ's College of Cosmetology- Muncie,Muncie,IN,473043120,3,,,,,,18616.0,,,7283,7917,,,,,,,0.0,20392.0
PJ's College of Cosmetology- Indianapolis,Indianapolis,IN,462033120,3,,,,,,18616.0,,,7283,7917,,,,,,,0.0,20392.0
PJ's College of Cosmetology- Plainfield,Plainfield,IN,461683120,3,,,,,,18616.0,,,7283,7917,,,,,,,0.0,20392.0
PJ's College of Cosmetology- Louisville,Louisville,KY,402333120,3,,,,,,18616.0,,,7283,7917,,,,,,,0.0,20392.0
Southeastern Louisiana University - EBR Parish School System Prof Dev,Baton Rouge,LA,708145322,1,,,,,,,,,11077,22113,,,,,,,0.0,46482.0
Southeastern Louisiana University - St Amant High School,St Amant,LA,707743413,1,,,,,,,,,11077,22113,,,,,,,0.0,46482.0
Southeastern Louisiana University - Destrahan High School,Destrehan,LA,700474002,1,,,,,,,,,11077,22113,,,,,,,0.0,46482.0
Southeastern Louisiana University - Albert Cammon Middle School,St. Rose,LA,700873616,1,,,,,,,,,11077,22113,,,,,,,0.0,46482.0
Beal University,Wilton,ME,042946831,3,,,,,,42305.0,,,11261,19500,,,,,,,0.0,35639.0
University of Maine - Machias,Machias,ME,046541397,1,9420.0,17670.0,,,,,,,16750,25000,,,,,,,0.0,48653.0
Empire Beauty School-Bangor,Bangor,ME,04401,3,,,,,,17625.0,,,7667,13000,,,,,,,0.0,23925.0
Unity Environmental University,New Gloucester,ME,042600000,2,11280.0,11280.0,,,,,,,4752,25000,,,,,,,0.0,37852.0
Unity Environmental University - Unity,Unity,ME,049885101,2,17876.0,17876.0,,,,,,,4752,25000,,,,,,,0.0,37852.0
Baker College of Cadillac,Cadillac,MI,496019600,2,12810.0,12810.0,,,,,,,16753,25000,,,,,,,0.005,35833.0
Baker College of Jackson,Jackson,MI,492021290,2,12810.0,12810.0,,,,,,,16753,25000,,,,,,,0.005,35833.0
Baker College of Muskegon,Muskegon,MI,494421290,2,12810.0,12810.0,,,,,,,16753,25000,,,,,,,0.005,35833.0
Baker College - Royal Oak Campus,Royal Oak,MI,480672503,2,12810.0,12810.0,,,,,,,16753,25000,,,,,,,0.005,35833.0
Calvin University - Handlon Campus,Ionia,MI,488469571,2,,,,,,,,,19500,23250,,,,,,,0.0,58375.0
Davenport University-Warren Location,Warren,MI,480925209,2,23324.0,23324.0,,,,,,,17353,26000,,,,,,,0.003,45099.0
Davenport University-Kalamazoo Location,Kalamazoo,MI,490034070,2,,,,,,,,,17353,26000,,,,,,,0.003,45099.0
Davenport University-Lansing Location,Lansing,MI,489332197,2,23324.0,23324.0,,,,,,,17353,26000,,,,,,,0.003,45099.0
Davenport University-Midland Location,Midland,MI,486423799,2,22052.0,22052.0,,,,,,,17353,26000,,,,,,,0.003,45099.0
Davenport University-Traverse City Location,Traverse City,MI,496849121,2,,,,,,,,,17353,26000,,,,,,,0.003,45099.0
Davenport University - Wayne CCCD,Belleville,MI,481111404,2,,,,,,,,,17353,26000,,,,,,,0.003,45099.0
Davenport University - Detroit,Detroit,MI,482023046,2,23324.0,23324.0,,,,,,,17353,26000,,,,,,,0.003,45099.0
Anoka-Ramsey Community College-Cambridge Campus,Cambridge,MN,550085704,1,5682.0,5682.0,,,,,,,8750,13500,,,,,,,0.0,48342.0
Central Lakes College-Staples Campus,Staples,MN,564793252,1,6209.0,6209.0,,,,,,,8439,11000,,,,,,,0.0,42162.0
M State - Detroit Lakes Campus,Detroit Lakes,MN,565012698,1,5885.0,5885.0,,,,,,,9360,12000,,,,,,,0.0,45591.0
M State - Moorhead Campus,Moorhead,MN,565604899,1,6086.0,6086.0,,,,,,,9360,12000,,,,,,,0.0,45591.0
M State - Wadena Campus,Wadena,MN,564820566,1,5915.0,5915.0,,,,,,,9360,12000,,,,,,,0.0,45591.0
Minnesota North College - Itasca,Grand Rapids,MN,55744,1,6004.0,7302.0,,,,,,,8694,12000,,,,,,,0.0,45570.0
Minnesota North College - Mesabi Range Virginia,Virginia,MN,55792,1,6004.0,7302.0,,,,,,,8694,12000,,,,,,,0.0,45570.0
Minnesota North College - Mesabi Range Eveleth,Eveleth,MN,55734,1,6004.0,7302.0,,,,,,,8694,12000,,,,,,,0.0,45570.0
Minnesota North College - Rainy River,International Falls,MN,56649,1,6004.0,7302.0,,,,,,,8694,12000,,,,,,,0.0,45570.0
Minnesota North College - Vermilion,Ely,MN,557311900,1,6004.0,7302.0,,,,,,,8694,12000,,,,,,,0.0,45570.0
South Central College-Faribault,Faribault,MN,550215782,1,6146.0,6146.0,,,,,,,8250,12000,,,,,,,0.0,45068.0
Mayo Clinic College of Medicine and Science - Florida,Jacksonville,FL,32224,2,3257.0,3257.0,,,,,,,9066,10500,,,,,,,0.0,79652.0
Mayo Clinic College of Medicine and Science - Arizona,Scottsdale,AZ,85259,2,3257.0,3257.0,,,,,,,9066,10500,,,,,,,0.0,79652.0
Northland Community and Technical College - East Grand Forks,East Grand Forks,MN,56721,1,6262.0,6262.0,,,,,,,9500,12000,,,,,,,0.0,44425.0
Rasmussen University-Bloomington,Bloomington,MN,554355444,3,10899.0,10899.0,,,,,,,13000,20899,,,,,,,0.0,39080.0
Rasmussen University-Eagan,Eagan,MN,55121,3,10899.0,10899.0,,,,,,,13000,20899,,,,,,,0.0,39080.0
Rasmussen University-Mankato,Mankato,MN,560015476,3,10899.0,10899.0,,,,,,,13000,20899,,,,,,,0.0,39080.0
Rasmussen University-Lake Elmo/Woodbury,Lake Elmo,MN,550428624,3,10899.0,10899.0,,,,,,,13000,20899,,,,,,,0.0,39080.0
Rasmussen University-Hennepin/Anoka,Brooklyn Park,MN,55443,3,10899.0,10899.0,,,,,,,13000,20899,,,,,,,0.0,39080.0
Minnesota State CollegeSoutheast-Red Wing Campus,Red Wing,MN,55066,1,7820.0,7820.0,,,,,,,9500,12971,,,,,,,0.0,43613.0
Copiah-Lincoln Community College Simpson County Center,Mendenhall,MS,39114,1,4000.0,5000.0,,,,,,,5500,7435,,,,,,,0.0,31241.0
Copiah-Lincoln Community College-Natchez Campus,Natchez,MS,39120,1,4000.0,5000.0,,,,,,,5500,7435,,,,,,,0.0,31241.0
University of Mississippi Medical Center,Jackson,MS,392164505,1,,,,,,,,,15250,20000,,,,,,,0.0,50994.0
Pearl River Community College-Forrest County Campus,Hattiesburg,MS,39401,1,3560.0,5560.0,,,,,,,6250,9750,,,,,,,0.0,33019.0
Pearl River Community College - Hancock Workforce Academy Hangar,Kiln,MS,395560000,1,3560.0,5560.0,,,,,,,6250,9750,,,,,,,0.0,33019.0
Columbia College - Redstone Arsenal,Redstone Arsenal,AL,358985192,2,8304.0,8304.0,,,,,,,14750,23879,,,,,,,0.0,45378.0
Columbia College - NAS Jacksonville,Jacksonville,FL,322120137,2,8304.0,8304.0,,,,,,,14750,23879,,,,,,,0.0,45378.0
Columbia College - Orlando,Orlando,FL,328042606,2,8304.0,8304.0,,,,,,,14750,23879,,,,,,,0.0,45378.0
Columbia College - Crystal Lake Campus,Crystal Lake,IL,600123709,2,8304.0,8304.0,,,,,,,14750,23879,,,,,,,0.0,45378.0
Columbia College - Kansas City,Kansas City,MO,641331707,2,8304.0,8304.0,,,,,,,14750,23879,,,,,,,0.0,45378.0
Columbia College - Fort Leonard Wood,Fort Leonard Wood,MO,654731707,2,8304.0,8304.0,,,,,,,14750,23879,,,,,,,0.0,45378.0
Columbia College - Jefferson City,Jefferson City,MO,651096877,2,8304.0,8304.0,,,,,,,14750,23879,,,,,,,0.0,45378.0
Columbia College - Lake Ozark,Osage Beach,MO,650659677,2,8304.0,8304.0,,,,,,,14750,23879,,,,,,,0.0,45378.0
Columbia College - Saint Louis,Saint Louis,MO,631343701,2,8304.0,8304.0,,,,,,,14750,23879,,,,,,,0.0,45378.0
Columbia College - Fort Worth,Fort Worth,TX,761271188,2,8304.0,8304.0,,,,,,,14750,23879,,,,,,,0.0,45378.0
Columbia College - Salt Lake,Murray,UT,841075322,2,8304.0,8304.0,,,,,,,14750,23879,,,,,,,0.0,45378.0
Columbia College - Lake County,Gurnee,IL,600319184,2,8304.0,8304.0,,,,,,,14750,23879,,,,,,,0.0,45378.0
Columbia College - Naval Station Everett/Marysville,Marysville,WA,982717854,2,8304.0,8304.0,,,,,,,14750,23879,,,,,,,0.0,45378.0
Columbia College - Freeport,Freeport,IL,610329341,2,8304.0,8304.0,,,,,,,14750,23879,,,,,,,0.0,45378.0
Columbia College - Springfield,Springfield,MO,658044378,2,8304.0,8304.0,,,,,,,14750,23879,,,,,,,0.0,45378.0
Columbia College - Rolla,Rolla,MO,654011701,2,8304.0,8304.0,,,,,,,14750,23879,,,,,,,0.0,45378.0
Columbia College - Los Alamitos,Los Alamitos,CA,907205177,2,8304.0,8304.0,,,,,,,14750,23879,,,,,,,0.0,45378.0
Columbia College - Fort Stewart,Ft. Stewart,GA,313145056,2,8304.0,8304.0,,,,,,,14750,23879,,,,,,,0.0,45378.0
Columbia College - Hunter Army Airfield,Hunter Army Airfield,GA,314090029,2,8304.0,8304.0,,,,,,,14750,23879,,,,,,,0.0,45378.0
Columbia College - Elgin,Elgin,IL,601237193,2,8304.0,8304.0,,,,,,,14750,23879,,,,,,,0.0,45378.0
Columbia College - Whidbey Island,Oak Harbor,WA,982781000,2,8304.0,8304.0,,,,,,,14750,23879,,,,,,,0.0,45378.0
Columbia College - Fort Sill,Fort Sill,OK,735039009,2,8304.0,8304.0,,,,,,,14750,23879,,,,,,,0.0,45378.0
Columbia College - San Diego,San Diego,CA,921405290,2,8304.0,8304.0,,,,,,,14750,23879,,,,,,,0.0,45378.0
Columbia College - Mesquite,Mesquite,TX,75150,2,8304.0,8304.0,,,,,,,14750,23879,,,,,,,0.0,45378.0
Columbia College - Waynesville,Waynesville,MO,655833449,2,8304.0,8304.0,,,,,,,14750,23879,,,,,,,0.0,45378.0
Columbia College - Naval Base San Diego,San Diego,CA,921365588,2,8304.0,8304.0,,,,,,,14750,23879,,,,,,,0.0,45378.0
Columbia College - Imperial,Imperial,CA,922510158,2,8304.0,8304.0,,,,,,,14750,23879,,,,,,,0.0,45378.0
Columbia College - NSB Kings Bay,Kings Bay,GA,315472532,2,8304.0,8304.0,,,,,,,14750,23879,,,,,,,0.0,45378.0
Columbia College - Springfield TMobile,Springfield,MO,65803,2,8304.0,8304.0,,,,,,,14750,23879,,,,,,,0.0,45378.0
Columbia College - Eastfield Pleasant Grove,Dallas,TX,75217,2,8304.0,8304.0,,,,,,,14750,23879,,,,,,,0.0,45378.0
Columbia College - Fort Leonard Wood 58th Trans BN,Fort Leonard Wood,MO,65473,2,8304.0,8304.0,,,,,,,14750,23879,,,,,,,0.0,45378.0
Columbia College - USCG Base Honolulu,Honolulu,HI,968194398,2,8304.0,8304.0,,,,,,,14750,23879,,,,,,,0.0,45378.0
Columbia College - Tavares PD,Tavares,FL,327786100,2,8304.0,8304.0,,,,,,,14750,23879,,,,,,,0.0,45378.0
Columbia College - Denver,Aurora,CO,800119032,2,8304.0,8304.0,,,,,,,14750,23879,,,,,,,0.0,45378.0
Columbia College - Whiteman AFB,Whiteman AFB,MO,653055411,2,8304.0,8304.0,,,,,,,14750,23879,,,,,,,0.0,45378.0
Kansas City University-Joplin,Joplin,MO,648041598,2,,,,,,,,,PS,PS,,,,,,,0.0,
City College Montana State University Billings,Billings,MT,591029856,1,4547.0,9950.0,,,,,,,10086,18209,,,,,,,0.0,44296.0
New Hampshire Institute for Therapeutic Arts,Harrison,ME,04040,3,,,,,,12950.0,,,PS,PS,,,,,,,0.0,
American Institute,Clifton,NJ,070112379,3,,,,,,14020.0,,,9304,11979,,,,,,,0.0,28710.0
Monmouth University -  Monmouth Park Corporate Center,West Long Branch,NJ,077641898,2,,,,,,,,,23250,27000,,,,,,,0.0,67991.0
Bard College - Holyoke Microcollege,Holyoke,MA,010403927,2,,,,,,,,,19000,24254,,,,,,,0.0,46543.0
Bard College - Coxsackie Correctional Facility,Coxsackie,NY,120510200,2,,,,,,,,,19000,24254,,,,,,,0.0,46543.0
Bard College - Eastern NY Correctional Facility,Napanoch,NY,124580338,2,,,,,,,,,19000,24254,,,,,,,0.0,46543.0
Bard College - Fishkill Correctional Facility,Beacon,NY,125080307,2,,,,,,,,,19000,24254,,,,,,,0.0,46543.0
Bard College - Green Haven Correctional Facility,Stormville,NY,125820010,2,,,,,,,,,19000,24254,,,,,,,0.0,46543.0
Bard College - Taconic Correctional Facility,Bedford Hill,NY,105072497,2,,,,,,,,,19000,24254,,,,,,,0.0,46543.0
Bard College - Woodbourne Correctional Facility,Woodbourne,NY,127881000,2,,,,,,,,,19000,24254,,,,,,,0.0,46543.0
Bard College - BHSEC Newark,Newark,NJ,071032639,2,,,,,,,,,19000,24254,,,,,,,0.0,46543.0
Bard College - Brooklyn Public Library,Brooklyn,NY,112385619,2,,,,,,,,,19000,24254,,,,,,,0.0,46543.0
Bard College - New York Public Library Countee Cullen Branch,New York,NY,100302601,2,,,,,,,,,19000,24254,,,,,,,0.0,46543.0
Bard College - Bard Globalization and International Affairs Program,New York,NY,100183614,2,,,,,,,,,19000,24254,,,,,,,0.0,46543.0
Bard College - Albion Correctional Facility,Albion,NY,144119399,2,,,,,,,,,19000,24254,,,,,,,0.0,46543.0
Bryant & Stratton College-Syracuse,Syracuse,NY,132032502,2,19323.0,19323.0,,,,,,,9500,21549,,,,,,,0.0,32568.0
Bryant & Stratton College-Amherst,Getzville,NY,14068,2,18178.0,18178.0,,,,,,,9500,21549,,,,,,,0.0,32568.0
Bryant & Stratton College-Southtowns,Orchard Park,NY,14127,2,18195.0,18195.0,,,,,,,9500,21549,,,,,,,0.0,32568.0
Bryant & Stratton College-Henrietta,Rochester,NY,14623,2,18692.0,18692.0,,,,,,,9500,21549,,,,,,,0.0,32568.0
Clarkson University Capital Region Campus,Schenectady,NY,12308,2,,,,,,,,,21714,26000,,,,,,,0.0,89696.0
Culinary Institute of America at Greystone,St. Helena,CA,94574,2,38410.0,38410.0,,,,,,,12000,15750,,,,,,,0.0,47475.0
Culinary Institute of America San Antonio,San Antonio,TX,78215,2,37630.0,37630.0,,,,,,,12000,15750,,,,,,,0.0,47475.0
CUNY Brooklyn College - Feirstein Graduate School of Cinema,Brooklyn,NY,112051202,1,,,,,,,,,9218,11000,,,,,,,0.0,60752.0
Jamestown Business College -,Salamanca,NY,147799740,3,12945.0,12945.0,,,,,,,10873,14800,,,,,,,0.037,34976.0
NYSMedical&Dental Assistants - American Institute of Clinical Massage,Post Falls,ID,838548881,3,,,,,,12332.0,,,6887,8309,,,,,,,0.0,38899.0
Pratt Manhattan-A Division of Pratt Institute,New York,NY,10011,2,59683.0,59683.0,,,,,,,20500,26000,,,,,,,0.0,54295.0
Rabbinical Seminary of America-Ma'yan HaTorah,Richmond Hill,NY,11418,2,10000.0,10000.0,,,,,,,PS,PS,,,,,,,,
Saint John's University - Staten Island Campus,Staten Island,NY,103014496,2,,,,,,,,,19500,25000,,,,,,,0.0,69571.0
Gaston College,Dallas,NC,280341499,1,3186.0,9330.0,,,,,,,PS,PS,,,,,,,,35386.0
Southeastern Baptist Theological Seminary-Nash County Extension Center,Nashville,NC,278560000,2,,,,,,,,,PS,PS,,,,,,,,
Southeastern Baptist Theological Seminary-Wake County Extension Center,Raleigh,NC,276103846,2,,,,,,,,,PS,PS,,,,,,,,
Winston - Salem Barber School - Satellite,Greensboro,NC,274072754,3,,,,,,14895.0,,,PS,PS,,,,,,,,16389.0
Bryant & Stratton College-Akron,Copley,OH,443212798,2,20582.0,20582.0,,,,,,,9500,21549,,,,,,,0.0,32568.0
Bryant & Stratton College-Solon,Solon,OH,441392798,2,19854.0,19854.0,,,,,,,9500,21549,,,,,,,0.0,32568.0
Adult & Community Education Columbus City Schools - Fort Hayes Career,Columbus,OH,432159998,1,,,,,,7200.0,,,14250,14750,,,,,,,0.0,51551.0
Hebrew Union College-Jewish Institute of Religion-Cincinnati,Cincinnati,OH,452203796,2,,,,,,,,,PS,PS,,,,,,,0.0,
Hebrew Union College-Jewish Institute of Religion-Los Angeles,Los Angeles,CA,900073796,2,,,,,,,,,PS,PS,,,,,,,0.0,
Kettering College - Ollie Davis Medical Arts and Education Center,Beavercreek,OH,454403442,2,,,,,,,,,19456,23500,,,,,,,0.0,67492.0
Mount Carmel College of Nursing - Fairfield,Lancaster,OH,431303372,2,13890.0,13890.0,,,,,,,21000,22082,,,,,,,0.0,75103.0
Bushnell University - Roseburg Campus,Roseburg,OR,974709490,2,,,,,,,,,15633,23500,,,,,,,0.0,53623.0
Western Seminary-San Jose,San Jose,CA,95120,2,,,,,,,,,PS,PS,,,,,,,0.0,
Western Seminary-Sacramento,Roseville,CA,95678,2,,,,,,,,,PS,PS,,,,,,,0.0,
The Beauty Institute,Philadelphia,PA,19115,3,,,,,,18050.0,,,8028,9583,,,,,,,0.0,24785.0
Bucks County Community College-Upper Bucks Campus,Perkasie,PA,189440277,1,5021.0,13421.0,,,,,,,8250,12000,,,,,,,0.0,47324.0
Bucks County Community College-Gene and Marlene Epstein Campus at Lower Bucks,Bristol,PA,190070277,1,5021.0,13421.0,,,,,,,8250,12000,,,,,,,0.0,47324.0
Harrisburg Area Community College-Lancaster,Lancaster,PA,176023403,1,7373.0,11400.0,,,,,,,9500,17500,,,,,,,0.0,42007.0
Harrisburg Area Community College-Gettysburg,Gettysburg,PA,173253403,1,7373.0,11400.0,,,,,,,9500,17500,,,,,,,0.0,42007.0
Harrisburg Area Community College-Lebanon,Lebanon,PA,170425235,1,7373.0,11400.0,,,,,,,9500,17500,,,,,,,0.0,42007.0
Harrisburg Area Community College-York,York,PA,174045235,1,7373.0,11400.0,,,,,,,9500,17500,,,,,,,0.0,42007.0
UPMC Jameson School of Nursing - UPMC Hamot,Erie,PA,165031524,2,20645.0,20645.0,,,,,,,9500,12000,,,,,,,0.0,70472.0
New Castle School of Trades,Pulaski,PA,161432522,3,,,,,,18623.0,,,8315,9567,,,,,,,0.0,44814.0
New Castle School of Trades - East Liverpool Campus,East Liverpool,OH,439203025,3,,,,,,20442.0,,,8315,9567,,,,,,,0.0,44814.0
Northampton County Area Community College-Monroe,Tannersville,PA,18372,1,5310.0,14730.0,,,,,,,9500,15495,,,,,,,0.0,41566.0
UPMC Shadyside - at UPMC Harrisburg,Harrisburg,PA,171012225,2,20645.0,20645.0,,,,,,,12000,19666,,,,,,,0.0,68801.0
South Hills School of Business and Technology-Altoona,Altoona,PA,16602,3,18855.0,18855.0,,,,,,,12000,16000,,,,,,,0.0,35539.0
Tennessee College of Applied Technology-Jacksboro,LaFollette,TN,377663006,1,,,,,,2746.0,,,PS,PS,,,,,,,,36449.0
South College-Asheville,Asheville,NC,288030000,3,17935.0,17935.0,,,,,,,9500,18668,,,,,,,0.0,36642.0
South College-Nashville,Nashville,TN,37214,3,17935.0,17935.0,,,,,,,9500,18668,,,,,,,0.0,36642.0
South College-Atlanta,Atlanta,GA,303450000,3,17935.0,17935.0,,,,,,,9500,18668,,,,,,,0.0,36642.0
South College - Indianapolis,Inidianapolis,IN,462801397,3,17935.0,17935.0,,,,,,,9500,18668,,,,,,,0.0,36642.0
South College - Orlando,Orlando,FL,32821,3,17935.0,17935.0,,,,,,,9500,18668,,,,,,,0.0,36642.0
Austin Presbyterian Theological Seminary- YMCA Outdoor Center,Antioch,TN,370132791,2,,,,,,,,,PS,PS,,,,,,,0.0,
San Jacinto College-North Campus,Houston,TX,770494599,1,1992.0,5352.0,,,,,,,5750,9500,,,,,,,0.0,43062.0
San Jacinto College-South Campus,Houston,TX,770896099,1,1992.0,5352.0,,,,,,,5750,9500,,,,,,,0.0,43062.0
San Jacinto Community College District - Generation Park Campus,Houston,TX,770440000,1,1992.0,5352.0,,,,,,,5750,9500,,,,,,,0.0,43062.0
Texas A & M University Health Science Center,Bryan,TX,77807,1,11597.0,34005.0,,,,,,,15000,17804,,,,,,,0.0,72097.0
Snow College-Richfield Campus,Richfield,UT,84701,1,4564.0,14130.0,,,,,,,4500,7000,,,,,,,0.0,41022.0
Bluefield College - Edward Via College of Osteopathic Medicine,Blacksburg,VA,240606832,2,,,,,,,,,13000,21855,,,,,,,0.0,48896.0
Bryant & Stratton College-Richmond,North Chesterfield,VA,23235,2,18607.0,18607.0,,,,,,,9500,21549,,,,,,,0.0,32568.0
Bryant & Stratton College-Hampton,Hampton,VA,236662198,2,18827.0,18827.0,,,,,,,9500,21549,,,,,,,0.0,32568.0
Tidewater Tech - Priority Automotive Tidewater Tech Learning Center,Chesapeake,VA,233202606,3,16337.0,16337.0,,,,,,,9500,9500,,,,,,,0.0,31657.0
Strayer University-Alexandria Campus,Alexandria,VA,22314,3,13920.0,13920.0,,,,,,,14000,40621,,,,,,,0.0,40092.0
Strayer University-Woodbridge Campus,Woodbridge,VA,22192,3,13920.0,13920.0,,,,,,,14000,40621,,,,,,,0.0,40092.0
Strayer University-Loudoun Campus,Ashburn,VA,20147,3,13920.0,13920.0,,,,,,,14000,40621,,,,,,,0.0,40092.0
Strayer University-Fredericksburg Campus,Fredericksburg,VA,22406,3,13920.0,13920.0,,,,,,,14000,40621,,,,,,,0.0,40092.0
Strayer University-Chesterfield Campus,Midlothian,VA,23113,3,13920.0,13920.0,,,,,,,14000,40621,,,,,,,0.0,40092.0
Strayer University-Newport News Campus,Newport News,VA,23606,3,13920.0,13920.0,,,,,,,14000,40621,,,,,,,0.0,40092.0
Strayer University-Virginia Beach Campus,Virginia Beach,VA,23462,3,13920.0,13920.0,,,,,,,14000,40621,,,,,,,0.0,40092.0
Union Presbyterian Seminary-Charlotte,Charlotte,NC,28210,2,,,,,,,,,PS,PS,,,,,,,0.0,
Shoreline Community College - CNC Machinists Program  Georgetown SSC,Seattle,WA,981083450,1,5317.0,8359.0,,,,,,,7123,12021,,,,,,,0.0,52009.0
Shoreline Community College - Dental Hygiene,Seattle,WA,981956365,1,10173.0,13215.0,,,,,,,7123,12021,,,,,,,0.0,52009.0
Washington State University-Vancouver,Vancouver,WA,986869600,1,11597.0,27673.0,,,,,,,14853,19500,,,,,,,0.0,68905.0
Washington State University-Spokane,Spokane,WA,992029600,1,,,,,,,,,14853,19500,,,,,,,0.0,68905.0
Washington State University-Tri Cities,Richland,WA,993541671,1,11932.0,28008.0,,,,,,,14853,19500,,,,,,,0.0,68905.0
Washington State University - Everett Campus,Everett,WA,98201,1,,,,,,,,,14853,19500,,,,,,,0.0,68905.0
NUC University - Arecibo,Arecibo,PR,00614,3,8054.0,8054.0,,,,,,,9500,9500,,,,,,,0.0,24785.0
NUC University - Rio Grande,Rio Grande,PR,00745,3,8054.0,8054.0,,,,,,,9500,9500,,,,,,,0.0,24785.0
NUC University - Ponce,Ponce,PR,00780,3,8054.0,8054.0,,,,,,,9500,9500,,,,,,,0.0,24785.0
NUC University - Caguas,Caguas,PR,007260000,3,8054.0,8054.0,,,,,,,9500,9500,,,,,,,0.0,24785.0
NUC University - Mayaguez,Mayaguez,PR,006800000,3,8054.0,8054.0,,,,,,,9500,9500,,,,,,,0.0,24785.0
NUC University - South Florida,Pembroke Pines,FL,330271767,3,9884.0,9884.0,,,,,,,9500,9500,,,,,,,0.0,24785.0
NUC University - Florida Technical College - Lakeland,Lakeland,FL,338132101,3,15923.0,15923.0,,,,,,,9500,9500,,,,,,,0.0,24785.0
NUC University - Florida Technical College - Deland,Deland,FL,327207415,3,15923.0,15923.0,,,,,,,9500,9500,,,,,,,0.0,24785.0
NUC University - Florida Technical College - Kissimmee,Kissimmee,FL,347410000,3,15923.0,15923.0,,,,,,,9500,9500,,,,,,,0.0,24785.0
NUC University - Florida Technical College - Pembroke Pines,Pembroke Pines,FL,330270000,3,15923.0,15923.0,,,,,,,9500,9500,,,,,,,0.0,24785.0
NUC University - Florida Technical College - Cutler Bay,Cutler Bay,FL,331891208,3,15923.0,15923.0,,,,,,,9500,9500,,,,,,,0.0,24785.0
NUC University - IBC Technical Division - Ponce,Ponce,PR,007175033,3,11137.0,11137.0,,,,,,,9500,9500,,,,,,,0.0,24785.0
NUC University - IBC Technical Division - Mayaguez,Mayaguez,PR,006801429,3,11137.0,11137.0,,,,,,,9500,9500,,,,,,,0.0,24785.0
NUC University - IBC Technical Division - Guayama,Guayama,PR,007849604,3,11137.0,11137.0,,,,,,,9500,9500,,,,,,,0.0,24785.0
NUC University - IBC Technical Division - Fajardo,Fajardo,PR,007380000,3,11137.0,11137.0,,,,,,,9500,9500,,,,,,,0.0,24785.0
NUC University - IBC Technical Division - Manati,Manati,PR,006740000,3,11137.0,11137.0,,,,,,,9500,9500,,,,,,,0.0,24785.0
NUC University - IBC Technical Division - Los Colobos,Carolina,PR,009830001,3,11137.0,11137.0,,,,,,,9500,9500,,,,,,,0.0,24785.0
NUC University - IBC Technical Division - Moca,Moca,PR,006760000,3,11137.0,11137.0,,,,,,,9500,9500,,,,,,,0.0,24785.0
NUC University - IBC Technical Division - Aguadilla,Aguadilla,PR,006030000,3,11137.0,11137.0,,,,,,,9500,9500,,,,,,,0.0,24785.0
NUC University - IBC Technical Division - Caguas,Caguas,PR,007260000,3,11137.0,11137.0,,,,,,,9500,9500,,,,,,,0.0,24785.0
NUC University - IBC Technical Division - Arecibo,Arecibo,PR,006120000,3,11137.0,11137.0,,,,,,,9500,9500,,,,,,,0.0,24785.0
NUC University - IBC Technical Division - Escorial,San Juan,PR,009280000,3,11137.0,11137.0,,,,,,,9500,9500,,,,,,,0.0,24785.0
NUC University - IBC Technical Division - Bayamon,Bayamon,PR,009610000,3,11137.0,11137.0,,,,,,,9500,9500,,,,,,,0.0,24785.0
NUC University - IBC Technical Division - Yauco,Yauco,PR,006980000,3,11137.0,11137.0,,,,,,,9500,9500,,,,,,,0.0,24785.0
NUC University - Florida Technical College - Orlando,Orlando,FL,328262707,3,15923.0,15923.0,,,,,,,9500,9500,,,,,,,0.0,24785.0
NUC University - Florida Technical College - Tampa,Tampa,FL,336074703,3,15923.0,15923.0,,,,,,,9500,9500,,,,,,,0.0,24785.0
University of the Virgin Islands-Albert A. Sheen,St. Croix,VI,00850,1,5622.0,15521.0,,,,,,,9500,16800,,,,,,,0.0,38681.0
Purdue University - Purdue Polytechnic Anderson,Anderson,IN,46016,1,6518.0,15579.0,,,,,,,15000,19500,,,,,,,0.0,72424.0
Purdue University - Purdue Polytechnic Indianapolis,Indianapolis,IN,46241,1,7400.0,7400.0,,,,,,,15000,19500,,,,,,,0.0,72424.0
Purdue University - Purdue Polytechnic South Bend,South Bend,IN,46601,1,6518.0,15579.0,,,,,,,15000,19500,,,,,,,0.0,72424.0
Purdue University - Purdue Polytechnic New Albany,New Albany,IN,47150,1,6518.0,15579.0,,,,,,,15000,19500,,,,,,,0.0,72424.0
Purdue University - Purdue Polytechnic Columbus,Columbus,IN,47203,1,6518.0,15579.0,,,,,,,15000,19500,,,,,,,0.0,72424.0
Purdue University - Purdue Polytechnic Kokomo,Kokomo,IN,46902,1,6518.0,15579.0,,,,,,,15000,19500,,,,,,,0.0,72424.0
Purdue University - Purdue Polytechnic Richmond,Richmond,IN,473744316,1,6518.0,15579.0,,,,,,,15000,19500,,,,,,,0.0,72424.0
Purdue University - Purdue Polytechnic Lafayette,Lafayette,IN,47903,1,6518.0,15579.0,,,,,,,15000,19500,,,,,,,0.0,72424.0
Purdue University - Purdue Polytechnic Vincennes,Vincennes,IN,47591,1,7400.0,7400.0,,,,,,,15000,19500,,,,,,,0.0,72424.0
Purdue University - Westgate Academy,Odon,IN,475625651,1,11000.0,11000.0,,,,,,,15000,19500,,,,,,,0.0,72424.0
Fayette County Career & Technical Institute -,Cheswick,PA,150240210,1,,,,,,13884.0,,,12440,PS,,,,,,,0.0,49229.0
ECPI University-Newport News,Newport News,VA,23606,3,18484.0,18484.0,,,,,,,13915,20000,,,,,,,0.0,42837.0
ECPI University-Greensboro,Greensboro,NC,274093642,3,18484.0,18484.0,,,,,,,13915,20000,,,,,,,0.0,42837.0
ECPI University-Charlotte,Charlotte,NC,28208,3,18484.0,18484.0,,,,,,,13915,20000,,,,,,,0.0,42837.0
ECPI University-Greenville,Greenville,SC,296151603,3,18484.0,18484.0,,,,,,,13915,20000,,,,,,,0.0,42837.0
ECPI University-Manassas,Manassas,VA,201091603,3,18964.0,18964.0,,,,,,,13915,20000,,,,,,,0.0,42837.0
ECPI University-Charleston,North Charleston,SC,29420,3,18484.0,18484.0,,,,,,,13915,20000,,,,,,,0.0,42837.0
ECPI University-Raleigh,Raleigh,NC,276131603,3,18484.0,18484.0,,,,,,,13915,20000,,,,,,,0.0,42837.0
ECPI University-Columbia,Columbia,SC,292101603,3,18484.0,18484.0,,,,,,,13915,20000,,,,,,,0.0,42837.0
ECPI University-Culinary Institute of Virginia,Norfolk,VA,235131603,3,18484.0,18484.0,,,,,,,13915,20000,,,,,,,0.0,42837.0
ECPI University-Virginia Beach Health Sciences,Virginia Beach,VA,234621603,3,18484.0,18484.0,,,,,,,13915,20000,,,,,,,0.0,42837.0
ECPI University-Richmond South,Richmond,VA,232361603,3,18484.0,18484.0,,,,,,,13915,20000,,,,,,,0.0,42837.0
ECPI University-Innsbrook,Glen Allen,VA,23060,3,18484.0,18484.0,,,,,,,13915,20000,,,,,,,0.0,42837.0
ECPI University-Richmond West,Richmond,VA,232941603,3,18484.0,18484.0,,,,,,,13915,20000,,,,,,,0.0,42837.0
ECPI University - Roanoke,Roanoke,VA,240121603,3,18484.0,18484.0,,,,,,,13915,20000,,,,,,,0.0,42837.0
ECPI University - Orlando,Lake Mary,FL,327462197,3,22885.0,22885.0,,,,,,,13915,20000,,,,,,,0.0,42837.0
ECPI University - San Antonio,San Antonio,TX,782293642,3,18484.0,18484.0,,,,,,,13915,20000,,,,,,,0.0,42837.0
Paul Mitchell The School Boise -Paul Mitchell The School Coeur d'Alene,Coeur d'Alene,ID,838156078,3,,,,,,16360.0,,,9500,10555,,,,,,,0.0,25719.0
Northwest Technology Center-Fairview,Fairview,OK,73737,1,,,,,,1920.0,,,PS,PS,,,,,,,,32501.0
Rob Roy Academy - Woonsocket,Woonsocket,RI,02895,3,,,,,,15980.0,,,5500,9465,,,,,,,0.0,30033.0
College of the Marshall Islands - Kwajalein Campus,Kwajalein Atoll,MH,969700000,1,7458.0,8098.0,,,,,,,PS,PS,,,,,,,,
Nuvani Institute-Uvalde,Uvalde,TX,78801-5242,3,,,,,,14600.0,,,3862,PS,,,,,,,0.021,19484.0
Nuvani Institute-Del Rio,Del Rio,TX,78840-5865,3,,,,,,14600.0,,,4242,5030,,,,,,,0.0,22354.0
Nuvani Institute-South Campus,Austin,TX,78745-5865,3,,,,,,14600.0,,,4242,5030,,,,,,,0.0,22354.0
Everglades University-Orlando,Maitland,FL,327510000,2,20768.0,20768.0,,,,,,,18950,38996,,,,,,,0.0,47597.0
Everglades University-Sarasota,Sarasota,FL,342400000,2,20768.0,20768.0,,,,,,,18950,38996,,,,,,,0.0,47597.0
Everglades University - Tampa,Tampa,FL,33609,2,20768.0,20768.0,,,,,,,18950,38996,,,,,,,0.0,47597.0
Everglades University - Miami,Miami,FL,33183,2,20768.0,20768.0,,,,,,,18950,38996,,,,,,,0.0,47597.0
Florida National University-South Campus,Miami,FL,331752478,3,16088.0,16088.0,,,,,,,16492,27554,,,,,,,0.0,33928.0
Florida National University Training Center,Hialeah,FL,330122478,3,16088.0,16088.0,,,,,,,16492,27554,,,,,,,0.0,33928.0
Connecticut Aero Tech  School,Hartford,CT,06114,1,,,,,,7250.0,,,PS,PS,,,,,,,,
Indian Capital Technology Center-Sallisaw,Sallisaw,OK,74955,1,,,,,,4424.0,,,PS,PS,,,,,,,,33208.0
Indian Capital Technology Center-Stilwell,Stilwell,OK,74960,1,,,,,,4424.0,,,PS,PS,,,,,,,,33208.0
Indian Capital Technology Center-Tahlequah,Tahlequah,OK,74464,1,,,,,,2363.0,,,PS,PS,,,,,,,,33208.0
Indian Capital Technology Center School  District Number 4 - Coweta,Coweta,OK,744292026,1,,,,,,4424.0,,,PS,PS,,,,,,,,33208.0
Central California School of Continuing Education -,Coalinga,CA,932101901,3,9895.0,9895.0,,,,,,,5150,5150,,,,,,,0.0,41223.0
Compu-Med Vocational Careers Corp,Miami,FL,33165,3,,,,,,44050.0,,,PS,PS,,,,,,,,22226.0
Osceola Technical College - St. Cloud Campus,St. Cloud,FL,347696017,1,,,,,,5674.0,,,PS,PS,,,,,,,,38484.0
Osceola Technical College - Poinciana Campus,Kissimmee,FL,347593328,1,,,,,,7171.0,,,PS,PS,,,,,,,,38484.0
Southeastern College-Miami Lakes,Miami Lakes,FL,33014,3,23584.0,23584.0,,,,,,,12039,19000,,,,,,,0.0,41200.0
Strayer University-Rockville Campus,Rockville,MD,20850,3,13920.0,13920.0,,,,,,,14000,40621,,,,,,,0.0,40092.0
Strayer University-Anne Arundel Campus,Millersville,MD,21108,3,13920.0,13920.0,,,,,,,14000,40621,,,,,,,0.0,40092.0
Strayer University-White Marsh Campus,Baltimore,MD,21236,3,13920.0,13920.0,,,,,,,14000,40621,,,,,,,0.0,40092.0
Blue Cliff College,Metairie,LA,700060000,3,,,,,,24805.0,,,8265,9500,,,,,,,0.0,22177.0
Texas Barber College - Branch Campus #1,Dallas,TX,75241,3,,,,,,14720.0,,,9500,13000,,,,,,,0.0,21262.0
Texas Barber College - Branch Campus #2,Dallas,TX,75228,3,,,,,,14720.0,,,9500,13000,,,,,,,0.0,21262.0
Texas Barber College - Branch Campus #5,Houston,TX,77022,3,,,,,,14720.0,,,9500,13000,,,,,,,0.0,21262.0
Strayer University-Nashville Campus,Nashville,TN,37210,3,13920.0,13920.0,,,,,,,14000,40621,,,,,,,0.0,40092.0
Strayer University-Shelby Oaks Campus,Memphis,TN,38133,3,13920.0,13920.0,,,,,,,14000,40621,,,,,,,0.0,40092.0
Strayer University-Knoxville Campus,Knoxville,TN,37929,3,13920.0,13920.0,,,,,,,14000,40621,,,,,,,0.0,40092.0
Strayer University-Center City Campus,Philadelphia,PA,19102,3,13920.0,13920.0,,,,,,,14000,40621,,,,,,,0.0,40092.0
Strayer University-Allentown Campus,Allentown,PA,18101,3,13920.0,13920.0,,,,,,,14000,40621,,,,,,,0.0,40092.0
Leston College -,Isabela,PR,006620000,3,,,,,,12425.0,,,PS,PS,,,,,,,,16002.0
Paul Mitchell The School Great Lakes - Sarasota,Sarasota,FL,342320000,3,,,,,,17469.0,,,8389,9667,,,,,,,0.0,16715.0
SAE Institute of Technology-New York,New York,NY,100114552,3,23399.0,23399.0,,,,,,,9245,9500,,,,,,,0.0,39544.0
SAE Institute of Technology-Atlanta,Atlanta,GA,303031736,3,17027.0,17027.0,,,,,,,9245,9500,,,,,,,0.0,39544.0
SAE Institute of Technology-Miami,North Miami Beach,FL,331604307,3,22799.0,22799.0,,,,,,,9245,9500,,,,,,,0.0,39544.0
SAE Institute of Technology-Chicago,Chicago,IL,606103132,3,17027.0,17027.0,,,,,,,9245,9500,,,,,,,0.0,39544.0
Aviator College of Aeronautical Science & Technology -  Kissimmee,Kissimmee,FL,347414620,3,16978.0,16978.0,,,,,,,12000,16979,,,,,,,0.0,67739.0
Rasmussen University-Aurora,Aurora,IL,605066219,3,13546.0,13546.0,,,,,,,13000,20899,,,,,,,0.0,39080.0
Rasmussen University-Romeoville/Joliet,Romeoville,IL,604466219,3,13546.0,13546.0,,,,,,,13000,20899,,,,,,,0.0,39080.0
Rasmussen University-Mokena/Tinley Park,Mokena,IL,604486219,3,13546.0,13546.0,,,,,,,13000,20899,,,,,,,0.0,39080.0
Strayer University-Orlando East Campus,Orlando,FL,32801,3,13920.0,13920.0,,,,,,,14000,40621,,,,,,,0.0,40092.0
Strayer University-Baymeadows Campus,Jacksonville,FL,32256,3,13920.0,13920.0,,,,,,,14000,40621,,,,,,,0.0,40092.0
Strayer University-Miramar Campus,Miramar,FL,33027,3,13920.0,13920.0,,,,,,,14000,40621,,,,,,,0.0,40092.0
Academy Di Capelli -,East Hartford,CT,061083839,3,,,,,,18930.0,,,6333,6333,,,,,,,0.0,
Dragon Rises College of Oriental Medicine - Bradenton,Bradenton,FL,342075810,2,,,,,,,,,PS,PS,,,,,,,0.0,
Dayton School of Medical Massage-Lima,Lima,OH,45806,3,18122.0,18122.0,,,,,,,9500,13432,,,,,,,0.0,31071.0
Cincinnati School of Medical Massage,Cincinnati,OH,45242,3,18122.0,18122.0,,,,,,,9500,13432,,,,,,,0.0,31071.0
Cleveland Institute of Medical Massage,Middleburg Heights,OH,44130,3,18122.0,18122.0,,,,,,,9500,13432,,,,,,,0.0,31071.0
Columbus School of Medical Massage,Dublin,OH,430173305,3,18122.0,18122.0,,,,,,,9500,13432,,,,,,,0.0,31071.0
Strayer University-Huntsville Campus,Huntsville,AL,35805,3,13920.0,13920.0,,,,,,,14000,40621,,,,,,,0.0,40092.0
Strayer University - Montgomery Campus,Montgomery,AL,361043529,3,13920.0,13920.0,,,,,,,14000,40621,,,,,,,0.0,40092.0
Rasmussen University-Wausau,Wausau,WI,544017804,3,11982.0,11982.0,,,,,,,13000,20899,,,,,,,0.0,39080.0
Coastline Beauty College - Hemet,Hemet,CA,925453661,3,,,,,,6100.0,,,PS,PS,,,,,,,,11585.0
Elevate Salon Institute,Utica,MI,483150000,3,,,,,,10441.0,,,6333,6333,,,,,,,0.0,16853.0
Academy of Hair Design - Austin,Austin,TX,787411338,3,,,,,,13300.0,,,7917,9500,,,,,,,0.0,25129.0
Bryant & Stratton College-Bayshore,Glendale,WI,53217,2,19025.0,19025.0,,,,,,,9500,21549,,,,,,,0.0,32568.0
Bryant & Stratton College-Racine,Mount Pleasant,WI,534064375,2,19347.0,19347.0,,,,,,,9500,21549,,,,,,,0.0,32568.0
Strayer University-North Charlotte,Concord,NC,28025,3,13920.0,13920.0,,,,,,,14000,40621,,,,,,,0.0,40092.0
Strayer University-South Charlotte,Charlotte,NC,28273,3,13920.0,13920.0,,,,,,,14000,40621,,,,,,,0.0,40092.0
Strayer University-North Raleigh Campus,Raleigh,NC,27616,3,13920.0,13920.0,,,,,,,14000,40621,,,,,,,0.0,40092.0
Strayer University-South Raleigh Campus,Raleigh,NC,27603,3,13920.0,13920.0,,,,,,,14000,40621,,,,,,,0.0,40092.0
Cambridge College of Healthcare & Technology,Atlanta,GA,303421731,3,14908.0,14908.0,,,,,,,11125,26250,,,,,,,0.0,47792.0
Cambridge College of Healthcare & Technology - Miami Gardens,Miami Gardens,FL,331695373,3,14908.0,14908.0,,,,,,,11125,26250,,,,,,,0.0,47792.0
Celebrity School of Beauty - Hialeah,Hialeah,FL,330123110,3,,,,,,5045.0,,,6232,6333,,,,,,,0.0,15626.0
Jersey College - Tampa,Tampa,FL,336190000,3,,,,,,44408.0,,,16010,21000,,,,,,,0.0,66087.0
Jersey College - Ewing,Ewing,NJ,086383957,3,,,,,,36635.0,,,16010,21000,,,,,,,0.0,66087.0
Jersey College - Jacksonville,Jacksonville,FL,322562012,3,,,,,,44408.0,,,16010,21000,,,,,,,0.0,66087.0
Jersey College - Fort Lauderdale,Sunrise,FL,33351,3,,,,,,44408.0,,,16010,21000,,,,,,,0.0,66087.0
Jersey College - Largo,Largo,FL,337741035,3,,,,,,45359.0,,,16010,21000,,,,,,,0.0,66087.0
Jersey College - Port Charlotte,Port Charlotte,FL,339525039,3,,,,,,45359.0,,,16010,21000,,,,,,,0.0,66087.0
Jersey College - Fort Wayne,Fort Wayne,IN,468044680,3,,,,,,45359.0,,,16010,21000,,,,,,,0.0,66087.0
Jersey College - Brooksville,Brooksville,FL,346018925,3,,,,,,45359.0,,,16010,21000,,,,,,,0.0,66087.0
Jersey College - Naples,Naples,FL,341143625,3,,,,,,45359.0,,,16010,21000,,,,,,,0.0,66087.0
Jersey College - Cleveland,Cleveland,TN,373113847,3,,,,,,45359.0,,,16010,21000,,,,,,,0.0,66087.0
Jersey College - Melbourne,Melbourne,FL,329358662,3,,,,,,45359.0,,,16010,21000,,,,,,,0.0,66087.0
Jersey College - Scranton,Scranton,PA,185101724,3,,,,,,45359.0,,,16010,21000,,,,,,,0.0,66087.0
Jersey College - Tucson,Tucson,AZ,857047802,3,,,,,,45359.0,,,16010,21000,,,,,,,0.0,66087.0
Jersey College - Knoxville,Knoxville,TN,379341956,3,,,,,,45359.0,,,16010,21000,,,,,,,0.0,66087.0
Jersey College - Jenkintown,Jenkintown,PA,190462880,3,,,,,,45359.0,,,16010,21000,,,,,,,0.0,66087.0
Utah County Campus,Orem,UT,840580000,3,,,,,,16050.0,,,7667,7667,,,,,,,0.0,27153.0
L'esprit Academy - Royal Oak,Royal Oak,MI,480673825,3,,,,,,10115.0,,,6333,6333,,,,,,,0.0,22440.0
Strayer University-Cobb Campus,Atlanta,GA,30339,3,13920.0,13920.0,,,,,,,14000,40621,,,,,,,0.0,40092.0
Strayer University-Morrow Campus,Morrow,GA,30260,3,13920.0,13920.0,,,,,,,14000,40621,,,,,,,0.0,40092.0
Strayer University-Lithonia Campus,Lithonia,GA,30038,3,13920.0,13920.0,,,,,,,14000,40621,,,,,,,0.0,40092.0
Strayer University-Savannah Campus,Savannah,GA,31405,3,13920.0,13920.0,,,,,,,14000,40621,,,,,,,0.0,40092.0
Strayer University-Augusta Campus,Augusta,GA,30909,3,13920.0,13920.0,,,,,,,14000,40621,,,,,,,0.0,40092.0
Strayer University - Macon Campus,Macon,GA,312013410,3,13920.0,13920.0,,,,,,,14000,40621,,,,,,,0.0,40092.0
Strayer University-Columbia Campus,Columbia,SC,29210,3,13920.0,13920.0,,,,,,,14000,40621,,,,,,,0.0,40092.0
Strayer University-Charleston Campus,North Charleston,SC,29403,3,13920.0,13920.0,,,,,,,14000,40621,,,,,,,0.0,40092.0
Strayer University-Northwest Houston,Houston,TX,770645768,3,13920.0,13920.0,,,,,,,14000,40621,,,,,,,0.0,40092.0
Strayer University-Cedar Hill,Cedar Hill,TX,751045768,3,13920.0,13920.0,,,,,,,14000,40621,,,,,,,0.0,40092.0
Strayer University-North Dallas,Farmers Branch,TX,752345768,3,13920.0,13920.0,,,,,,,14000,40621,,,,,,,0.0,40092.0
Strayer University-San Antonio,San Antonio,TX,782165768,3,13920.0,13920.0,,,,,,,14000,40621,,,,,,,0.0,40092.0
Strayer University - Northwest Houston Campus,Houston,TX,770645768,3,13920.0,13920.0,,,,,,,14000,40621,,,,,,,0.0,40092.0
Unitek College,Fremont,CA,945383185,3,,,,,,38507.0,,,9769,10700,,,,,,,0.0,79550.0
Keweenaw Bay Ojibwa Community College - Wabanung Campus,L'Anse,MI,499460000,1,975.0,975.0,,,,,,,PS,PS,,,,,,,,22340.0
Cinta Aveda Institute - San Jose,San Jose,CA,951130000,3,,,,,,11600.0,,,5500,6333,,,,,,,0.0,34937.0
Relay Graduate School of Education - Newark,Newark,NJ,07102,2,,,,,,,,,PS,PS,,,,,,,0.0,
Relay Graduate School of Education - New Orleans,New Orleans,LA,70113,2,,,,,,,,,PS,PS,,,,,,,0.0,
Relay Graduate School of Education - Delaware,Wilmington,DE,19801,2,,,,,,,,,PS,PS,,,,,,,0.0,
Relay Graduate School of Education - Memphis,Memphis,TN,38104,2,,,,,,,,,PS,PS,,,,,,,0.0,
Relay Graduate School of Education - Houston,Houston,TX,77036,2,,,,,,,,,PS,PS,,,,,,,0.0,
Relay Graduate School of Education - Chicago,Chicago,IL,60608,2,,,,,,,,,PS,PS,,,,,,,0.0,
Relay Graduate School of Education - Baton Rouge,Baton Rouge,LA,70801,2,,,,,,,,,PS,PS,,,,,,,0.0,
Relay Graduate School of Education - Philadelphia & Camden,Philadelphia,PA,191224906,2,,,,,,,,,PS,PS,,,,,,,0.0,
Relay Graduate School of Education - Denver,Denver,CO,802112534,2,,,,,,,,,PS,PS,,,,,,,0.0,
Relay Graduate School of Education - Nashville,Nashville,TN,37206,2,,,,,,,,,PS,PS,,,,,,,0.0,
Relay Graduate School of Education - San Antonio,San Antonio,TX,78212,2,,,,,,,,,PS,PS,,,,,,,0.0,
Relay Graduate School of Education - Dallas-Fort Worth,Dallas,TX,75232,2,,,,,,,,,PS,PS,,,,,,,0.0,
Relay Graduate School of Education - Washington D.C,Washington,DC,20002,2,,,,,,,,,PS,PS,,,,,,,0.0,
Relay Graduate School of Education - Atlanta,Atlanta,GA,30317,2,,,,,,,,,PS,PS,,,,,,,0.0,
Relay Graduate School of Education - California,San Jose,CA,951103719,2,,,,,,,,,PS,PS,,,,,,,0.0,
Relay Graduate School of Education - Indiana,Indianapolis,IN,46218,2,,,,,,,,,PS,PS,,,,,,,0.0,
Relay Graduate School of Education - Connecticut,New Haven,CT,065133089,2,,,,,,,,,PS,PS,,,,,,,0.0,
Salon Institute - Columbus Campus,Lewis Center,OH,430359153,3,,,,,,25866.0,,,9833,12000,,,,,,,0.0,
Digital Film Academy - Atlanta,Atlanta,GA,303032913,3,,,,,,21260.0,,,5500,6750,,,,,,,,
Rasmussen University - Overland Park,Overland Park,KS,662102786,3,15340.0,15340.0,,,,,,,13000,20899,,,,,,,0.0,39080.0
Rocky Vista University - Southern Utah,Ivins,UT,847386756,3,,,,,,,,,,,,,,,,,0.0,
Designer Barber & Stylist School -,Fort Smith,AR,729033701,3,,,,,,16650.0,,,10203,PS,,,,,,,0.018,
Sharp Edgez Barber Institute - Buffalo,Buffalo,NY,14217-0000,3,,,,,,9900.0,,,5426,5476,,,,,,,0.0,
Chrysm Institute of Esthetics (The) - Hampton,Hampton,VA,236666413,3,,,,,,10650.0,,,6333,6333,,,,,,,0.0,
Lynnes Welding Training - Ramsey,Ramsey,MN,553037283,3,,,,,,14575.0,,,3385,PS,,,,,,,0.0,
Lynnes Welding Training-Bismarck,Bismarck,ND,585047593,3,,,,,,14575.0,,,3385,PS,,,,,,,0.0,
Networks Barber College,Chicago,IL,606282503,3,,,,,,18200.0,,,15900,16500,,,,,,,0.011,
East-West Healing Arts Institute - Milwaukee,Shorewood,WI,532111232,3,,,,,,13450.0,,,8444,PS,,,,,,,0.0,
Alliance Computing Solutions - NYC,New York,NY,100184313,3,,,,,,11100.0,,,5709,PS,,,,,,,0.042,
Bay Area Medical Academy - San Jose Satellite Location,San Jose,CA,95113,3,,,,,,16184.0,,,8291,9089,,,,,,,0.0,
High Desert Medical College - Bakerfield,Bakersfield,CA,93301,3,,,,,,52610.0,,,9500,13555,,,,,,,0.0,
High Desert Medical College - Temecula,Temecula,CA,92592,3,,,,,,52610.0,,,9500,13555,,,,,,,0.0,
University of West Los Angeles - Chatsworth,Woodland Hills,CA,913672061,3,,,,,,,,,,,,,,,,,,
Georgia Military College - Zebulon,Zebulon,GA,302956533,1,8112.0,8112.0,,,,,,,5500,8563,,,,,,,0.0,39257.0
Georgia Military College - Valdosta,Valdosta,GA,316057084,1,8112.0,8112.0,,,,,,,5500,8563,,,,,,,0.0,39257.0
Georgia Military College - Augusta,Martinez,GA,309072383,1,8112.0,8112.0,,,,,,,5500,8563,,,,,,,0.0,39257.0
Georgia Military College - Fairburn,Fairburn,GA,302131302,1,8112.0,8112.0,,,,,,,5500,8563,,,,,,,0.0,39257.0
Georgia Military College - Robins,Warner Robins,GA,310930711,1,8112.0,8112.0,,,,,,,5500,8563,,,,,,,0.0,39257.0
Georgia Military College - Columbus,Columbus,GA,31904,1,8112.0,8112.0,,,,,,,5500,8563,,,,,,,0.0,39257.0
Georgia Military College - Madison,Madison,GA,306501349,1,8112.0,8112.0,,,,,,,5500,8563,,,,,,,0.0,39257.0
Georgia Military College - Stone Mountain,Stone Mountain,GA,300833070,1,8112.0,8112.0,,,,,,,5500,8563,,,,,,,0.0,39257.0
Georgia Military College - Fayetteville,Fayetteville,GA,302144280,1,8112.0,8112.0,,,,,,,5500,8563,,,,,,,0.0,39257.0
Georgia Military College - Dublin,Dublin,GA,310215149,1,8112.0,8112.0,,,,,,,5500,8563,,,,,,,0.0,39257.0
Georgia Military College - Rockdale,Conyers,GA,30012,1,8112.0,8112.0,,,,,,,5500,8563,,,,,,,0.0,39257.0
American College of Barbering - Florence,Florence,KY,410421801,3,,,,,,17675.0,,,9399,14143,,,,,,,0.0,
Phipps Academy of Barbering - Bradley,Bradley,IL,609151744,3,,,,,,18500.0,,,6556,9500,,,,,,,0.0,
Alabama School of Nail Technology & Cosmetology - Saraland,Saraland,AL,365710000,3,,,,,,17733.0,,,16500,16500,,,,,,,0.041,
HCI College - Fort Lauderdale Campus,Fort Lauderdale,FL,33309,3,20029.0,20029.0,,,,,,,18312,24149,,,,,,,0.0,
Virginia University of Integrative Medicine - New Jersey,Ridgefield,NJ,076571045,2,,,,,,,,,,,,,,,,,0.0,
Virginia University of Integrative Medicine - Georgia,Duluth,GA,300964727,2,,,,,,,,,,,,,,,,,0.0,
ABC Adult School - Cabrillo Lane,Cerritos,CA,907037748,1,,,,,,4800.0,,,PS,PS,,,,,,,,
Mystros Barber Academy - Missouri City,Missouri City,TX,774896000,2,,,,,,15000.0,,,7959,PS,,,,,,,0.0,
Urban Barber College - San Jose,San Jose,CA,95133,3,,,,,,14950.0,,,9855,12365,,,,,,,0.0,
Wilton Simpson Technical College,Brooksville,FL,346134904,1,,,,,,2120.0,,,PS,PS,,,,,,,,
College Unbound - Newport/Aquidneck Island,Newport,RI,028400000,2,10488.0,10488.0,,,,,,,7690,PS,,,,,,,0.0,
Valley College - Fairlawn - School of Nursing,Fairlawn,OH,443333631,3,,,,,,18625.0,,,9418,9500,,,,,,,0.0,24900.0
Western Maricopa Education Center - Southwest Campus,Buckeye,AZ,85326-5705,1,,,,,,,,,PS,PS,,,,,,,,
Western Maricopa Education Center - Northeast Campus,Phoenix,AZ,85027-0000,1,,,,,,,,,PS,PS,,,,,,,,
Burlington County Institute of Technology - Adult Education -,Medford,NJ,080550000,1,,,,,,5416.0,,,,,,,,,,,,
